{
"type": "FeatureCollection",
"name": "coral_reefs_aoi",
"crs": { "type": "name", "properties": { "name": "urn:ogc:def:crs:OGC:1.3:CRS84" } },
"features": [
{ "type": "Feature", "properties": { "receptor_type": "coral_reef", "source": "UNEP-WCMC Global Distribution of Coral Reefs 2018 v4.1", "source_year": 2018, "sensitivity_tier": "high", "protection_status": false, "ORIG_NAME": "Not Reported" }, "geometry": { "type": "MultiPolygon", "coordinates": [ [ [ [ 73.290160446647349, 16.855914440599008 ], [ 73.291004946920793, 16.855921478693347 ], [ 73.291007382284945, 16.855650410438155 ], [ 73.289036885843657, 16.855633984320946 ], [ 73.289034447781603, 16.85590505257619 ], [ 73.288752948289982, 16.855902704446294 ], [ 73.288750509328636, 16.856173773600801 ], [ 73.289876509993007, 16.856183163422319 ], [ 73.28987407283023, 16.856454232576823 ], [ 73.29015557412049, 16.856456578908023 ], [ 73.290160446647349, 16.855914440599008 ] ] ], [ [ [ 73.284890269270605, 16.909545848961788 ], [ 73.284608690638606, 16.909543488241408 ], [ 73.284618501342834, 16.908459222415221 ], [ 73.284900078176122, 16.908461582236271 ], [ 73.284902530627349, 16.908190515779722 ], [ 73.284339376960759, 16.908185793439657 ], [ 73.284334471158957, 16.908727927252073 ], [ 73.284052893426349, 16.908725565632377 ], [ 73.284045533374695, 16.909538765002022 ], [ 73.284327112006679, 16.909541126621718 ], [ 73.284317298604478, 16.910625393347289 ], [ 73.284035718173925, 16.91062303082828 ], [ 73.284033264823378, 16.910894097284825 ], [ 73.284314845253945, 16.910896459803837 ], [ 73.284312391903427, 16.911167526260385 ], [ 73.284593973233299, 16.911169887880078 ], [ 73.284591519882781, 16.911440954336623 ], [ 73.285154683441931, 16.911445676676692 ], [ 73.285162038996972, 16.910632476407727 ], [ 73.284880458566363, 16.910630115687358 ], [ 73.284890269270605, 16.909545848961788 ] ] ], [ [ [ 73.167964009631433, 17.404584724405538 ], [ 73.168246317613523, 17.404587317151027 ], [ 73.16825441960583, 17.403774208612901 ], [ 73.168536726688615, 17.403776799559694 ], [ 73.168544825982977, 17.402963691920888 ], [ 73.168827132166484, 17.402966283767057 ], [ 73.168835230561513, 17.402153174329555 ], [ 73.169117534946338, 17.402155766175721 ], [ 73.169122932677297, 17.40161369261784 ], [ 73.169405236162788, 17.401616283564692 ], [ 73.169410632994385, 17.401074210906131 ], [ 73.169692935580528, 17.401076800953664 ], [ 73.169698332412182, 17.400534728295099 ], [ 73.169980634099034, 17.400537318342625 ], [ 73.169983331165838, 17.400266281563688 ], [ 73.170265633752081, 17.400268870711837 ], [ 73.17027372405316, 17.399455760375076 ], [ 73.170556024840721, 17.399458350422606 ], [ 73.170561417175705, 17.398916275965405 ], [ 73.170843717063974, 17.398918865113558 ], [ 73.170846413231459, 17.398647828334674 ], [ 73.171411012108592, 17.398653003933017 ], [ 73.171421791382627, 17.397568855917996 ], [ 73.171704088572881, 17.397571443267566 ], [ 73.171706783841046, 17.397300405589306 ], [ 73.171989081930647, 17.397302992938826 ], [ 73.171991775400159, 17.397031955260559 ], [ 73.172274072590426, 17.397034541710806 ], [ 73.172279460428811, 17.396492468152932 ], [ 73.172561755820425, 17.396495053703802 ], [ 73.172564449289965, 17.396224016025542 ], [ 73.172846745580898, 17.396226601576473 ], [ 73.172849437251784, 17.395955564797529 ], [ 73.173131734442052, 17.395958149449086 ], [ 73.173134425213604, 17.395687111770826 ], [ 73.173416720605246, 17.395689696422377 ], [ 73.173419412276118, 17.39541865874418 ], [ 73.173984002160026, 17.395423826248649 ], [ 73.173992073575391, 17.394610714113242 ], [ 73.173709779982403, 17.394608131260327 ], [ 73.173712470753969, 17.394337093582074 ], [ 73.173994764346958, 17.394339677334301 ], [ 73.174000144990757, 17.393797601977784 ], [ 73.174282437684369, 17.393800184830695 ], [ 73.174290507301123, 17.392987072695291 ], [ 73.174572799095472, 17.392989654648886 ], [ 73.174575488068399, 17.392718616970622 ], [ 73.17429319717337, 17.392716035017028 ], [ 73.174306645635227, 17.391360848424487 ], [ 73.174588934731631, 17.391363428579439 ], [ 73.17459431267747, 17.390821354122238 ], [ 73.174876600874484, 17.39082393607584 ], [ 73.174887354068176, 17.389739785362853 ], [ 73.175451927764314, 17.38974494657208 ], [ 73.175454614938587, 17.389473909793139 ], [ 73.175736901336961, 17.389476489948095 ], [ 73.175739589410554, 17.389205452269834 ], [ 73.17602187401036, 17.389208032424794 ], [ 73.176027246560224, 17.38866595616901 ], [ 73.176591817558403, 17.388671113780902 ], [ 73.176599874584625, 17.387857999846855 ], [ 73.176882158285025, 17.387860578203171 ], [ 73.176887529036279, 17.387318502846654 ], [ 73.17716981183743, 17.38732108030365 ], [ 73.177172496313688, 17.38705004262539 ], [ 73.178583911218595, 17.387062925413712 ], [ 73.178586592996922, 17.386791886836139 ], [ 73.179715724201344, 17.386802185872227 ], [ 73.179718405080393, 17.386531148193967 ], [ 73.180565252584429, 17.386538867974423 ], [ 73.180567931664783, 17.386267829396839 ], [ 73.180570610745121, 17.385996790819259 ], [ 73.177747796223855, 17.385971044128439 ], [ 73.177750479800864, 17.385700005550863 ], [ 73.177468199697728, 17.385697428993186 ], [ 73.1774655152214, 17.385968466671446 ], [ 73.177183234218944, 17.385965890113763 ], [ 73.177180549742616, 17.386236927792027 ], [ 73.176615986838385, 17.386231771978775 ], [ 73.176613300563403, 17.386502810556294 ], [ 73.176331019560948, 17.386500231300658 ], [ 73.176328334185328, 17.386771269878242 ], [ 73.176046052283539, 17.386768690622599 ], [ 73.17604067973366, 17.387310766878443 ], [ 73.175758396033189, 17.387308186723484 ], [ 73.17575302258399, 17.387850262979327 ], [ 73.175470738883561, 17.387847682824372 ], [ 73.175468051709302, 17.388118721401895 ], [ 73.175185768008831, 17.38811614034768 ], [ 73.175180392760993, 17.38865821570414 ], [ 73.174898107261939, 17.388655634649865 ], [ 73.174895419188317, 17.388926672328125 ], [ 73.174613133689206, 17.388924091273847 ], [ 73.174607756642729, 17.389466166630314 ], [ 73.174325470244284, 17.389463584676719 ], [ 73.174320092298515, 17.390005660033243 ], [ 73.174037805000765, 17.390003077180321 ], [ 73.174032426155577, 17.390545153436104 ], [ 73.173750137958564, 17.39054256968387 ], [ 73.173715162424841, 17.394066055903803 ], [ 73.173432868831881, 17.394063472151572 ], [ 73.173427486389414, 17.394605548407355 ], [ 73.173145192796483, 17.394602962856482 ], [ 73.173139808555391, 17.395145037313686 ], [ 73.172857514962402, 17.395142452662128 ], [ 73.172854822392196, 17.395413490340331 ], [ 73.172572527000568, 17.395410904789461 ], [ 73.172569834430334, 17.395681941568402 ], [ 73.171722949154855, 17.395674184016453 ], [ 73.17172025478601, 17.395945220795344 ], [ 73.171155664002754, 17.39594004699563 ], [ 73.171150274365758, 17.396482120553461 ], [ 73.170867978074796, 17.396479533203951 ], [ 73.170865282806616, 17.396750569982885 ], [ 73.170582985616363, 17.396747981733999 ], [ 73.170572201845673, 17.3978321288497 ], [ 73.170289903756085, 17.397829540600863 ], [ 73.170279117287464, 17.398913687716576 ], [ 73.169996817399237, 17.398911097669096 ], [ 73.169991423265628, 17.399453171226924 ], [ 73.169709121578762, 17.399450582078771 ], [ 73.169706425411292, 17.399721617958335 ], [ 73.169424123724411, 17.399719027910862 ], [ 73.169416029825996, 17.400532137348311 ], [ 73.169133727239796, 17.400529547300831 ], [ 73.169128330408157, 17.401071619959346 ], [ 73.168846026922651, 17.401069029012543 ], [ 73.16884062919172, 17.401611101671051 ], [ 73.168558324806895, 17.401608509824939 ], [ 73.168552925277325, 17.402150581584124 ], [ 73.168270620892486, 17.402147990637335 ], [ 73.168267921127722, 17.402419027416219 ], [ 73.167985615843563, 17.40241643377146 ], [ 73.167977513851199, 17.403229543208909 ], [ 73.167695207667748, 17.403226949564104 ], [ 73.167692506104331, 17.403497986343037 ], [ 73.167410199920823, 17.403495392698289 ], [ 73.167399392767834, 17.404579537115975 ], [ 73.167117084785687, 17.404576942571907 ], [ 73.167108978296753, 17.405390051110029 ], [ 73.167391287178177, 17.405392645654103 ], [ 73.167380479125896, 17.406476790071849 ], [ 73.167662789805945, 17.406479383716658 ], [ 73.167660088242528, 17.406750419596221 ], [ 73.168789334560188, 17.406760792376705 ], [ 73.168792034325023, 17.406489755597818 ], [ 73.168509723644874, 17.406487163751653 ], [ 73.168512424308972, 17.406216126972708 ], [ 73.168230112729589, 17.406213534227277 ], [ 73.168243616949425, 17.40485835303059 ], [ 73.167961308067959, 17.404855760285162 ], [ 73.167964009631433, 17.404584724405538 ] ] ], [ [ [ 71.592797309048635, 20.959449876910355 ], [ 71.592509024172159, 20.959454262903929 ], [ 71.592513694351553, 20.959725055067281 ], [ 71.59280197832868, 20.959720668174324 ], [ 71.592797309048635, 20.959449876910355 ] ] ], [ [ [ 71.586743322146674, 20.959541883850932 ], [ 71.58645503637085, 20.959546259951992 ], [ 71.586445719394462, 20.959004673826708 ], [ 71.586157435417363, 20.959009049028456 ], [ 71.586148119340294, 20.958467462903112 ], [ 71.585859835363181, 20.958471837205593 ], [ 71.585878463920039, 20.959555010355469 ], [ 71.586166750595126, 20.959550635153732 ], [ 71.586171408183986, 20.959821429115721 ], [ 71.586747980634868, 20.95981267691355 ], [ 71.586743322146674, 20.959541883850932 ] ] ], [ [ [ 71.592806649407393, 20.959991460337672 ], [ 71.59309493428384, 20.959987073444722 ], [ 71.593099603563914, 20.960257865608067 ], [ 71.593387890238986, 20.960253477815797 ], [ 71.593392561317742, 20.960524269079826 ], [ 71.593969133768553, 20.960515492595956 ], [ 71.593978477724633, 20.961057076023273 ], [ 71.594555051974112, 20.961048297740767 ], [ 71.594550379096816, 20.960777505577482 ], [ 71.594262092421687, 20.960781896067708 ], [ 71.59425274666701, 20.960240312640401 ], [ 71.593676176014753, 20.96024909002352 ], [ 71.593671504036763, 20.959978298759552 ], [ 71.593383219160259, 20.959982686551768 ], [ 71.593378548081603, 20.959711894388477 ], [ 71.59280197832868, 20.959720668174324 ], [ 71.592806649407393, 20.959991460337672 ] ] ] ] } },
{ "type": "Feature", "properties": { "receptor_type": "coral_reef", "source": "UNEP-WCMC Global Distribution of Coral Reefs 2018 v4.1", "source_year": 2018, "sensitivity_tier": "high", "protection_status": false, "ORIG_NAME": "Not Reported" }, "geometry": { "type": "MultiPolygon", "coordinates": [ [ [ [ 73.286623662152351, 16.873505686138571 ], [ 73.286905187724301, 16.87350803966433 ], [ 73.286910076438915, 16.872965903153954 ], [ 73.287754649557499, 16.872972961033383 ], [ 73.287757093015514, 16.872701892778199 ], [ 73.287475568342856, 16.87269954105102 ], [ 73.287478010901566, 16.872428472795836 ], [ 73.286914963354931, 16.872423768442218 ], [ 73.286912519896916, 16.872694835798086 ], [ 73.286349470551656, 16.872690128746513 ], [ 73.286347026194321, 16.872961196102381 ], [ 73.286065502421081, 16.872958842576569 ], [ 73.286058166651102, 16.873772046442866 ], [ 73.285776641079167, 16.873769691118408 ], [ 73.285757075428762, 16.875938232663369 ], [ 73.286038603698671, 16.87594058798777 ], [ 73.286036158442002, 16.876211655343695 ], [ 73.286317686711925, 16.87621400976877 ], [ 73.28631524055595, 16.876485078023961 ], [ 73.287159831660986, 16.876492140399986 ], [ 73.287162276018293, 16.876221071245482 ], [ 73.286880745949716, 16.876218717719723 ], [ 73.286885634664387, 16.875676582108611 ], [ 73.286604106394449, 16.875674228582849 ], [ 73.286623662152351, 16.873505686138571 ] ] ], [ [ [ 73.277445216423629, 16.892133751971127 ], [ 73.277726767176588, 16.892136119886061 ], [ 73.27773168736752, 16.891593987872287 ], [ 73.277450136614561, 16.891591619957357 ], [ 73.277452596260403, 16.891320554400128 ], [ 73.278860350025184, 16.891332391276872 ], [ 73.278862807872315, 16.891061324820328 ], [ 73.279144358625317, 16.891063691835939 ], [ 73.279146815573128, 16.890792625379394 ], [ 73.278583715865864, 16.890787892247488 ], [ 73.2785861746123, 16.890516825790939 ], [ 73.278304624758661, 16.890514458775328 ], [ 73.278307084404503, 16.890243392318723 ], [ 73.277180888587168, 16.890233920658943 ], [ 73.277175966597611, 16.89077605267272 ], [ 73.276894417643291, 16.89077368385847 ], [ 73.276869805896879, 16.893484343028035 ], [ 73.27715136024716, 16.893486712741666 ], [ 73.277146438257603, 16.894028844755439 ], [ 73.277427992607841, 16.89403121356969 ], [ 73.277423070618283, 16.894573345583467 ], [ 73.277704626767161, 16.894575715297091 ], [ 73.277702166222056, 16.894846780854323 ], [ 73.277983720572308, 16.894849149668573 ], [ 73.27797880218003, 16.895391281682347 ], [ 73.278260358328907, 16.895393649597281 ], [ 73.278257898683151, 16.89566471605383 ], [ 73.278539455731334, 16.895667083968817 ], [ 73.278536996085563, 16.895938150425366 ], [ 73.27881855403308, 16.895940517440977 ], [ 73.278816095286629, 16.896211583897532 ], [ 73.279097653234146, 16.896213950913136 ], [ 73.279095193588361, 16.896485017369681 ], [ 73.279658311282105, 16.896489751400964 ], [ 73.279655853434932, 16.896760816958189 ], [ 73.280500529975541, 16.89676791440775 ], [ 73.280502986923366, 16.896496847951198 ], [ 73.28022142807653, 16.896494481834907 ], [ 73.280223885024341, 16.896223416277678 ], [ 73.279660769129222, 16.896218684045095 ], [ 73.27966322697641, 16.895947617588543 ], [ 73.279381669028851, 16.895945250572883 ], [ 73.279384127775359, 16.89567418501565 ], [ 73.279102569827785, 16.895671818899359 ], [ 73.279105028574307, 16.895400752442811 ], [ 73.278823472425358, 16.8953983854272 ], [ 73.278825930272532, 16.895127318970655 ], [ 73.278544374123626, 16.89512495195504 ], [ 73.27854683376944, 16.894853884599176 ], [ 73.278265277620491, 16.894851517583508 ], [ 73.278272656557931, 16.894038319113179 ], [ 73.277991101308317, 16.894035951198248 ], [ 73.277998481145062, 16.893222752727922 ], [ 73.277716927694101, 16.893220384812935 ], [ 73.277724308430138, 16.892407186342609 ], [ 73.277442755878539, 16.892404818427678 ], [ 73.277445216423629, 16.892133751971127 ] ] ], [ [ [ 73.279609145345816, 16.90191107513607 ], [ 73.279327578405045, 16.901908707221139 ], [ 73.27932020126633, 16.902721905691465 ], [ 73.279038633426225, 16.902719537776473 ], [ 73.279036173780483, 16.902990604233025 ], [ 73.279317741620574, 16.902992972148006 ], [ 73.279312823228281, 16.903535104161794 ], [ 73.279594391967692, 16.903537471177405 ], [ 73.279589473575413, 16.904079603191178 ], [ 73.280152613752193, 16.904084337222457 ], [ 73.280150155005671, 16.904355403679006 ], [ 73.280431726443055, 16.904357769795293 ], [ 73.28043664123804, 16.903815637781516 ], [ 73.280155071599324, 16.903813271665229 ], [ 73.280157530345832, 16.90354220520868 ], [ 73.279875960707102, 16.903539838193012 ], [ 73.279880878200004, 16.902997706179235 ], [ 73.27959931035997, 16.902995339163624 ], [ 73.279609145345816, 16.90191107513607 ] ] ], [ [ [ 73.285438716323782, 16.911176970940517 ], [ 73.285436263872555, 16.911448037397065 ], [ 73.285717846101761, 16.911450397218118 ], [ 73.285720297653668, 16.91117933076157 ], [ 73.285438716323782, 16.911176970940517 ] ] ], [ [ [ 73.216118710410228, 17.359210831714563 ], [ 73.216400957238434, 17.359213349816283 ], [ 73.216414067555206, 17.357858126351516 ], [ 73.216696312584816, 17.35786064355392 ], [ 73.216698934108592, 17.357589599580418 ], [ 73.216981177339505, 17.357592116782826 ], [ 73.216983798863282, 17.357321071910004 ], [ 73.215854825939516, 17.357311000402376 ], [ 73.215839087803701, 17.358937267840702 ], [ 73.215556841874786, 17.358934748839655 ], [ 73.215554218552413, 17.359205793712473 ], [ 73.215836463581965, 17.359208312713516 ], [ 73.215833841158869, 17.359479357586338 ], [ 73.216116087987132, 17.359481876587385 ], [ 73.216118710410228, 17.359210831714563 ] ] ], [ [ [ 73.063123433199962, 17.889571864749826 ], [ 73.063120492416829, 17.889842871851101 ], [ 73.063403541440323, 17.889845686729128 ], [ 73.063406480424746, 17.889574679627799 ], [ 73.063123433199962, 17.889571864749826 ] ] ], [ [ [ 71.601799695399677, 20.963104721705573 ], [ 71.601511406026646, 20.963109123887023 ], [ 71.601516092393808, 20.963379913352355 ], [ 71.60180438266616, 20.963375511170966 ], [ 71.601799695399677, 20.963104721705573 ] ] ], [ [ [ 71.763769788445018, 21.021221123755872 ], [ 71.763193063109441, 21.021230500087537 ], [ 71.763188070972774, 21.02095974839375 ], [ 71.762034622100202, 21.020978494761778 ], [ 71.76203961243823, 21.021249245556302 ], [ 71.762616337773792, 21.021239874620562 ], [ 71.762621329011139, 21.021510626314402 ], [ 71.762909693027936, 21.021505939947247 ], [ 71.762914685164603, 21.02177669164103 ], [ 71.763779775416381, 21.021762628042897 ], [ 71.763769788445018, 21.021221123755872 ] ] ], [ [ [ 71.753711883996289, 21.023280204318038 ], [ 71.753701932997842, 21.022738696433748 ], [ 71.753413563585113, 21.022743368411799 ], [ 71.753408589434912, 21.022472613120666 ], [ 71.753120221820836, 21.02247728419934 ], [ 71.753105297571494, 21.021665021923297 ], [ 71.752816932655392, 21.021669692102645 ], [ 71.75280698525421, 21.021128183319043 ], [ 71.75251862033808, 21.021132852599123 ], [ 71.752498728233761, 21.020049835031898 ], [ 71.752210365116298, 21.020054504311982 ], [ 71.752195448061514, 21.019242240237247 ], [ 71.751618725423896, 21.019251576998727 ], [ 71.75161375397164, 21.018980821707608 ], [ 71.750460309595667, 21.018999488036002 ], [ 71.750455340841356, 21.018728732744876 ], [ 71.750166980421852, 21.018733398427631 ], [ 71.750162011667555, 21.018462643136505 ], [ 71.749585289929257, 21.018471971804107 ], [ 71.749580322973614, 21.01820121741229 ], [ 71.749003603033898, 21.018210543381937 ], [ 71.749008569090222, 21.018481298673063 ], [ 71.748720207771441, 21.018485961657859 ], [ 71.748725173827765, 21.018756716948982 ], [ 71.748436813408262, 21.018761379034462 ], [ 71.748446742822992, 21.019302891415354 ], [ 71.748158380604821, 21.019307552601507 ], [ 71.748163345761853, 21.019578307892619 ], [ 71.747874982644348, 21.019582969078783 ], [ 71.74787994690206, 21.019853724369909 ], [ 71.74730321886851, 21.019863046742273 ], [ 71.747308183126222, 21.020133802033396 ], [ 71.746731454193309, 21.020143121707747 ], [ 71.74672649173425, 21.019872366416617 ], [ 71.746149763700714, 21.019881684292326 ], [ 71.746139840581236, 21.019340171911434 ], [ 71.74585147656444, 21.019344830399628 ], [ 71.745826675061053, 21.017991050346716 ], [ 71.744961592903223, 21.018005020415394 ], [ 71.744966551765003, 21.018275776605837 ], [ 71.744389829127385, 21.018285087286984 ], [ 71.744409660977112, 21.019368112948086 ], [ 71.744121296960301, 21.019372767839002 ], [ 71.744126254922776, 21.019643524928764 ], [ 71.744991346973165, 21.019629557558062 ], [ 71.744996305834889, 21.019900313748508 ], [ 71.745284670751005, 21.019895657058953 ], [ 71.745289631411424, 21.020166413249399 ], [ 71.745577995428206, 21.020161755660524 ], [ 71.745582956088583, 21.02043251185097 ], [ 71.745871321004699, 21.020427854262095 ], [ 71.745876281665105, 21.020698609553222 ], [ 71.746164646581249, 21.020693951964347 ], [ 71.746169609040308, 21.020964708154793 ], [ 71.747899805731478, 21.02093674643373 ], [ 71.74789484057446, 21.020665991142607 ], [ 71.748471570406707, 21.020656666971661 ], [ 71.748466605249675, 21.020385911680535 ], [ 71.7487549692665, 21.020381249595065 ], [ 71.748750003210148, 21.020110493404619 ], [ 71.749038367226959, 21.020105830419762 ], [ 71.749033401170621, 21.01983507512864 ], [ 71.749898491422286, 21.019821082576922 ], [ 71.749903458377958, 21.020091838767367 ], [ 71.75019182239474, 21.020087173084619 ], [ 71.750196791149051, 21.020357928375756 ], [ 71.750485155165848, 21.020353262692996 ], [ 71.750490123920144, 21.020624017984119 ], [ 71.750778488836261, 21.020619351401994 ], [ 71.750788429042814, 21.021160861084926 ], [ 71.75107679395893, 21.02115619540217 ], [ 71.751086735964122, 21.021697704185723 ], [ 71.751375101779558, 21.021693036704331 ], [ 71.751380073231871, 21.021963791096141 ], [ 71.751668439946641, 21.021959123614693 ], [ 71.751673412298203, 21.022229878006502 ], [ 71.751961779012944, 21.02222520962578 ], [ 71.751971724615416, 21.0227667184094 ], [ 71.752260092229491, 21.022762049129312 ], [ 71.752265064581138, 21.023032804420446 ], [ 71.752553434893159, 21.023028134241031 ], [ 71.752558408144054, 21.023298888632837 ], [ 71.753423514583574, 21.023284876296032 ], [ 71.753428491431805, 21.023555630687842 ], [ 71.753716859945186, 21.023550958709848 ], [ 71.753711883996289, 21.023280204318038 ] ] ], [ [ [ 71.793485275625017, 21.036985040427339 ], [ 71.79319689002449, 21.036989782552507 ], [ 71.793201940617109, 21.037260527051732 ], [ 71.793490327116942, 21.037255784926575 ], [ 71.793485275625017, 21.036985040427339 ] ] ], [ [ [ 71.800998464707462, 21.037673803303445 ], [ 71.800421695305019, 21.037683312734767 ], [ 71.800426759387506, 21.037954055435367 ], [ 71.800138373786979, 21.037958810150993 ], [ 71.800143436970075, 21.038229552851639 ], [ 71.800720209070462, 21.038220044319644 ], [ 71.800715144988018, 21.037949300719674 ], [ 71.801003530588503, 21.037944546004038 ], [ 71.800998464707462, 21.037673803303445 ] ] ], [ [ [ 71.796374183122111, 21.037208336695418 ], [ 71.794643870418312, 21.037236811929404 ], [ 71.794653976999484, 21.037778300028549 ], [ 71.795230750898483, 21.037768810382317 ], [ 71.79523580508841, 21.03803955398228 ], [ 71.795524191588243, 21.038034808259855 ], [ 71.795529247576781, 21.038305552759081 ], [ 71.795817634975933, 21.038300806137325 ], [ 71.795822690964485, 21.038571549737302 ], [ 71.796399466662152, 21.038562055594475 ], [ 71.796374183122111, 21.037208336695418 ] ] ], [ [ [ 71.807084988181714, 21.039198283673898 ], [ 71.806796601681853, 21.039203049181424 ], [ 71.806801676556177, 21.039473790982697 ], [ 71.80651329095565, 21.039478555590904 ], [ 71.806518366729264, 21.039749297392234 ], [ 71.806229978430807, 21.039754062000377 ], [ 71.806235054204421, 21.040024803801717 ], [ 71.805946665905935, 21.040029568409921 ], [ 71.805972040277481, 21.041383275617704 ], [ 71.806260430374593, 21.041378511009494 ], [ 71.806250279726669, 21.040837028306274 ], [ 71.806538669823794, 21.040832262798745 ], [ 71.806533593150846, 21.040561521896791 ], [ 71.806821982348652, 21.040556756389265 ], [ 71.806816906575008, 21.040286014587927 ], [ 71.807105294873494, 21.040281249080408 ], [ 71.807084988181714, 21.039198283673898 ] ] ], [ [ [ 71.805693798130335, 21.041929522929195 ], [ 71.805405406234556, 21.041934286638078 ], [ 71.805415555083869, 21.042475770240628 ], [ 71.805703947878939, 21.042471005632475 ], [ 71.805693798130335, 21.041929522929195 ] ] ], [ [ [ 71.876975764120289, 21.088399991366543 ], [ 71.876687300278718, 21.088404886376452 ], [ 71.876692516346623, 21.088675610191327 ], [ 71.876980980188137, 21.088670714282102 ], [ 71.876975764120289, 21.088399991366543 ] ] ] ] } },
{ "type": "Feature", "properties": { "receptor_type": "coral_reef", "source": "UNEP-WCMC Global Distribution of Coral Reefs 2018 v4.1", "source_year": 2018, "sensitivity_tier": "high", "protection_status": false, "ORIG_NAME": "Not Reported" }, "geometry": { "type": "MultiPolygon", "coordinates": [ [ [ [ 73.311386147552696, 16.715935006395455 ], [ 73.311667445596186, 16.715937304163333 ], [ 73.311669830598234, 16.71566622871353 ], [ 73.311388532554815, 16.715663930945709 ], [ 73.311390919355532, 16.715392854596587 ], [ 73.311953510945841, 16.71539745103161 ], [ 73.311958280050646, 16.714855300132061 ], [ 73.312239575396106, 16.71485759700056 ], [ 73.312244342702272, 16.714315446101015 ], [ 73.312525638047831, 16.714317742969513 ], [ 73.312528021251239, 16.714046668419087 ], [ 73.312809315697393, 16.714048962589633 ], [ 73.312811698001497, 16.713777888039143 ], [ 73.313374286893847, 16.71378247997751 ], [ 73.313376668298645, 16.713511405427084 ], [ 73.314220549838581, 16.713518288838031 ], [ 73.31422293034403, 16.713247213388232 ], [ 73.314504223890864, 16.713249507558768 ], [ 73.314506604396342, 16.712978431209706 ], [ 73.314508984901806, 16.71270735486058 ], [ 73.313665106959149, 16.712700471449637 ], [ 73.313662725554423, 16.712971547798755 ], [ 73.312818846712446, 16.712964660790533 ], [ 73.312816464408328, 16.713235736240279 ], [ 73.312253878213937, 16.713231143402595 ], [ 73.312251494111209, 16.713502218852341 ], [ 73.311688907017526, 16.713497624216014 ], [ 73.311686522914783, 16.71376869966582 ], [ 73.311405229367878, 16.713766401897995 ], [ 73.311402844365816, 16.714037477347748 ], [ 73.311121549919676, 16.714035178680604 ], [ 73.311119164917557, 16.714306254130349 ], [ 73.310837869572083, 16.714303954563889 ], [ 73.310835484570021, 16.714575030913011 ], [ 73.310554189224476, 16.71457273134655 ], [ 73.310537485216798, 16.716470258595617 ], [ 73.310818782360968, 16.716472559061401 ], [ 73.310814010558204, 16.717014709960949 ], [ 73.311095308601693, 16.71701701042673 ], [ 73.311088150897476, 16.717830235876757 ], [ 73.311369450739619, 16.717832535443218 ], [ 73.311362293934792, 16.718645760893196 ], [ 73.311924896316938, 16.718650358227478 ], [ 73.311939205430065, 16.717023904629571 ], [ 73.311657905587936, 16.717021606861692 ], [ 73.311660290589998, 16.716750531411947 ], [ 73.311378993445814, 16.716748232744806 ], [ 73.311386147552696, 16.715935006395455 ] ] ], [ [ [ 73.3145892727768, 16.799458228414547 ], [ 73.314870692228737, 16.799460531578347 ], [ 73.314887442101849, 16.797563016020433 ], [ 73.315168859755161, 16.797565320083489 ], [ 73.315171251951767, 16.797294246432386 ], [ 73.31545266870576, 16.797296549596126 ], [ 73.315457452199723, 16.796754402293857 ], [ 73.315738868054396, 16.796756706356973 ], [ 73.315743650649026, 16.796214558155384 ], [ 73.316025067403018, 16.796216861319124 ], [ 73.316034628995013, 16.795132564915999 ], [ 73.315753214938965, 16.795130261752206 ], [ 73.315750823641665, 16.795401336302689 ], [ 73.315187996428975, 16.795396729075833 ], [ 73.315183212035677, 16.795938876378102 ], [ 73.314901797080324, 16.795936572314986 ], [ 73.314894619591087, 16.796749794167734 ], [ 73.314613203736428, 16.796747489205302 ], [ 73.314608418443811, 16.797289637406887 ], [ 73.314327000790499, 16.797287332444512 ], [ 73.31431982060333, 16.798100553397887 ], [ 73.314038402050699, 16.798098248435451 ], [ 73.314014461198497, 16.800808984946741 ], [ 73.314295883348393, 16.800811290808497 ], [ 73.314293489353133, 16.80108236356029 ], [ 73.314574912402364, 16.801084670321302 ], [ 73.314572518407047, 16.801355743972465 ], [ 73.314853940556972, 16.80135804983416 ], [ 73.314851548360323, 16.801629122586007 ], [ 73.315132971409568, 16.801631428447706 ], [ 73.315130578313585, 16.801902502098862 ], [ 73.315693426210728, 16.801907111124304 ], [ 73.315695818407335, 16.801636036573885 ], [ 73.315414393559479, 16.801633733410146 ], [ 73.315419179751416, 16.801091585208553 ], [ 73.315137756702143, 16.801089281145437 ], [ 73.315142542894066, 16.800547132943905 ], [ 73.314861120744183, 16.800544827981469 ], [ 73.314865906936134, 16.800002680679199 ], [ 73.314584485685529, 16.80000037571682 ], [ 73.3145892727768, 16.799458228414547 ] ] ], [ [ [ 73.287399813050968, 16.881102646170234 ], [ 73.287118275787847, 16.881100292644419 ], [ 73.287115831430526, 16.881371360000287 ], [ 73.286834294167406, 16.881369005575205 ], [ 73.286839184680687, 16.880826870863473 ], [ 73.286557648316887, 16.880824516438338 ], [ 73.28656253883014, 16.880282380827282 ], [ 73.286281003365687, 16.880280026402147 ], [ 73.286290787090209, 16.879195755180039 ], [ 73.286572320756079, 16.879198109605113 ], [ 73.286574766012663, 16.878927042249245 ], [ 73.286856299678561, 16.87892939667438 ], [ 73.286861189292495, 16.878387261063324 ], [ 73.286579657425307, 16.878384906638189 ], [ 73.286582101782642, 16.878113839282321 ], [ 73.286300569016063, 16.878111484857186 ], [ 73.286298123759479, 16.878382552213054 ], [ 73.286016590992915, 16.8783801968886 ], [ 73.286014144836997, 16.878651265143841 ], [ 73.285732612070433, 16.87864890981939 ], [ 73.285727719758526, 16.879191045430446 ], [ 73.285446185193351, 16.879188689206671 ], [ 73.285431502861641, 16.880815094241253 ], [ 73.285713039225413, 16.880817449565711 ], [ 73.285708146014201, 16.881359585176767 ], [ 73.285989682377974, 16.881361941400542 ], [ 73.285987236222027, 16.88163300875641 ], [ 73.286268772585856, 16.881635364080864 ], [ 73.286266327329187, 16.881906431436732 ], [ 73.287110940917273, 16.8819134956114 ], [ 73.28710849655991, 16.882184562967272 ], [ 73.288234650109089, 16.882193976171095 ], [ 73.288232206651074, 16.882465044426283 ], [ 73.289358362898213, 16.882474451334929 ], [ 73.289360804557546, 16.882203383979064 ], [ 73.289363247116242, 16.881932315723816 ], [ 73.287955555404608, 16.881920556188788 ], [ 73.287957998862609, 16.881649487933547 ], [ 73.287394923437034, 16.88164478178129 ], [ 73.287399813050968, 16.881102646170234 ] ] ], [ [ [ 73.201190548105387, 17.38482832416787 ], [ 73.201755114606897, 17.384833410733393 ], [ 73.201757762211003, 17.384562368558537 ], [ 73.202040045012112, 17.384564910941943 ], [ 73.202042692616189, 17.384293868767088 ], [ 73.202889540120225, 17.384301493219372 ], [ 73.202892186825011, 17.384030451044513 ], [ 73.204585880933735, 17.38404568915729 ], [ 73.204588524041185, 17.383774646982427 ], [ 73.20402396023762, 17.383769569410166 ], [ 73.204026605143795, 17.383498527235304 ], [ 73.202615197433488, 17.383485826110018 ], [ 73.202612551628008, 17.383756868284873 ], [ 73.202047987824415, 17.383751785316694 ], [ 73.202045340220309, 17.384022826592236 ], [ 73.201763058318534, 17.384020285108139 ], [ 73.201760410714428, 17.384291326383671 ], [ 73.201478127913333, 17.384288784000205 ], [ 73.201475479409908, 17.384559826175064 ], [ 73.200910914706981, 17.384554739609595 ], [ 73.20090561590149, 17.385096823059992 ], [ 73.201187899601962, 17.385099366342722 ], [ 73.201190548105387, 17.38482832416787 ] ] ], [ [ [ 72.716563674374129, 20.083044264381325 ], [ 72.717710532115419, 20.083059096899831 ], [ 72.717714455857518, 20.082788214804332 ], [ 72.718574598039311, 20.08279933402207 ], [ 72.71858244282555, 20.082257569831029 ], [ 72.718869155687059, 20.082261275037872 ], [ 72.718876998674602, 20.081719510846824 ], [ 72.719163712435417, 20.081723215154277 ], [ 72.719171553624335, 20.081181450963239 ], [ 72.719458264687191, 20.081185155270763 ], [ 72.719466105876165, 20.080643390180335 ], [ 72.71917939481331, 20.080639686772201 ], [ 72.719175474668475, 20.080910568867694 ], [ 72.714874817718737, 20.080854950295759 ], [ 72.714878745957435, 20.080584069099586 ], [ 72.713445198736963, 20.080565507092498 ], [ 72.713449129673677, 20.080294625896329 ], [ 72.71287571204455, 20.080287196596881 ], [ 72.712879643880527, 20.080016316300028 ], [ 72.71087268892353, 20.079990304309153 ], [ 72.710880558890722, 20.079448542816067 ], [ 72.710593852324521, 20.079444825018701 ], [ 72.710597787757777, 20.079173943822529 ], [ 72.710311081191492, 20.079170226025152 ], [ 72.71031895295738, 20.078628465431393 ], [ 72.710032248189748, 20.078624745835384 ], [ 72.710044056288197, 20.077812104045393 ], [ 72.709757352419942, 20.077808385348757 ], [ 72.709761288752532, 20.077537504152527 ], [ 72.709474585783539, 20.077533784556579 ], [ 72.709482459348067, 20.076992023962763 ], [ 72.709195757278451, 20.076988304366807 ], [ 72.709199695409666, 20.076717424069894 ], [ 72.708912993340064, 20.076713703574626 ], [ 72.708920868703146, 20.07617194298081 ], [ 72.708634168432184, 20.076168221586215 ], [ 72.70864598192658, 20.075355581594863 ], [ 72.708359282554909, 20.075351860200211 ], [ 72.70836715971673, 20.074810099606456 ], [ 72.708080462143641, 20.074806379111187 ], [ 72.708088338406128, 20.074264617618034 ], [ 72.707801642631765, 20.07426089622345 ], [ 72.707809519793571, 20.073719135629624 ], [ 72.707522824918499, 20.073715414235039 ], [ 72.707534642010174, 20.072902773344364 ], [ 72.707247948034421, 20.072899051050399 ], [ 72.707318850584556, 20.068023204807105 ], [ 72.706458795636991, 20.068012038824577 ], [ 72.706454855707079, 20.068282919121486 ], [ 72.706168170724524, 20.068279195928199 ], [ 72.706164229895364, 20.068550076225112 ], [ 72.705877544013504, 20.068546353031827 ], [ 72.705857838068823, 20.069900753616935 ], [ 72.705571150388309, 20.069897028625007 ], [ 72.705531727707125, 20.072605828895913 ], [ 72.705818421682864, 20.07260955388784 ], [ 72.705802652970135, 20.073693073276786 ], [ 72.706089347845179, 20.073696798268656 ], [ 72.706077521760278, 20.074509438260012 ], [ 72.706364218433976, 20.07451316235262 ], [ 72.706344510690641, 20.075867562038411 ], [ 72.706631210062369, 20.075871286131015 ], [ 72.706619385776094, 20.076683927021691 ], [ 72.70690608604707, 20.076687650214922 ], [ 72.706898204388665, 20.077229410808673 ], [ 72.707471607628634, 20.077236857195253 ], [ 72.707463726869548, 20.077778616889706 ], [ 72.707750429838541, 20.07778234008299 ], [ 72.707742550878095, 20.078324100676753 ], [ 72.70802925474635, 20.078327822970721 ], [ 72.708021375785918, 20.078869582665167 ], [ 72.708308080553536, 20.078873304959128 ], [ 72.708296262562499, 20.079685945849743 ], [ 72.70858296912877, 20.079689667244395 ], [ 72.708579030997555, 20.079960548440628 ], [ 72.709152445029375, 20.079967989431218 ], [ 72.70914456876686, 20.08050975002498 ], [ 72.709717984597376, 20.080517191015581 ], [ 72.709710111032848, 20.081058951609407 ], [ 72.710283529561309, 20.081066389902045 ], [ 72.710279594127996, 20.081337271098221 ], [ 72.710853013555777, 20.081344707592219 ], [ 72.710849079021841, 20.081615587889132 ], [ 72.711709210411826, 20.081626740381811 ], [ 72.711705276777138, 20.081897620678713 ], [ 72.713712256915187, 20.081923626374305 ], [ 72.713708325978516, 20.082194507570541 ], [ 72.713995038840054, 20.082198220871248 ], [ 72.713991108802688, 20.082469102067474 ], [ 72.714564535425041, 20.08247652776959 ], [ 72.714560605387703, 20.082747408965815 ], [ 72.714847318249227, 20.082751119568574 ], [ 72.714843390010515, 20.083022002563439 ], [ 72.715130103771344, 20.083025714065514 ], [ 72.715126176431966, 20.083296595261686 ], [ 72.71655974883339, 20.083315145577558 ], [ 72.716563674374129, 20.083044264381325 ] ] ], [ [ [ 72.742920419441873, 20.184712935553595 ], [ 72.742916517283504, 20.184983820347096 ], [ 72.743203422599947, 20.184987503970206 ], [ 72.743207324758245, 20.18471662007601 ], [ 72.742920419441873, 20.184712935553595 ] ] ], [ [ [ 71.60150671965944, 20.962838334421637 ], [ 71.601218431185714, 20.962842735703756 ], [ 71.601223116653557, 20.963113525169089 ], [ 71.601511406026646, 20.963109123887023 ], [ 71.60150671965944, 20.962838334421637 ] ] ], [ [ [ 71.611374358140154, 20.966479417790939 ], [ 71.610797770400822, 20.966488255428718 ], [ 71.610802474754436, 20.966759043095408 ], [ 71.611379061594462, 20.966750204558362 ], [ 71.611374358140154, 20.966479417790939 ] ] ], [ [ [ 71.743554483052989, 21.019923590001721 ], [ 71.744131212885236, 21.019914281119206 ], [ 71.744126254922776, 21.019643524928764 ], [ 71.743549525989863, 21.019652833811271 ], [ 71.743539612762959, 21.019111321430387 ], [ 71.743251249645539, 21.019115975421983 ], [ 71.743241338217217, 21.018574461242455 ], [ 71.742952975999103, 21.018579113435411 ], [ 71.74294802073463, 21.018308357244972 ], [ 71.742659659415779, 21.018313009437854 ], [ 71.742649749786153, 21.017771496157643 ], [ 71.742361387568067, 21.017776146551963 ], [ 71.742356434102192, 21.01750539126084 ], [ 71.742068073682731, 21.017510041655157 ], [ 71.742063120216869, 21.017239284565392 ], [ 71.740621319018715, 21.017262533838903 ], [ 71.740616368250869, 21.016991776749141 ], [ 71.739751288790998, 21.017005719838156 ], [ 71.739746339821806, 21.016734961849068 ], [ 71.738881260361936, 21.016748900441428 ], [ 71.738886208431822, 21.017019658430563 ], [ 71.738597847112999, 21.017024303428908 ], [ 71.738602794283565, 21.017295061417997 ], [ 71.737737711226444, 21.017308994614442 ], [ 71.737762439884762, 21.018662783660599 ], [ 71.738050803002238, 21.01865813956152 ], [ 71.738055750172805, 21.018928897550612 ], [ 71.738344114189587, 21.018924252552264 ], [ 71.738632478206341, 21.018919607553872 ], [ 71.73862753103576, 21.018648849564787 ], [ 71.738915894153251, 21.018644204566442 ], [ 71.738905998912784, 21.018102688588272 ], [ 71.74034781000347, 21.018079453703876 ], [ 71.740352760771387, 21.018350211692962 ], [ 71.740641122989473, 21.018345563097284 ], [ 71.74065102542454, 21.018887077276872 ], [ 71.740939389441337, 21.018882427781875 ], [ 71.740944340209182, 21.019153184871641 ], [ 71.741232704225979, 21.01914853537664 ], [ 71.74123765679245, 21.01941929156709 ], [ 71.74152602080926, 21.019414642072153 ], [ 71.741530974275122, 21.019685399161915 ], [ 71.741819339191181, 21.019680748767598 ], [ 71.741824292657029, 21.019951505857367 ], [ 71.742112657573159, 21.019946854563724 ], [ 71.742117611938284, 21.020217610754177 ], [ 71.74355943921681, 21.02019434709149 ], [ 71.743554483052989, 21.019923590001721 ] ] ], [ [ [ 71.77748334887751, 21.029664177659697 ], [ 71.777194974068834, 21.029668891006569 ], [ 71.777189954053199, 21.029398142910001 ], [ 71.776901579244566, 21.029402855357546 ], [ 71.776896560128193, 21.029132106361658 ], [ 71.776319811410247, 21.029141530357379 ], [ 71.776314792293874, 21.028870782260864 ], [ 71.775738043575927, 21.028880203558575 ], [ 71.775733027157514, 21.028609454562748 ], [ 71.773426034983558, 21.028647122666648 ], [ 71.773431047804664, 21.028917872561802 ], [ 71.772854298187397, 21.028927284866366 ], [ 71.77284928626564, 21.028656534971166 ], [ 71.77256091055763, 21.028661240224089 ], [ 71.772555900434497, 21.028390490328889 ], [ 71.772267527424503, 21.028395195581872 ], [ 71.772262516402066, 21.028124445686675 ], [ 71.771685767684062, 21.028133852595261 ], [ 71.771680757560944, 21.027863103599433 ], [ 71.771392384550964, 21.027867807053727 ], [ 71.771382367002673, 21.027326307263309 ], [ 71.771093994891984, 21.027331009818283 ], [ 71.771083978243041, 21.026789510027925 ], [ 71.770795607031687, 21.026794211683573 ], [ 71.770785592181369, 21.026252710993848 ], [ 71.770497220970014, 21.0262574126495 ], [ 71.770487207918393, 21.025715911959814 ], [ 71.770198839404983, 21.025720612716153 ], [ 71.770188824554666, 21.025179112925802 ], [ 71.769323719913814, 21.025193211597468 ], [ 71.769333729368157, 21.0257347122872 ], [ 71.767891879606623, 21.02575820078038 ], [ 71.767886877577382, 21.025487449985857 ], [ 71.767598508164667, 21.025492146245593 ], [ 71.767593506135483, 21.025221394551746 ], [ 71.767305136722712, 21.025226090811486 ], [ 71.767300135592848, 21.024955340016962 ], [ 71.766435029153342, 21.024969424299567 ], [ 71.766440027585233, 21.025240175094041 ], [ 71.765863289659151, 21.025249562217599 ], [ 71.765873287422323, 21.025791064705913 ], [ 71.765584916210969, 21.025795757368368 ], [ 71.76559991060742, 21.026608011550536 ], [ 71.765311537597427, 21.026612704212994 ], [ 71.765316536029374, 21.026883455007528 ], [ 71.766470027170101, 21.026864681659792 ], [ 71.766475027400645, 21.027135431554996 ], [ 71.767628519440677, 21.027116651012701 ], [ 71.767633520570598, 21.027387401807172 ], [ 71.768787014409256, 21.027368612271687 ], [ 71.768792017337773, 21.027639363066211 ], [ 71.769080391247087, 21.027634664108522 ], [ 71.769085395974287, 21.027905414903046 ], [ 71.769373769883657, 21.027900715046027 ], [ 71.76937877640944, 21.028171465840501 ], [ 71.769667149419476, 21.028166765983489 ], [ 71.769672155945287, 21.028437515878689 ], [ 71.769960530753949, 21.028432816021677 ], [ 71.769965537279802, 21.028703565916882 ], [ 71.770253912088435, 21.02869886516055 ], [ 71.770258920412928, 21.028969615055754 ], [ 71.7708356709295, 21.028960211744447 ], [ 71.770840679253979, 21.029230961639598 ], [ 71.771417431569262, 21.029221557428972 ], [ 71.771422440793046, 21.029492306424849 ], [ 71.772287569715601, 21.029478194263277 ], [ 71.772292580738053, 21.029748944158484 ], [ 71.774022840381846, 21.029720706345575 ], [ 71.774027854102258, 21.029991455341417 ], [ 71.776046488554627, 21.029958487993891 ], [ 71.776051507671013, 21.030229236989729 ], [ 71.777493390707491, 21.03020567475215 ], [ 71.77748334887751, 21.029664177659697 ] ] ], [ [ [ 71.798701505370218, 21.038253315638023 ], [ 71.798413118870371, 21.038258067655761 ], [ 71.798408058385235, 21.037987324055784 ], [ 71.798119671885388, 21.037992074274879 ], [ 71.798114612299585, 21.037721331574229 ], [ 71.797826225799724, 21.037726080893943 ], [ 71.797821167113213, 21.037455338193347 ], [ 71.797532782412006, 21.037460088412388 ], [ 71.797527722826203, 21.037189343913152 ], [ 71.796950953423845, 21.037198841653272 ], [ 71.796956010311717, 21.037469585253223 ], [ 71.797244395912173, 21.037464835933459 ], [ 71.797249454598713, 21.037735580432749 ], [ 71.797537840199212, 21.037730831113041 ], [ 71.797542898885737, 21.038001574712951 ], [ 71.797831285385527, 21.037996823594593 ], [ 71.797836344971401, 21.038267568093829 ], [ 71.798124730571942, 21.038262817874788 ], [ 71.798129791956384, 21.038533560575384 ], [ 71.798706566754731, 21.038524059238 ], [ 71.798701505370218, 21.038253315638023 ] ] ], [ [ [ 72.063994062575986, 21.174750159392374 ], [ 72.063705480923261, 21.17475539344667 ], [ 72.063699902428581, 21.174484718195234 ], [ 72.063411319876593, 21.174489951350218 ], [ 72.063400162887248, 21.173948601746645 ], [ 72.063688743640697, 21.173943368591665 ], [ 72.063683164246697, 21.173672695138816 ], [ 72.063971744100741, 21.173667461983825 ], [ 72.063927110747599, 21.171502065368088 ], [ 72.062484233060957, 21.171528223049108 ], [ 72.062489809756983, 21.171798898300551 ], [ 72.061912657243397, 21.171809357415952 ], [ 72.061918232140769, 21.172080032667445 ], [ 72.061341077828573, 21.172090489984157 ], [ 72.061346651826582, 21.17236116523566 ], [ 72.060769496615023, 21.172371621653042 ], [ 72.060775069713756, 21.172642296904542 ], [ 72.0601979127036, 21.172652750623968 ], [ 72.060203484902971, 21.172923426774783 ], [ 72.059914905948233, 21.172928652735209 ], [ 72.059920478147603, 21.173199327986651 ], [ 72.059631898293503, 21.173204553947077 ], [ 72.05965975659258, 21.174557932002983 ], [ 72.062256994165011, 21.174510876775571 ], [ 72.062262570861023, 21.174781552027071 ], [ 72.06255115341304, 21.17477632067073 ], [ 72.062556730109065, 21.175046995922177 ], [ 72.062845312661125, 21.175041764565833 ], [ 72.062884359425723, 21.176936486829451 ], [ 72.063461531724386, 21.176926021418808 ], [ 72.063467111118314, 21.177196695770927 ], [ 72.063755698166972, 21.177191462615951 ], [ 72.063761277560971, 21.177462136968082 ], [ 72.064049864609615, 21.177456902913779 ], [ 72.063994062575986, 21.174750159392374 ] ] ] ] } },
{ "type": "Feature", "properties": { "receptor_type": "coral_reef", "source": "UNEP-WCMC Global Distribution of Coral Reefs 2018 v4.1", "source_year": 2018, "sensitivity_tier": "high", "protection_status": false, "ORIG_NAME": "Not Reported" }, "geometry": { "type": "MultiPolygon", "coordinates": [ [ [ [ 72.938331383686489, 18.266897682582055 ], [ 72.938615014571326, 18.266900740276984 ], [ 72.938627814622009, 18.265816838676187 ], [ 72.938911444607527, 18.26581989457253 ], [ 72.938917843283889, 18.265277945121117 ], [ 72.939201472370073, 18.265281001017456 ], [ 72.939211068136331, 18.264468075041698 ], [ 72.939494695423889, 18.264471130937974 ], [ 72.939504289391479, 18.263658204062892 ], [ 72.939787915779732, 18.263661259059916 ], [ 72.939797508848017, 18.26284833308414 ], [ 72.940081133437616, 18.262851387181801 ], [ 72.940084331426817, 18.262580411556826 ], [ 72.939800705937898, 18.262577356559799 ], [ 72.939807100117591, 18.262035406209066 ], [ 72.940090723807941, 18.262038460306773 ], [ 72.940103510368772, 18.260954557806656 ], [ 72.939819887577812, 18.260951503708956 ], [ 72.9398294788474, 18.260138576833921 ], [ 72.939545858754471, 18.260135521836901 ], [ 72.939552252934163, 18.259593570586841 ], [ 72.939268632841177, 18.259590515589881 ], [ 72.939278225010142, 18.258777589614116 ], [ 72.939561844203809, 18.258780643711823 ], [ 72.939568236584932, 18.258238691562443 ], [ 72.939851854879237, 18.25824174655941 ], [ 72.93985505196909, 18.257970770934381 ], [ 72.939571434574077, 18.257967716836731 ], [ 72.939574630764625, 18.257696741211699 ], [ 72.939858248159666, 18.257699795309346 ], [ 72.939861444350228, 18.257428819684325 ], [ 72.94014506084595, 18.257431872882705 ], [ 72.940148256137149, 18.257160897257677 ], [ 72.940431872632857, 18.257163949556684 ], [ 72.940438263215356, 18.256621999205947 ], [ 72.940721877912367, 18.256625052404274 ], [ 72.940728267595546, 18.256083099355578 ], [ 72.941011881393237, 18.256086151654642 ], [ 72.941021463669657, 18.255273223880245 ], [ 72.941305076568085, 18.255276275279925 ], [ 72.941308270960008, 18.255005299654901 ], [ 72.941591882959059, 18.255008350155265 ], [ 72.941617426403184, 18.252840541557816 ], [ 72.941901035704291, 18.252843591158868 ], [ 72.941920187666597, 18.251217733811416 ], [ 72.941352973560939, 18.25121163371 ], [ 72.941349781867018, 18.251482610234348 ], [ 72.941066175263799, 18.251479558834603 ], [ 72.941062981771282, 18.251750535358948 ], [ 72.940779374268743, 18.251747483959264 ], [ 72.940776180776197, 18.252018459584288 ], [ 72.940492572374339, 18.252015408184604 ], [ 72.940473406022932, 18.253641263733357 ], [ 72.940189795822448, 18.253638211434343 ], [ 72.94018340613934, 18.254180163583726 ], [ 72.939899795039594, 18.254177110385399 ], [ 72.939896598849018, 18.254448086010427 ], [ 72.939612987749229, 18.254445032812036 ], [ 72.939606595368161, 18.254986984062096 ], [ 72.939322983369038, 18.254983929964453 ], [ 72.939319786279142, 18.255254905589481 ], [ 72.939036174280105, 18.255251850592458 ], [ 72.939032977190209, 18.25552282711681 ], [ 72.938749363392446, 18.25551977211984 ], [ 72.938746166302579, 18.255790747744868 ], [ 72.938462553404179, 18.255787692747845 ], [ 72.938449759648734, 18.256871594348635 ], [ 72.938166144951708, 18.256868537553032 ], [ 72.938159747174666, 18.257410489702412 ], [ 72.938443362771011, 18.257413545598695 ], [ 72.938440164781809, 18.257684521223727 ], [ 72.938723781277517, 18.257687577120066 ], [ 72.938717385299142, 18.258229526571434 ], [ 72.938433767904129, 18.25822647157446 ], [ 72.938430569015608, 18.258497447199485 ], [ 72.937863333326206, 18.258491335406863 ], [ 72.937856934649858, 18.259033284858276 ], [ 72.938140552944219, 18.259036341653886 ], [ 72.938130955379336, 18.259849269428287 ], [ 72.938414574573017, 18.259852324425314 ], [ 72.938411375684495, 18.260123300050278 ], [ 72.938694996676801, 18.260126355946625 ], [ 72.93869179778828, 18.260397331571653 ], [ 72.938975418780615, 18.26040038656862 ], [ 72.938972220791413, 18.260671363092968 ], [ 72.939255842683053, 18.260674418089994 ], [ 72.93924944670465, 18.261216369340048 ], [ 72.93953306859629, 18.261219424337014 ], [ 72.939517081348299, 18.262574301562836 ], [ 72.9392334567587, 18.262571246565805 ], [ 72.939230257870165, 18.262842222190837 ], [ 72.938663008690966, 18.262836110398212 ], [ 72.938659808903139, 18.263107086023236 ], [ 72.938376184313483, 18.263104029227637 ], [ 72.938369784737873, 18.263645979578371 ], [ 72.938086158349563, 18.263642922782708 ], [ 72.938079757874547, 18.264184873133445 ], [ 72.937796130586989, 18.264181815438459 ], [ 72.937786529424841, 18.264994741414228 ], [ 72.937502900338643, 18.264991682819982 ], [ 72.937496498065016, 18.265533632271342 ], [ 72.937212868978818, 18.265530573677093 ], [ 72.937190454276106, 18.26742739855564 ], [ 72.937474086060263, 18.267430458049265 ], [ 72.937470883574477, 18.26770143367429 ], [ 72.938605415207803, 18.267713665353423 ], [ 72.938608615894978, 18.267442690627718 ], [ 72.938324983211487, 18.267439632932735 ], [ 72.938331383686489, 18.266897682582055 ] ] ], [ [ [ 72.93454401119719, 18.347075242228698 ], [ 72.935395295056878, 18.347084468373566 ], [ 72.93539851642845, 18.346813496345817 ], [ 72.935682275916363, 18.346816571127928 ], [ 72.935685494589961, 18.346545598200862 ], [ 72.93569193463513, 18.346003653246044 ], [ 72.935408175147245, 18.346000579363309 ], [ 72.935414614293038, 18.345458634408487 ], [ 72.935130855704458, 18.345455559626426 ], [ 72.935134075277375, 18.345184586699361 ], [ 72.934850317588143, 18.3451815119173 ], [ 72.934856759431966, 18.344639566962485 ], [ 72.9345730008434, 18.344636491281111 ], [ 72.934592324576158, 18.343010657316029 ], [ 72.93515983455876, 18.3430168068802 ], [ 72.935163054131706, 18.342745834852451 ], [ 72.935446808223674, 18.342748908735189 ], [ 72.935450026897286, 18.342477936707436 ], [ 72.936017535081248, 18.342484083573659 ], [ 72.936014317306956, 18.342755057400037 ], [ 72.936581826390224, 18.342761201568234 ], [ 72.936578608615946, 18.343032173595983 ], [ 72.936862365405872, 18.343035246579404 ], [ 72.936859146732274, 18.343306220405793 ], [ 72.937142902622881, 18.343309291590579 ], [ 72.937146118598548, 18.343038318663503 ], [ 72.938281140362392, 18.343050601604038 ], [ 72.938277926185393, 18.343321575430423 ], [ 72.939129193857227, 18.34333078268952 ], [ 72.939132407134935, 18.343059809762455 ], [ 72.939416163025555, 18.343062878249267 ], [ 72.939412949747862, 18.343333851176336 ], [ 72.939696705638482, 18.343336919663159 ], [ 72.939693493260151, 18.343607892590232 ], [ 72.941396033999808, 18.343626292719303 ], [ 72.941399243680223, 18.343355318892911 ], [ 72.94168299957083, 18.343358383782459 ], [ 72.941686210150536, 18.343087410855386 ], [ 72.941402453360567, 18.343084345066529 ], [ 72.941408873620674, 18.342542398313071 ], [ 72.941125117730053, 18.342539333423534 ], [ 72.941128328309787, 18.342268359597142 ], [ 72.939709556051241, 18.342253026156303 ], [ 72.939715979908598, 18.341711079402845 ], [ 72.939148474422609, 18.341704943328534 ], [ 72.9391548991793, 18.341162996575065 ], [ 72.938871146885958, 18.341159928987569 ], [ 72.938874360163652, 18.340888955161173 ], [ 72.937739352788967, 18.340876677616617 ], [ 72.937736137712648, 18.341147651443006 ], [ 72.937452385419292, 18.341144579358915 ], [ 72.937449169443639, 18.341415552285973 ], [ 72.937165417150297, 18.341412481101145 ], [ 72.937158985199062, 18.341954426955287 ], [ 72.936875231107081, 18.341951355770501 ], [ 72.936872014232108, 18.342222328697574 ], [ 72.936588261039446, 18.342219256613479 ], [ 72.936591477914433, 18.34194828368641 ], [ 72.936307724721772, 18.341945210702985 ], [ 72.93631094159673, 18.341674238675242 ], [ 72.935743437010061, 18.34166809180903 ], [ 72.935746654784339, 18.341397119781277 ], [ 72.935462903390317, 18.341394045898539 ], [ 72.935466122063929, 18.34112307297147 ], [ 72.934331114689243, 18.341110774742504 ], [ 72.934327894217006, 18.341381746770249 ], [ 72.933760391428962, 18.341375595407445 ], [ 72.933753947786499, 18.341917538563621 ], [ 72.933470194593824, 18.341914462882187 ], [ 72.933460528680499, 18.342727379864755 ], [ 72.933744282772466, 18.342730456445455 ], [ 72.933737839130018, 18.343272401400274 ], [ 72.933454084138702, 18.343269323920197 ], [ 72.933450861867797, 18.343540296847266 ], [ 72.933167105977191, 18.343537219367249 ], [ 72.9331638837063, 18.343808191394938 ], [ 72.932880127815679, 18.343805113015602 ], [ 72.932864010165986, 18.345159974053615 ], [ 72.933147768754552, 18.345163052432952 ], [ 72.933144545584355, 18.345434023561381 ], [ 72.933712061862181, 18.345440179420791 ], [ 72.933689505066639, 18.347336983614984 ], [ 72.934540789825633, 18.34734621425644 ], [ 72.93454401119719, 18.347075242228698 ] ] ], [ [ [ 72.821318506743751, 19.05741417622329 ], [ 72.821314967911519, 19.057685107781538 ], [ 72.821599894719441, 19.05768847304466 ], [ 72.821596355887152, 19.057959406401551 ], [ 72.821881283594394, 19.057962769865984 ], [ 72.821888360359594, 19.057420906749488 ], [ 72.821318506743751, 19.05741417622329 ] ] ], [ [ [ 72.78268378362975, 19.197856289136499 ], [ 72.78269830588215, 19.196772606970281 ], [ 72.782413147948489, 19.196769157170934 ], [ 72.782434932226394, 19.195143632572631 ], [ 72.782149776990664, 19.195140183672606 ], [ 72.782146146427564, 19.195411104438961 ], [ 72.781860990292515, 19.195407654639606 ], [ 72.781857358830109, 19.195678575405967 ], [ 72.781572202695031, 19.195675124707297 ], [ 72.781517714570953, 19.19973893170641 ], [ 72.781802877900532, 19.199742382405077 ], [ 72.781795613177039, 19.200284223937842 ], [ 72.782080777406009, 19.200287674636513 ], [ 72.782077145044227, 19.200558595402931 ], [ 72.782362309273182, 19.200562046101595 ], [ 72.782355045449023, 19.201103886735041 ], [ 72.783495708660098, 19.201117685033175 ], [ 72.783499339223169, 19.200846764266831 ], [ 72.783784504351445, 19.200850212267532 ], [ 72.783788134015268, 19.200579292400441 ], [ 72.783217803758703, 19.200572394600385 ], [ 72.78322143432176, 19.200301473833971 ], [ 72.782936270092804, 19.200298024933947 ], [ 72.782943531219018, 19.199756183401171 ], [ 72.782658367889454, 19.199752733601827 ], [ 72.782676523402856, 19.198398130669268 ], [ 72.78239136187193, 19.19839468086985 ], [ 72.78239862389745, 19.197852840236457 ], [ 72.78268378362975, 19.197856289136499 ] ], [ [ 72.782113464165093, 19.197849390437057 ], [ 72.782117095627555, 19.197578469670706 ], [ 72.782402255359841, 19.197581918570734 ], [ 72.78239862389745, 19.197852840236457 ], [ 72.782113464165093, 19.197849390437057 ] ] ], [ [ [ 72.715561965412405, 19.572311492581381 ], [ 72.715847764562753, 19.572315113251932 ], [ 72.715866858968397, 19.570960628130535 ], [ 72.716152656320105, 19.57096424790177 ], [ 72.716164110085685, 19.570151555749757 ], [ 72.716449905638683, 19.570155174621675 ], [ 72.716465175227682, 19.569071585984943 ], [ 72.716750968982055, 19.569075203957535 ], [ 72.716766234973804, 19.567991614421548 ], [ 72.717052027828856, 19.567995230595443 ], [ 72.717063475299199, 19.567182539342745 ], [ 72.717349264556958, 19.567186156416028 ], [ 72.717360711127981, 19.566373463364695 ], [ 72.717074921870235, 19.566369847190735 ], [ 72.717071106046774, 19.566640744574723 ], [ 72.716785316789, 19.566637128400824 ], [ 72.716781500965553, 19.5669080248855 ], [ 72.716495710808488, 19.566904406912894 ], [ 72.716484259740866, 19.567717099064907 ], [ 72.716198468684411, 19.567713481092312 ], [ 72.716190833440308, 19.568255275860338 ], [ 72.715905040585199, 19.568251656988423 ], [ 72.715897405341025, 19.568793450857129 ], [ 72.715611611586681, 19.568789831985221 ], [ 72.715600156022447, 19.569602523237904 ], [ 72.715314361368712, 19.56959890256736 ], [ 72.715306723426593, 19.570140697335379 ], [ 72.715020926974262, 19.570137076664828 ], [ 72.715013287233475, 19.57067887143284 ], [ 72.714727490781129, 19.570675249862919 ], [ 72.714700746742139, 19.572571527953691 ], [ 72.7144149466925, 19.572567904585185 ], [ 72.714380552120815, 19.575005977443944 ], [ 72.714666356667067, 19.575009599013804 ], [ 72.714654892109635, 19.575822289367238 ], [ 72.714940697555207, 19.575825910937112 ], [ 72.714933055116447, 19.576367704805758 ], [ 72.715218860562004, 19.576371326375632 ], [ 72.715207398702546, 19.577184016729067 ], [ 72.715493206846062, 19.577187638298938 ], [ 72.715485565306665, 19.577729432167587 ], [ 72.715771374349529, 19.577733052838141 ], [ 72.715763733709423, 19.578274846706847 ], [ 72.716049543651593, 19.578278467377405 ], [ 72.715996060070154, 19.582071023558964 ], [ 72.716281877206924, 19.582074644229532 ], [ 72.716274236566832, 19.582616438098178 ], [ 72.716560054602894, 19.582620058768725 ], [ 72.716556234282848, 19.582890955253443 ], [ 72.716842053218215, 19.582894575924005 ], [ 72.716887881770404, 19.579643811812506 ], [ 72.716602069130275, 19.579640192041261 ], [ 72.716617345913846, 19.578556604303913 ], [ 72.716331535072356, 19.578552985432005 ], [ 72.716339173913809, 19.578011190663972 ], [ 72.716053363971639, 19.578007570892737 ], [ 72.716064823133124, 19.577194879640043 ], [ 72.715779014989593, 19.577191258969496 ], [ 72.715790474151092, 19.576378568616121 ], [ 72.715504667806229, 19.576374947945567 ], [ 72.715561965412405, 19.572311492581381 ] ] ], [ [ [ 72.707013473193285, 19.970483449751445 ], [ 72.707299981908704, 19.970487154058958 ], [ 72.707303899355509, 19.970216270164777 ], [ 72.707590407171594, 19.97021997357297 ], [ 72.707594324618469, 19.969949090578108 ], [ 72.707880832434498, 19.969952793986298 ], [ 72.707884748982053, 19.96968191009211 ], [ 72.708457762815556, 19.969689315109861 ], [ 72.708461677564401, 19.969418432114992 ], [ 72.70903469229728, 19.969425835334107 ], [ 72.709038606146791, 19.969154951439911 ], [ 72.709325113063599, 19.969158652150099 ], [ 72.709329026913096, 19.968887768255964 ], [ 72.709902038947973, 19.968895167877754 ], [ 72.709905951898222, 19.968624283983559 ], [ 72.710765469051253, 19.968635380718297 ], [ 72.710769380202805, 19.968364496824108 ], [ 72.709909864848441, 19.96835340008937 ], [ 72.709913777798633, 19.968082516195246 ], [ 72.709054264242965, 19.968071415863221 ], [ 72.709058178092505, 19.967800531969033 ], [ 72.70877167387367, 19.967796831258795 ], [ 72.708775588622572, 19.967525947364607 ], [ 72.708202581983642, 19.967518544145548 ], [ 72.708206497631807, 19.967247660251363 ], [ 72.707919995211697, 19.967243958641802 ], [ 72.707923910859833, 19.966973074747667 ], [ 72.707064403599418, 19.966961965422403 ], [ 72.707068321945556, 19.966691082427587 ], [ 72.706208818282391, 19.966679968605721 ], [ 72.706212736628558, 19.966409084711525 ], [ 72.705639735385546, 19.966401674297853 ], [ 72.70564365463099, 19.966130790403721 ], [ 72.705357154908825, 19.966127084297568 ], [ 72.705361075053645, 19.965856201302699 ], [ 72.705074575331409, 19.965852495196543 ], [ 72.705078494576924, 19.965581611302351 ], [ 72.704791996653398, 19.965577904296886 ], [ 72.704795917697467, 19.965307021302067 ], [ 72.704509418874636, 19.965303314296595 ], [ 72.70451333991879, 19.965032431301715 ], [ 72.703940344071682, 19.965025014592811 ], [ 72.703948188857908, 19.964483250401713 ], [ 72.703661691833645, 19.964479540698274 ], [ 72.703665614676424, 19.964208657703466 ], [ 72.703379118551538, 19.964204948899354 ], [ 72.703383041394318, 19.963934065904485 ], [ 72.702810050043794, 19.963926645598292 ], [ 72.702817898427327, 19.963384881407197 ], [ 72.702531403201746, 19.963381170804439 ], [ 72.702539251585222, 19.962839404814758 ], [ 72.702252758158281, 19.962835694211947 ], [ 72.702256682799728, 19.962564812116455 ], [ 72.701970189372787, 19.962561100614394 ], [ 72.701978039554945, 19.962019336423275 ], [ 72.701691547926643, 19.962015624021888 ], [ 72.701695472568062, 19.961744741926339 ], [ 72.700835998582534, 19.961733604722149 ], [ 72.700839925921926, 19.961462722626603 ], [ 72.699980453734995, 19.961451581825091 ], [ 72.699984381973707, 19.961180699729539 ], [ 72.699124911585429, 19.961169554431422 ], [ 72.69912884162278, 19.960898672335933 ], [ 72.69798288500219, 19.960883807441796 ], [ 72.697986815938862, 19.960612924446938 ], [ 72.696840862016245, 19.960598050559614 ], [ 72.696844795650861, 19.960327169363438 ], [ 72.694839381232484, 19.960301124097668 ], [ 72.69484331756513, 19.960030242901436 ], [ 72.693410883705383, 19.960011626035733 ], [ 72.693414822735917, 19.959740744839568 ], [ 72.692555364938187, 19.959729568964462 ], [ 72.692559304868098, 19.959458687768294 ], [ 72.692272820434368, 19.959454961877043 ], [ 72.692276760364265, 19.959184080680814 ], [ 72.691703790597501, 19.959176627099737 ], [ 72.691707733225371, 19.958905746802831 ], [ 72.691421248791642, 19.958902019112941 ], [ 72.691425191419498, 19.958631138816028 ], [ 72.691138706985797, 19.958627411126145 ], [ 72.691142649613653, 19.958356529929972 ], [ 72.690569683444195, 19.958349073650883 ], [ 72.690573626971343, 19.95807819155533 ], [ 72.69028714433631, 19.958074463865447 ], [ 72.690291088762805, 19.957803582669271 ], [ 72.690004607027063, 19.957799853180738 ], [ 72.690008550554225, 19.957528972883832 ], [ 72.689722069717774, 19.957525243395306 ], [ 72.689726014144298, 19.9572543630984 ], [ 72.689439533307848, 19.957250632710561 ], [ 72.689447423959507, 19.956708871217472 ], [ 72.689160944022433, 19.956705140829627 ], [ 72.68916489024754, 19.95643426143209 ], [ 72.688878411209771, 19.956430529245551 ], [ 72.688886302760679, 19.955888768651789 ], [ 72.688599824622258, 19.955885037364624 ], [ 72.688607717971863, 19.955343276770865 ], [ 72.688321240732705, 19.955339544584376 ], [ 72.688325186957854, 19.955068665186786 ], [ 72.688038710618059, 19.955064933000301 ], [ 72.688046604866983, 19.954523172406532 ], [ 72.687760129426465, 19.954519440220047 ], [ 72.687768024574723, 19.953977679626291 ], [ 72.687481550033553, 19.953973947439749 ], [ 72.687489446081145, 19.953432185946674 ], [ 72.687202972439295, 19.953428452860866 ], [ 72.687214817409952, 19.952615812869514 ], [ 72.686928345566741, 19.952612078884385 ], [ 72.686936243412973, 19.952070319189939 ], [ 72.686649771569776, 19.952066585204818 ], [ 72.686653719593551, 19.951795704907909 ], [ 72.686367250448299, 19.951791970922784 ], [ 72.686379098116944, 19.950979330931428 ], [ 72.686092628971707, 19.95097559604698 ], [ 72.686096578794135, 19.950704716649401 ], [ 72.685810111447552, 19.95070098176495 ], [ 72.68581406037066, 19.950430100568727 ], [ 72.685527593024062, 19.950426366583592 ], [ 72.685535493568239, 19.949884606889157 ], [ 72.68524902712096, 19.949880871105396 ], [ 72.685256928564456, 19.949339111410893 ], [ 72.684970463016498, 19.949335374727813 ], [ 72.68497441463758, 19.949064495330216 ], [ 72.684687949089607, 19.949060758647136 ], [ 72.684695852331799, 19.948518998952693 ], [ 72.684409388582466, 19.948515262269606 ], [ 72.684413340203548, 19.948244382872016 ], [ 72.684126875554909, 19.948240645289616 ], [ 72.684134780595684, 19.947698885595116 ], [ 72.683848320443701, 19.947695148912029 ], [ 72.683852272064769, 19.94742426861518 ], [ 72.683565810114075, 19.947420531032723 ], [ 72.68356976443313, 19.94714965163519 ], [ 72.683283301583174, 19.947145913153406 ], [ 72.683287255902187, 19.946875033755877 ], [ 72.683000794850841, 19.946871294374777 ], [ 72.683004749169882, 19.94660041497724 ], [ 72.682718288118565, 19.94659667559614 ], [ 72.682726197655924, 19.946054916801021 ], [ 72.682439738403275, 19.946051177419974 ], [ 72.682447647940663, 19.945509418624798 ], [ 72.682161189587305, 19.945505678344436 ], [ 72.682184919998122, 19.943880402858383 ], [ 72.681898465242057, 19.943876662577967 ], [ 72.681906375678764, 19.943334903782841 ], [ 72.681333467065897, 19.943327422322735 ], [ 72.681337423183592, 19.943056542925156 ], [ 72.681050969326805, 19.943052801745463 ], [ 72.681054926343833, 19.942781922347876 ], [ 72.680482020428926, 19.942774439089131 ], [ 72.680485977445997, 19.942503559691602 ], [ 72.68019952538782, 19.942499816713219 ], [ 72.680203483304169, 19.942228938214956 ], [ 72.679630579187915, 19.942221451358929 ], [ 72.679634538902931, 19.941950572860719 ], [ 72.679061635685969, 19.941943084206009 ], [ 72.679065595400985, 19.941672205707786 ], [ 72.678779145141505, 19.941668460930767 ], [ 72.67878310575577, 19.941397582432558 ], [ 72.67849665459697, 19.941393836756223 ], [ 72.678500616110611, 19.941122958257949 ], [ 72.677927715591622, 19.94111546690533 ], [ 72.677931678004597, 19.940844588407057 ], [ 72.677358780183624, 19.940837094356471 ], [ 72.677362742596529, 19.940566215858212 ], [ 72.677076295035022, 19.940562468383231 ], [ 72.677080257447983, 19.940291589885025 ], [ 72.676507362324969, 19.940284094935066 ], [ 72.67651132563725, 19.940013216436853 ], [ 72.675651984751383, 19.940001970414642 ], [ 72.675655949862232, 19.939731091017109 ], [ 72.675369503200045, 19.939727340844168 ], [ 72.675373469210285, 19.939456462345902 ], [ 72.674227685259481, 19.939441458956196 ], [ 72.674231653068375, 19.939170581357303 ], [ 72.673945208204813, 19.93916682758708 ], [ 72.673949176013707, 19.938895950887453 ], [ 72.673376287185988, 19.938888445145665 ], [ 72.673380255894116, 19.938617568446087 ], [ 72.673093811929959, 19.938613814675875 ], [ 72.673097780638102, 19.938342936177609 ], [ 72.672811337573236, 19.938339182407386 ], [ 72.672815307180727, 19.938068304808493 ], [ 72.672528864115847, 19.93806455103822 ], [ 72.6725328346227, 19.93779367343933 ], [ 72.672246391557778, 19.937789918769791 ], [ 72.672250362064631, 19.937519041170845 ], [ 72.671677478632759, 19.937511530932461 ], [ 72.671681450038932, 19.937240653333564 ], [ 72.67139500877272, 19.937236896865326 ], [ 72.671398981078212, 19.936966019266428 ], [ 72.670826099444966, 19.936958506330029 ], [ 72.670830072649778, 19.936687629630452 ], [ 72.670543632282886, 19.936683872262961 ], [ 72.670547604588364, 19.936412994664003 ], [ 72.669974726552411, 19.936405479029702 ], [ 72.669978700656543, 19.936134602330075 ], [ 72.669692262088304, 19.936130844063264 ], [ 72.669696237091728, 19.93585996556499 ], [ 72.669123359955151, 19.935852448132039 ], [ 72.669127335857922, 19.935581571432405 ], [ 72.668840898188932, 19.935577811366951 ], [ 72.668844874091747, 19.935306934667331 ], [ 72.667126252574576, 19.935284367079934 ], [ 72.667130231175278, 19.935013490380303 ], [ 72.665698050924391, 19.93499467206653 ], [ 72.665702031323733, 19.934723795366892 ], [ 72.665415596352773, 19.934720030804844 ], [ 72.665419577651448, 19.934449154105216 ], [ 72.664846707709444, 19.934441623182408 ], [ 72.664850690806816, 19.934170745583515 ], [ 72.664564255835785, 19.934166980122086 ], [ 72.664568238933157, 19.933896104321828 ], [ 72.664281805760751, 19.933892337061771 ], [ 72.664285788858123, 19.933621461261453 ], [ 72.663999355685746, 19.933617694001448 ], [ 72.664007322779753, 19.933075942400876 ], [ 72.663720891406044, 19.933072174241484 ], [ 72.663760727775411, 19.930363411742128 ], [ 72.664047154652508, 19.930367179002136 ], [ 72.664051137749865, 19.930096302302559 ], [ 72.664337564626976, 19.930100068663307 ], [ 72.664341546824971, 19.929829192862989 ], [ 72.664627973702068, 19.929832958324425 ], [ 72.664635936299476, 19.929291205824544 ], [ 72.664922362277252, 19.929294971285969 ], [ 72.664926343575928, 19.929024094586339 ], [ 72.665212768654385, 19.929027859148444 ], [ 72.665220728553834, 19.928486105749244 ], [ 72.665793577811428, 19.928493633974092 ], [ 72.665797557311478, 19.928222757274455 ], [ 72.666083980591296, 19.928226520037924 ], [ 72.666087960091318, 19.927955643338287 ], [ 72.66694722993077, 19.927966930729323 ], [ 72.666951207632152, 19.927696053130376 ], [ 72.667810476572313, 19.92770733602481 ], [ 72.667814451575737, 19.927436458425859 ], [ 72.668673721415203, 19.927447736823638 ], [ 72.668677696418627, 19.927176859224744 ], [ 72.669250540280245, 19.927184375758372 ], [ 72.669254514384363, 19.926913498159479 ], [ 72.669827358246025, 19.926921012894464 ], [ 72.669831330551517, 19.926650135295574 ], [ 72.670404174413193, 19.926657647332608 ], [ 72.670408144920017, 19.92638676973371 ], [ 72.671267409363523, 19.926398034641636 ], [ 72.671271379870348, 19.926127157042693 ], [ 72.671557799552886, 19.926130910812951 ], [ 72.671561770059725, 19.925860033214008 ], [ 72.671848190641526, 19.92586378698422 ], [ 72.671852159349726, 19.92559290758669 ], [ 72.672138579032264, 19.925596661356899 ], [ 72.672142547740464, 19.925325783757952 ], [ 72.67271538710547, 19.925333288600434 ], [ 72.672719354015058, 19.925062410102214 ], [ 72.673005773697568, 19.925066161174474 ], [ 72.673009739707766, 19.92479528357552 ], [ 72.673296159390304, 19.924799034647773 ], [ 72.673300125400544, 19.924528156149563 ], [ 72.673586543284387, 19.924531906322443 ], [ 72.673590509294613, 19.924261027824233 ], [ 72.673876927178526, 19.924264777997159 ], [ 72.67388089228939, 19.923993898599576 ], [ 72.674167310173274, 19.923997648772509 ], [ 72.674175238596433, 19.92345589177603 ], [ 72.674461654681693, 19.92345964104965 ], [ 72.674465618893237, 19.92318876255138 ], [ 72.674752034978496, 19.923192510925666 ], [ 72.674763924015963, 19.922379875430984 ], [ 72.675050339201832, 19.922383622905897 ], [ 72.675062226440687, 19.921570987411197 ], [ 72.675348639827916, 19.921574733986862 ], [ 72.67536052526809, 19.920762097592785 ], [ 72.675646936856708, 19.920765844168439 ], [ 72.675650898370293, 19.920494964770857 ], [ 72.67593730995894, 19.920498711346511 ], [ 72.675945231187541, 19.919956952551381 ], [ 72.676231641876825, 19.919960698227669 ], [ 72.67623560159177, 19.919689819729456 ], [ 72.676522012281097, 19.91969356540579 ], [ 72.676537849342324, 19.918610047815491 ], [ 72.676824257333706, 19.91861379259251 ], [ 72.676836132881306, 19.917801154399793 ], [ 72.677122540872631, 19.917804898277495 ], [ 72.677205641826959, 19.91211643272726 ], [ 72.676919246426152, 19.912112690648208 ], [ 72.676931115678499, 19.911300051556172 ], [ 72.676644720277679, 19.911296308577842 ], [ 72.676660549245014, 19.910212791886863 ], [ 72.676374155642819, 19.910209048908541 ], [ 72.676386027593111, 19.909396411615145 ], [ 72.676099635789626, 19.90939266773745 ], [ 72.67611151043792, 19.908580030444117 ], [ 72.675825118634336, 19.908576286566408 ], [ 72.675833035366338, 19.908034527771296 ], [ 72.67554664536145, 19.90803078389359 ], [ 72.675562478825384, 19.906947267202668 ], [ 72.675276092417775, 19.906943523324969 ], [ 72.675287967066083, 19.906130886031633 ], [ 72.675001581557794, 19.906127141254618 ], [ 72.675045126731277, 19.903147469680047 ], [ 72.675331506843634, 19.903151213557692 ], [ 72.675339422676245, 19.902609454762569 ], [ 72.675912182001639, 19.90261694071927 ], [ 72.675920095136348, 19.902075181924147 ], [ 72.676492852663102, 19.902082666082208 ], [ 72.676496807881449, 19.901811786684672 ], [ 72.676783187094486, 19.90181552786435 ], [ 72.676787141413499, 19.901544647567505 ], [ 72.677359898040876, 19.901552129027607 ], [ 72.677363850561335, 19.901281249630014 ], [ 72.677650228875009, 19.901284989011064 ], [ 72.677654182294745, 19.901014108714207 ], [ 72.6779405597091, 19.90101784809525 ], [ 72.677944513128807, 19.900746968697717 ], [ 72.678517266158977, 19.900754445661164 ], [ 72.678525170300418, 19.900212685067409 ], [ 72.678811545916176, 19.900216422649859 ], [ 72.678815498436563, 19.899945543252272 ], [ 72.679388247869369, 19.8999530166185 ], [ 72.679392198591131, 19.899682136321587 ], [ 72.678246698826186, 19.899667186891236 ], [ 72.678238793785326, 19.900208946585682 ], [ 72.677666042553881, 19.900201469622175 ], [ 72.677662089134188, 19.900472349019765 ], [ 72.677089337003324, 19.900464870257622 ], [ 72.677085382684311, 19.900735749655151 ], [ 72.67622625313912, 19.90072452701537 ], [ 72.676222297920788, 19.9009954064129 ], [ 72.675363166576915, 19.900984179276517 ], [ 72.675359209559943, 19.901255058674053 ], [ 72.674786455630453, 19.901247570918716 ], [ 72.674782497714162, 19.901518450316313 ], [ 72.67449612029975, 19.901514706438611 ], [ 72.674492160584805, 19.901785584936817 ], [ 72.674205783170407, 19.901781840159856 ], [ 72.674201824354782, 19.902052719557389 ], [ 72.673915446041065, 19.902048973881111 ], [ 72.673911485426743, 19.902319853278641 ], [ 72.673625107113082, 19.902316106703037 ], [ 72.673621145599427, 19.902586986100573 ], [ 72.673334767285738, 19.902583240424239 ], [ 72.673330805772125, 19.902854118922512 ], [ 72.673044426559102, 19.902850371447531 ], [ 72.673036504431195, 19.903392129343331 ], [ 72.672750123419533, 19.903388381868353 ], [ 72.672742197694319, 19.903930139764217 ], [ 72.672455816682657, 19.90392639138992 ], [ 72.672436001920005, 19.905280784780413 ], [ 72.67272238562964, 19.905284533154713 ], [ 72.672698607554764, 19.906909805942863 ], [ 72.672984994861679, 19.90691355341778 ], [ 72.672973106723532, 19.907726189811854 ], [ 72.673259494929809, 19.907729938186151 ], [ 72.673247607690996, 19.908542574580213 ], [ 72.67353399769587, 19.908546322055145 ], [ 72.673530035282965, 19.908817200553415 ], [ 72.673816426187159, 19.908820948028396 ], [ 72.673808502260613, 19.909362705924199 ], [ 72.674094894064169, 19.909366451600526 ], [ 72.674090932550541, 19.909637331897397 ], [ 72.674377325253431, 19.909641077573724 ], [ 72.674369403125525, 19.910182834570207 ], [ 72.674655795828372, 19.910186582045178 ], [ 72.674651835214092, 19.910457461442714 ], [ 72.674938228816231, 19.910461207119049 ], [ 72.674922388157768, 19.911544722910666 ], [ 72.67520878355856, 19.911548468586997 ], [ 72.675165222197265, 19.914528136564286 ], [ 72.674878821400569, 19.914524390888005 ], [ 72.674839208063091, 19.917233178568384 ], [ 72.674552801870391, 19.917229431992723 ], [ 72.674548838558124, 19.917500311390313 ], [ 72.67426243326473, 19.917496563016019 ], [ 72.674254508438864, 19.918038320911819 ], [ 72.673968101346873, 19.918034573436842 ], [ 72.673964138034606, 19.918305451035792 ], [ 72.673677730043266, 19.918301702661502 ], [ 72.67367376583168, 19.918572581159761 ], [ 72.67338735784034, 19.918568831886141 ], [ 72.673379429417182, 19.919110588882631 ], [ 72.673093021425871, 19.919106838709705 ], [ 72.67308905541563, 19.919377717207912 ], [ 72.672802647424305, 19.919373967035028 ], [ 72.672798681414051, 19.919644846432565 ], [ 72.672512270724781, 19.919641093561665 ], [ 72.672508304714526, 19.919911972959245 ], [ 72.672221894924562, 19.919908220987679 ], [ 72.672213961105456, 19.920449977984159 ], [ 72.671927550416171, 19.920446226012583 ], [ 72.671923582607292, 19.92071710361148 ], [ 72.671637171018673, 19.920713351639904 ], [ 72.671633203209808, 19.920984229238854 ], [ 72.671346791621204, 19.920980476367955 ], [ 72.671326948080278, 19.922334866161179 ], [ 72.671040533793644, 19.922331112390953 ], [ 72.671036565085444, 19.922601990889223 ], [ 72.670750149899561, 19.922598236219699 ], [ 72.670742210684523, 19.923139992316862 ], [ 72.67045579459932, 19.923136237647331 ], [ 72.670447853585642, 19.923677992845175 ], [ 72.670161438399717, 19.923674237276259 ], [ 72.670157466094224, 19.923945114875206 ], [ 72.669871050009007, 19.923941359306355 ], [ 72.669867077703543, 19.924212236905255 ], [ 72.669580660718964, 19.92420848043708 ], [ 72.669572716108036, 19.92475023563491 ], [ 72.669286298224151, 19.924746478267423 ], [ 72.669282325019367, 19.925017355866316 ], [ 72.668709488352235, 19.925009841131324 ], [ 72.668701540144014, 19.925551595429852 ], [ 72.668415119562155, 19.925547837162984 ], [ 72.668411146357357, 19.925818713862611 ], [ 72.666979047944778, 19.925799914434553 ], [ 72.666975070243367, 19.926070791134183 ], [ 72.666402230878305, 19.926063268305253 ], [ 72.666398252277588, 19.926334145004827 ], [ 72.662674791908174, 19.926285199402457 ], [ 72.662670807911525, 19.926556074303448 ], [ 72.662097967647128, 19.926548537085353 ], [ 72.662093982751188, 19.926819413784983 ], [ 72.661807562169301, 19.926815643826956 ], [ 72.661803576373984, 19.92708651962721 ], [ 72.661517154892877, 19.927082749669246 ], [ 72.661509182402881, 19.927624502169063 ], [ 72.66122276002244, 19.927620731311773 ], [ 72.661210799039225, 19.928433358712596 ], [ 72.660924375759407, 19.928429587855245 ], [ 72.660832638615446, 19.934659727664329 ], [ 72.661119073586406, 19.934663500320312 ], [ 72.661111095700548, 19.935205251920877 ], [ 72.661397530671536, 19.935209023677544 ], [ 72.661393542178303, 19.935479898578478 ], [ 72.66167997804861, 19.935483671234465 ], [ 72.661675989555306, 19.93575454613546 ], [ 72.66224886309459, 19.93576208874947 ], [ 72.662240888806025, 19.936303840349982 ], [ 72.662527325575695, 19.936307610308006 ], [ 72.662523339780364, 19.936578486108314 ], [ 72.662809777449368, 19.936582256066291 ], [ 72.662805791654009, 19.936853131866599 ], [ 72.663092230222261, 19.936856901824623 ], [ 72.663088244426987, 19.93712777762488 ], [ 72.664520440865715, 19.937146619321091 ], [ 72.66452442486235, 19.936875742621456 ], [ 72.666243059869359, 19.936898337188552 ], [ 72.666239078570698, 19.937169213888186 ], [ 72.667098399671502, 19.937180504876441 ], [ 72.667094420171381, 19.937451381576068 ], [ 72.667667301804613, 19.937458906203631 ], [ 72.66766332320384, 19.937729782903205 ], [ 72.667949763570803, 19.937733544767351 ], [ 72.667945786768712, 19.938004420567616 ], [ 72.668232228934301, 19.938008183331021 ], [ 72.668228251232847, 19.938279060030663 ], [ 72.66851469339845, 19.938282820995429 ], [ 72.668510716596344, 19.938553698594376 ], [ 72.668797159661253, 19.938557458659826 ], [ 72.668781251553582, 19.939640967256878 ], [ 72.668494807589354, 19.939637206292101 ], [ 72.668486853085867, 19.940178959691309 ], [ 72.668200407323013, 19.940175197827159 ], [ 72.66819642962156, 19.940446075426109 ], [ 72.667909982959443, 19.94044231266264 ], [ 72.667866215653362, 19.943421956358236 ], [ 72.66815266771151, 19.943425719121702 ], [ 72.668148688211431, 19.94369659582128 ], [ 72.669867402358761, 19.943719163408737 ], [ 72.669871378261561, 19.943448285809779 ], [ 72.670157830319681, 19.943452044975967 ], [ 72.670161805323119, 19.943181167377023 ], [ 72.670448257381224, 19.943184927442474 ], [ 72.670452230586037, 19.94291404984358 ], [ 72.670738684442782, 19.942917808110394 ], [ 72.670746631751683, 19.94237605291255 ], [ 72.671319532270672, 19.942383569446235 ], [ 72.671323504576137, 19.942112690947965 ], [ 72.671609954835617, 19.94211644831546 ], [ 72.671617900345893, 19.941574693117616 ], [ 72.67190434880672, 19.941578449585847 ], [ 72.671908321112198, 19.941307571986897 ], [ 72.672194769573025, 19.941311327555745 ], [ 72.672198740979198, 19.941040449956851 ], [ 72.673344533923171, 19.941055467735683 ], [ 72.67334850443001, 19.940784590136786 ], [ 72.674207847114531, 19.940795848749477 ], [ 72.674203879305651, 19.941066726348364 ], [ 72.674490327766478, 19.941070478319944 ], [ 72.674482393048038, 19.941612234417114 ], [ 72.674768842408184, 19.941615986388683 ], [ 72.674756941679561, 19.94242862008479 ], [ 72.675043392838347, 19.942432372056373 ], [ 72.675039425928858, 19.94270324965532 ], [ 72.675325877986936, 19.942707000727527 ], [ 72.67532191107739, 19.942977879225797 ], [ 72.675894816092921, 19.942985379571656 ], [ 72.675890850082737, 19.94325625806988 ], [ 72.676463755997588, 19.943263756617114 ], [ 72.676467721108509, 19.942992878118897 ], [ 72.677327079081465, 19.943004123241732 ], [ 72.677323115769241, 19.943275001740002 ], [ 72.677896022583411, 19.943282495790584 ], [ 72.677892060170493, 19.943553374288854 ], [ 72.678464967884011, 19.943560867440109 ], [ 72.678461006370412, 19.943831745039059 ], [ 72.678747461126477, 19.943835490715397 ], [ 72.678739539897904, 19.9443772486112 ], [ 72.679025995553332, 19.944380993388165 ], [ 72.67902203493901, 19.944651872785752 ], [ 72.67959494714917, 19.944659361440412 ], [ 72.679590987434167, 19.944930240838008 ], [ 72.679877443988914, 19.944933984715643 ], [ 72.679873485173218, 19.945204863213913 ], [ 72.680446399182017, 19.945212350069941 ], [ 72.680442441265697, 19.945483228568211 ], [ 72.681015357073122, 19.945490715424224 ], [ 72.68101140005615, 19.945761593023121 ], [ 72.681297858409494, 19.94576533510218 ], [ 72.681293901392507, 19.946036213600454 ], [ 72.681580360645171, 19.946039955679453 ], [ 72.68157640542681, 19.946310835077046 ], [ 72.681862863780168, 19.946314576256725 ], [ 72.681858907662516, 19.946585455654311 ], [ 72.682145367814542, 19.946589195934674 ], [ 72.682137455579138, 19.947130954729797 ], [ 72.681850995427183, 19.947127214449438 ], [ 72.681843083191779, 19.947668972345244 ], [ 72.681556621241157, 19.947665231165551 ], [ 72.681552664224114, 19.947936110563088 ], [ 72.680979739423492, 19.94792862640503 ], [ 72.680975782406506, 19.9481995049033 ], [ 72.680689318657187, 19.948195761924921 ], [ 72.680673485193253, 19.949279277716528 ], [ 72.680959949841849, 19.949283021594226 ], [ 72.68095599102621, 19.94955390009244 ], [ 72.681242456574182, 19.949557643070818 ], [ 72.681238498657819, 19.949828521569088 ], [ 72.681524965105098, 19.949832263648087 ], [ 72.681521007188792, 19.950103143045677 ], [ 72.683239806771724, 19.950125587425987 ], [ 72.683235851553391, 19.95039646682352 ], [ 72.683808787145892, 19.950403943787023 ], [ 72.683800880306421, 19.950945702582146 ], [ 72.683514412060504, 19.950941964100423 ], [ 72.683510457741477, 19.951212842598636 ], [ 72.683223988596239, 19.951209105016233 ], [ 72.683216079058866, 19.951750862912039 ], [ 72.682929609913643, 19.951747124430312 ], [ 72.682925653795962, 19.952018002928526 ], [ 72.682639183751405, 19.952014262648166 ], [ 72.682627316297669, 19.952826899941556 ], [ 72.682340843555139, 19.952823158761817 ], [ 72.682332931319763, 19.953364917556936 ], [ 72.68261940406228, 19.953368658736679 ], [ 72.682615447944613, 19.953639538134212 ], [ 72.682901920687115, 19.953643278414631 ], [ 72.682897964569463, 19.953914157812168 ], [ 72.683757384595665, 19.953925376854723 ], [ 72.683753431175944, 19.954196256252263 ], [ 72.684039905717157, 19.954199995633363 ], [ 72.684035951398073, 19.954470875030896 ], [ 72.684322426838605, 19.954474614411989 ], [ 72.684318473418855, 19.954745492910206 ], [ 72.684604947960054, 19.954749231391986 ], [ 72.684600995439666, 19.955020110789519 ], [ 72.684887470880142, 19.955023848371976 ], [ 72.68487561241966, 19.955836486564635 ], [ 72.684589135180488, 19.955832748982228 ], [ 72.684585181760795, 19.956103628379829 ], [ 72.684298705420986, 19.956099889898042 ], [ 72.684294750202639, 19.956370769295628 ], [ 72.684581228341074, 19.956374507777355 ], [ 72.684557506024134, 19.957999785062096 ], [ 72.685130468596299, 19.958007261126234 ], [ 72.685138375435685, 19.9574655023311 ], [ 72.68542485537283, 19.957469239014248 ], [ 72.685428807893246, 19.957198359616648 ], [ 72.685715287830305, 19.957202096299739 ], [ 72.68570738368885, 19.957743855994178 ], [ 72.685993865424621, 19.957747591777995 ], [ 72.685989913803553, 19.958018472074848 ], [ 72.686276396438586, 19.958022207858676 ], [ 72.686272443918185, 19.958293087256209 ], [ 72.686558926553289, 19.958296823040026 ], [ 72.686547074388045, 19.959109462132009 ], [ 72.686260590853635, 19.959105726348248 ], [ 72.686256639232568, 19.959376606645154 ], [ 72.68682960809997, 19.959384077313359 ], [ 72.686825657378222, 19.959654957610269 ], [ 72.687685111578659, 19.959666161364279 ], [ 72.687689061401102, 19.95939528106743 ], [ 72.687975544935512, 19.959399014153238 ], [ 72.68797949385862, 19.959128134755645 ], [ 72.688265977392973, 19.959131867841446 ], [ 72.688262029369241, 19.959402747239039 ], [ 72.688548514702234, 19.959406480324837 ], [ 72.688544566678445, 19.95967736062175 ], [ 72.688831052011508, 19.959681092808239 ], [ 72.688823157762542, 19.960222853402001 ], [ 72.689396130227308, 19.960230315976325 ], [ 72.689392184002145, 19.960501196273242 ], [ 72.689965158265508, 19.96050865794825 ], [ 72.68996910269199, 19.960237777651344 ], [ 72.69025558982365, 19.96024150713987 ], [ 72.690251643598515, 19.960512388336099 ], [ 72.690538131629523, 19.960516117824625 ], [ 72.690510520644054, 19.962412280802141 ], [ 72.690797011373036, 19.962416010290667 ], [ 72.690793066946526, 19.962686890587577 ], [ 72.691079557675494, 19.962690620076106 ], [ 72.69107167062117, 19.963232380669869 ], [ 72.691358162249443, 19.963236109259071 ], [ 72.691354218722253, 19.963506989555981 ], [ 72.69164071124986, 19.96351071814518 ], [ 72.691632825094871, 19.964052479638276 ], [ 72.691919319421103, 19.964056207328152 ], [ 72.691915376793247, 19.964327089423701 ], [ 72.692201871119494, 19.964330816214268 ], [ 72.692197927592375, 19.964601697410441 ], [ 72.693916898046425, 19.964624052757873 ], [ 72.693912959015904, 19.964894933954096 ], [ 72.69505894171688, 19.964909829425157 ], [ 72.695062878948761, 19.964638947329604 ], [ 72.695635870299213, 19.964646391917483 ], [ 72.695651614730323, 19.96356286713268 ], [ 72.695938108157222, 19.963566589426591 ], [ 72.695942043590492, 19.963295706431776 ], [ 72.696228537017419, 19.963299427826374 ], [ 72.696232471551369, 19.963028545730882 ], [ 72.696518964978281, 19.963032266226147 ], [ 72.696522900411594, 19.962761385029925 ], [ 72.697095884567489, 19.962768824221882 ], [ 72.697099818202105, 19.962497942126394 ], [ 72.697959293986273, 19.962509098216348 ], [ 72.697963225822249, 19.962238216120852 ], [ 72.698822700707126, 19.962249366814895 ], [ 72.698818770669789, 19.96252024891044 ], [ 72.699391754825669, 19.962527680907787 ], [ 72.699387825687651, 19.962798563003339 ], [ 72.700533797596734, 19.962813420702847 ], [ 72.700529870257355, 19.963084303697713 ], [ 72.701102858010529, 19.963091729399821 ], [ 72.701095004231092, 19.963633493590919 ], [ 72.701381498557396, 19.963637206891637 ], [ 72.701377572117323, 19.963908089886505 ], [ 72.701664068242209, 19.963911802287889 ], [ 72.701640511400527, 19.965537096659716 ], [ 72.701927009324081, 19.965540809061171 ], [ 72.701907378922442, 19.966895221337438 ], [ 72.702193880443289, 19.966898933738833 ], [ 72.702186027563187, 19.96744069882925 ], [ 72.702472530882616, 19.967444410331325 ], [ 72.70246467980121, 19.967986175421686 ], [ 72.702751183120654, 19.967989886024498 ], [ 72.702747257579901, 19.968260769019313 ], [ 72.703033760899402, 19.968264479622064 ], [ 72.703021986975159, 19.969077127707351 ], [ 72.703308492093285, 19.969080838310106 ], [ 72.703304568351186, 19.969351721304911 ], [ 72.703591072570021, 19.96935543100841 ], [ 72.703587149727241, 19.969626314003225 ], [ 72.703873655744701, 19.96963002370665 ], [ 72.703869732901936, 19.969900905802202 ], [ 72.704156238919325, 19.969904616404971 ], [ 72.704152316076602, 19.970175499399833 ], [ 72.704438823892644, 19.970179207304625 ], [ 72.704434901049922, 19.97045009029949 ], [ 72.704721408865964, 19.970453798204296 ], [ 72.704717486922561, 19.970724681199098 ], [ 72.705003994738604, 19.9707283891039 ], [ 72.705000072795201, 19.970999272098773 ], [ 72.7070056374003, 19.971025215741175 ], [ 72.707013473193285, 19.970483449751445 ] ] ], [ [ [ 72.807993578440971, 20.352977747824863 ], [ 72.807706351167226, 20.352974142442754 ], [ 72.807710175084594, 20.352703249555358 ], [ 72.807422948710141, 20.352699644173299 ], [ 72.80742677442619, 20.352428753983876 ], [ 72.806852320778049, 20.352421538723092 ], [ 72.806856145594665, 20.352150649432989 ], [ 72.802547770663125, 20.352096475172239 ], [ 72.802551603573704, 20.351825584982802 ], [ 72.801402707968634, 20.351811121186365 ], [ 72.801406543577173, 20.351540231896251 ], [ 72.801119319900749, 20.351536614822976 ], [ 72.801123156408607, 20.351265726432196 ], [ 72.799399819745929, 20.351244013200699 ], [ 72.799403658052441, 20.350973124809911 ], [ 72.798541993318395, 20.350962262798244 ], [ 72.798545833423532, 20.350691374407461 ], [ 72.79768416958882, 20.350680506999822 ], [ 72.797680327685043, 20.350951395390609 ], [ 72.796531442871867, 20.350936900117915 ], [ 72.796527599169394, 20.351207789408026 ], [ 72.795665934435377, 20.351196912107863 ], [ 72.795662088934307, 20.351467799599337 ], [ 72.795087645178739, 20.351460546567019 ], [ 72.795083798778379, 20.351731434957795 ], [ 72.79479657690058, 20.351727807092683 ], [ 72.794792731399454, 20.351998694584154 ], [ 72.794505506823725, 20.351995066718988 ], [ 72.794501660423336, 20.352265955109768 ], [ 72.791916652731402, 20.352233280941213 ], [ 72.791920505427015, 20.35196239344975 ], [ 72.791058837995038, 20.351951493666547 ], [ 72.79106269069068, 20.351680606175073 ], [ 72.790201025956677, 20.351669701895272 ], [ 72.790204879551595, 20.351398815303131 ], [ 72.789630439393292, 20.351391543385095 ], [ 72.789634294786936, 20.351120656792947 ], [ 72.789347074707806, 20.351117019934573 ], [ 72.789354786394313, 20.350575245850965 ], [ 72.788780348034649, 20.350567972134225 ], [ 72.788784204327612, 20.350297086441458 ], [ 72.788496986047093, 20.350293447784452 ], [ 72.788504700431645, 20.349751673700833 ], [ 72.788217483050474, 20.349748035943151 ], [ 72.788221340242714, 20.349477147552371 ], [ 72.787934123760863, 20.349473510693997 ], [ 72.787937980953132, 20.34920262320253 ], [ 72.787650765370586, 20.349198985444904 ], [ 72.787658481553748, 20.348657211361282 ], [ 72.787371266870551, 20.348653571804963 ], [ 72.787378983952962, 20.348111798620668 ], [ 72.787091770169113, 20.348108159064335 ], [ 72.787099488150886, 20.34756638498072 ], [ 72.786812275266357, 20.347562745424398 ], [ 72.786819994147493, 20.347020972240099 ], [ 72.786532782162226, 20.347017331784453 ], [ 72.786540501942653, 20.346475558600222 ], [ 72.786253290856735, 20.34647191724525 ], [ 72.786261012435816, 20.345930144060961 ], [ 72.785973801349897, 20.345926503605313 ], [ 72.785981522928992, 20.345384730421021 ], [ 72.785694313641727, 20.345381088166736 ], [ 72.785698174431289, 20.345110201574585 ], [ 72.785123757655356, 20.345102917965331 ], [ 72.78513148193241, 20.344561144781032 ], [ 72.784844274443756, 20.344557503426074 ], [ 72.784848137031929, 20.344286615934607 ], [ 72.784560930442623, 20.344282972781002 ], [ 72.784568655619012, 20.343741199596707 ], [ 72.78428144992904, 20.343737556443106 ], [ 72.784285313416532, 20.343466669850955 ], [ 72.783998108625894, 20.343463026697346 ], [ 72.784001972113387, 20.343192140105259 ], [ 72.78342756343136, 20.343184851100034 ], [ 72.783435292205013, 20.342643078815058 ], [ 72.783148089213014, 20.342639432963495 ], [ 72.783151953599827, 20.342368547270659 ], [ 72.782864750607814, 20.342364901419103 ], [ 72.78286861589396, 20.342094015726275 ], [ 72.782581413801267, 20.342090369874711 ], [ 72.78259301055904, 20.341277710997591 ], [ 72.782305810264972, 20.341274065146024 ], [ 72.782309675551119, 20.341003178553873 ], [ 72.782022476156385, 20.340999531802989 ], [ 72.782030209426679, 20.340457760417337 ], [ 72.781743010931265, 20.34045411276713 ], [ 72.781750744201531, 20.339912341381478 ], [ 72.781463546605437, 20.339908693731275 ], [ 72.781467413690223, 20.339637808038447 ], [ 72.781180216094128, 20.339634158589611 ], [ 72.781184084078276, 20.339363273796096 ], [ 72.780896887381516, 20.339359626145889 ], [ 72.780900755365622, 20.339088739553745 ], [ 72.780613558668847, 20.339085091004222 ], [ 72.780621296435754, 20.338543319618566 ], [ 72.780046905740164, 20.338536020720827 ], [ 72.780050776422229, 20.338265135027996 ], [ 72.77976358062476, 20.338261485579153 ], [ 72.779767450407576, 20.337990599886329 ], [ 72.779193062409945, 20.33798329829062 ], [ 72.779196933092067, 20.337712412597792 ], [ 72.778622546893061, 20.337705110102778 ], [ 72.778626417575126, 20.337434224410003 ], [ 72.778339225375021, 20.337430572263145 ], [ 72.778343097855725, 20.337159686570317 ], [ 72.778055905655606, 20.337156034423515 ], [ 72.77805977813631, 20.336885148730687 ], [ 72.777485394635349, 20.33687784263839 ], [ 72.777493142294773, 20.33633607215204 ], [ 72.777205951893208, 20.336332418206617 ], [ 72.777209825273232, 20.336061533413101 ], [ 72.776922635771086, 20.336057878568283 ], [ 72.77692651005043, 20.335786992875455 ], [ 72.77663932144759, 20.335783338030694 ], [ 72.77665094518504, 20.334970682750853 ], [ 72.776363756582157, 20.334967027906085 ], [ 72.77637538211826, 20.334154372626241 ], [ 72.776088196213308, 20.33415071688211 ], [ 72.776103697827452, 20.333067176808818 ], [ 72.775816512821848, 20.333063521064673 ], [ 72.775828140156591, 20.332250865784893 ], [ 72.775540957848989, 20.332247210040752 ], [ 72.775552585183732, 20.331434554760968 ], [ 72.775265404674755, 20.331430898117503 ], [ 72.775277032908761, 20.330618242837659 ], [ 72.774989853299132, 20.330614587093574 ], [ 72.775013111565883, 20.328989277433269 ], [ 72.774725935553533, 20.328985619890489 ], [ 72.774826711783362, 20.321942606266308 ], [ 72.774539548361531, 20.321938951421547 ], [ 72.774562801232307, 20.320313639063215 ], [ 72.774275641407755, 20.320309982419815 ], [ 72.774310519814719, 20.317872015681015 ], [ 72.774023363587403, 20.317868359936938 ], [ 72.774019488408726, 20.318139244730389 ], [ 72.773732332181439, 20.318135588086985 ], [ 72.77372070304807, 20.318948244266089 ], [ 72.773433545022158, 20.318944586723376 ], [ 72.773421914090136, 20.31975724200316 ], [ 72.773134755164904, 20.319753583561059 ], [ 72.773115365781564, 20.321108009327254 ], [ 72.772828204158358, 20.32110435088514 ], [ 72.772816568729695, 20.321917006164938 ], [ 72.772529405307864, 20.321913346823521 ], [ 72.772521646856546, 20.322455116410541 ], [ 72.772234483434715, 20.322451457069121 ], [ 72.772218963834163, 20.323534996243147 ], [ 72.771931797714316, 20.323531336002418 ], [ 72.771889107796127, 20.326511066932255 ], [ 72.772176279311907, 20.326514727173002 ], [ 72.772168518162616, 20.327056496759958 ], [ 72.772455690577715, 20.327060157000687 ], [ 72.772447929428452, 20.327601926587707 ], [ 72.773022276057262, 20.3276092461698 ], [ 72.773010637930668, 20.328421901449644 ], [ 72.773297813043712, 20.328425559891745 ], [ 72.773286174917089, 20.329238214272202 ], [ 72.773573351828745, 20.329241873613626 ], [ 72.773569473052817, 20.32951275840713 ], [ 72.7738566499645, 20.329516416849231 ], [ 72.773833378207897, 20.331141725610223 ], [ 72.77354619769892, 20.331138066268803 ], [ 72.773542318922921, 20.331408951062308 ], [ 72.773255138413958, 20.331405291720905 ], [ 72.773247378164015, 20.331947061307854 ], [ 72.772960196755704, 20.331943401067178 ], [ 72.772952435606484, 20.332485170654142 ], [ 72.77266525329884, 20.332481510413402 ], [ 72.772661371824867, 20.332752394307594 ], [ 72.77237418861796, 20.332748733167534 ], [ 72.772370307143987, 20.333019617961043 ], [ 72.77208312393708, 20.333015955921667 ], [ 72.772071476817231, 20.333828609402868 ], [ 72.771784291811684, 20.333824947363496 ], [ 72.771764876348016, 20.335179368633025 ], [ 72.772052064051593, 20.335183030672397 ], [ 72.772028766214646, 20.33680833673543 ], [ 72.772315956616168, 20.336811999674062 ], [ 72.772312074242905, 20.337082883568257 ], [ 72.772599264644384, 20.337086545607626 ], [ 72.772595382271106, 20.337357430401141 ], [ 72.772882573571962, 20.33736109244051 ], [ 72.772874810624032, 20.337902860228894 ], [ 72.773162002824222, 20.337906521368893 ], [ 72.773154239876305, 20.33844829095591 ], [ 72.773728627873936, 20.338455612336702 ], [ 72.773720866724659, 20.338997381024342 ], [ 72.774295257420249, 20.33900470060648 ], [ 72.774291376845596, 20.339275585400003 ], [ 72.774578571743746, 20.339279244741419 ], [ 72.774574692967747, 20.339550128635555 ], [ 72.774861888765216, 20.339553787976968 ], [ 72.774858009989217, 20.339824672770472 ], [ 72.776006796776301, 20.339839302941527 ], [ 72.776002919798941, 20.340110187735032 ], [ 72.778013302072281, 20.340135773447226 ], [ 72.778009428692258, 20.340406658240738 ], [ 72.778296627187672, 20.34041031128686 ], [ 72.778292753807577, 20.340681196979688 ], [ 72.778579952303005, 20.340684849126546 ], [ 72.778576079822315, 20.340955734819374 ], [ 72.778863279217035, 20.340959386966176 ], [ 72.778859407635593, 20.341230272659001 ], [ 72.779433807324381, 20.341237576053345 ], [ 72.779429935742996, 20.34150846174618 ], [ 72.77971713693637, 20.341512112993659 ], [ 72.779713266254305, 20.341782998686483 ], [ 72.780000467447678, 20.341786649034706 ], [ 72.779996596765557, 20.34205753472747 ], [ 72.780283797958987, 20.342061185075693 ], [ 72.780279928176185, 20.342332070768521 ], [ 72.780567131168198, 20.342335720217356 ], [ 72.780563261385453, 20.342606605910195 ], [ 72.780850464377465, 20.342610255359041 ], [ 72.780842725711295, 20.34315202674469 ], [ 72.781129929602642, 20.343155676193533 ], [ 72.781126061618522, 20.343426561886368 ], [ 72.781413266409189, 20.34343021043594 ], [ 72.781409398425055, 20.343701096128708 ], [ 72.781696602316416, 20.343704743778979 ], [ 72.781692735231616, 20.343975630371112 ], [ 72.781979940022268, 20.34397927802133 ], [ 72.781972205852696, 20.344521049406978 ], [ 72.782259412441988, 20.344524697057174 ], [ 72.782251678272416, 20.345066468442841 ], [ 72.782538885761028, 20.345070116093041 ], [ 72.782531151591456, 20.345611886579377 ], [ 72.782818361778027, 20.34561553422958 ], [ 72.782814495592547, 20.345886420821728 ], [ 72.783101704879812, 20.345890066673292 ], [ 72.783093973408199, 20.346431838958267 ], [ 72.783381183594827, 20.346435484809831 ], [ 72.783373453022463, 20.346977257094803 ], [ 72.783660664108424, 20.346980902047058 ], [ 72.783649069149291, 20.347793560924178 ], [ 72.783936282033821, 20.347797205876418 ], [ 72.783928552360862, 20.348338978161337 ], [ 72.784215766144769, 20.348342623113638 ], [ 72.784208038270378, 20.348884395398553 ], [ 72.78449525295359, 20.348888038552165 ], [ 72.784487525079271, 20.349429811736456 ], [ 72.784774741561151, 20.349433456688697 ], [ 72.78475928671179, 20.350517001258652 ], [ 72.785046504992309, 20.350520645311573 ], [ 72.785042642404107, 20.350791531004404 ], [ 72.785329860684556, 20.350795175057328 ], [ 72.785322134608862, 20.351336947342297 ], [ 72.785609354687992, 20.351340589596592 ], [ 72.785605492099819, 20.351611477088056 ], [ 72.785892712178949, 20.351615119342341 ], [ 72.785888849590762, 20.351886005934489 ], [ 72.786176070569226, 20.35188964818877 ], [ 72.786172209779679, 20.352160534780921 ], [ 72.786459430758157, 20.352164176135886 ], [ 72.786455569968609, 20.352435062728038 ], [ 72.786742791846436, 20.352438704082996 ], [ 72.786738931056902, 20.352709590675147 ], [ 72.78702615383402, 20.352713231130732 ], [ 72.78701843315423, 20.353255004315031 ], [ 72.787305656830654, 20.353258644770673 ], [ 72.787301796940426, 20.353529531362824 ], [ 72.787589022415489, 20.353533171818476 ], [ 72.787585161625941, 20.353804058410624 ], [ 72.787872387101061, 20.353807697966939 ], [ 72.78786466821991, 20.354349472050565 ], [ 72.788151894594307, 20.354353110707567 ], [ 72.788148035603399, 20.354623998199031 ], [ 72.788435261977853, 20.354627636855973 ], [ 72.788427545794647, 20.355169410040276 ], [ 72.788714773068364, 20.355173048697282 ], [ 72.788707057784563, 20.355714822780904 ], [ 72.788994285957585, 20.355718461437906 ], [ 72.788990428765317, 20.355989347130734 ], [ 72.789277657837715, 20.355992985787729 ], [ 72.789273800645461, 20.356263872379884 ], [ 72.789561030617122, 20.35626750923819 ], [ 72.789557173424896, 20.356538396729658 ], [ 72.789844404295877, 20.356542033588031 ], [ 72.789840548002928, 20.356812920180182 ], [ 72.79012777887398, 20.356816557038538 ], [ 72.790123922581017, 20.357087443630689 ], [ 72.79299624028431, 20.357123784335219 ], [ 72.793000091181355, 20.356852896843741 ], [ 72.793287322052308, 20.356856528306196 ], [ 72.793291172949338, 20.356585640814732 ], [ 72.793578403820334, 20.3565892713778 ], [ 72.793582253817988, 20.356318383886343 ], [ 72.793869483789706, 20.356322014449461 ], [ 72.79387333288804, 20.356051126058677 ], [ 72.794160563759064, 20.356054755722425 ], [ 72.794168260157164, 20.355512980739547 ], [ 72.794742719201153, 20.355520238268412 ], [ 72.794746567400239, 20.355249350776944 ], [ 72.795033795573261, 20.355252978642117 ], [ 72.795037641973622, 20.354982091150646 ], [ 72.795324871046034, 20.354985719015762 ], [ 72.795328717446395, 20.354714830624975 ], [ 72.795615944720097, 20.35471845759082 ], [ 72.79561979022121, 20.354447570099357 ], [ 72.796194245667948, 20.354454822232295 ], [ 72.796198090269684, 20.354183934740835 ], [ 72.796772544817145, 20.354191185075194 ], [ 72.796776389418881, 20.3539202966844 ], [ 72.797638069441405, 20.353931168588595 ], [ 72.797641911345195, 20.35366028109712 ], [ 72.798216364993323, 20.353667526934888 ], [ 72.798220205997779, 20.353396639443424 ], [ 72.798794657847225, 20.353403882583169 ], [ 72.798798497952362, 20.353132993293055 ], [ 72.802245211747163, 20.353176417058027 ], [ 72.802241377937335, 20.353447306348187 ], [ 72.802528605211023, 20.353450921622766 ], [ 72.80252477140111, 20.353721810912877 ], [ 72.803099226847905, 20.353729040562826 ], [ 72.803095393937326, 20.353999930752256 ], [ 72.803382622110391, 20.354003545127565 ], [ 72.803378790099146, 20.354274434417675 ], [ 72.803666019171501, 20.354278047893676 ], [ 72.80366218716027, 20.354548938083095 ], [ 72.804236646204274, 20.354556164135708 ], [ 72.804232815991725, 20.354827053425826 ], [ 72.804520045963386, 20.354830666002492 ], [ 72.804516215750823, 20.355101556191926 ], [ 72.805090676593522, 20.355108780445903 ], [ 72.805086847280222, 20.35537966973601 ], [ 72.805661309921547, 20.355386891292021 ], [ 72.805657482406957, 20.355657780582138 ], [ 72.806231945048296, 20.355665002138206 ], [ 72.806228118432955, 20.355935891428317 ], [ 72.807664279982589, 20.35595393542582 ], [ 72.80766045516593, 20.356224824715927 ], [ 72.808522154973502, 20.356235643560126 ], [ 72.808518331955497, 20.356506534648929 ], [ 72.808805566423828, 20.356510140930311 ], [ 72.808801743405809, 20.356781031119738 ], [ 72.809088976974735, 20.356784637401116 ], [ 72.809085153956744, 20.357055526691227 ], [ 72.80965962469196, 20.357062736556088 ], [ 72.809651979555284, 20.357604517834261 ], [ 72.810226452988431, 20.357611725001163 ], [ 72.810222632668399, 20.357882616089906 ], [ 72.810509868935355, 20.357886218774013 ], [ 72.810506048615309, 20.358157109862759 ], [ 72.810793285781585, 20.358160713446239 ], [ 72.810789466360859, 20.358431603635673 ], [ 72.811076704426398, 20.358435205420449 ], [ 72.811072884106338, 20.358706097408511 ], [ 72.811934600101793, 20.358716900964279 ], [ 72.811930781580358, 20.358987792053025 ], [ 72.813366978203533, 20.359005790185112 ], [ 72.81337079402698, 20.358734899096365 ], [ 72.813083555062065, 20.358731300009538 ], [ 72.813087370885512, 20.358460408920791 ], [ 72.812512894754306, 20.358453210747147 ], [ 72.812516710577754, 20.35818231965839 ], [ 72.812229473411548, 20.358178719672257 ], [ 72.812233291033621, 20.35790782858345 ], [ 72.811946053867359, 20.35790422859731 ], [ 72.811949870590112, 20.357633338407879 ], [ 72.81166263522249, 20.357629736623092 ], [ 72.811666453743896, 20.357358846433677 ], [ 72.811091981210041, 20.357351642864103 ], [ 72.811095800630753, 20.3570807517753 ], [ 72.810808565263102, 20.357077149990516 ], [ 72.810816205003903, 20.35653536781302 ], [ 72.810528971434962, 20.356531766028244 ], [ 72.810536610276415, 20.355989983850744 ], [ 72.810249376707418, 20.355986381166588 ], [ 72.810253197027464, 20.355715490977168 ], [ 72.809678731688166, 20.355708283810316 ], [ 72.809686375026217, 20.355166503431466 ], [ 72.809399143255916, 20.355162898049343 ], [ 72.809402963575977, 20.354892007859913 ], [ 72.809115733604301, 20.354888403377171 ], [ 72.809119555722987, 20.354617512288435 ], [ 72.808832325751283, 20.354613907805625 ], [ 72.808839970888002, 20.354072127426768 ], [ 72.808552740916298, 20.354068521145393 ], [ 72.808556563934374, 20.353797630955967 ], [ 72.808269335761281, 20.353794024674524 ], [ 72.808273158779286, 20.353523133585778 ], [ 72.80798593060625, 20.353519528203716 ], [ 72.807993578440971, 20.352977747824863 ] ] ], [ [ [ 71.630467921157674, 20.969977656443746 ], [ 71.629891328921758, 20.969986558832662 ], [ 71.629896068348941, 20.970257342902134 ], [ 71.630472660584871, 20.970248438714513 ], [ 71.630467921157674, 20.969977656443746 ] ] ], [ [ [ 71.639774224400981, 20.974438215551238 ], [ 71.639485920638776, 20.974442684282504 ], [ 71.639481163225184, 20.974171902911056 ], [ 71.63688644465374, 20.974212098109884 ], [ 71.636881691736733, 20.973941316738426 ], [ 71.636593389773168, 20.973945780073734 ], [ 71.636588637755494, 20.973674998702279 ], [ 71.636300336691235, 20.973679461138261 ], [ 71.636295584673576, 20.973408679766806 ], [ 71.636007283609331, 20.973413142202787 ], [ 71.63600253339024, 20.973142359932016 ], [ 71.635714232325981, 20.973146822367994 ], [ 71.635704731887927, 20.972605257826451 ], [ 71.635128131558076, 20.972614180000448 ], [ 71.635123383137682, 20.972343397729674 ], [ 71.634546784606471, 20.972352318105038 ], [ 71.634542036186076, 20.972081535834263 ], [ 71.634253737819776, 20.972085995572286 ], [ 71.634248990298715, 20.971815212402195 ], [ 71.63396069193243, 20.97181967124089 ], [ 71.633955944411355, 20.971548888970119 ], [ 71.633667646944389, 20.971553346909499 ], [ 71.633662900322634, 20.971282564638674 ], [ 71.632798007022473, 20.971295935758853 ], [ 71.632802751845588, 20.971566718929008 ], [ 71.633091050211874, 20.971562261888945 ], [ 71.63309579593431, 20.97183304505905 ], [ 71.63367239266681, 20.9718241300796 ], [ 71.633677139288594, 20.972094912350368 ], [ 71.633965438554185, 20.972090454410989 ], [ 71.63397018517594, 20.972361236681756 ], [ 71.634258485340851, 20.972356777843057 ], [ 71.634263232861954, 20.972627560113828 ], [ 71.634551533026865, 20.972623100375817 ], [ 71.63455628144726, 20.972893882646648 ], [ 71.634844581612171, 20.972889422908565 ], [ 71.634849330032651, 20.973160205179394 ], [ 71.635137631096882, 20.973155745441375 ], [ 71.635142380416596, 20.973426526812823 ], [ 71.635430680581536, 20.973422066175484 ], [ 71.635435431699861, 20.973692848446262 ], [ 71.635723733663454, 20.973688386010281 ], [ 71.635728483882474, 20.973959168281056 ], [ 71.636016785846024, 20.973954705845074 ], [ 71.636021536964392, 20.974225488115845 ], [ 71.636598142690161, 20.974216562344505 ], [ 71.636602894707892, 20.974487343715964 ], [ 71.637467803296531, 20.974473951012108 ], [ 71.637472557112858, 20.974744733282876 ], [ 71.638625770363078, 20.974726869149723 ], [ 71.638630525978044, 20.974997651420551 ], [ 71.639207132603133, 20.974988714857371 ], [ 71.639211890016796, 20.97525949622883 ], [ 71.639500193778971, 20.97525502839688 ], [ 71.639504952091897, 20.975525808869008 ], [ 71.639793255854158, 20.975521340137785 ], [ 71.639774224400981, 20.974438215551238 ] ] ], [ [ [ 71.761761229097488, 21.021795437109795 ], [ 71.761472865080677, 21.021800121678325 ], [ 71.761467875641998, 21.021529369085158 ], [ 71.760891149407087, 21.021538738222265 ], [ 71.760886159968379, 21.021267985629084 ], [ 71.760597796850917, 21.021272669298295 ], [ 71.760592809210834, 21.021001916705131 ], [ 71.760016082975881, 21.021011281345576 ], [ 71.760011096235132, 21.020740528752469 ], [ 71.759722734017032, 21.020745210623033 ], [ 71.759717748175603, 21.020474458029867 ], [ 71.759141023739303, 21.020483819972355 ], [ 71.759136038797209, 21.020213067379192 ], [ 71.757405868186311, 21.020241142414815 ], [ 71.75741085043046, 21.020511895007985 ], [ 71.756257398859944, 21.020530600906564 ], [ 71.75626237840612, 21.020801355298371 ], [ 71.755685651271833, 21.02081070644897 ], [ 71.755695608565517, 21.021352213433939 ], [ 71.755407245448055, 21.021356887210629 ], [ 71.755412223195606, 21.021627641602436 ], [ 71.755123858279489, 21.021632315379122 ], [ 71.755133813774535, 21.022173823263358 ], [ 71.754845447959099, 21.022178497040041 ], [ 71.754860381201695, 21.022990758416825 ], [ 71.755437117329166, 21.022981409964128 ], [ 71.755432137782975, 21.022710655572325 ], [ 71.756297239725868, 21.02269662974572 ], [ 71.756292259280372, 21.022425876253241 ], [ 71.760329383394378, 21.022360362440846 ], [ 71.76032439575431, 21.022089609847676 ], [ 71.761766219435515, 21.022066188803649 ], [ 71.761761229097488, 21.021795437109795 ] ] ], [ [ [ 71.804757605679001, 21.038153427938425 ], [ 71.804469220977808, 21.038158188949296 ], [ 71.804479364431174, 21.0386996725519 ], [ 71.804767750031715, 21.038694912440288 ], [ 71.804757605679001, 21.038153427938425 ] ] ], [ [ [ 71.803609134553994, 21.038443212884033 ], [ 71.803320749852787, 21.038447972096264 ], [ 71.803325819331178, 21.038718714796918 ], [ 71.803614205830968, 21.038713954685303 ], [ 71.803609134553994, 21.038443212884033 ] ] ], [ [ [ 71.804196049208372, 21.038975176263421 ], [ 71.803619276208678, 21.038984697385899 ], [ 71.80362941606478, 21.039526180988499 ], [ 71.804206191762361, 21.039516659866017 ], [ 71.804196049208372, 21.038975176263421 ] ] ], [ [ [ 71.845032825304699, 21.077835545574032 ], [ 71.844744374053676, 21.077840384825951 ], [ 71.844734065125067, 21.077298921907751 ], [ 71.844445613874029, 21.077303759361023 ], [ 71.844440459859428, 21.077033028351646 ], [ 71.844152010407015, 21.077037865804925 ], [ 71.844146856392342, 21.076767133896173 ], [ 71.843569956588269, 21.076776807004077 ], [ 71.84356480527164, 21.076506075994647 ], [ 71.843276355819214, 21.076510911649279 ], [ 71.843271205401905, 21.07624017974058 ], [ 71.842982755050173, 21.076245013596573 ], [ 71.842967301999451, 21.075432819668944 ], [ 71.842678854345692, 21.075437654424263 ], [ 71.842653103158241, 21.074083994880482 ], [ 71.842364658202484, 21.074088828736535 ], [ 71.842354359166393, 21.073547364919026 ], [ 71.841489027896401, 21.073561861990413 ], [ 71.841504471953897, 21.074374058615945 ], [ 71.841216026098778, 21.074378890673302 ], [ 71.841221173818141, 21.074649622582054 ], [ 71.840932727963093, 21.074654453740099 ], [ 71.840927580243715, 21.074383721831342 ], [ 71.840062243577734, 21.074398212607491 ], [ 71.840057097656995, 21.074127479799415 ], [ 71.839768652701196, 21.074132309158816 ], [ 71.839758362658358, 21.073590844441977 ], [ 71.839469918601935, 21.073595672002739 ], [ 71.839464773580488, 21.073324940093983 ], [ 71.839176330423371, 21.07332976765468 ], [ 71.839171186301257, 21.073059034846604 ], [ 71.838882743144154, 21.073063862407377 ], [ 71.838877599921361, 21.072793129599283 ], [ 71.838589156764201, 21.072797956260725 ], [ 71.838584014440755, 21.07252722255333 ], [ 71.837430242711605, 21.072546527400387 ], [ 71.837414822935798, 21.071734327177523 ], [ 71.837126380678015, 21.071739151140942 ], [ 71.83712124195182, 21.07146841743355 ], [ 71.836832800593356, 21.071473241397026 ], [ 71.83682766186719, 21.071202507689634 ], [ 71.836539221407975, 21.071207330753733 ], [ 71.836544359234836, 21.071478063561809 ], [ 71.835679035159387, 21.071492530955592 ], [ 71.835684172086928, 21.071763264662987 ], [ 71.834241961697217, 21.071787365594499 ], [ 71.834236826568372, 21.071516631887107 ], [ 71.833948385209837, 21.071521449555291 ], [ 71.833943251879631, 21.071250716747215 ], [ 71.833077926904878, 21.071265169751822 ], [ 71.833072795373241, 21.07099443604443 ], [ 71.832495912656327, 21.071004068682893 ], [ 71.832490782024024, 21.070733334076177 ], [ 71.831913900206345, 21.070742964915951 ], [ 71.831908769574099, 21.070472230309232 ], [ 71.831331889555088, 21.070481857551727 ], [ 71.831326760721481, 21.070211123844327 ], [ 71.830749880702513, 21.070220751086818 ], [ 71.830744752768169, 21.069950015580787 ], [ 71.830456313208344, 21.069954828752373 ], [ 71.830451186173391, 21.069684093246337 ], [ 71.830162748412206, 21.069688906417923 ], [ 71.830157621377168, 21.069418170911892 ], [ 71.829580743156839, 21.069427792758461 ], [ 71.829575617920497, 21.069157058151745 ], [ 71.82928717925995, 21.069161867726063 ], [ 71.829282054922928, 21.06889113311934 ], [ 71.828993617161771, 21.068895942693644 ], [ 71.828988492824749, 21.068625207187608 ], [ 71.828411617302379, 21.068634825436899 ], [ 71.828406494763954, 21.068364089930871 ], [ 71.828118057902088, 21.068368897706527 ], [ 71.828112935363734, 21.068098162200496 ], [ 71.826382313293152, 21.068127000760509 ], [ 71.826387432234228, 21.06839773626654 ], [ 71.825810556711886, 21.068407346421967 ], [ 71.825805438670102, 21.068136610016616 ], [ 71.824940126285867, 21.068151018954438 ], [ 71.824935009143402, 21.067880283448346 ], [ 71.824358135419686, 21.067889886409212 ], [ 71.824378596794872, 21.068972832030628 ], [ 71.824667036354697, 21.068968029650872 ], [ 71.824677268840944, 21.069509501562326 ], [ 71.824388828381757, 21.069514304841334 ], [ 71.824399059968698, 21.070055776752724 ], [ 71.824110618610234, 21.070060579132473 ], [ 71.824115733953988, 21.070331316437148 ], [ 71.823827291696219, 21.070336116118941 ], [ 71.82384263772758, 21.071148325335002 ], [ 71.82413108088474, 21.071143523854573 ], [ 71.824120850197133, 21.070602051043863 ], [ 71.824409291555639, 21.070597249563491 ], [ 71.824404176211829, 21.070326513158083 ], [ 71.824692617570292, 21.070321710778391 ], [ 71.824682385084074, 21.069780238866997 ], [ 71.824970826442538, 21.069775435587928 ], [ 71.824965709300102, 21.069504700081893 ], [ 71.825254149759232, 21.069499896802824 ], [ 71.825249031717462, 21.069229161296786 ], [ 71.827556547296851, 21.069190719775968 ], [ 71.827561668036594, 21.06946145528201 ], [ 71.828138547156286, 21.069451839730675 ], [ 71.828143669694668, 21.069722575236703 ], [ 71.828432110153813, 21.069717766561723 ], [ 71.828437232692181, 21.069988502067755 ], [ 71.828725673151311, 21.069983693392771 ], [ 71.82873079658907, 21.070254427999487 ], [ 71.82901923794752, 21.070249618425173 ], [ 71.829024362284542, 21.070520353931212 ], [ 71.82931280364302, 21.070515542558269 ], [ 71.829323054115719, 21.0710570135704 ], [ 71.829611494574863, 21.071052203096773 ], [ 71.829621747745534, 21.071593673209524 ], [ 71.829910190003332, 21.071588861836577 ], [ 71.829915317038299, 21.071859596443286 ], [ 71.830203760195445, 21.071854784171016 ], [ 71.830208887230413, 21.072125519677051 ], [ 71.830497331286907, 21.072120707404789 ], [ 71.830502459221179, 21.072391442011508 ], [ 71.830790903277602, 21.072386628839915 ], [ 71.830796031211946, 21.072657363446634 ], [ 71.831372921123474, 21.07264773530477 ], [ 71.831378050856401, 21.072918469911482 ], [ 71.831954940767957, 21.072908839971035 ], [ 71.831960071400204, 21.073179574577757 ], [ 71.832536962211066, 21.073169942838653 ], [ 71.832542093742688, 21.073440677445376 ], [ 71.83311898455355, 21.073431043008267 ], [ 71.833124118783118, 21.073701776715669 ], [ 71.833989457247696, 21.07368732191242 ], [ 71.833994590577959, 21.073958057418448 ], [ 71.834859930841219, 21.073943596319967 ], [ 71.834865066869369, 21.07421433002736 ], [ 71.837461085860468, 21.074170925148113 ], [ 71.837466226385274, 21.074441657956186 ], [ 71.83804311989411, 21.074432006432009 ], [ 71.838048261318249, 21.074702739240081 ], [ 71.838336708072674, 21.074697912578635 ], [ 71.838341851295453, 21.074968646286038 ], [ 71.838918745703609, 21.074958992063905 ], [ 71.838923888926374, 21.075229723972654 ], [ 71.839212336580147, 21.0752248964119 ], [ 71.839217481601565, 21.075495629219972 ], [ 71.839505929255253, 21.075490800759894 ], [ 71.839511074276672, 21.075761532668647 ], [ 71.839799522829765, 21.075756704208565 ], [ 71.839804668750503, 21.076027436117325 ], [ 71.840093117303581, 21.076022606757931 ], [ 71.840098263224306, 21.076293338666687 ], [ 71.840386712676718, 21.076288508407966 ], [ 71.840391858597471, 21.076559241216046 ], [ 71.840680309848509, 21.076554410058009 ], [ 71.840685456668552, 21.076825142866078 ], [ 71.84097390702027, 21.076820310808724 ], [ 71.840979055638968, 21.077091043616807 ], [ 71.841267505990686, 21.077086211559454 ], [ 71.841272654609384, 21.077356942568887 ], [ 71.841561105860436, 21.07735211141085 ], [ 71.841566253579799, 21.077622843319595 ], [ 71.842143157880528, 21.077613177406246 ], [ 71.842148308297851, 21.077883908415686 ], [ 71.843590568150276, 21.077859733739793 ], [ 71.843595721265558, 21.078130464749226 ], [ 71.845037981117954, 21.078106276583476 ], [ 71.845032825304699, 21.077835545574032 ] ] ], [ [ [ 71.845614885418684, 21.078096598978902 ], [ 71.845326433268326, 21.078101438230817 ], [ 71.845331589081624, 21.078372169240254 ], [ 71.845620041231996, 21.078367329988339 ], [ 71.845614885418684, 21.078096598978902 ] ] ], [ [ [ 71.875543872551759, 21.088965908649811 ], [ 71.875832337292607, 21.088961015438542 ], [ 71.875821908754133, 21.088419568708154 ], [ 71.876687300278718, 21.088404886376452 ], [ 71.876682085110204, 21.08813416256163 ], [ 71.876393622167981, 21.088139057571482 ], [ 71.876388406999467, 21.08786833465598 ], [ 71.876099944057202, 21.087873227867245 ], [ 71.876094729788008, 21.08760250495169 ], [ 71.875806267745133, 21.087607398162955 ], [ 71.875801052576534, 21.08733667434808 ], [ 71.874935667347245, 21.087351351283875 ], [ 71.874940879817814, 21.087622075098746 ], [ 71.874652416875605, 21.087626967410635 ], [ 71.874647205304314, 21.087356242696501 ], [ 71.873781818276385, 21.087370914236374 ], [ 71.8737870289483, 21.087641638051196 ], [ 71.874075491890508, 21.087636748437255 ], [ 71.874085913234353, 21.088178196066963 ], [ 71.874374377075924, 21.088173305553656 ], [ 71.874379588647173, 21.088444029368532 ], [ 71.874668051589367, 21.088439137955895 ], [ 71.874678477429811, 21.088980585585606 ], [ 71.87496694217073, 21.088975694172976 ], [ 71.87497215464127, 21.089246417987852 ], [ 71.875260620281423, 21.089241525675902 ], [ 71.875265833651369, 21.089512248591461 ], [ 71.875554300190871, 21.089507356279512 ], [ 71.875543872551759, 21.088965908649811 ] ] ], [ [ [ 71.870341078677882, 21.088512454286381 ], [ 71.870052613037728, 21.088517337605076 ], [ 71.870047409560357, 21.088246612890941 ], [ 71.869758944819509, 21.088251496209637 ], [ 71.869748538764085, 21.087710046781297 ], [ 71.869171610181681, 21.087719811620047 ], [ 71.869166409402339, 21.087449086006583 ], [ 71.868589480819935, 21.087458849046698 ], [ 71.868584280040537, 21.087188123433179 ], [ 71.868295817098328, 21.087193004053976 ], [ 71.868290617218292, 21.086922278440461 ], [ 71.868002154276056, 21.086927159061201 ], [ 71.867996954396006, 21.086656433447676 ], [ 71.86742002941088, 21.086666191991242 ], [ 71.867414831329469, 21.08639546637772 ], [ 71.867126368387233, 21.086400344300497 ], [ 71.867121171205156, 21.086129618686982 ], [ 71.866832709162296, 21.086134496609763 ], [ 71.866827511980134, 21.085863770996298 ], [ 71.866539050836593, 21.085868648019751 ], [ 71.866528658271022, 21.085327196792775 ], [ 71.865951736883233, 21.08533694904099 ], [ 71.865962127650107, 21.085878401167346 ], [ 71.865673667405872, 21.085883277291483 ], [ 71.865684056374164, 21.086424729417789 ], [ 71.86539559343197, 21.086429604642603 ], [ 71.865400787916087, 21.086700330256061 ], [ 71.864823861132322, 21.086710079806377 ], [ 71.864818668446844, 21.086439353293542 ], [ 71.86453020460533, 21.086444227619044 ], [ 71.864525011919781, 21.086173501106256 ], [ 71.863948086934727, 21.086183247958555 ], [ 71.863942895148554, 21.085912521445774 ], [ 71.863365970163429, 21.085922265600118 ], [ 71.863355589289085, 21.085380812574499 ], [ 71.863067128145516, 21.085385683302718 ], [ 71.863061938157941, 21.085114956789884 ], [ 71.862773477014386, 21.085119828417419 ], [ 71.862768287926173, 21.084849101005261 ], [ 71.862479826782646, 21.08485397083416 ], [ 71.862474638593767, 21.084583244321323 ], [ 71.862186178349518, 21.084588114150225 ], [ 71.862180990160596, 21.084317386738064 ], [ 71.861604070571445, 21.084327124597166 ], [ 71.861598884181191, 21.084056397185012 ], [ 71.86073350614646, 21.084071000376404 ], [ 71.860728320655539, 21.083800272964254 ], [ 71.860439861310624, 21.083805139195874 ], [ 71.860434676719024, 21.08353441178372 ], [ 71.859857759827833, 21.083544143347581 ], [ 71.859852576135566, 21.083273415935423 ], [ 71.859564117689956, 21.083278280368404 ], [ 71.859558934896995, 21.08300755295625 ], [ 71.859270477350719, 21.083012417389227 ], [ 71.859265294557758, 21.08274168907775 ], [ 71.858976837011483, 21.082746554409987 ], [ 71.858971655117827, 21.082475825199193 ], [ 71.858683197571551, 21.082480688732858 ], [ 71.858667654588658, 21.081668505597122 ], [ 71.858379199740341, 21.081673367332094 ], [ 71.858374018746019, 21.081402639919929 ], [ 71.857797109049372, 21.081412363389916 ], [ 71.857791929853761, 21.081141635078438 ], [ 71.857503475005444, 21.081146495914084 ], [ 71.857498295809748, 21.080875767602652 ], [ 71.856921387911768, 21.080885488374633 ], [ 71.856916211414116, 21.08061476006316 ], [ 71.856339302616789, 21.080624478137221 ], [ 71.856334126119066, 21.080353748926434 ], [ 71.856045673069374, 21.080358607963433 ], [ 71.856040496571708, 21.080087878752639 ], [ 71.855463589573034, 21.080097594128688 ], [ 71.855458415773342, 21.079826864917948 ], [ 71.85516996362297, 21.079831722156314 ], [ 71.855164788923901, 21.079560992945517 ], [ 71.8548763367736, 21.079565849284563 ], [ 71.854871162973822, 21.079295120073766 ], [ 71.853140451870388, 21.079324246416888 ], [ 71.853135281667974, 21.079053517206091 ], [ 71.852846830416908, 21.079058369048546 ], [ 71.852841660214494, 21.078787639837735 ], [ 71.852553208963442, 21.078792491680186 ], [ 71.852548039660348, 21.078521761570077 ], [ 71.851971138057635, 21.078531465254962 ], [ 71.851955633745547, 21.077719276723311 ], [ 71.851667184293134, 21.07772412676707 ], [ 71.851656849284211, 21.077182667446209 ], [ 71.851368401630509, 21.077187516590641 ], [ 71.851352901815019, 21.07637532805899 ], [ 71.850776007406864, 21.076385025448587 ], [ 71.85077084260034, 21.076114295338524 ], [ 71.848751714420132, 21.076148219564747 ], [ 71.848746552311582, 21.075877488555314 ], [ 71.84816965970208, 21.075887177851037 ], [ 71.848164497593515, 21.07561644684159 ], [ 71.847587605883334, 21.075626133439357 ], [ 71.847582445573423, 21.075355402429921 ], [ 71.847294000617694, 21.075360244379848 ], [ 71.847288842106423, 21.075089514269735 ], [ 71.84700039625136, 21.075094355320296 ], [ 71.847015871785132, 21.075906548348598 ], [ 71.84730431943882, 21.075901706398671 ], [ 71.847309477950091, 21.076172437408101 ], [ 71.84759792470453, 21.076167594558907 ], [ 71.847603085014441, 21.07643832466897 ], [ 71.847026188807618, 21.076448008568775 ], [ 71.847041665240738, 21.077260201597081 ], [ 71.847330114693065, 21.077255359647154 ], [ 71.847340434413582, 21.077796820766704 ], [ 71.84762888386598, 21.07779197791751 ], [ 71.848494235820382, 21.07777744667186 ], [ 71.84848907371186, 21.077506715662416 ], [ 71.848777524063564, 21.077501871014586 ], [ 71.848772361955, 21.077231140904473 ], [ 71.849349259960434, 21.077221449810107 ], [ 71.849354422968304, 21.077492179920227 ], [ 71.849642872420702, 21.077487334373021 ], [ 71.849648036327878, 21.077758063583815 ], [ 71.849936486679553, 21.077753217137289 ], [ 71.849941650586729, 21.078023947247406 ], [ 71.850230100938447, 21.078019099901617 ], [ 71.850240430551494, 21.078560560121787 ], [ 71.850528881802518, 21.078555711876675 ], [ 71.850534048407681, 21.078826441986731 ], [ 71.851110950909685, 21.078816744597141 ], [ 71.85112128501936, 21.079358203918048 ], [ 71.850832831969697, 21.07936305306248 ], [ 71.85084833178513, 21.080175241594194 ], [ 71.851136785734113, 21.080170392449709 ], [ 71.851147119843745, 21.080711851770616 ], [ 71.851724030439698, 21.080702151682999 ], [ 71.851729198843486, 21.080972880893803 ], [ 71.852017654591108, 21.080968029950668 ], [ 71.852022823894288, 21.081238759161458 ], [ 71.85259973538956, 21.081229054577253 ], [ 71.852604905591988, 21.08149978468737 ], [ 71.853181817986581, 21.081490079203832 ], [ 71.853186989987648, 21.081760808414629 ], [ 71.854052359928517, 21.08174624569272 ], [ 71.854057532828961, 21.082016974903524 ], [ 71.854634447022207, 21.082007264024071 ], [ 71.85466031692016, 21.083360907380037 ], [ 71.854948777164395, 21.08335605104099 ], [ 71.854953951863422, 21.083626780251738 ], [ 71.855819331696864, 21.083612206737996 ], [ 71.855824508194516, 21.083882935948782 ], [ 71.856401427783723, 21.083873217874785 ], [ 71.856406606080057, 21.084143946186202 ], [ 71.85698352656857, 21.084134226313548 ], [ 71.856988705764195, 21.084404954625033 ], [ 71.857277166907821, 21.084400093789327 ], [ 71.857282346103446, 21.084670822100808 ], [ 71.857570807246987, 21.08466596036584 ], [ 71.857575987341988, 21.08493668867732 ], [ 71.858152911427808, 21.084926964308011 ], [ 71.858158092422059, 21.085197692619492 ], [ 71.858446553565656, 21.085192829085827 ], [ 71.85845173635856, 21.085463557397304 ], [ 71.858740198401506, 21.0854586938637 ], [ 71.858750563088051, 21.086000148687958 ], [ 71.859039026929636, 21.085995285154354 ], [ 71.859044209722583, 21.086266012566455 ], [ 71.859332673564083, 21.086261148133531 ], [ 71.859337857256378, 21.086531876445008 ], [ 71.859626321997197, 21.086527010213381 ], [ 71.859631505689492, 21.086797737625549 ], [ 71.859919971329646, 21.086792872293248 ], [ 71.859925155921246, 21.087063599705402 ], [ 71.860213621561456, 21.087058732574519 ], [ 71.860218806153057, 21.08732945998662 ], [ 71.863968854978722, 21.087266153110534 ], [ 71.863974047664229, 21.087536879623375 ], [ 71.864550978045244, 21.087527132771019 ], [ 71.864556171630042, 21.087797859283853 ], [ 71.864844636370933, 21.087792984958359 ], [ 71.864849830855078, 21.088063710571817 ], [ 71.865426763034748, 21.088053960122245 ], [ 71.865431958418185, 21.088324686635023 ], [ 71.866874289317082, 21.08830030241705 ], [ 71.866863893154189, 21.087758850290754 ], [ 71.867440824434539, 21.087749094445201 ], [ 71.867446021616672, 21.088019819159403 ], [ 71.868022951997716, 21.088010060615833 ], [ 71.868028151877752, 21.088280785330024 ], [ 71.868316618417282, 21.088275905608608 ], [ 71.868327019076744, 21.088817355936271 ], [ 71.868615485616203, 21.088812475315535 ], [ 71.868625888074362, 21.089353925643195 ], [ 71.868914356412446, 21.089349044123136 ], [ 71.868919557191873, 21.089619768837338 ], [ 71.87036189618459, 21.089595353143064 ], [ 71.870341078677882, 21.088512454286381 ] ] ], [ [ [ 71.885167809147106, 21.094218597810087 ], [ 71.884879336312409, 21.094223508108488 ], [ 71.884874104056735, 21.093952786092245 ], [ 71.884585632121286, 21.093957696390646 ], [ 71.884575169408606, 21.093416254156864 ], [ 71.884286696573838, 21.093421162656572 ], [ 71.884281467016137, 21.093150442439018 ], [ 71.883992995980009, 21.09315535003941 ], [ 71.883982535965345, 21.092613906906312 ], [ 71.883694065828522, 21.09261881540607 ], [ 71.883688836270835, 21.092348093389838 ], [ 71.883400367033332, 21.092353000990265 ], [ 71.883395138374965, 21.092082278974033 ], [ 71.883106669137533, 21.092087186574474 ], [ 71.883101439579832, 21.091816464558235 ], [ 71.882812972140954, 21.091821370359977 ], [ 71.882807744381978, 21.091550649243118 ], [ 71.882519276043809, 21.091555555044859 ], [ 71.882514049184067, 21.091284833028684 ], [ 71.882225581745274, 21.091289737931106 ], [ 71.882220354885533, 21.091019015914924 ], [ 71.881931887446683, 21.091023920817349 ], [ 71.881926662385638, 21.09075319880111 ], [ 71.881638194946788, 21.090758102804273 ], [ 71.881632969885686, 21.090487380788037 ], [ 71.881344503346213, 21.090492283891816 ], [ 71.881339279184431, 21.090221561875634 ], [ 71.881050812644943, 21.090226464979427 ], [ 71.881045587583856, 21.089955742963237 ], [ 71.880757122843022, 21.089960645167704 ], [ 71.880751899580559, 21.089689922252148 ], [ 71.880463434839726, 21.089694823557295 ], [ 71.88045298921412, 21.089153380424193 ], [ 71.880164525372606, 21.08915828083002 ], [ 71.880159303009464, 21.088887557914518 ], [ 71.879582375326422, 21.088897358726172 ], [ 71.879577154761947, 21.088626636709986 ], [ 71.878134835554249, 21.088651128846543 ], [ 71.878140054320113, 21.088921851762098 ], [ 71.877274660996861, 21.088936542187692 ], [ 71.877279877964057, 21.089207265103258 ], [ 71.877856808345086, 21.089197472385475 ], [ 71.877862026211574, 21.089468195301041 ], [ 71.878438956592618, 21.089458399885302 ], [ 71.878444176257801, 21.089729122800808 ], [ 71.879309573178304, 21.089714426979299 ], [ 71.879320014307268, 21.09025587191098 ], [ 71.879608480846798, 21.09025097240448 ], [ 71.879618923774387, 21.090792417336218 ], [ 71.8799073921125, 21.090787516031071 ], [ 71.879912613576323, 21.091058238946623 ], [ 71.880201081914436, 21.09105333764149 ], [ 71.880206304277564, 21.091324060556982 ], [ 71.880783240953861, 21.091314256148053 ], [ 71.880793689277382, 21.09185570107979 ], [ 71.881370627752361, 21.091845894872222 ], [ 71.881381077874494, 21.092387338904643 ], [ 71.881669548011303, 21.092382434901477 ], [ 71.881674773072334, 21.09265315691772 ], [ 71.882251714245285, 21.092643347112809 ], [ 71.882256941105027, 21.092914069129051 ], [ 71.882545412141098, 21.092909163327246 ], [ 71.882555867659207, 21.093450607359667 ], [ 71.882844339594669, 21.093445700658599 ], [ 71.88284956735373, 21.093716422674845 ], [ 71.883138040188456, 21.093711515973713 ], [ 71.883143268846823, 21.093982237989962 ], [ 71.884008685552445, 21.093967514289382 ], [ 71.884013916908771, 21.094238235406294 ], [ 71.884590862578293, 21.094228418406828 ], [ 71.884622253414307, 21.095852745108175 ], [ 71.884910729846354, 21.095847834809774 ], [ 71.884915962101999, 21.096118555926637 ], [ 71.885204439433366, 21.096113644728973 ], [ 71.885167809147106, 21.094218597810087 ] ] ], [ [ [ 71.897541157598411, 21.107277103755393 ], [ 71.897252664079232, 21.107282037436114 ], [ 71.897247405743229, 21.10701131991652 ], [ 71.896958911324745, 21.107016253597301 ], [ 71.896948397350741, 21.106474817658746 ], [ 71.896659903831562, 21.106479750440201 ], [ 71.896649390756792, 21.10593831540098 ], [ 71.896360898137004, 21.105943247283104 ], [ 71.89635038596164, 21.105401811344564 ], [ 71.896061894241086, 21.105406743226691 ], [ 71.896046129125637, 21.104594588869247 ], [ 71.895757639203723, 21.104599519851998 ], [ 71.895736621148203, 21.103516647075658 ], [ 71.895448133024942, 21.103521577159082 ], [ 71.895437626245482, 21.102980140321286 ], [ 71.895149139021626, 21.102985070404713 ], [ 71.895143886081556, 21.10271435198581 ], [ 71.894855398857601, 21.102719280270605 ], [ 71.89485014681685, 21.102448561851702 ], [ 71.894561659592966, 21.102453491035817 ], [ 71.894556407552216, 21.10218277261691 ], [ 71.894267923026305, 21.102187700002386 ], [ 71.89426267188486, 21.101916981583486 ], [ 71.891954786684082, 21.101956387177552 ], [ 71.891960033328928, 21.102227105596516 ], [ 71.89109457255654, 21.102241876061782 ], [ 71.891089328609667, 21.101971156743556 ], [ 71.890800842285103, 21.101976078733117 ], [ 71.890795597438938, 21.101705359414833 ], [ 71.890507111114346, 21.101710281404394 ], [ 71.890501867167487, 21.101439561186854 ], [ 71.890213381742228, 21.101444482277088 ], [ 71.890208138694661, 21.101173762958872 ], [ 71.890496623220656, 21.101168841868631 ], [ 71.89047564743322, 21.100085962796982 ], [ 71.890764130160548, 21.100081041706741 ], [ 71.890758886213689, 21.099810322388521 ], [ 71.891047368041654, 21.099805401298283 ], [ 71.891036879248631, 21.099263961762468 ], [ 71.89074839742068, 21.099268882852694 ], [ 71.890743152574473, 21.098998164433791 ], [ 71.888723787872536, 21.099032598575601 ], [ 71.88873950892129, 21.099844759228287 ], [ 71.888451026193934, 21.099849676721249 ], [ 71.888461505993746, 21.100391117156391 ], [ 71.888173022367141, 21.10039603464935 ], [ 71.888178261817359, 21.100666754866893 ], [ 71.88788977729142, 21.100671670561212 ], [ 71.887905495642144, 21.101483832113221 ], [ 71.887617009317566, 21.101488748706856 ], [ 71.887622248767798, 21.101759468924403 ], [ 71.887910735092404, 21.101754552330764 ], [ 71.887921213992911, 21.102295992765903 ], [ 71.888209702116114, 21.102291075272948 ], [ 71.888214941566318, 21.102561794591217 ], [ 71.888503430588912, 21.102556877997579 ], [ 71.88850867093845, 21.102827598215121 ], [ 71.88879715996103, 21.102822679822843 ], [ 71.888802401209887, 21.103093399141141 ], [ 71.889379379254976, 21.103083560557931 ], [ 71.889384621403224, 21.103354280775473 ], [ 71.889673111325067, 21.103349360584563 ], [ 71.889683597420117, 21.103890800120379 ], [ 71.889972087342016, 21.103885879929468 ], [ 71.889982575235706, 21.104427318565978 ], [ 71.890271066956245, 21.104422396576414 ], [ 71.890276311802396, 21.104693117693273 ], [ 71.890564804422226, 21.104688195703716 ], [ 71.890570048369113, 21.104958915021935 ], [ 71.890858540089596, 21.104953993032375 ], [ 71.890863785835109, 21.105224712350665 ], [ 71.89144077107477, 21.105214865673585 ], [ 71.891446017719602, 21.105485584991811 ], [ 71.892023003858569, 21.105475737415418 ], [ 71.892028252302055, 21.105746455834325 ], [ 71.892316744921914, 21.105741531146805 ], [ 71.892321993365385, 21.106012249565715 ], [ 71.892610487783827, 21.106007323978872 ], [ 71.892615737126604, 21.106278043297095 ], [ 71.892904230645797, 21.106273116810947 ], [ 71.892909480887894, 21.106543836129163 ], [ 71.893486469724849, 21.106533982257535 ], [ 71.893496972007711, 21.107075419095334 ], [ 71.89407396264329, 21.107065563425067 ], [ 71.894079214684041, 21.107336281843967 ], [ 71.894367710901179, 21.107331353559175 ], [ 71.894372963841249, 21.107602071978086 ], [ 71.894661460058387, 21.107597141894644 ], [ 71.894666712998443, 21.107867860313554 ], [ 71.894955210114901, 21.107862930230112 ], [ 71.894960463954305, 21.108133648649009 ], [ 71.895248961070763, 21.108128718565581 ], [ 71.895254215809473, 21.108399436984488 ], [ 71.895542712925931, 21.108394506001677 ], [ 71.89554796856396, 21.108665224420633 ], [ 71.895836466579752, 21.108660291639183 ], [ 71.895841722217753, 21.108931010058136 ], [ 71.896418719148656, 21.108921145394618 ], [ 71.896423975685991, 21.109191862914201 ], [ 71.896712474601088, 21.109186930132751 ], [ 71.896717732037757, 21.109457647652391 ], [ 71.897294730767257, 21.109447779391527 ], [ 71.897583229682354, 21.109442844811493 ], [ 71.897541157598411, 21.107277103755393 ] ] ], [ [ [ 71.94099060093555, 21.115464755594012 ], [ 71.940702101121147, 21.11546976571714 ], [ 71.940696761846141, 21.115199058989443 ], [ 71.940408262931058, 21.115204068213242 ], [ 71.940402924555372, 21.114933360586178 ], [ 71.94011442564026, 21.11493836980998 ], [ 71.940109088163922, 21.11466766308223 ], [ 71.938089599355578, 21.114702710561684 ], [ 71.938094933234666, 21.114973419088074 ], [ 71.937229435590055, 21.114988432370296 ], [ 71.937234767670475, 21.115259139997359 ], [ 71.936369267327905, 21.115274149682307 ], [ 71.936363936146805, 21.115003441155917 ], [ 71.935498436703554, 21.115018445444942 ], [ 71.935493107321108, 21.114747737817883 ], [ 71.933762108434621, 21.114777732906077 ], [ 71.933756782649468, 21.114507024379744 ], [ 71.932891284105551, 21.114522015178913 ], [ 71.932885959219675, 21.114251306652534 ], [ 71.932597460304578, 21.114256302386472 ], [ 71.932592136318078, 21.113985593860093 ], [ 71.932015137588564, 21.113995584428732 ], [ 71.932009815400704, 21.113724875003012 ], [ 71.931144319554718, 21.11373985590966 ], [ 71.931149640843316, 21.114010565335381 ], [ 71.93057264211383, 21.11402055140735 ], [ 71.930577963402357, 21.114291259933736 ], [ 71.93028946268862, 21.114296252070403 ], [ 71.930294783077827, 21.114566962395429 ], [ 71.930006282364118, 21.114571953632776 ], [ 71.930016921343892, 21.115113371584869 ], [ 71.92972841973085, 21.115118363721532 ], [ 71.929744377301247, 21.115930492897984 ], [ 71.929749696791148, 21.116201203223 ], [ 71.93003820020283, 21.116196211086336 ], [ 71.930043519692731, 21.116466921411355 ], [ 71.93119753603753, 21.116446949267353 ], [ 71.93120285822539, 21.116717658693069 ], [ 71.932068371158451, 21.116702675088447 ], [ 71.932073695144993, 21.11697338361483 ], [ 71.937555268960509, 21.116878382831146 ], [ 71.937549935081506, 21.116607675204076 ], [ 71.937838437593882, 21.116602669577617 ], [ 71.937827768936401, 21.116061254323483 ], [ 71.938116271448862, 21.116056249596284 ], [ 71.938105601892062, 21.115514834342214 ], [ 71.938682602420215, 21.115504822189848 ], [ 71.938677266742502, 21.115234114562782 ], [ 71.940119764015947, 21.115209077437044 ], [ 71.940125100592979, 21.115479784164734 ], [ 71.94041360130673, 21.115474775840248 ], [ 71.940418939682388, 21.115745482568002 ], [ 71.940995940210527, 21.115735463221093 ], [ 71.94099060093555, 21.115464755594012 ] ] ], [ [ [ 71.941017299109163, 21.116818290132009 ], [ 71.940728796596716, 21.116823301154451 ], [ 71.940734136771027, 21.117094007882194 ], [ 71.940445634258666, 21.11709901800532 ], [ 71.940450974432963, 21.117369724733067 ], [ 71.940162470121948, 21.117374733956865 ], [ 71.9401678075983, 21.117645441583932 ], [ 71.939879305085924, 21.11765045080773 ], [ 71.939900657689236, 21.118733278617984 ], [ 71.940189163798962, 21.118728269394182 ], [ 71.940199842348889, 21.119269683748943 ], [ 71.940488349357892, 21.119264673625821 ], [ 71.940493688632912, 21.119535380353565 ], [ 71.940782197440512, 21.119530370230446 ], [ 71.940792876889816, 21.12007178368594 ], [ 71.941081385697416, 21.120066772663503 ], [ 71.941086726771047, 21.120337479391196 ], [ 71.941375235578732, 21.120332466570119 ], [ 71.941380576652364, 21.120603174197189 ], [ 71.941669086359298, 21.120598161376108 ], [ 71.94167977120452, 21.121139574831545 ], [ 71.942256792417083, 21.121129548290074 ], [ 71.942251447746173, 21.120858841562324 ], [ 71.942539956553787, 21.12085382784193 ], [ 71.942507895722883, 21.119229590173514 ], [ 71.942219388713852, 21.119234602994592 ], [ 71.942214046740901, 21.118963896266848 ], [ 71.941925540631232, 21.118968909987245 ], [ 71.941920198658295, 21.118698203259498 ], [ 71.94163169344796, 21.118703215181313 ], [ 71.941626350575703, 21.118432507554243 ], [ 71.941337846264673, 21.118437520375327 ], [ 71.941332505191042, 21.11816681364758 ], [ 71.94104400087997, 21.118171824670018 ], [ 71.941038659806338, 21.117901117942271 ], [ 71.942481179562833, 21.117876057434167 ], [ 71.942475836690576, 21.117605350706409 ], [ 71.942764340102272, 21.117600336986015 ], [ 71.942753652559077, 21.117058924429845 ], [ 71.943042155071453, 21.117053910709441 ], [ 71.943036812199182, 21.116783203981758 ], [ 71.942459808973069, 21.116793231422545 ], [ 71.942454466100799, 21.116522524694801 ], [ 71.942165965387062, 21.116527538415198 ], [ 71.942160623414097, 21.116256830788181 ], [ 71.941583621986624, 21.116266854631704 ], [ 71.941578280912992, 21.11599614790396 ], [ 71.941289780199284, 21.116001158926398 ], [ 71.941284440024958, 21.115730452198648 ], [ 71.940995940210527, 21.115735463221093 ], [ 71.941017299109163, 21.116818290132009 ] ] ], [ [ [ 72.039775842381289, 21.162190179133518 ], [ 72.040064406047563, 21.162184990045319 ], [ 72.040058873418332, 21.161914307599265 ], [ 72.040347437084591, 21.161909119410382 ], [ 72.040330838297621, 21.161097076568865 ], [ 72.040042276429972, 21.161102266556384 ], [ 72.040036743800727, 21.160831585009699 ], [ 72.039748182832469, 21.160836774097906 ], [ 72.039737119372589, 21.160295412803119 ], [ 72.039159999234641, 21.160305789180882 ], [ 72.039154469303369, 21.16003510763414 ], [ 72.038865909234389, 21.16004029582302 ], [ 72.038832731445453, 21.158416207442091 ], [ 72.038544174973751, 21.158421394731647 ], [ 72.038538645941799, 21.158150713184906 ], [ 72.038250088570791, 21.158155898675833 ], [ 72.038244561337478, 21.157885217129085 ], [ 72.03795600576511, 21.157890402620016 ], [ 72.037950477632492, 21.157619721073324 ], [ 72.037373367387033, 21.157630090256532 ], [ 72.037367841053083, 21.157359408709791 ], [ 72.036790729908319, 21.15736977609436 ], [ 72.036785205373008, 21.157099095446938 ], [ 72.036208095127563, 21.157109459234224 ], [ 72.036202570592195, 21.156838777687483 ], [ 72.03562546214539, 21.156849140575442 ], [ 72.035603371198704, 21.155766411690593 ], [ 72.035314818324252, 21.155771591785594 ], [ 72.035309295587581, 21.155500909339537 ], [ 72.03502074541116, 21.155506089434539 ], [ 72.035015222674417, 21.155235406988488 ], [ 72.034726670699342, 21.155240586184163 ], [ 72.034715628823278, 21.154699221292098 ], [ 72.034427078646829, 21.154704399588407 ], [ 72.034421558608074, 21.15443371804173 ], [ 72.03326735700297, 21.154454427629787 ], [ 72.033272875243028, 21.154725110075841 ], [ 72.032984324167273, 21.154730286573507 ], [ 72.032989842407346, 21.155000969019571 ], [ 72.032412737557806, 21.15501132021631 ], [ 72.032418254898573, 21.155282003561638 ], [ 72.030686938551412, 21.15531304456141 ], [ 72.030681425707314, 21.155042362115353 ], [ 72.030392872832877, 21.155047534116473 ], [ 72.030381847144611, 21.154506167425723 ], [ 72.030093296068785, 21.1545113376282 ], [ 72.03008778322463, 21.154240654282823 ], [ 72.029799232148903, 21.154245825384582 ], [ 72.029782697213761, 21.15343377444918 ], [ 72.026897198147267, 21.153485451292568 ], [ 72.026902704696127, 21.153756136436584 ], [ 72.026037050569471, 21.1537716299568 ], [ 72.026031546718571, 21.153500945712153 ], [ 72.025742997441455, 21.153506108719967 ], [ 72.025737491791872, 21.153235423576007 ], [ 72.023717638758058, 21.153271554738524 ], [ 72.023723139011736, 21.153542240781857 ], [ 72.023434587935924, 21.153547400192387 ], [ 72.023467588558461, 21.15517151195575 ], [ 72.023756143231481, 21.155166351645846 ], [ 72.023767146436754, 21.155707721933879 ], [ 72.023772646690361, 21.1559784070779 ], [ 72.024349758734445, 21.155968085558751 ], [ 72.024355260786692, 21.156238769803448 ], [ 72.025220930201854, 21.156223282578484 ], [ 72.02522643405274, 21.156493967722501 ], [ 72.02551499142379, 21.15648880471462 ], [ 72.025520495274691, 21.156759488959317 ], [ 72.026386165589145, 21.156743995439115 ], [ 72.026391672138004, 21.157014680583075 ], [ 72.026968786880047, 21.157004349171416 ], [ 72.026974294328298, 21.157275033416113 ], [ 72.027551409070327, 21.157264699306491 ], [ 72.027556918317188, 21.157535383551132 ], [ 72.027845475688181, 21.157530216046663 ], [ 72.027850984935071, 21.157800900291363 ], [ 72.029005218016437, 21.157780223978186 ], [ 72.029010729961271, 21.15805090822289 ], [ 72.029587847401274, 21.158040566918658 ], [ 72.029604384135084, 21.158852617854109 ], [ 72.02989294420405, 21.158847446752304 ], [ 72.029887431359967, 21.158576763406984 ], [ 72.031618786377919, 21.158545725105171 ], [ 72.031624302819353, 21.158816407551232 ], [ 72.032489980328364, 21.158800881655388 ], [ 72.032495498568437, 21.159071565000772 ], [ 72.033072617807136, 21.159061211106064 ], [ 72.033078136946529, 21.159331893552121 ], [ 72.03365525618517, 21.159321538758036 ], [ 72.033660777123202, 21.15959222120409 ], [ 72.034815017399183, 21.159571504421425 ], [ 72.034820540135854, 21.159842186867476 ], [ 72.035974781311154, 21.159821461091607 ], [ 72.035980305846508, 21.160092144436984 ], [ 72.036557427783137, 21.160081777951746 ], [ 72.036562953217739, 21.160352458599164 ], [ 72.037140075154397, 21.160342092113922 ], [ 72.037145602387696, 21.160612773660603 ], [ 72.037434163356025, 21.160607589069002 ], [ 72.037445218721928, 21.161148952162474 ], [ 72.037733780589591, 21.161143766671557 ], [ 72.037739308722152, 21.161414448218228 ], [ 72.038027870589815, 21.161409261827998 ], [ 72.038033401420421, 21.161679943374722 ], [ 72.038321964187347, 21.161674756984493 ], [ 72.038327493219313, 21.161945439430543 ], [ 72.038616056885587, 21.161940251241678 ], [ 72.038621586816802, 21.162210932788355 ], [ 72.038910149583771, 21.162205744599472 ], [ 72.038915681313711, 21.162476426146213 ], [ 72.039492810444926, 21.162466049768458 ], [ 72.039781375010492, 21.162460859780879 ], [ 72.039775842381289, 21.162190179133518 ] ] ] ] } },
{ "type": "Feature", "properties": { "receptor_type": "coral_reef", "source": "UNEP-WCMC Global Distribution of Coral Reefs 2018 v4.1", "source_year": 2018, "sensitivity_tier": "high", "protection_status": false, "ORIG_NAME": "Not Reported" }, "geometry": { "type": "MultiPolygon", "coordinates": [ [ [ [ 73.331575124392543, 16.561030235556984 ], [ 73.332137272617103, 16.561034737563144 ], [ 73.332139604559131, 16.560763654918787 ], [ 73.331858531346199, 16.560761404815025 ], [ 73.331867863611095, 16.55967707513696 ], [ 73.331586792196731, 16.559674825033202 ], [ 73.331579790974601, 16.560488072066899 ], [ 73.331298717761683, 16.560485821063821 ], [ 73.331296384020945, 16.560756903708182 ], [ 73.331015310808041, 16.5607546527051 ], [ 73.331010642427259, 16.561296817094501 ], [ 73.331291717438887, 16.561299068097583 ], [ 73.331287048158799, 16.561841231587607 ], [ 73.331568123170427, 16.561843482590689 ], [ 73.331575124392543, 16.561030235556984 ] ] ], [ [ [ 73.321619012407538, 16.607037168230754 ], [ 73.322743569660076, 16.607046245987537 ], [ 73.322745922286529, 16.606775166041132 ], [ 73.32302706115, 16.606777434131349 ], [ 73.323029413776439, 16.606506354184948 ], [ 73.323310552639953, 16.606508622275154 ], [ 73.323315256993567, 16.605966462382359 ], [ 73.322752980165944, 16.605961926201985 ], [ 73.322750628438826, 16.606233006148386 ], [ 73.32246948957534, 16.606230737158853 ], [ 73.322467136049553, 16.606501817105197 ], [ 73.321623720358446, 16.606495008338015 ], [ 73.321621365933353, 16.606766088284417 ], [ 73.321059087307106, 16.606761546708071 ], [ 73.321054376658211, 16.607303706600817 ], [ 73.321616657083098, 16.607308248177162 ], [ 73.321619012407538, 16.607037168230754 ] ] ], [ [ [ 73.332161895155366, 16.623388024737608 ], [ 73.331880730211594, 16.623385767439288 ], [ 73.331887758413359, 16.622572524002805 ], [ 73.331606594368907, 16.622570265805166 ], [ 73.331608937102828, 16.622299184959445 ], [ 73.331327773957639, 16.622296925862482 ], [ 73.331330116691561, 16.622025845016765 ], [ 73.331048954445734, 16.622023585919806 ], [ 73.331053640812911, 16.621481424228421 ], [ 73.330772478567098, 16.621479165131404 ], [ 73.330777166732901, 16.620937003440016 ], [ 73.330496005386394, 16.620934743443687 ], [ 73.330498349918969, 16.62066366259802 ], [ 73.330779510366142, 16.620665922594299 ], [ 73.330781853999454, 16.620394841748578 ], [ 73.331063014446613, 16.620397101744913 ], [ 73.331065357180549, 16.620126020899193 ], [ 73.331346516728431, 16.620128279996155 ], [ 73.331351202196274, 16.61958611830477 ], [ 73.33078888399983, 16.619581600110791 ], [ 73.330786541265923, 16.619852680956512 ], [ 73.330505381718055, 16.61985042096023 ], [ 73.330503037185437, 16.620121501805894 ], [ 73.330221877637598, 16.620119241809622 ], [ 73.330219533105037, 16.62039032175602 ], [ 73.329938373557127, 16.620388061759687 ], [ 73.329931339060124, 16.62120130339747 ], [ 73.330212500406617, 16.621203564293126 ], [ 73.330205466808877, 16.622016805930912 ], [ 73.330486629054761, 16.622019065927191 ], [ 73.330484285421505, 16.622290146772908 ], [ 73.330765447667332, 16.622292406769191 ], [ 73.330760760400835, 16.62283456756132 ], [ 73.331041924445287, 16.622836827557588 ], [ 73.331039579912712, 16.623107908403313 ], [ 73.331320743957235, 16.623110168399592 ], [ 73.331318401223299, 16.623381249245313 ], [ 73.331599565267751, 16.623383507442952 ], [ 73.331597223433164, 16.623654588288673 ], [ 73.331878386578339, 16.623656847385632 ], [ 73.331876045643071, 16.623927928231353 ], [ 73.332157210586843, 16.623930186428993 ], [ 73.332161895155366, 16.623388024737608 ] ] ], [ [ [ 73.332152526018334, 16.624472348120431 ], [ 73.332433692760773, 16.624474606318074 ], [ 73.332431350926186, 16.624745687163795 ], [ 73.332993684411051, 16.624750201760435 ], [ 73.332998366281629, 16.624208040069046 ], [ 73.332436034595389, 16.624203524573034 ], [ 73.332438376429991, 16.623932444626689 ], [ 73.332157210586843, 16.623930186428993 ], [ 73.332152526018334, 16.624472348120431 ] ] ], [ [ [ 73.325199780045878, 16.648001961921064 ], [ 73.325480980063205, 16.648004232709241 ], [ 73.325483333589034, 16.647733152762839 ], [ 73.325202135370319, 16.647730882873987 ], [ 73.325204490694759, 16.647459803826965 ], [ 73.324923291576681, 16.64745753213947 ], [ 73.324925647800441, 16.647186453092385 ], [ 73.32464444958174, 16.647184182304212 ], [ 73.324649162029303, 16.64664202331079 ], [ 73.324367964709836, 16.646639753421937 ], [ 73.324375034280479, 16.645826513582797 ], [ 73.324093837860417, 16.645824242794617 ], [ 73.324098551207214, 16.645282084700511 ], [ 73.323817355686458, 16.645279812113699 ], [ 73.323822069932646, 16.644737654019593 ], [ 73.322978486068337, 16.644730836259157 ], [ 73.32298084409075, 16.644459757212076 ], [ 73.32269964856998, 16.644457483725947 ], [ 73.322702008391047, 16.644186404678862 ], [ 73.322420814668931, 16.644184130293414 ], [ 73.322423173590664, 16.64391305124639 ], [ 73.322141979868547, 16.643910777760254 ], [ 73.322146698611334, 16.643368619666091 ], [ 73.321865505788537, 16.643366345280644 ], [ 73.321870225430644, 16.642824187186534 ], [ 73.32215141555541, 16.642826461571985 ], [ 73.322158494119265, 16.642013225330118 ], [ 73.322439684244102, 16.642015498816249 ], [ 73.322442043165836, 16.641744419769221 ], [ 73.322723233290603, 16.641746693255357 ], [ 73.322727949335459, 16.641204535161194 ], [ 73.322446760109941, 16.641202261675065 ], [ 73.322449118132326, 16.640931182628041 ], [ 73.322730307357858, 16.640933456114169 ], [ 73.322737381425057, 16.640120218972982 ], [ 73.323018568851921, 16.640122491559787 ], [ 73.32302092597503, 16.639851413412028 ], [ 73.323302113401894, 16.639853685099524 ], [ 73.323304471424251, 16.6395826060525 ], [ 73.322742096570551, 16.639578060878875 ], [ 73.322746811716044, 16.639035902784713 ], [ 73.32302799824356, 16.639038175371525 ], [ 73.323032711590429, 16.638496016378095 ], [ 73.323313898117988, 16.638498288964911 ], [ 73.323316254341705, 16.638227209917833 ], [ 73.324159810327046, 16.638234024080987 ], [ 73.324162165651515, 16.637962945033962 ], [ 73.324443350380363, 16.637965215822081 ], [ 73.324445705704818, 16.637694135875734 ], [ 73.324164520975899, 16.637691865087561 ], [ 73.324169231624808, 16.637149706993451 ], [ 73.324450414555017, 16.637151976882251 ], [ 73.324452770778791, 16.636880897835226 ], [ 73.324171586949277, 16.636878627047054 ], [ 73.324176297598129, 16.636336468952951 ], [ 73.323895115567211, 16.636334198164771 ], [ 73.323613932636917, 16.636331925577963 ], [ 73.323609221088759, 16.636874084571389 ], [ 73.323890404018982, 16.636876356258881 ], [ 73.32388569157149, 16.637418515252307 ], [ 73.32360450864121, 16.637416243564815 ], [ 73.323602152417436, 16.637687324410535 ], [ 73.323320967688559, 16.6376850509244 ], [ 73.32331861056548, 16.637956130870805 ], [ 73.322756242007017, 16.637951585697181 ], [ 73.322753884883923, 16.638222664744205 ], [ 73.322472699255741, 16.63822039215745 ], [ 73.322470341233327, 16.638491471204475 ], [ 73.322189157403727, 16.638489197718343 ], [ 73.322186797582674, 16.638760276765424 ], [ 73.322467983210927, 16.638762550251556 ], [ 73.322463267166071, 16.639304708345666 ], [ 73.322182080638584, 16.63930243485953 ], [ 73.32217972261617, 16.639573513906608 ], [ 73.321898535189291, 16.63957124042048 ], [ 73.32187966291616, 16.641739871897645 ], [ 73.321598472791308, 16.64173759661287 ], [ 73.321596112970269, 16.642008675659891 ], [ 73.321314922845488, 16.64200640127444 ], [ 73.321312562125115, 16.642277479422205 ], [ 73.321593753149273, 16.642279754706973 ], [ 73.321586673686099, 16.643092991848164 ], [ 73.321305481762622, 16.643090716563393 ], [ 73.32129367995941, 16.64444611000005 ], [ 73.321574873681513, 16.644448385284818 ], [ 73.321570153140101, 16.644990543378928 ], [ 73.322132543282279, 16.644995093049147 ], [ 73.322130182561907, 16.645266172096228 ], [ 73.323254964644946, 16.645275266940075 ], [ 73.323252606622518, 16.6455463459871 ], [ 73.323533802143274, 16.645548618573908 ], [ 73.323531445020251, 16.645819699419633 ], [ 73.323812641440341, 16.645821971107125 ], [ 73.323807927194125, 16.646364129201231 ], [ 73.323526729874743, 16.646361856614419 ], [ 73.323524371852315, 16.646632935661501 ], [ 73.323243175432253, 16.646630662175369 ], [ 73.32324081740984, 16.64690174122245 ], [ 73.323522014729235, 16.646904014708582 ], [ 73.323519656706836, 16.647175093755607 ], [ 73.323800854925594, 16.647177366342419 ], [ 73.323796139780086, 16.647719524436525 ], [ 73.324077338898107, 16.647721797023337 ], [ 73.324074981775013, 16.647992876070418 ], [ 73.324637380910488, 16.647997419445407 ], [ 73.3246350246867, 16.648268497593165 ], [ 73.325197424721409, 16.648273040968089 ], [ 73.325199780045878, 16.648001961921064 ] ] ], [ [ [ 73.2961615084469, 16.81448754556385 ], [ 73.297005827057333, 16.814494542289367 ], [ 73.297008248032284, 16.814223471336163 ], [ 73.297289687269313, 16.814225802378928 ], [ 73.297292107344958, 16.813954731425781 ], [ 73.296729229770222, 16.813950069340251 ], [ 73.296731649845796, 16.813678998387108 ], [ 73.296450212407422, 16.81367666644508 ], [ 73.296447791432513, 16.813947737398223 ], [ 73.296166351296108, 16.813945404556815 ], [ 73.296163930321214, 16.814216476409285 ], [ 73.295882491084171, 16.814214142668618 ], [ 73.295877646436267, 16.814756284574916 ], [ 73.296159086572629, 16.814758617416317 ], [ 73.2961615084469, 16.81448754556385 ] ] ], [ [ [ 73.287744028564134, 16.842882012295096 ], [ 73.287729399292402, 16.844508425423555 ], [ 73.288010882596211, 16.844510772654075 ], [ 73.288008445433491, 16.84478184180858 ], [ 73.288289927837965, 16.84478418903916 ], [ 73.288285052613176, 16.845326327348175 ], [ 73.288566535916971, 16.845328674578695 ], [ 73.288564098754179, 16.84559974373326 ], [ 73.29025300667098, 16.84561381902256 ], [ 73.290255441135741, 16.845342749868053 ], [ 73.289973956932613, 16.845340405335492 ], [ 73.289976392296737, 16.84506933618098 ], [ 73.289131940586643, 16.845062298985962 ], [ 73.289134376850086, 16.844791229831461 ], [ 73.288852894445611, 16.844788884399517 ], [ 73.288855330708998, 16.844517814345693 ], [ 73.288573847405175, 16.844515468014492 ], [ 73.28857628456791, 16.844244398859985 ], [ 73.288294802163406, 16.844242051629404 ], [ 73.288302114551016, 16.843428845065205 ], [ 73.288020633945166, 16.843426497834688 ], [ 73.288025509169984, 16.842884360424936 ], [ 73.287744028564134, 16.842882012295096 ] ] ], [ [ [ 73.288185069585325, 16.85644014469699 ], [ 73.288748070367205, 16.856444841855989 ], [ 73.288750509328636, 16.856173773600801 ], [ 73.287906009055135, 16.856166727412589 ], [ 73.287903569194441, 16.85643779476845 ], [ 73.28734056841256, 16.856433095810758 ], [ 73.287328364612407, 16.857788437086754 ], [ 73.287609866801958, 16.857790787914553 ], [ 73.287607426041902, 16.858061856169797 ], [ 73.287888929130816, 16.858064206098273 ], [ 73.287886488370816, 16.858335274353461 ], [ 73.28816799056041, 16.858337624282001 ], [ 73.288165551598965, 16.858608693436508 ], [ 73.290136078617209, 16.858625129446239 ], [ 73.290138515779915, 16.858354060291674 ], [ 73.289857011791682, 16.858351713960474 ], [ 73.289859449853793, 16.858080644805966 ], [ 73.289296443675994, 16.858075950344869 ], [ 73.289298881738048, 16.857804881190358 ], [ 73.288172871181146, 16.857795486872249 ], [ 73.288185069585325, 16.85644014469699 ] ] ], [ [ [ 73.280174736175184, 16.901644741811424 ], [ 73.280456303115955, 16.901647107927715 ], [ 73.280466132705897, 16.900562843000845 ], [ 73.280184567563822, 16.90056047688455 ], [ 73.280187025410953, 16.900289410427998 ], [ 73.279905461168127, 16.900287044311707 ], [ 73.27991529255678, 16.899202779384837 ], [ 73.280196855900229, 16.899205146400448 ], [ 73.280199312848097, 16.898934079044579 ], [ 73.280480875292199, 16.898936445160874 ], [ 73.280485789187864, 16.898394312247778 ], [ 73.280204227643011, 16.898391947030802 ], [ 73.280209142438025, 16.897849814117652 ], [ 73.280490703083572, 16.897852179334677 ], [ 73.280493160031369, 16.897581112878129 ], [ 73.279366919247977, 16.89757164931223 ], [ 73.279354626414928, 16.898926979796329 ], [ 73.27907306487009, 16.898924612780718 ], [ 73.279058309693312, 16.900551009721369 ], [ 73.279339873936053, 16.90055337673698 ], [ 73.279334956443165, 16.90109550875076 ], [ 73.279616521585254, 16.901097876665744 ], [ 73.279609145345816, 16.90191107513607 ], [ 73.280172278328038, 16.901915808267969 ], [ 73.280174736175184, 16.901644741811424 ] ] ], [ [ [ 73.280994865720515, 16.90436250202788 ], [ 73.280431726443055, 16.904357769795293 ], [ 73.280429267696618, 16.904628836251845 ], [ 73.28071083823464, 16.904631202368137 ], [ 73.280708380387537, 16.904902268824681 ], [ 73.280989951824893, 16.904904634041653 ], [ 73.280994865720515, 16.90436250202788 ] ] ], [ [ [ 73.280985037029879, 16.90544676695475 ], [ 73.281266609366597, 16.905449132171785 ], [ 73.281264152418771, 16.90572019862833 ], [ 73.281545724755446, 16.905722563845302 ], [ 73.281543267807592, 16.90599363030185 ], [ 73.281824841043672, 16.905995994619495 ], [ 73.28182238499511, 16.906267061076051 ], [ 73.282667104703194, 16.906274153129687 ], [ 73.282664649553951, 16.906545219586295 ], [ 73.282946223689351, 16.90654758300462 ], [ 73.282948678838522, 16.906276517447395 ], [ 73.282951133088375, 16.906005450091467 ], [ 73.282387986616342, 16.90600072325481 ], [ 73.282390442664848, 16.905729656798258 ], [ 73.28182729709215, 16.90572492816295 ], [ 73.281832209189119, 16.905182796149173 ], [ 73.281269066314408, 16.905178065715234 ], [ 73.281271523262262, 16.904907000158005 ], [ 73.280989951824893, 16.904904634041653 ], [ 73.280985037029879, 16.90544676695475 ] ] ], [ [ [ 72.941955295400646, 18.248236994741539 ], [ 72.942238896607876, 18.248240043443271 ], [ 72.942242087402462, 18.247969066918923 ], [ 72.942525690408331, 18.247972115620712 ], [ 72.942532069299588, 18.247430162572016 ], [ 72.942815671406152, 18.247433211273748 ], [ 72.942822049398103, 18.246891258225038 ], [ 72.943105649705998, 18.246894305128141 ], [ 72.943108838702031, 18.246623328603793 ], [ 72.942825239293427, 18.246620281700697 ], [ 72.942541639884837, 18.246617232998972 ], [ 72.942538449989513, 18.246888210422632 ], [ 72.942254850580937, 18.246885161720911 ], [ 72.942251659786336, 18.247156138245263 ], [ 72.941968058579107, 18.247153090442794 ], [ 72.941964868683783, 18.247424065168499 ], [ 72.941397668067964, 18.247417966865726 ], [ 72.941394474575418, 18.247688943390077 ], [ 72.941110875166828, 18.247685892889702 ], [ 72.941107682573531, 18.247956869414054 ], [ 72.940824081366316, 18.247953818014366 ], [ 72.940814501787898, 18.248766746688034 ], [ 72.94053089968132, 18.248763695288343 ], [ 72.940524512696172, 18.249305647437723 ], [ 72.940808115702055, 18.24930869883741 ], [ 72.940804922209452, 18.249579675361762 ], [ 72.941939337830192, 18.249591875564636 ], [ 72.941955295400646, 18.248236994741539 ] ] ], [ [ [ 72.941926571054452, 18.250675781662036 ], [ 72.941920187666597, 18.251217733811416 ], [ 72.942203794269744, 18.251220783412467 ], [ 72.942210177657614, 18.250678831263091 ], [ 72.941926571054452, 18.250675781662036 ] ] ], [ [ [ 72.932799527875929, 18.35057941280968 ], [ 72.933083294558472, 18.350582492088389 ], [ 72.933086518627988, 18.350311520060643 ], [ 72.932802751945545, 18.350308440781991 ], [ 72.932805976914381, 18.350037468754238 ], [ 72.9325222111312, 18.350034388576205 ], [ 72.932528661068886, 18.349492446319406 ], [ 72.931961131301264, 18.349486285963394 ], [ 72.93196435716942, 18.349215313935648 ], [ 72.931680593184865, 18.349212233757608 ], [ 72.931683819053092, 18.348941261729919 ], [ 72.931116291084038, 18.348935099575215 ], [ 72.931119518750847, 18.348664128446842 ], [ 72.930835754766349, 18.348661045570854 ], [ 72.930838982433144, 18.34839007444242 ], [ 72.930555219347937, 18.348386991566493 ], [ 72.930558447014789, 18.348116021337376 ], [ 72.929707159557822, 18.34810677270946 ], [ 72.929697472960086, 18.348919686994012 ], [ 72.929129946789658, 18.348913519443443 ], [ 72.929133176255178, 18.348642547415693 ], [ 72.928849414069234, 18.348639462741062 ], [ 72.928852644434073, 18.348368491612632 ], [ 72.928285119162993, 18.348362321364107 ], [ 72.928288350427096, 18.348091350235681 ], [ 72.928004589140528, 18.348088263762413 ], [ 72.928011052568081, 18.347546322404924 ], [ 72.927727291281542, 18.347543235931649 ], [ 72.92773052344495, 18.347272264803223 ], [ 72.927163002670525, 18.347266090957362 ], [ 72.927159769607741, 18.347537062085795 ], [ 72.926592247933982, 18.347530886441291 ], [ 72.926589014871183, 18.347801857569721 ], [ 72.926021492298105, 18.347795680126577 ], [ 72.926018257436681, 18.34806665125501 ], [ 72.925734496150142, 18.34806356208378 ], [ 72.925724790666607, 18.348876474569696 ], [ 72.926859841208739, 18.348888828556653 ], [ 72.926856608146025, 18.349159799685086 ], [ 72.927424134316411, 18.34916597532952 ], [ 72.927427367379167, 18.348895004201161 ], [ 72.92856241971991, 18.34890734919486 ], [ 72.928555958091053, 18.349449290552343 ], [ 72.928839722075566, 18.349452376126294 ], [ 72.928836491710797, 18.349723347254727 ], [ 72.92940402057917, 18.349729516603983 ], [ 72.929400791113665, 18.350000488631686 ], [ 72.929684555997525, 18.35000357240699 ], [ 72.929687784563669, 18.349732601278561 ], [ 72.930539080114499, 18.349741850805803 ], [ 72.930542307781295, 18.349470878778106 ], [ 72.931677366417375, 18.349483205785358 ], [ 72.931674141448525, 18.349754176913788 ], [ 72.931390374765996, 18.349751095836442 ], [ 72.931383921231031, 18.350293039891937 ], [ 72.932235218580516, 18.350302281325298 ], [ 72.932231995410277, 18.350573253352991 ], [ 72.932515761193486, 18.350576334430347 ], [ 72.932512536224635, 18.350847305558773 ], [ 72.932796302907079, 18.350850384837436 ], [ 72.932799527875929, 18.35057941280968 ] ] ], [ [ [ 72.895857293779159, 18.471312068297379 ], [ 72.89614125201723, 18.4713152222198 ], [ 72.89614786203424, 18.470773297949389 ], [ 72.895863904695489, 18.470770144026972 ], [ 72.895867209704022, 18.4704991818918 ], [ 72.896151167042774, 18.470502335814214 ], [ 72.896164385278198, 18.469418487273398 ], [ 72.896448340818324, 18.469421640296499 ], [ 72.896451644927538, 18.469150678161331 ], [ 72.895883735645953, 18.469144371215805 ], [ 72.895890345662963, 18.468602446945397 ], [ 72.896174299404436, 18.468605600867814 ], [ 72.896180907622863, 18.468063676597467 ], [ 72.896464859565697, 18.468066829620572 ], [ 72.896468164574173, 18.467795866586009 ], [ 72.89618421263134, 18.467792713562911 ], [ 72.896190820849753, 18.467250790191883 ], [ 72.895906869806254, 18.467247636269462 ], [ 72.895913478923944, 18.466705711999055 ], [ 72.895629527880487, 18.46670255897595 ], [ 72.895636137897498, 18.466160634705599 ], [ 72.895352188652609, 18.466157480783185 ], [ 72.895358798669676, 18.465615557412097 ], [ 72.895642747015231, 18.465618710435194 ], [ 72.895655966150002, 18.464534860995112 ], [ 72.895372018703767, 18.464531707972014 ], [ 72.895385237838525, 18.463447859431199 ], [ 72.895101293090235, 18.463444706408097 ], [ 72.895107903107302, 18.46290278123843 ], [ 72.89482395925836, 18.462899626416682 ], [ 72.894830570174747, 18.462357702146281 ], [ 72.895114513124312, 18.462360856968015 ], [ 72.89512442814987, 18.461547969663116 ], [ 72.894840486099611, 18.461544815740695 ], [ 72.894850401125169, 18.460731929335108 ], [ 72.895134341376817, 18.460735083257532 ], [ 72.895173991586489, 18.457483535836559 ], [ 72.894890057630107, 18.457480382813458 ], [ 72.894893361739321, 18.457209420678286 ], [ 72.895461230551419, 18.457215726724485 ], [ 72.895457927341496, 18.45748668885966 ], [ 72.896025797952291, 18.457492993107223 ], [ 72.896022495641716, 18.457763955242399 ], [ 72.896590367151759, 18.457770257691266 ], [ 72.896593668563014, 18.45749929555609 ], [ 72.896309732807993, 18.457496144331625 ], [ 72.89631303511851, 18.457225182196449 ], [ 72.896029100262808, 18.457222030072668 ], [ 72.896032402573383, 18.456951067937496 ], [ 72.895748468616986, 18.456947915813714 ], [ 72.895751770927518, 18.456676953678535 ], [ 72.895467837870456, 18.456673801554757 ], [ 72.895471141080336, 18.456402839419578 ], [ 72.895187207123968, 18.45639968639648 ], [ 72.895190511233181, 18.456128724261252 ], [ 72.894906578176105, 18.456125571238147 ], [ 72.894909882285276, 18.455854609102971 ], [ 72.894625950127534, 18.45585145607987 ], [ 72.894629254236747, 18.455580493944698 ], [ 72.894345322079005, 18.45557734002227 ], [ 72.894299049261747, 18.459370810814335 ], [ 72.894015111708086, 18.459367655992594 ], [ 72.894011805800233, 18.459638618127769 ], [ 72.893727867347252, 18.459635462406712 ], [ 72.89371794692579, 18.460448348812289 ], [ 72.893434007573433, 18.460445193091228 ], [ 72.893424085353331, 18.461258078597499 ], [ 72.893140145101654, 18.461254921977115 ], [ 72.893120297064129, 18.462880692989639 ], [ 72.893404240913085, 18.462883849610019 ], [ 72.893384393774795, 18.464509620622554 ], [ 72.893668339422376, 18.46451277724293 ], [ 72.893665032615218, 18.464783739378102 ], [ 72.893948979162147, 18.464786895099166 ], [ 72.89394567055632, 18.465057857234399 ], [ 72.894229618901875, 18.465061012955459 ], [ 72.894226312094702, 18.465331975090635 ], [ 72.8945102604402, 18.465335130811695 ], [ 72.89450364682591, 18.465877054182723 ], [ 72.894787596070799, 18.465880209903787 ], [ 72.894780983355773, 18.466422133274875 ], [ 72.895064932600619, 18.466425288096616 ], [ 72.895061627592099, 18.466696250231792 ], [ 72.895345577736293, 18.466699405053532 ], [ 72.895338966819907, 18.467241329323944 ], [ 72.895622917863435, 18.467244483246361 ], [ 72.895593170088787, 18.469683141563795 ], [ 72.89530921544798, 18.469679987641367 ], [ 72.895302602733011, 18.470221911012455 ], [ 72.895018647192856, 18.470218756190718 ], [ 72.894998806349903, 18.471844528102569 ], [ 72.895282764587989, 18.471847682924246 ], [ 72.895276152772283, 18.472389607194653 ], [ 72.89556011190966, 18.472392762016394 ], [ 72.895556806001878, 18.472663724151573 ], [ 72.895840766038589, 18.472666878073994 ], [ 72.89583746013075, 18.47293784020923 ], [ 72.89612142106678, 18.472940995030964 ], [ 72.896118115158956, 18.473211957166143 ], [ 72.89753792163782, 18.473227722281589 ], [ 72.897534618427983, 18.473498684416821 ], [ 72.898954429403418, 18.473514438740381 ], [ 72.898961030427245, 18.47297251357071 ], [ 72.897257263911683, 18.472953607123312 ], [ 72.897260568020855, 18.472682644988144 ], [ 72.896692647048084, 18.472676339841257 ], [ 72.896699255266469, 18.472134415570846 ], [ 72.895847377854224, 18.472124954702963 ], [ 72.895857293779159, 18.471312068297379 ] ] ], [ [ [ 72.780242532566874, 19.209749163093473 ], [ 72.780527712084293, 19.209752618288746 ], [ 72.780531348942645, 19.209481698421712 ], [ 72.780816527560773, 19.209485152717662 ], [ 72.780820164419069, 19.209214232850627 ], [ 72.780534985801026, 19.20921077855462 ], [ 72.780556803353889, 19.207585257553664 ], [ 72.780271627433706, 19.207581804156973 ], [ 72.780282536210095, 19.20676904365649 ], [ 72.779997362088636, 19.20676558936049 ], [ 72.780004634906064, 19.206223748727098 ], [ 72.779434287562367, 19.206216838336449 ], [ 72.779441563077725, 19.205674998602376 ], [ 72.780867428289255, 19.205692271880881 ], [ 72.780863793229514, 19.205963191747969 ], [ 72.781148965552333, 19.205966645144603 ], [ 72.781145331391997, 19.206237565911003 ], [ 72.781715681433568, 19.206244470905631 ], [ 72.781712046373912, 19.206515391672035 ], [ 72.782567571436346, 19.206525745566751 ], [ 72.782574836159824, 19.205983905832625 ], [ 72.782860010281297, 19.205987357430669 ], [ 72.7828563779196, 19.206258277297703 ], [ 72.783141552940378, 19.206261727097061 ], [ 72.78314518440277, 19.205990806330703 ], [ 72.78400070766655, 19.206001154829494 ], [ 72.784004337330373, 19.20573023406309 ], [ 72.78428951055254, 19.205733682963171 ], [ 72.784293141115654, 19.205462762196756 ], [ 72.784578314337807, 19.205466210197468 ], [ 72.784581944001559, 19.205195289431124 ], [ 72.784867117223712, 19.205198737431829 ], [ 72.784870745088867, 19.204927815766158 ], [ 72.785155918311034, 19.204931262867547 ], [ 72.785159546176146, 19.204660342101135 ], [ 72.784874373853313, 19.204656894999744 ], [ 72.784878002617802, 19.204385974233389 ], [ 72.785163174041301, 19.204389420435461 ], [ 72.785166801906428, 19.20411849966905 ], [ 72.784026117111679, 19.204104710364167 ], [ 72.784022487447885, 19.204375631130521 ], [ 72.783737316024371, 19.204372182230486 ], [ 72.783733684561909, 19.20464310299684 ], [ 72.782878169392063, 19.20463275359873 ], [ 72.782881801753831, 19.204361833731699 ], [ 72.778604237595573, 19.204310030983212 ], [ 72.778600599837887, 19.204580950850239 ], [ 72.778030257890109, 19.204574035963045 ], [ 72.778026618333797, 19.204844955830087 ], [ 72.777741446910298, 19.204841497037535 ], [ 72.777737805555319, 19.205112416904566 ], [ 72.777452635031125, 19.205108958111968 ], [ 72.777448994575465, 19.205379877979052 ], [ 72.776878650829119, 19.205372958595206 ], [ 72.776875008574848, 19.205643877562981 ], [ 72.776589836252015, 19.205640418770372 ], [ 72.776582551743459, 19.206182257605175 ], [ 72.776867724965598, 19.206185717297046 ], [ 72.776864083610619, 19.206456637164134 ], [ 72.777149256832772, 19.206460096856063 ], [ 72.777141974122856, 19.207001935690812 ], [ 72.777427149143648, 19.207005393584097 ], [ 72.777423507788683, 19.207276314350459 ], [ 72.778279033750422, 19.207286689828948 ], [ 72.778275394194154, 19.207557608796662 ], [ 72.778845746034406, 19.20756452458318 ], [ 72.778842107377372, 19.207835443550948 ], [ 72.779412460116973, 19.207842358438139 ], [ 72.779405183702295, 19.208384196373622 ], [ 72.779120005983543, 19.208380740278979 ], [ 72.779098173142245, 19.210006258582041 ], [ 72.779383353558956, 19.21000971467663 ], [ 72.779379714901964, 19.210280635443034 ], [ 72.780235257950835, 19.210291002827542 ], [ 72.780242532566874, 19.209749163093473 ] ] ], [ [ [ 72.779586001392886, 19.237379483976042 ], [ 72.778730318949101, 19.237369098605086 ], [ 72.778733963901331, 19.237098179637318 ], [ 72.7784487376192, 19.237094717247437 ], [ 72.778452382571459, 19.236823799179039 ], [ 72.778737609752966, 19.236827261568923 ], [ 72.77874489965744, 19.236285423633436 ], [ 72.779030125040322, 19.236288885123994 ], [ 72.779033769992566, 19.236017967055599 ], [ 72.779604219858939, 19.236024889137358 ], [ 72.779611507065454, 19.235483051201925 ], [ 72.779896732448307, 19.235486511793109 ], [ 72.779907660110496, 19.234673753990592 ], [ 72.780192882795362, 19.234677214581836 ], [ 72.780200167303903, 19.234135375747027 ], [ 72.779914946417705, 19.234131916055102 ], [ 72.779918587772684, 19.233860997087394 ], [ 72.780203809558188, 19.233864456779322 ], [ 72.780214735421751, 19.233051698976787 ], [ 72.780499955408686, 19.233055158668659 ], [ 72.780503597662957, 19.232784238801621 ], [ 72.780218377676022, 19.23278078000903 ], [ 72.780225661285257, 19.232238942073593 ], [ 72.780510878574276, 19.232242400866134 ], [ 72.780518162183512, 19.231700562031335 ], [ 72.780803380371765, 19.23170402082394 ], [ 72.780821582649992, 19.230349423287294 ], [ 72.780536367159698, 19.230345965394058 ], [ 72.780540007615343, 19.230075046426293 ], [ 72.780254793024312, 19.230071587633692 ], [ 72.780262074834937, 19.229529748798942 ], [ 72.779691646552294, 19.229522831213728 ], [ 72.779688004297995, 19.2297937501815 ], [ 72.779402789707021, 19.229790289590255 ], [ 72.779391862044861, 19.230603048292096 ], [ 72.779106646554581, 19.230599587700855 ], [ 72.779103003400976, 19.230870506668627 ], [ 72.778817787011306, 19.230867046077382 ], [ 72.778810498905443, 19.231408884012865 ], [ 72.77852528161651, 19.231405423421613 ], [ 72.778517992611341, 19.231947259558407 ], [ 72.778232775322351, 19.23194379806791 ], [ 72.778229130370107, 19.232214717035617 ], [ 72.777943911282534, 19.232211254645733 ], [ 72.777936619579407, 19.232753091681904 ], [ 72.777651401391083, 19.232749629292019 ], [ 72.777647756438853, 19.233020547360411 ], [ 72.777362535552641, 19.233017084071207 ], [ 72.777355242050817, 19.233558921107374 ], [ 72.77707002116459, 19.233555457818174 ], [ 72.777059080012592, 19.234368212922732 ], [ 72.777914746268593, 19.234378604588986 ], [ 72.777911100416986, 19.234649523556701 ], [ 72.777625877732135, 19.234646059368178 ], [ 72.777622230981251, 19.234916978335946 ], [ 72.777337008296342, 19.234913514147422 ], [ 72.777333360646139, 19.235184433115137 ], [ 72.777048137061911, 19.235180968926606 ], [ 72.777044490311027, 19.235451886995065 ], [ 72.776759265827536, 19.235448422806538 ], [ 72.776741024878447, 19.23680301494722 ], [ 72.77645579859626, 19.236799548960047 ], [ 72.776452150046751, 19.237070467028495 ], [ 72.775881696583099, 19.237063535054176 ], [ 72.77587074733718, 19.237876289259422 ], [ 72.776155975417964, 19.237879756145901 ], [ 72.776148675620945, 19.238421593182014 ], [ 72.776433904601049, 19.238425059169174 ], [ 72.77643025605154, 19.238695977237626 ], [ 72.776715485031687, 19.238699443224785 ], [ 72.77671183558283, 19.23897036129318 ], [ 72.777282296241012, 19.23897729236819 ], [ 72.777278647691503, 19.239248210436585 ], [ 72.777849109249075, 19.239255139712956 ], [ 72.777845461598815, 19.23952605868072 ], [ 72.778415924055707, 19.239532986158448 ], [ 72.778412278204144, 19.239803904226846 ], [ 72.778982741560355, 19.239810829905931 ], [ 72.778979095708735, 19.240081748873649 ], [ 72.77926432828616, 19.24008521126353 ], [ 72.779260683333902, 19.240356129331929 ], [ 72.779545915911342, 19.240359591721813 ], [ 72.779542271858404, 19.240630510689584 ], [ 72.779827504435843, 19.240633972180149 ], [ 72.779820216329995, 19.241175809216255 ], [ 72.78010545070606, 19.241179270706819 ], [ 72.780101806653136, 19.241450189674534 ], [ 72.780672277203905, 19.241457110857031 ], [ 72.780683204866079, 19.24064435305451 ], [ 72.780968438342811, 19.240647812746431 ], [ 72.780975722851394, 19.240105974810941 ], [ 72.781260955428834, 19.240109433603546 ], [ 72.781271880393049, 19.239296676700288 ], [ 72.780986648714915, 19.239293217907747 ], [ 72.780993932324165, 19.238751379072941 ], [ 72.780708702444713, 19.238747920280336 ], [ 72.780715986953282, 19.238206081445526 ], [ 72.780430757073802, 19.238202621753658 ], [ 72.780434400227421, 19.237931702785886 ], [ 72.780149171247331, 19.237928243094025 ], [ 72.780152814400935, 19.23765732412625 ], [ 72.779582358239281, 19.237650402943814 ], [ 72.779586001392886, 19.237379483976042 ] ], [ [ 72.779633365987081, 19.233857537395465 ], [ 72.779640652294347, 19.233315698560723 ], [ 72.779925873180545, 19.233319159151904 ], [ 72.779918587772684, 19.233860997087394 ], [ 72.779633365987081, 19.233857537395465 ] ], [ [ 72.779578714186371, 19.237921321911536 ], [ 72.77929348520621, 19.237917860420961 ], [ 72.779297130158525, 19.23764694055393 ], [ 72.779582358239281, 19.237650402943814 ], [ 72.779578714186371, 19.237921321911536 ] ], [ [ 72.777874637404622, 19.237358709636791 ], [ 72.778159864586144, 19.237362172925998 ], [ 72.778156217835246, 19.237633091893713 ], [ 72.777870990653739, 19.237629628604509 ], [ 72.777874637404622, 19.237358709636791 ] ] ], [ [ [ 72.717650315309868, 19.566106182154616 ], [ 72.717936104567613, 19.566109797429249 ], [ 72.717939918592435, 19.565838900045261 ], [ 72.718225706950875, 19.565842515319897 ], [ 72.718233334101171, 19.565300719652548 ], [ 72.718519121560291, 19.565304334027871 ], [ 72.718522934685723, 19.56503343664383 ], [ 72.718808722144843, 19.56503705011983 ], [ 72.718812534370997, 19.564766152735789 ], [ 72.719384108389931, 19.564773378788455 ], [ 72.719395542370421, 19.563960685737133 ], [ 72.719681327131568, 19.563964297414422 ], [ 72.719704190595948, 19.562338910412453 ], [ 72.719989973558484, 19.56234252119043 ], [ 72.720058540569255, 19.557466352989817 ], [ 72.720344315437842, 19.557469963767858 ], [ 72.720351931796245, 19.556928166301866 ], [ 72.720637704866235, 19.556931776180587 ], [ 72.720649127155525, 19.556119081330568 ], [ 72.720934899326195, 19.556122690309962 ], [ 72.720942512986667, 19.555580892843974 ], [ 72.721228284257961, 19.555584501823375 ], [ 72.721232091088211, 19.555313604439331 ], [ 72.72151786056088, 19.555317210720773 ], [ 72.721525473322004, 19.554775414154104 ], [ 72.721811242794672, 19.554779021334806 ], [ 72.721815047826212, 19.554508122152189 ], [ 72.722100817298951, 19.554511729332891 ], [ 72.722116035626598, 19.553428134400924 ], [ 72.722401803300613, 19.553431740682356 ], [ 72.722496882325288, 19.546659267411307 ], [ 72.722211127241778, 19.546655661129932 ], [ 72.722226338374867, 19.545572065298643 ], [ 72.721940584190676, 19.54556845991652 ], [ 72.72195959855668, 19.54421396490261 ], [ 72.722245350042954, 19.544217570284673 ], [ 72.722249152376563, 19.543946671102052 ], [ 72.722820654449706, 19.543953879168221 ], [ 72.722824455883995, 19.54368297998559 ], [ 72.723110205571572, 19.543686583569006 ], [ 72.723114007005847, 19.543415684386382 ], [ 72.723399756693468, 19.543419287070492 ], [ 72.723403557228451, 19.543148387887868 ], [ 72.723117808440193, 19.543144784304385 ], [ 72.723121608075814, 19.542873885121772 ], [ 72.722835859287557, 19.542870282437658 ], [ 72.722843461256801, 19.542328483173037 ], [ 72.722557711569209, 19.542324879589554 ], [ 72.722561513902789, 19.542053980406937 ], [ 72.722275766913185, 19.542050376823447 ], [ 72.722294774983922, 19.540695880910221 ], [ 72.722580520174915, 19.540699483594324 ], [ 72.722588122144202, 19.540157686128335 ], [ 72.722873866435862, 19.540161288812502 ], [ 72.722877666071497, 19.539890389629818 ], [ 72.723163410363156, 19.539893992313917 ], [ 72.723167209998792, 19.539623093131294 ], [ 72.723452953391131, 19.539626694916084 ], [ 72.723460551763097, 19.539084896550776 ], [ 72.723746294256159, 19.539088497436236 ], [ 72.723750092992475, 19.538817598253619 ], [ 72.724035834586175, 19.538821199139075 ], [ 72.724039633322491, 19.538550299956459 ], [ 72.724325374916191, 19.538553899942599 ], [ 72.724332970590183, 19.538012100677967 ], [ 72.724618711284563, 19.538015700664118 ], [ 72.724626305159916, 19.537473901399498 ], [ 72.724912044954976, 19.537477501385638 ], [ 72.724919637931009, 19.536935701221694 ], [ 72.725205376826736, 19.536939300308518 ], [ 72.725212968903463, 19.536397500144567 ], [ 72.725498706899884, 19.536401099231398 ], [ 72.725502502038921, 19.53613019914939 ], [ 72.726073977132387, 19.536137394625086 ], [ 72.726081565611821, 19.535595593561823 ], [ 72.726938776903069, 19.535606383627737 ], [ 72.726942569344146, 19.53533548264647 ], [ 72.727228306441248, 19.535339078136015 ], [ 72.727243474406848, 19.534255476908754 ], [ 72.72752920880599, 19.534259070599653 ], [ 72.727533000347762, 19.533988171417036 ], [ 72.727818734746833, 19.533991766007254 ], [ 72.727822525389271, 19.533720865025941 ], [ 72.728108259788428, 19.533724458716851 ], [ 72.728115840173928, 19.533182657653583 ], [ 72.728401572774416, 19.533186251344489 ], [ 72.728409152260625, 19.532644450281218 ], [ 72.728694884861113, 19.532648043072758 ], [ 72.728706251392438, 19.531835341028231 ], [ 72.728991982194259, 19.531838932920493 ], [ 72.728995771038043, 19.531568031939173 ], [ 72.729281500940544, 19.531571623831439 ], [ 72.72929286477391, 19.530758920887532 ], [ 72.729578593777134, 19.530762511880489 ], [ 72.729582380822265, 19.530491610899166 ], [ 72.729868109825475, 19.530495200992789 ], [ 72.729890827599647, 19.528869795105038 ], [ 72.730176554804231, 19.528873385198608 ], [ 72.730180340050723, 19.528602484217345 ], [ 72.730466064557291, 19.528606073411591 ], [ 72.73046985070313, 19.528335172430328 ], [ 72.730755576109004, 19.528338760725266 ], [ 72.730759359556828, 19.528067859744002 ], [ 72.731045085862092, 19.528071448038926 ], [ 72.73104886930993, 19.527800546158339 ], [ 72.731620318323124, 19.527807720949628 ], [ 72.731624100871613, 19.527536819968301 ], [ 72.731909825378168, 19.527540405565322 ], [ 72.731913607926742, 19.527269504584012 ], [ 72.732199332433311, 19.52727309108036 ], [ 72.732203113183161, 19.52700219009904 ], [ 72.734488899343262, 19.527030862284501 ], [ 72.734485121291357, 19.527301764165149 ], [ 72.736485191038796, 19.527326829169912 ], [ 72.736488964594116, 19.527055927289268 ], [ 72.73677469, 19.527059506591009 ], [ 72.736782238909242, 19.526517701031143 ], [ 72.736786011565258, 19.526246799150503 ], [ 72.733357346264597, 19.526203824147217 ], [ 72.733353566413996, 19.526474726027857 ], [ 72.732210677380934, 19.526460386337817 ], [ 72.732206895731736, 19.526731288218404 ], [ 72.731635450315807, 19.526724116125077 ], [ 72.731631667767303, 19.526995017106401 ], [ 72.73106022055282, 19.526987842315116 ], [ 72.731056438004259, 19.527258744195763 ], [ 72.730199268081833, 19.527247978411538 ], [ 72.730195482835313, 19.527518879392801 ], [ 72.72990975922805, 19.527515290198544 ], [ 72.729905973082225, 19.527786191179811 ], [ 72.729334525867728, 19.527779010992617 ], [ 72.729326951777452, 19.528320812955201 ], [ 72.729041226371578, 19.528317221962254 ], [ 72.729026074593733, 19.529400825887478 ], [ 72.728740349187817, 19.529397233995212 ], [ 72.728717617923792, 19.531022638084323 ], [ 72.728431888920568, 19.531019046192053 ], [ 72.728428099177506, 19.531289947173377 ], [ 72.727856640271796, 19.531282760690878 ], [ 72.727852849629343, 19.531553661672209 ], [ 72.727281389824341, 19.531546473391078 ], [ 72.727277598282583, 19.531817372573755 ], [ 72.726991866581443, 19.531813778882842 ], [ 72.726988075938991, 19.532084678964793 ], [ 72.725845152731679, 19.53207029520803 ], [ 72.725841359391254, 19.53234119528997 ], [ 72.725555627690127, 19.532337598901112 ], [ 72.725544244971005, 19.533150299147049 ], [ 72.725258512370488, 19.533146700959545 ], [ 72.72524333181434, 19.534230301287433 ], [ 72.724957597415255, 19.534226703099936 ], [ 72.724927230007737, 19.536393901957069 ], [ 72.724641492011315, 19.536390302870249 ], [ 72.724637695972945, 19.536661202052866 ], [ 72.724351957077175, 19.536657602066725 ], [ 72.724348160139513, 19.536928502148722 ], [ 72.724062421243787, 19.536924902162582 ], [ 72.724054825569795, 19.537466701427206 ], [ 72.72376908577472, 19.537463101441006 ], [ 72.723765287038418, 19.53773399972437 ], [ 72.723193807448297, 19.537726797054063 ], [ 72.723190007812661, 19.537997696236751 ], [ 72.71890390639021, 19.537943614606206 ], [ 72.718900099560031, 19.53821451288951 ], [ 72.71832861996991, 19.538207294930778 ], [ 72.718324812240326, 19.538478193214075 ], [ 72.717753331750941, 19.538470972557377 ], [ 72.717730479078384, 19.540096363156696 ], [ 72.718016221571432, 19.540099973934673 ], [ 72.71801241384189, 19.540370872218034 ], [ 72.718298157234244, 19.540374482996075 ], [ 72.718290540875842, 19.54091627956268 ], [ 72.71886203035848, 19.540923499320108 ], [ 72.718858224427549, 19.541194397603419 ], [ 72.719143968719266, 19.541198006582764 ], [ 72.719140161889015, 19.541468905765441 ], [ 72.7194259079793, 19.541472514744783 ], [ 72.719422101149121, 19.54174341302814 ], [ 72.719993594229038, 19.541750630087563 ], [ 72.719989788298165, 19.542021528370867 ], [ 72.720275535287769, 19.542025135551626 ], [ 72.720271730256215, 19.54229603473425 ], [ 72.720843226034106, 19.542303249095713 ], [ 72.720839421002552, 19.542574147379071 ], [ 72.721125169790795, 19.542577753660456 ], [ 72.721121365658576, 19.542848652843077 ], [ 72.720549868082003, 19.542841439380993 ], [ 72.720546063949755, 19.543112338563621 ], [ 72.719403067897304, 19.543097906243418 ], [ 72.71939926106711, 19.543368805426095 ], [ 72.719113512278838, 19.543365196446704 ], [ 72.719109705448602, 19.543636093830738 ], [ 72.718823954861705, 19.543632484851344 ], [ 72.718820147132121, 19.543903383134644 ], [ 72.718534397444557, 19.543899772356664 ], [ 72.718530588815668, 19.544170670639971 ], [ 72.71824483822877, 19.54416706076131 ], [ 72.718241028700561, 19.544437959044611 ], [ 72.717955278113678, 19.544434347367314 ], [ 72.717940040000869, 19.545517941399901 ], [ 72.718225792386477, 19.545521552177952 ], [ 72.718221982858253, 19.545792449561926 ], [ 72.718507736143181, 19.545796061239287 ], [ 72.718503928413611, 19.546066960421911 ], [ 72.718789681698524, 19.546070570300621 ], [ 72.718785873069621, 19.546341468583929 ], [ 72.719071627253868, 19.546345079361966 ], [ 72.719067820423632, 19.546615977645278 ], [ 72.719353574607837, 19.546619588423315 ], [ 72.719349766878267, 19.5468904858073 ], [ 72.719635521961834, 19.546894095686014 ], [ 72.719631715131584, 19.547164993969318 ], [ 72.720203227097343, 19.547172211928114 ], [ 72.720199420267079, 19.547443110211415 ], [ 72.720485177149271, 19.547446718291432 ], [ 72.720481371218341, 19.547717616574804 ], [ 72.720767128100533, 19.547721224654826 ], [ 72.720763323068965, 19.547992123837503 ], [ 72.721049080850449, 19.547995731018194 ], [ 72.721033859824843, 19.549079325950171 ], [ 72.720748100244677, 19.549075718769476 ], [ 72.720671970834815, 19.55449368983199 ], [ 72.72038620226148, 19.554490080852585 ], [ 72.7203709713433, 19.555573674885238 ], [ 72.720085200071992, 19.555570065006524 ], [ 72.720077583713575, 19.556111861573182 ], [ 72.719791812442224, 19.556108250795212 ], [ 72.719788002914058, 19.556379149078509 ], [ 72.719502230743387, 19.556375538300522 ], [ 72.719498421215235, 19.556646436583833 ], [ 72.71921264904455, 19.556642824906479 ], [ 72.719205029088869, 19.557184620573821 ], [ 72.718919255119587, 19.557181009795848 ], [ 72.718907822937751, 19.55799370374649 ], [ 72.718622048069093, 19.557990091169813 ], [ 72.71857630944919, 19.561240866972469 ], [ 72.718862089713767, 19.561244480448465 ], [ 72.718850654833886, 19.562057172600475 ], [ 72.719136436897074, 19.562060786975795 ], [ 72.719125002916584, 19.562873480926431 ], [ 72.718839219054743, 19.562869866551122 ], [ 72.71882397104946, 19.563953458785132 ], [ 72.718538185388979, 19.563949845309139 ], [ 72.718530560037379, 19.564491640976481 ], [ 72.718244774376899, 19.564488026601225 ], [ 72.718237147226603, 19.56502982226851 ], [ 72.717951360666802, 19.565026206993934 ], [ 72.717943732617243, 19.56556800266122 ], [ 72.717657944258789, 19.565564385587951 ], [ 72.717654130233996, 19.565835284770628 ], [ 72.717368341875542, 19.565831668596665 ], [ 72.717360711127981, 19.566373463364695 ], [ 72.717646500385754, 19.566377080437967 ], [ 72.717650315309868, 19.566106182154616 ] ] ], [ [ [ 72.70639225389948, 19.674611462648954 ], [ 72.706678232014838, 19.674615114795756 ], [ 72.706701367074515, 19.67298976196798 ], [ 72.706987341592594, 19.672993413215522 ], [ 72.707002762267734, 19.671909844363885 ], [ 72.707288735886493, 19.671913495611363 ], [ 72.707296444875112, 19.671371710735905 ], [ 72.707582417594551, 19.671375361084078 ], [ 72.707586271189527, 19.671104469096008 ], [ 72.707872243908966, 19.671108119444227 ], [ 72.707883802895253, 19.670295440782017 ], [ 72.708169773816039, 19.670299091130179 ], [ 72.708173627411028, 19.670028198242793 ], [ 72.708459597432523, 19.670031846792366 ], [ 72.708463449228859, 19.669760954804243 ], [ 72.708749420149658, 19.669764603353826 ], [ 72.708757122842997, 19.669222817578998 ], [ 72.709043091965157, 19.669226465229258 ], [ 72.709046942862173, 19.668955572341815 ], [ 72.709332911984347, 19.668959219992079 ], [ 72.709344461977366, 19.668146541329858 ], [ 72.709630430200264, 19.668150188080745 ], [ 72.709638129296309, 19.667608402305973 ], [ 72.70992409572051, 19.667612048157537 ], [ 72.70992794481883, 19.667341155270151 ], [ 72.710213911243045, 19.667344801121708 ], [ 72.710217759442116, 19.667073908234329 ], [ 72.710503725866317, 19.667077553186573 ], [ 72.710507573166012, 19.666806660299191 ], [ 72.708505816290426, 19.666781133942212 ], [ 72.708486559107484, 19.668135596580552 ], [ 72.708200591783964, 19.668131948930341 ], [ 72.708192888191334, 19.668673734705127 ], [ 72.707906919968408, 19.668670085256281 ], [ 72.707895361881526, 19.669482763019175 ], [ 72.70760939185999, 19.669479113570269 ], [ 72.707601685569372, 19.670020898445784 ], [ 72.707315714648587, 19.670017248097565 ], [ 72.707311861053583, 19.670288140984955 ], [ 72.707025890132797, 19.670284489737462 ], [ 72.707022035638488, 19.670555381725539 ], [ 72.706736063818369, 19.670551729578737 ], [ 72.706732208424739, 19.670822623365435 ], [ 72.70644623660462, 19.67081897121858 ], [ 72.706442381210991, 19.671089863206653 ], [ 72.706156409390815, 19.671086211059844 ], [ 72.706152553097922, 19.671357103047914 ], [ 72.705866580378412, 19.671353450001785 ], [ 72.705862724085478, 19.671624341989855 ], [ 72.705576749567385, 19.671620688943676 ], [ 72.705572893274436, 19.671891580931742 ], [ 72.705286919655691, 19.671887926986305 ], [ 72.705283061564103, 19.672158818974367 ], [ 72.704997087945273, 19.672155164129553 ], [ 72.704993229853756, 19.672426056117679 ], [ 72.704421281716847, 19.672418746428043 ], [ 72.704417421826633, 19.672689638416106 ], [ 72.70384547279042, 19.672682325129244 ], [ 72.70381072838245, 19.67512035122326 ], [ 72.703524749367773, 19.67511669368054 ], [ 72.703520887678906, 19.675387584769283 ], [ 72.703234908664143, 19.675383927226513 ], [ 72.703200148967767, 19.677821950622558 ], [ 72.70348613157978, 19.677825609064662 ], [ 72.703482270790232, 19.678096501052721 ], [ 72.703768255200885, 19.678100158595502 ], [ 72.703752808445415, 19.679183724749123 ], [ 72.703466822236123, 19.679180067206403 ], [ 72.703451372782695, 19.680263631561388 ], [ 72.703165384774778, 19.680259974018615 ], [ 72.703157658699084, 19.68080175709548 ], [ 72.702871669791762, 19.68079809685474 ], [ 72.702863941917428, 19.681339879931556 ], [ 72.702577952110843, 19.681336219690824 ], [ 72.702566359849698, 19.682148893856436 ], [ 72.702852350555588, 19.682152554097172 ], [ 72.702848487068096, 19.682423445185918 ], [ 72.703134478673277, 19.682427105426601 ], [ 72.703126751698264, 19.682968887604147 ], [ 72.703698736707395, 19.682976205387607 ], [ 72.703683284555993, 19.684059772440609 ], [ 72.703111295949597, 19.684052452858452 ], [ 72.703095840200945, 19.685136017213491 ], [ 72.703381836302754, 19.685139676554851 ], [ 72.703370244940913, 19.685952351619786 ], [ 72.703656243740724, 19.685956010961213 ], [ 72.70365238025316, 19.686226902049945 ], [ 72.704224376953519, 19.686234219833402 ], [ 72.704220515264637, 19.686505111821475 ], [ 72.70450651406442, 19.686508769364245 ], [ 72.704502652375552, 19.686779661352311 ], [ 72.704788652074697, 19.686783318895099 ], [ 72.70478479038583, 19.687054210883161 ], [ 72.70507079008496, 19.687057868425939 ], [ 72.705066929295413, 19.687328760414001 ], [ 72.705352929893863, 19.687332417057458 ], [ 72.705349069104315, 19.687603308146208 ], [ 72.705921072099841, 19.687610621433066 ], [ 72.705917212209599, 19.687881513421132 ], [ 72.706203213707397, 19.687885169165263 ], [ 72.706195494826247, 19.688426952242082 ], [ 72.70648149812267, 19.688430607986209 ], [ 72.706477639131791, 19.688701499974286 ], [ 72.7067636424282, 19.688705154819104 ], [ 72.706759783437292, 19.68897604680717 ], [ 72.707045787633049, 19.688979701651984 ], [ 72.707038070550595, 19.6895214847288 ], [ 72.707324077444284, 19.689525139573568 ], [ 72.707320217554084, 19.689796031561684 ], [ 72.707606224447773, 19.689799686406449 ], [ 72.707602366356184, 19.690070576595872 ], [ 72.707888372350567, 19.69007423144069 ], [ 72.707884515158298, 19.690345123428752 ], [ 72.708170522051986, 19.690348775575565 ], [ 72.70816280856684, 19.690890559551747 ], [ 72.708448816359862, 19.690894212597868 ], [ 72.708444960066899, 19.691165104585931 ], [ 72.709016976552277, 19.691172408879599 ], [ 72.709028542733094, 19.690359732915397 ], [ 72.708742535839392, 19.690356080768542 ], [ 72.7087579583132, 19.689272511916954 ], [ 72.708471953218137, 19.689268859770095 ], [ 72.708475810410391, 19.688997967782029 ], [ 72.708189805315314, 19.688994315635231 ], [ 72.708197517901155, 19.688452531659042 ], [ 72.707625511308393, 19.688445225566735 ], [ 72.707633224793526, 19.687903441590606 ], [ 72.707347223295741, 19.687899787645108 ], [ 72.707351079588719, 19.687628895657042 ], [ 72.70706507899024, 19.687625241711604 ], [ 72.707080509557969, 19.686541673759272 ], [ 72.706794510758129, 19.686538019813835 ], [ 72.706813801215986, 19.685183559873447 ], [ 72.70652780331551, 19.685179905927949 ], [ 72.706543236581183, 19.684096337975689 ], [ 72.706257241378637, 19.684092683130871 ], [ 72.70639225389948, 19.674611462648954 ] ] ], [ [ [ 72.711344315887516, 20.027706447294744 ], [ 72.712204154098515, 20.027717568311175 ], [ 72.712208076041918, 20.027446685316303 ], [ 72.712494688179405, 20.02745039142247 ], [ 72.712498609223459, 20.027179509326967 ], [ 72.713071832599041, 20.027186919740586 ], [ 72.713075753643167, 20.026916036745771 ], [ 72.71364897701875, 20.026923445360758 ], [ 72.713652895364859, 20.026652562365886 ], [ 72.713939508401666, 20.026656265774076 ], [ 72.713963015780621, 20.02503096780498 ], [ 72.713676407240484, 20.025027265296103 ], [ 72.713684243932803, 20.024485499306426 ], [ 72.713111029550404, 20.024478091590712 ], [ 72.713142381715599, 20.022311029430512 ], [ 72.713428984859817, 20.022314731939385 ], [ 72.713440738998941, 20.021502082954832 ], [ 72.713727341243839, 20.02150578456434 ], [ 72.71374301103117, 20.020422252584925 ], [ 72.713456410584911, 20.020418550975421 ], [ 72.713460328931092, 20.020147667980559 ], [ 72.712887129837213, 20.020140261164158 ], [ 72.712891049082728, 20.019869378169297 ], [ 72.712031252240536, 20.019858264347469 ], [ 72.712027332095758, 20.020129147342349 ], [ 72.711740733448138, 20.020125442135509 ], [ 72.711736812404013, 20.020396324231005 ], [ 72.711450212857088, 20.020392619024221 ], [ 72.711442369869516, 20.020934384114582 ], [ 72.711155769423272, 20.020930677109103 ], [ 72.711140081649489, 20.022014208189205 ], [ 72.710853479404605, 20.022010500284413 ], [ 72.71084563371906, 20.022552265374767 ], [ 72.710559030574871, 20.022548556570655 ], [ 72.710555107732091, 20.022819439565524 ], [ 72.710268503688567, 20.022815731660724 ], [ 72.710256731563007, 20.023628378846634 ], [ 72.709970128418774, 20.023624670042519 ], [ 72.709962278236631, 20.024166434233614 ], [ 72.70967567239444, 20.024162725429505 ], [ 72.709671746853715, 20.02443360842431 ], [ 72.709385140112218, 20.024429896922243 ], [ 72.709381214571465, 20.024700779017792 ], [ 72.709094607829968, 20.024697068415037 ], [ 72.709074977428315, 20.026051478892661 ], [ 72.709361585069132, 20.026055188596104 ], [ 72.709338028227478, 20.027680482068664 ], [ 72.709624640364893, 20.027684192671419 ], [ 72.709620714824212, 20.027955074766961 ], [ 72.711340393044722, 20.027977329390296 ], [ 72.711344315887516, 20.027706447294744 ] ] ], [ [ [ 72.742083123637315, 20.183076582218519 ], [ 72.742075318421257, 20.183618349107569 ], [ 72.742362220140421, 20.183622033629995 ], [ 72.742354414924364, 20.184163801418379 ], [ 72.742641319341487, 20.184167485041428 ], [ 72.742653025816537, 20.183354834258243 ], [ 72.742366123198096, 20.183351149735813 ], [ 72.742370025356408, 20.183080266740944 ], [ 72.742083123637315, 20.183076582218519 ] ] ], [ [ [ 72.743203422599947, 20.184987503970206 ], [ 72.743199521340912, 20.185258386965018 ], [ 72.743486427556661, 20.185262070588124 ], [ 72.743490328815653, 20.184991186693935 ], [ 72.743203422599947, 20.184987503970206 ] ] ], [ [ [ 72.740121912696168, 20.239405355972444 ], [ 72.740408917837328, 20.23940905398473 ], [ 72.740432423417644, 20.237783765908144 ], [ 72.74071942406222, 20.23778746212173 ], [ 72.740731174604093, 20.236974817633776 ], [ 72.740444173959531, 20.236971121420137 ], [ 72.740436339965186, 20.237512883812609 ], [ 72.740149338421318, 20.23750918669964 ], [ 72.740145420974443, 20.237780067895866 ], [ 72.739858419430561, 20.237776369883591 ], [ 72.739850582738271, 20.238318132276049 ], [ 72.739563579395735, 20.238314434263771 ], [ 72.73955182255861, 20.239127077852405 ], [ 72.739264818316769, 20.23912337894086 ], [ 72.739245219391407, 20.2404777849219 ], [ 72.738958213350941, 20.240474085110971 ], [ 72.738926847695893, 20.242641132882 ], [ 72.739213858233015, 20.242644833592237 ], [ 72.739170729445675, 20.245624524951896 ], [ 72.739457745378715, 20.245628225662131 ], [ 72.739442062101531, 20.246711750446991 ], [ 72.739729080732559, 20.246715450257852 ], [ 72.739709477310598, 20.248069855339622 ], [ 72.739996497740208, 20.248073555150491 ], [ 72.73998865655129, 20.248615318442258 ], [ 72.740275678779611, 20.248619015555168 ], [ 72.740267839389332, 20.249160778846939 ], [ 72.740554861617639, 20.249164478657804 ], [ 72.740550942372124, 20.249435359854033 ], [ 72.740837964600416, 20.249439057866255 ], [ 72.740834046254278, 20.24970993906248 ], [ 72.741121070281224, 20.249713637974079 ], [ 72.741109314343419, 20.250526281562713 ], [ 72.741396339269684, 20.250529979574935 ], [ 72.741392420923546, 20.250800860771164 ], [ 72.741679447648423, 20.250804558783386 ], [ 72.741675529302313, 20.251075439979612 ], [ 72.74196255602719, 20.251079137092574 ], [ 72.741958638580343, 20.25135001828875 ], [ 72.74224566530529, 20.251353715401706 ], [ 72.742241748757749, 20.251624596597885 ], [ 72.742528776381945, 20.251628293710837 ], [ 72.742520942387614, 20.252170056103243 ], [ 72.743095000334051, 20.25217744942978 ], [ 72.743091084685886, 20.252448329726686 ], [ 72.743378113209417, 20.252452025040956 ], [ 72.743374197561238, 20.252722906237189 ], [ 72.743661227883408, 20.252726601551441 ], [ 72.743657313134577, 20.25299748274767 ], [ 72.743944342557427, 20.253001177162673 ], [ 72.743940429607221, 20.253272059258165 ], [ 72.744801522372427, 20.253283139805092 ], [ 72.744797609422221, 20.253554021900641 ], [ 72.745084640643711, 20.253557715416264 ], [ 72.745080728592839, 20.253828595713173 ], [ 72.745367760713634, 20.25383228832947 ], [ 72.745363848662748, 20.254103170425026 ], [ 72.745937913803743, 20.254110552959673 ], [ 72.745934002652163, 20.254381435055222 ], [ 72.746221036571612, 20.254385125872886 ], [ 72.74621712542006, 20.254656007968435 ], [ 72.746504159339551, 20.254659698786099 ], [ 72.746500249087262, 20.254930580881645 ], [ 72.746787283906087, 20.2549342708 ], [ 72.746783373653841, 20.255205152895538 ], [ 72.747070409371929, 20.255208842813886 ], [ 72.747066499119683, 20.255479724909435 ], [ 72.747353534837814, 20.255483413928452 ], [ 72.747349626384221, 20.255754296024008 ], [ 72.747636662102323, 20.255757985043029 ], [ 72.747628845195095, 20.256299750133387 ], [ 72.74791588181256, 20.256303438253099 ], [ 72.747904157351059, 20.257116085439062 ], [ 72.74819119576712, 20.25711977355877 ], [ 72.748187288212833, 20.257390655654259 ], [ 72.748474328427562, 20.257394343774017 ], [ 72.748470419973955, 20.257665225869513 ], [ 72.748757460188699, 20.257668913089901 ], [ 72.748753552634412, 20.25793979518545 ], [ 72.749040593748461, 20.257943482405835 ], [ 72.74903278043854, 20.258485246596877 ], [ 72.749319821552589, 20.258488933817318 ], [ 72.749312009141988, 20.259030698907669 ], [ 72.749599051155315, 20.259034385228741 ], [ 72.749595145399709, 20.25930526732429 ], [ 72.749882189211746, 20.259308953645359 ], [ 72.749874377700451, 20.259850718735716 ], [ 72.750161422411779, 20.259854404157462 ], [ 72.750157516656145, 20.260125286253015 ], [ 72.750444562266793, 20.260128971674764 ], [ 72.750436752554151, 20.260670736765125 ], [ 72.750723798164813, 20.260674421287547 ], [ 72.750719894207791, 20.260945304282416 ], [ 72.751006940717772, 20.260948988804842 ], [ 72.751018651689478, 20.260136340719612 ], [ 72.75073160697815, 20.260132656197182 ], [ 72.750735510935158, 20.259861773202317 ], [ 72.750448466223816, 20.259858088679891 ], [ 72.750460179893423, 20.259045440594662 ], [ 72.75017313698072, 20.259041756072232 ], [ 72.75018485244901, 20.258229107987002 ], [ 72.749897810435655, 20.258225422565253 ], [ 72.749909525903945, 20.25741277537935 ], [ 72.749622485689201, 20.257409089957605 ], [ 72.749634202056825, 20.256596441872322 ], [ 72.749347163640721, 20.256592755551253 ], [ 72.749358880907664, 20.255780108365343 ], [ 72.749071844290256, 20.255776422943597 ], [ 72.749075750045904, 20.255505539948786 ], [ 72.748788714327745, 20.255501853627717 ], [ 72.748792620982726, 20.255230970632855 ], [ 72.748505585264581, 20.255227284311783 ], [ 72.748521212783757, 20.254143754131015 ], [ 72.748234179763642, 20.254140066910622 ], [ 72.748241993972911, 20.253598302719524 ], [ 72.747954960952768, 20.25359461459982 ], [ 72.747958869406361, 20.253323733403651 ], [ 72.747671837285495, 20.253320044384566 ], [ 72.747679653293389, 20.252778280193521 ], [ 72.747105591749744, 20.252770903054795 ], [ 72.747109500203351, 20.252500020959246 ], [ 72.746822469881124, 20.252496331040899 ], [ 72.746830288586978, 20.251954566849804 ], [ 72.746543260063447, 20.251950877830776 ], [ 72.746547169416374, 20.251679995735287 ], [ 72.746260140892858, 20.251676305816886 ], [ 72.74626405114509, 20.251405422822078 ], [ 72.745977022621545, 20.25140173290368 ], [ 72.745984844025372, 20.250859968712632 ], [ 72.74541079057559, 20.250852587077304 ], [ 72.745414701727171, 20.250581704981755 ], [ 72.745127675002266, 20.250578013264771 ], [ 72.745131587053137, 20.25030713116923 ], [ 72.744844561227566, 20.250303438552923 ], [ 72.744848474177786, 20.25003255735669 ], [ 72.744561448352215, 20.250028864740386 ], [ 72.744565361302421, 20.249757982644837 ], [ 72.744278336376155, 20.249754290028534 ], [ 72.744282250225766, 20.249483407932985 ], [ 72.743708202171831, 20.249476021801005 ], [ 72.743712116021413, 20.249205139705509 ], [ 72.743425092893801, 20.24920144529051 ], [ 72.743429006743312, 20.24893056409428 ], [ 72.74314198541434, 20.248926869679337 ], [ 72.74314589926388, 20.248655987583788 ], [ 72.742858877035587, 20.248652292269522 ], [ 72.742862791784489, 20.248381411073304 ], [ 72.742575769556183, 20.24837771575903 ], [ 72.742583601751917, 20.247835951567939 ], [ 72.74229658132225, 20.247832257152993 ], [ 72.742300497869735, 20.247561375057444 ], [ 72.742013477440082, 20.247557678843858 ], [ 72.742021311434428, 20.247015915552083 ], [ 72.741734291004775, 20.247012219338504 ], [ 72.741738207552316, 20.246741338142272 ], [ 72.741451189820623, 20.246737641029373 ], [ 72.741462942161093, 20.245924997440738 ], [ 72.74117592532879, 20.24592130032778 ], [ 72.741179842775594, 20.245650418232287 ], [ 72.740892825943206, 20.245646721119329 ], [ 72.740900662635511, 20.245104957827607 ], [ 72.740613647601847, 20.245101259815328 ], [ 72.740617565947957, 20.244830378619156 ], [ 72.740330550914223, 20.244826680606874 ], [ 72.740342307751348, 20.244014037018243 ], [ 72.74005529541563, 20.244010338106651 ], [ 72.740121912696168, 20.239405355972444 ] ] ], [ [ [ 72.764179199210716, 20.303383274718389 ], [ 72.764466326659715, 20.303386943952376 ], [ 72.764470215328231, 20.303116060058183 ], [ 72.764757342777202, 20.303119729292121 ], [ 72.764761231445746, 20.302848845397936 ], [ 72.765048357096092, 20.302852513732546 ], [ 72.765052245764579, 20.302581629838414 ], [ 72.765339371414953, 20.302585298173025 ], [ 72.765343259184135, 20.302314413379527 ], [ 72.765630384834424, 20.302318080814814 ], [ 72.765634271704343, 20.302047196920618 ], [ 72.765921395555992, 20.302050864355977 ], [ 72.765925283325203, 20.301779979562468 ], [ 72.766212408076214, 20.301783646098443 ], [ 72.766216294046785, 20.301512762204251 ], [ 72.76679054264946, 20.301520092578244 ], [ 72.766794426821377, 20.301249208684055 ], [ 72.768804294682525, 20.301274852852199 ], [ 72.768800413208567, 20.301545737645711 ], [ 72.769661788360892, 20.301556721065879 ], [ 72.769657907786254, 20.301827605859383 ], [ 72.771380661688227, 20.301849561008506 ], [ 72.771384538665586, 20.301578675315682 ], [ 72.771388415642932, 20.301307791421493 ], [ 72.771101290891906, 20.301304132080077 ], [ 72.77110516786928, 20.301033247286568 ], [ 72.770818044017574, 20.301029588844468 ], [ 72.770821921894239, 20.30075870405101 ], [ 72.770534798042533, 20.300755045608931 ], [ 72.770538675919212, 20.300484159916095 ], [ 72.77025155296684, 20.300480500574682 ], [ 72.770255431742839, 20.300209615781167 ], [ 72.769968308790439, 20.300205956439804 ], [ 72.769972187566452, 20.299935071646303 ], [ 72.769397944359696, 20.299927751164823 ], [ 72.769401824035015, 20.299656866371325 ], [ 72.769114702881268, 20.299653205231266 ], [ 72.769118582556587, 20.299382320437815 ], [ 72.768257221793419, 20.299371335219011 ], [ 72.768261103267363, 20.299100450425499 ], [ 72.766825503793996, 20.299082133034062 ], [ 72.766821619622078, 20.299353017827571 ], [ 72.766534499367722, 20.299349352190916 ], [ 72.766530614296471, 20.299620236984428 ], [ 72.765956372888354, 20.299612905711058 ], [ 72.765952486917811, 20.29988378960525 ], [ 72.76566536576405, 20.299880123069268 ], [ 72.765661479793479, 20.30015100786278 ], [ 72.765374357740484, 20.300147340427483 ], [ 72.765370470870607, 20.300418224321618 ], [ 72.765083348817541, 20.300414556886327 ], [ 72.76507946104833, 20.300685441679832 ], [ 72.764792338995264, 20.300681773345218 ], [ 72.764788450326748, 20.300952657239403 ], [ 72.763352837363598, 20.300934309270986 ], [ 72.763356727830796, 20.300663425376857 ], [ 72.763069605777744, 20.300659755243544 ], [ 72.763073497144262, 20.300388871349355 ], [ 72.762786375990515, 20.300385199417459 ], [ 72.762790267356976, 20.300114316422583 ], [ 72.762216025948888, 20.300106972558808 ], [ 72.76221991821474, 20.29983608866462 ], [ 72.761932797960299, 20.299832415833347 ], [ 72.761936691125456, 20.299561531939222 ], [ 72.761649571770363, 20.299557859107949 ], [ 72.76165346493552, 20.299286976113081 ], [ 72.761366345580441, 20.299283302382545 ], [ 72.761370239644918, 20.299012417589029 ], [ 72.760796002733386, 20.299005071027242 ], [ 72.760803791761631, 20.298463304138235 ], [ 72.760516674205249, 20.298459630407649 ], [ 72.760524465032105, 20.297917862619322 ], [ 72.760237348374972, 20.297914187090097 ], [ 72.760241244238088, 20.297643304095232 ], [ 72.75995412758094, 20.29763962856606 ], [ 72.759958024343405, 20.297368745571184 ], [ 72.759670908585633, 20.297365069142703 ], [ 72.759674805348027, 20.297094186147831 ], [ 72.759387689590255, 20.29709050971929 ], [ 72.759391587252011, 20.296819626724471 ], [ 72.759104473292822, 20.296815950295915 ], [ 72.759112267717072, 20.296274183406865 ], [ 72.758825154657245, 20.296270506978374 ], [ 72.758829052318958, 20.295999623983505 ], [ 72.758541940158466, 20.295995945756317 ], [ 72.75854583782025, 20.295725062761502 ], [ 72.758258725659758, 20.295721385433634 ], [ 72.758266522781867, 20.295179619443957 ], [ 72.757979412420013, 20.295175941216769 ], [ 72.757983310981047, 20.2949050582219 ], [ 72.757696200619193, 20.294901379095389 ], [ 72.757703998640693, 20.294359613105716 ], [ 72.757416890077479, 20.294355933979208 ], [ 72.757420790437209, 20.294085050984386 ], [ 72.757133680974661, 20.294081371857882 ], [ 72.757137581334348, 20.293810488863009 ], [ 72.756850472771148, 20.293806808837189 ], [ 72.756854373130849, 20.293535925842381 ], [ 72.75656726456765, 20.29353224581655 ], [ 72.756571166726005, 20.293261362821681 ], [ 72.756284059961459, 20.293257682795847 ], [ 72.756287961220494, 20.292986799801039 ], [ 72.7560008535566, 20.292983118875892 ], [ 72.75601256003165, 20.292170470790666 ], [ 72.755725455065758, 20.292166788966199 ], [ 72.755729357224126, 20.291895905971323 ], [ 72.755442253157511, 20.291892224146864 ], [ 72.755450058373526, 20.291350459056503 ], [ 72.755162955206274, 20.291346777232036 ], [ 72.755170760422288, 20.290805012141682 ], [ 72.75488365815437, 20.290801329417889 ], [ 72.754895368226698, 20.289988681332602 ], [ 72.754608267757419, 20.289984998608876 ], [ 72.754631688801453, 20.288359703337672 ], [ 72.754344591030133, 20.288356020613893 ], [ 72.754375819088864, 20.286188960252382 ], [ 72.754088725814057, 20.286185276629279 ], [ 72.754104340742785, 20.285101746448504 ], [ 72.754391432218881, 20.28510543007161 ], [ 72.754395335276584, 20.284834547076741 ], [ 72.754682425853332, 20.284838229800528 ], [ 72.754686328011701, 20.284567346805659 ], [ 72.754399237434924, 20.284563664081876 ], [ 72.754422653982374, 20.282938368810729 ], [ 72.754135566103571, 20.282934686086946 ], [ 72.754182398299122, 20.279684093745974 ], [ 72.754469479882616, 20.279687775570434 ], [ 72.754496789595237, 20.277791596405109 ], [ 72.754783867581466, 20.277795276430936 ], [ 72.754822873876606, 20.275086447381685 ], [ 72.754535800386918, 20.275082765557219 ], [ 72.75456310380423, 20.273186584593251 ], [ 72.754276033911864, 20.273182904567431 ], [ 72.754287735890344, 20.272370255582867 ], [ 72.754000667796618, 20.272366575557044 ], [ 72.754016271034132, 20.271283043577629 ], [ 72.753729205638365, 20.271279362652535 ], [ 72.753748711034248, 20.269924947678252 ], [ 72.753461647437121, 20.269921266753105 ], [ 72.753481153732324, 20.268566851778818 ], [ 72.753194092833155, 20.268563170853717 ], [ 72.753205798408942, 20.267750521869118 ], [ 72.752918738409107, 20.267746840044708 ], [ 72.752934345243872, 20.266663308065286 ], [ 72.752647287942068, 20.266659626240823 ], [ 72.75266679873387, 20.26530521216586 ], [ 72.752379744129939, 20.26530152944207 ], [ 72.752383646288308, 20.265030646447205 ], [ 72.752096591684392, 20.265026963723468 ], [ 72.752041946178906, 20.268819322054135 ], [ 72.752329007078075, 20.268823005677234 ], [ 72.75230949089034, 20.270177419752144 ], [ 72.752596553588148, 20.270181101576604 ], [ 72.752569232184371, 20.272077281641259 ], [ 72.752856299378777, 20.272080964365049 ], [ 72.752840686248703, 20.27316449544514 ], [ 72.753127756141126, 20.27316817816893 ], [ 72.752971596062352, 20.284003480875981 ], [ 72.753258685739809, 20.284007165398403 ], [ 72.753239160558849, 20.285361577674728 ], [ 72.753526252934293, 20.285365262197161 ], [ 72.753510634408329, 20.2864487905793 ], [ 72.753797727683036, 20.286452476000985 ], [ 72.753786014912691, 20.287265123186959 ], [ 72.754073109986109, 20.287268806810058 ], [ 72.754045779589092, 20.28916498417675 ], [ 72.753758681817772, 20.289161299654324 ], [ 72.753754776062138, 20.289432182649136 ], [ 72.753467677391427, 20.289428498126707 ], [ 72.75346377163585, 20.28969938022226 ], [ 72.75317667206582, 20.289695694800514 ], [ 72.753118073140627, 20.293758927132842 ], [ 72.753405179905187, 20.293762612554595 ], [ 72.753397366595266, 20.294304377644952 ], [ 72.753684475158479, 20.294308063066694 ], [ 72.753676662747864, 20.294849828157108 ], [ 72.753963772210383, 20.294853512679538 ], [ 72.753955960699116, 20.295395277769899 ], [ 72.754243071060955, 20.295398962292325 ], [ 72.754239165305322, 20.295669844387874 ], [ 72.754526276566494, 20.295673528910303 ], [ 72.754522371710124, 20.295944411905115 ], [ 72.754809482971311, 20.295948096427537 ], [ 72.754805579014317, 20.296218977623766 ], [ 72.755379803335302, 20.296226344869972 ], [ 72.75538370639299, 20.29595546277443 ], [ 72.755670818553497, 20.295959144598896 ], [ 72.755678624668874, 20.295417380407859 ], [ 72.755965735030713, 20.295421062232268 ], [ 72.755961832872345, 20.295691944327817 ], [ 72.756248944133517, 20.295695626152281 ], [ 72.756245041975134, 20.295966509147149 ], [ 72.756532154135641, 20.295970190072236 ], [ 72.756528252876649, 20.296241073067115 ], [ 72.756815365037127, 20.296244753992255 ], [ 72.756811463778092, 20.29651563698712 ], [ 72.75709857683789, 20.296519317012894 ], [ 72.75709467557887, 20.296790200007763 ], [ 72.757381790437307, 20.296793880033587 ], [ 72.75737789007762, 20.297064763028459 ], [ 72.757952117995885, 20.297072121281417 ], [ 72.757948219434809, 20.297343004276286 ], [ 72.758235333394012, 20.297346683402782 ], [ 72.758231434832894, 20.297617564598966 ], [ 72.75851854969136, 20.297621244624796 ], [ 72.758514652029646, 20.297892127619662 ], [ 72.759088884444509, 20.297899482275337 ], [ 72.759084985883476, 20.298170365270213 ], [ 72.759372103439873, 20.298174042598028 ], [ 72.759368205778131, 20.298444925592889 ], [ 72.759655322435265, 20.298448602021441 ], [ 72.759647528910349, 20.298990368910449 ], [ 72.759934647366137, 20.298994044439667 ], [ 72.759922957978176, 20.299806694323539 ], [ 72.760210078232589, 20.299810370752084 ], [ 72.760202285607093, 20.300352136741768 ], [ 72.760489406760769, 20.300355812270993 ], [ 72.760481615034564, 20.300897579160001 ], [ 72.760768737087616, 20.300901253789903 ], [ 72.760757051296949, 20.301713903673779 ], [ 72.761044175148641, 20.301717579202936 ], [ 72.761036384321756, 20.302259345192677 ], [ 72.761323509072724, 20.302263019822529 ], [ 72.76131961500829, 20.302533903716725 ], [ 72.761606739759316, 20.302537577447307 ], [ 72.76159895163039, 20.303079344336307 ], [ 72.762173203830343, 20.303086690898109 ], [ 72.762169310665229, 20.303357574792305 ], [ 72.763030691213501, 20.303368590588029 ], [ 72.763026798947706, 20.303639475381548 ], [ 72.76417530964288, 20.303654158612577 ], [ 72.764179199210716, 20.303383274718389 ] ] ], [ [ [ 71.580303432557415, 20.953951357169448 ], [ 71.580015156674207, 20.953955720680025 ], [ 71.580010511675837, 20.953684925818727 ], [ 71.579145683126868, 20.953698014551772 ], [ 71.579150326326555, 20.953968809413084 ], [ 71.579438603109097, 20.95396444680182 ], [ 71.579443248107438, 20.954235241663131 ], [ 71.580308079354452, 20.954222151131439 ], [ 71.580303432557415, 20.953951357169448 ] ] ], [ [ [ 71.576272192707549, 20.954283203407158 ], [ 71.576560470389438, 20.954278846191869 ], [ 71.576555831686335, 20.954008050431241 ], [ 71.575979276322585, 20.954016764861876 ], [ 71.575974637619481, 20.953745970000565 ], [ 71.57568636083694, 20.953750326316538 ], [ 71.575681723033142, 20.953479530555963 ], [ 71.575393446250601, 20.95348388687194 ], [ 71.575388809346123, 20.953213091111309 ], [ 71.574812256680332, 20.953221801045348 ], [ 71.574816892685519, 20.953492596805969 ], [ 71.575105168568712, 20.953488242288582 ], [ 71.575114442377696, 20.954029833809841 ], [ 71.5754027200595, 20.954025478393191 ], [ 71.575407357863341, 20.954296274153755 ], [ 71.575695636444564, 20.954291917837789 ], [ 71.575700273349014, 20.954562713598417 ], [ 71.576276831410723, 20.954553999167786 ], [ 71.576272192707549, 20.954283203407158 ] ] ], [ [ [ 71.583837191733096, 20.95823165256877 ], [ 71.583841845724635, 20.958502447430075 ], [ 71.584130129701805, 20.958498075825609 ], [ 71.584134783693329, 20.958768868888225 ], [ 71.584423068569834, 20.958764497283767 ], [ 71.584418414578238, 20.958493703321775 ], [ 71.584706698555365, 20.958489331717317 ], [ 71.584697388773506, 20.957947743793397 ], [ 71.584985671851314, 20.957943371289623 ], [ 71.584981016960398, 20.957672578226944 ], [ 71.585557582216708, 20.957663831420746 ], [ 71.585562238006958, 20.957934623584038 ], [ 71.585850521084737, 20.957930250180933 ], [ 71.585836551016072, 20.957117870093668 ], [ 71.584971706279305, 20.957130991202348 ], [ 71.584976361170149, 20.95740178426496 ], [ 71.58468807899169, 20.957406156768801 ], [ 71.584692733882605, 20.957676950730725 ], [ 71.583539601571431, 20.957694436249255 ], [ 71.583544255563012, 20.957965230211244 ], [ 71.58267940543027, 20.957978339628706 ], [ 71.582684054925267, 20.958249133590698 ], [ 71.582107486970983, 20.958257871403699 ], [ 71.582112135566661, 20.958528663566995 ], [ 71.581823851589547, 20.958533031574177 ], [ 71.581828501983864, 20.958803826435485 ], [ 71.581833150579484, 20.959074621296789 ], [ 71.583274581257001, 20.959052775864961 ], [ 71.583265275971769, 20.958511187941038 ], [ 71.583553560848202, 20.95850681813522 ], [ 71.583548907755926, 20.958236024173235 ], [ 71.583837191733096, 20.95823165256877 ] ] ], [ [ [ 71.587036267309941, 20.959808300812483 ], [ 71.586747980634868, 20.95981267691355 ], [ 71.586752640022382, 20.960083469976212 ], [ 71.587040926697455, 20.960079093875155 ], [ 71.587036267309941, 20.959808300812483 ] ] ], [ [ [ 71.594843338649241, 20.961043908149914 ], [ 71.594555051974112, 20.961048297740767 ], [ 71.594559725750798, 20.961319089004807 ], [ 71.594848013325205, 20.961314699413883 ], [ 71.594843338649241, 20.961043908149914 ] ] ], [ [ [ 71.806776298587351, 21.03812008377491 ], [ 71.806487913886187, 21.038124849282443 ], [ 71.806498065433388, 21.038666331985663 ], [ 71.806786450134609, 21.038661565578821 ], [ 71.806776298587351, 21.03812008377491 ] ] ], [ [ [ 71.798994953254521, 21.038519307220319 ], [ 71.798706566754731, 21.038524059238 ], [ 71.798711627239854, 21.038794802837909 ], [ 71.799000016437674, 21.038790050820239 ], [ 71.798994953254521, 21.038519307220319 ] ] ], [ [ [ 71.87726944492897, 21.088665819272197 ], [ 71.876980980188137, 21.088670714282102 ], [ 71.876986196255984, 21.088941438096917 ], [ 71.877274660996861, 21.088936542187692 ], [ 71.87726944492897, 21.088665819272197 ] ] ], [ [ [ 71.927981460576007, 21.114336171177388 ], [ 71.928269961289757, 21.114331182638008 ], [ 71.928259328605165, 21.113789762887276 ], [ 71.928547828419596, 21.113784774347891 ], [ 71.928542511627654, 21.113514064022869 ], [ 71.928831011442057, 21.113509074584151 ], [ 71.928825693750809, 21.113238365158455 ], [ 71.929114191766573, 21.113233375719744 ], [ 71.929108874974645, 21.112962666294042 ], [ 71.929397372091088, 21.112957676855334 ], [ 71.929392054399855, 21.112686967429685 ], [ 71.929680552415618, 21.112681976192277 ], [ 71.929675233825037, 21.112411266766575 ], [ 71.929963730042175, 21.112406276428544 ], [ 71.929953092861012, 21.111864856677862 ], [ 71.930241588178831, 21.111859865440465 ], [ 71.930236268688944, 21.111589156014816 ], [ 71.930524763107371, 21.111584164777405 ], [ 71.930514125026889, 21.111042745926056 ], [ 71.929360149151577, 21.111062707278165 ], [ 71.929354832359721, 21.110791997852459 ], [ 71.928489351802227, 21.11080696257131 ], [ 71.928484035909605, 21.110536253145597 ], [ 71.928195543289732, 21.110541240785665 ], [ 71.928190228296444, 21.110270529561316 ], [ 71.927901734777322, 21.110275518100707 ], [ 71.927896420683325, 21.110004807775685 ], [ 71.927607928063466, 21.110009793617106 ], [ 71.927597300774877, 21.109468372967115 ], [ 71.927308809953672, 21.109473358808483 ], [ 71.927303496759009, 21.109202647584141 ], [ 71.926438023396145, 21.109217603309787 ], [ 71.926443334792111, 21.10948831363482 ], [ 71.925866351351104, 21.109498280821072 ], [ 71.925861040854386, 21.109227569596726 ], [ 71.924130091430641, 21.109257460363551 ], [ 71.924146013927441, 21.110069594036592 ], [ 71.924434507446605, 21.110064613591078 ], [ 71.924450431742059, 21.110876746364784 ], [ 71.923007956052402, 21.110901645894273 ], [ 71.923023874052603, 21.11171377956731 ], [ 71.921869885586815, 21.111733690557401 ], [ 71.921875189788253, 21.112004403580386 ], [ 71.921586691772461, 21.112009380428614 ], [ 71.92159199507455, 21.112280091652963 ], [ 71.920149502297761, 21.112304967800071 ], [ 71.920154803801196, 21.112575679923737 ], [ 71.919577805071697, 21.112585627324904 ], [ 71.919583104776507, 21.112856339448573 ], [ 71.919871604590924, 21.112851366197617 ], [ 71.919876905195068, 21.113122078321283 ], [ 71.921319406065777, 21.113097203073497 ], [ 71.921314102763688, 21.112826491849141 ], [ 71.921602602578119, 21.112821515000977 ], [ 71.92159729927603, 21.112550803776628 ], [ 71.921885797291807, 21.112545826928404 ], [ 71.921880493989647, 21.112275114804731 ], [ 71.922168992005425, 21.11227013795655 ], [ 71.922163686904682, 21.111999425832892 ], [ 71.922740682036931, 21.111989470337846 ], [ 71.922745988036965, 21.112260181562192 ], [ 71.923611481184992, 21.112245243822994 ], [ 71.923616788983665, 21.112515955047343 ], [ 71.924482283031026, 21.112501012811549 ], [ 71.924487591729033, 21.112771724035891 ], [ 71.925641585590753, 21.11275179416003 ], [ 71.925646896087414, 21.113022503585739 ], [ 71.925935395002512, 21.113017520442273 ], [ 71.925940706398535, 21.113288231666623 ], [ 71.926517705128035, 21.113278261782391 ], [ 71.926528330617998, 21.113819683331773 ], [ 71.926816830432429, 21.113814696591032 ], [ 71.926822143627064, 21.114085407815367 ], [ 71.927399144155231, 21.114075435233197 ], [ 71.927404459148519, 21.114346145558226 ], [ 71.927692959862284, 21.114341158817467 ], [ 71.927698274855558, 21.114611869142493 ], [ 71.927986775569309, 21.114606882401745 ], [ 71.927981460576007, 21.114336171177388 ] ] ], [ [ [ 71.955015555223724, 21.124156910912749 ], [ 71.955304067628674, 21.124151874709302 ], [ 71.955277229160856, 21.122798359057072 ], [ 71.954988718554546, 21.122803394361206 ], [ 71.954977985145945, 21.12226198810032 ], [ 71.954689476338345, 21.122267023404451 ], [ 71.95468411008369, 21.121996320274032 ], [ 71.954395601276005, 21.122001354678844 ], [ 71.954384870565391, 21.121459948417904 ], [ 71.954096362657083, 21.121464981923456 ], [ 71.954090997301776, 21.121194278792984 ], [ 71.954379504310722, 21.121189244388177 ], [ 71.954374138955401, 21.120918541257709 ], [ 71.95466264596439, 21.120913506852901 ], [ 71.95465727970975, 21.12064280282317 ], [ 71.95523429192906, 21.120632733114178 ], [ 71.955212825111857, 21.1195499196931 ], [ 71.954924320800842, 21.119554954997223 ], [ 71.954918955445507, 21.119284250967432 ], [ 71.954630452033769, 21.11928928627157 ], [ 71.954625086678448, 21.119018582241836 ], [ 71.954048080754376, 21.119028650152131 ], [ 71.954042716298375, 21.118757946122351 ], [ 71.953754214685304, 21.118762979627832 ], [ 71.953748851128651, 21.118492275598101 ], [ 71.95317184700319, 21.118502339911117 ], [ 71.953166484345843, 21.11823163588133 ], [ 71.95258948111973, 21.118241698395707 ], [ 71.952584119361703, 21.117970994365923 ], [ 71.952295617748632, 21.117976024274132 ], [ 71.95229025688991, 21.117705320244394 ], [ 71.952001756176188, 21.117710350152606 ], [ 71.951996396216757, 21.117439646122811 ], [ 71.95170789640234, 21.117444675131708 ], [ 71.951702536442951, 21.11717397110192 ], [ 71.948529031289809, 21.117229258723341 ], [ 71.948523677625701, 21.116958553794291 ], [ 71.947658176383811, 21.116973621935127 ], [ 71.947652825417592, 21.11670291700608 ], [ 71.94649882256266, 21.116723000666013 ], [ 71.946504174428185, 21.116993705595064 ], [ 71.945638669588945, 21.11700876384344 ], [ 71.945644018756525, 21.117279469671814 ], [ 71.945355516244149, 21.117284487888863 ], [ 71.945360865411658, 21.117555193717294 ], [ 71.944783858588266, 21.117565229251962 ], [ 71.944789206856441, 21.117835935080393 ], [ 71.944500703444774, 21.117840952398069 ], [ 71.9445167437528, 21.118653069883287 ], [ 71.944805248963107, 21.118648052565625 ], [ 71.944826638438641, 21.11973087587927 ], [ 71.945115145447687, 21.119725858561598 ], [ 71.945120493715876, 21.119996564389965 ], [ 71.945409000724851, 21.119991545273649 ], [ 71.945419698160592, 21.12053295693045 ], [ 71.94570820696822, 21.120527937814131 ], [ 71.9457135561358, 21.120798643642559 ], [ 71.946290572851709, 21.120788603611231 ], [ 71.9462959238179, 21.121059309439598 ], [ 71.946872941433185, 21.121049266710315 ], [ 71.94686758956766, 21.120778561781265 ], [ 71.947733114191934, 21.120763495439014 ], [ 71.947727761427132, 21.12049278961058 ], [ 71.948881788563753, 21.12047269425949 ], [ 71.948887144925834, 21.120743399188601 ], [ 71.949175652834171, 21.120738373776987 ], [ 71.949181008296918, 21.121009078706091 ], [ 71.949469516205284, 21.121004053294484 ], [ 71.949474872567365, 21.121274757324212 ], [ 71.949763381375021, 21.121269731013342 ], [ 71.949768738636408, 21.121540435942393 ], [ 71.950057247444065, 21.12153540963152 ], [ 71.950062604705522, 21.12180611366125 ], [ 71.950351114412456, 21.121801085551684 ], [ 71.950356472573219, 21.122071789581469 ], [ 71.950933491987158, 21.122061734261649 ], [ 71.950944211006572, 21.122603143220545 ], [ 71.951232721612868, 21.122598114211659 ], [ 71.951238081572285, 21.122868818241443 ], [ 71.951526593077858, 21.12286378833323 ], [ 71.951537314795303, 21.123405196392749 ], [ 71.951825826300876, 21.123400165585224 ], [ 71.951831188058932, 21.123670871413651 ], [ 71.952119699564548, 21.123665839706799 ], [ 71.95212506222191, 21.123936543736544 ], [ 71.952413576425428, 21.123931512029685 ], [ 71.952418938183499, 21.124202216059473 ], [ 71.953572991400506, 21.1241820856348 ], [ 71.953578355856521, 21.124452788765215 ], [ 71.954732409073486, 21.124432650246661 ], [ 71.954737776227418, 21.124703353377122 ], [ 71.955026290431007, 21.124698317173621 ], [ 71.955015555223724, 21.124156910912749 ] ] ], [ [ [ 71.98498679160717, 21.136358290103033 ], [ 71.985275320199946, 21.136353199940288 ], [ 71.985269894590033, 21.136082504903754 ], [ 71.985558422283418, 21.136077413841633 ], [ 71.985552995774185, 21.135806718805089 ], [ 71.985841522568251, 21.135801627742975 ], [ 71.985836096059003, 21.135530931807121 ], [ 71.98612462285314, 21.135525840745004 ], [ 71.986119195444587, 21.135255145708463 ], [ 71.98727329902357, 21.135234775164808 ], [ 71.987267869816364, 21.134964080128274 ], [ 71.987844919807287, 21.134953892608106 ], [ 71.987839489700704, 21.134683197571572 ], [ 71.988128013796882, 21.134678102912176 ], [ 71.988122583690355, 21.134407407875642 ], [ 71.989565200573622, 21.134381928283407 ], [ 71.989570634277413, 21.134652622420617 ], [ 71.990436204767107, 21.13463732765058 ], [ 71.990441639370204, 21.134908021787844 ], [ 71.991595735754672, 21.134887621566524 ], [ 71.991590297554239, 21.134616928328626 ], [ 71.992167344847132, 21.134606726419346 ], [ 71.992134719241946, 21.132982563394648 ], [ 71.991269160443423, 21.132997865359243 ], [ 71.991263724041673, 21.132727171222033 ], [ 71.990686684842672, 21.13273737043334 ], [ 71.990681250239561, 21.132466676296136 ], [ 71.989815691441038, 21.132481970166854 ], [ 71.989810258636567, 21.132211275130313 ], [ 71.98663654394143, 21.132267314584961 ], [ 71.986631117432196, 21.131996620447751 ], [ 71.985477038134832, 21.132016982897483 ], [ 71.985471613424295, 21.131746286961622 ], [ 71.984606056424397, 21.131761554752014 ], [ 71.984600631713818, 21.131490858816107 ], [ 71.983446555114455, 21.131511207776047 ], [ 71.983441134001154, 21.131240510940867 ], [ 71.982575577001342, 21.131255767939372 ], [ 71.982570157686666, 21.130985071104192 ], [ 71.981704601586159, 21.131000322706775 ], [ 71.981699184070109, 21.130729626770911 ], [ 71.980833628868936, 21.130744872977573 ], [ 71.980828213151597, 21.130474177041659 ], [ 71.979385621449367, 21.130499578392861 ], [ 71.979380208429916, 21.130228880658361 ], [ 71.978803171928917, 21.130239037601541 ], [ 71.978797759808799, 21.129968340766368 ], [ 71.978509242008002, 21.129973418338629 ], [ 71.97850383078719, 21.129702722402783 ], [ 71.978215312986379, 21.129707798176412 ], [ 71.978209901765624, 21.129437101341175 ], [ 71.977921385763423, 21.129442177114807 ], [ 71.977915975441974, 21.129171480279641 ], [ 71.977627459439759, 21.129176556053263 ], [ 71.977616638796917, 21.128635160584217 ], [ 71.977328123694022, 21.128640236357857 ], [ 71.977317305749111, 21.128098840888864 ], [ 71.977605819952657, 21.128093766014558 ], [ 71.977595001108469, 21.127552371444832 ], [ 71.977883514412738, 21.127547295671206 ], [ 71.977878104091289, 21.127276597936714 ], [ 71.978166615596891, 21.127271522163081 ], [ 71.978150386431238, 21.126459429858865 ], [ 71.977861874925608, 21.126464505632498 ], [ 71.97785105608142, 21.125923110163452 ], [ 71.977274035768176, 21.125933259912067 ], [ 71.977268628144714, 21.125662562177521 ], [ 71.976980118437766, 21.125667636152514 ], [ 71.976974710814304, 21.125396938418024 ], [ 71.977551728429603, 21.125386789568722 ], [ 71.977546319906821, 21.125116092733556 ], [ 71.977834828714435, 21.12511101785925 ], [ 71.977775334064461, 21.122133343678911 ], [ 71.978352339089213, 21.122123193930292 ], [ 71.978325293777331, 21.120769706157091 ], [ 71.978036793962914, 21.120774781031351 ], [ 71.978031385440147, 21.120504083296851 ], [ 71.977454386710619, 21.12051423124683 ], [ 71.977448979986477, 21.120243532613017 ], [ 71.971967479915335, 21.120339839212242 ], [ 71.97196208308371, 21.12006914057844 ], [ 71.969942578986888, 21.12010457656498 ], [ 71.969947973120497, 21.120375276098173 ], [ 71.96850546505523, 21.120400573127995 ], [ 71.968510855591546, 21.120671273560504 ], [ 71.96822235307917, 21.120676331347688 ], [ 71.968216963442174, 21.120405630915176 ], [ 71.967639959316713, 21.120415745590265 ], [ 71.967629180942026, 21.119874344725307 ], [ 71.966186674675328, 21.119899621970035 ], [ 71.966181287736276, 21.119628922436842 ], [ 71.965604286308803, 21.119639029018 ], [ 71.965598900269057, 21.119368327686235 ], [ 71.964156396700389, 21.119393586944497 ], [ 71.964161779142842, 21.119664288276343 ], [ 71.963873278429105, 21.11966933886896 ], [ 71.963905573083764, 21.121293545061128 ], [ 71.964194077394851, 21.121288493569185 ], [ 71.964199460736538, 21.12155919580027 ], [ 71.964487965946944, 21.121554144308391 ], [ 71.964493350188036, 21.121824845640162 ], [ 71.965070360608692, 21.121814740857644 ], [ 71.965075745749132, 21.12208544129016 ], [ 71.965364251858773, 21.12208038889889 ], [ 71.96536963789849, 21.122351089331346 ], [ 71.965658144008216, 21.122346036040764 ], [ 71.965663530047934, 21.122616735573956 ], [ 71.965952037056923, 21.122611682283377 ], [ 71.965957423995974, 21.122882382715837 ], [ 71.965668916987013, 21.122887436905732 ], [ 71.965690462944565, 21.123970240434289 ], [ 71.965401953237631, 21.123975293724868 ], [ 71.965407340176682, 21.124245994157373 ], [ 71.964830319863438, 21.124256100738528 ], [ 71.964824933823706, 21.123985400306029 ], [ 71.964247914409782, 21.123995505088548 ], [ 71.96424253016869, 21.123724803756712 ], [ 71.963954021361076, 21.123729855248655 ], [ 71.963948638019318, 21.123459153916883 ], [ 71.963660128312299, 21.123464205408823 ], [ 71.963654745869874, 21.123193504076994 ], [ 71.963366237062246, 21.123198554669614 ], [ 71.963360856418447, 21.122927853337782 ], [ 71.963072346711499, 21.122932903031082 ], [ 71.963066965168352, 21.122662201699313 ], [ 71.962778457260072, 21.122667249593917 ], [ 71.962773076616259, 21.122396549161465 ], [ 71.96248456960727, 21.122401597955449 ], [ 71.962479188963471, 21.122130896623617 ], [ 71.961902174945465, 21.122140992412927 ], [ 71.961896796100291, 21.121870291081109 ], [ 71.961608289990636, 21.121875338076446 ], [ 71.961602911145476, 21.121604635845301 ], [ 71.961314405035822, 21.121609682840642 ], [ 71.96130902709001, 21.121338980609494 ], [ 71.961020520980298, 21.121344026705518 ], [ 71.961009765987967, 21.120802623142595 ], [ 71.960721261676966, 21.1208076683393 ], [ 71.96071050758394, 21.120266264776376 ], [ 71.960422005071493, 21.120271309073704 ], [ 71.960411252777135, 21.119729906410104 ], [ 71.960122750264759, 21.119734948908846 ], [ 71.960111998869706, 21.119193545345865 ], [ 71.95982349725665, 21.119198588743938 ], [ 71.959812747660237, 21.118657184281687 ], [ 71.959524246946501, 21.118662226780383 ], [ 71.959518872597926, 21.118391525448601 ], [ 71.958941872069758, 21.118401608647392 ], [ 71.958936500419227, 21.118130906416255 ], [ 71.958070999177309, 21.118146027617112 ], [ 71.958065628426084, 21.11787532538602 ], [ 71.95575762811211, 21.117915629402834 ], [ 71.95576299526607, 21.118186331633925 ], [ 71.955474494552334, 21.118191367837429 ], [ 71.955485227960949, 21.118732774098305 ], [ 71.955773729573991, 21.118727737894861 ], [ 71.955779096728008, 21.118998441025269 ], [ 71.956067599240384, 21.118993404821822 ], [ 71.956072967293665, 21.119264107952286 ], [ 71.956361469806041, 21.11925907084947 ], [ 71.95636683875864, 21.119529773979934 ], [ 71.95665534217035, 21.119524736877167 ], [ 71.956660711122993, 21.119795439108259 ], [ 71.957237718845704, 21.119785362204759 ], [ 71.957243088697609, 21.120056065335174 ], [ 71.957531593008625, 21.120051026433774 ], [ 71.957542335410508, 21.120592431795323 ], [ 71.957830839721495, 21.120587391994604 ], [ 71.957836211372125, 21.120858094225696 ], [ 71.958124716582461, 21.120853054424977 ], [ 71.958130089132339, 21.121123756656118 ], [ 71.958418594342746, 21.121118715956015 ], [ 71.95842396779193, 21.121389418187164 ], [ 71.959000980011297, 21.121379334988383 ], [ 71.959006354359829, 21.121650037219471 ], [ 71.959294859570136, 21.121644994720782 ], [ 71.959300234818045, 21.121915696951927 ], [ 71.959588742726339, 21.121910653553869 ], [ 71.959594117074928, 21.12218135578502 ], [ 71.959882624983209, 21.122176312386962 ], [ 71.959888001130409, 21.122447013718787 ], [ 71.960176509038732, 21.122441969421402 ], [ 71.960181885185932, 21.12271267165255 ], [ 71.960470393094212, 21.122707627355176 ], [ 71.960475770140761, 21.122978328686994 ], [ 71.960764278948389, 21.122973282590973 ], [ 71.960769656894229, 21.123243985721391 ], [ 71.961058165701829, 21.123238939625423 ], [ 71.961068921593494, 21.123780343188344 ], [ 71.96135743309911, 21.123775296192999 ], [ 71.961368190789401, 21.124316699755919 ], [ 71.961079679283827, 21.12432174675126 ], [ 71.961090436074812, 21.124863150314184 ], [ 71.960513411264969, 21.124873243405482 ], [ 71.960518789210838, 21.125143943837998 ], [ 71.967154567329487, 21.125027763120837 ], [ 71.967149177692477, 21.124757063587658 ], [ 71.969168749238463, 21.124721652782114 ], [ 71.969163356004103, 21.124450953248921 ], [ 71.971759937970816, 21.124405390896136 ], [ 71.971754540239857, 21.124134691362947 ], [ 71.972331556056517, 21.124124561399409 ], [ 71.972320758796059, 21.123583163232468 ], [ 71.972609265805033, 21.123578098250672 ], [ 71.972603866275449, 21.123307398717539 ], [ 71.972892373284466, 21.123302332836435 ], [ 71.972886973754882, 21.123031634202622 ], [ 71.973463985074872, 21.123021500641809 ], [ 71.973458583746705, 21.122750802007932 ], [ 71.97403559416739, 21.122740666648504 ], [ 71.974040994596294, 21.123011365282309 ], [ 71.974329500705934, 21.123006296703288 ], [ 71.97434030516105, 21.123547693970973 ], [ 71.97462881217001, 21.123542623593259 ], [ 71.974634214397554, 21.123813323126395 ], [ 71.974057201278882, 21.123823460284541 ], [ 71.974062602607091, 21.124094158918354 ], [ 71.973774095598117, 21.124099226598108 ], [ 71.973779496926284, 21.124369926131241 ], [ 71.973490989018003, 21.124374993810989 ], [ 71.973496389446893, 21.124645692444812 ], [ 71.973207880639222, 21.124650760124556 ], [ 71.973218682396336, 21.125192157392181 ], [ 71.972930172689345, 21.125197225071926 ], [ 71.972940974446502, 21.125738622339611 ], [ 71.972652462041538, 21.125743689119986 ], [ 71.972663262000012, 21.126285086387668 ], [ 71.972374749595076, 21.1262901531681 ], [ 71.972396348612676, 21.127372948602726 ], [ 71.972684862816195, 21.127367881822352 ], [ 71.972706465431102, 21.128450677256978 ], [ 71.972994981433317, 21.12844560957728 ], [ 71.973005784089708, 21.128987006844969 ], [ 71.973294300991256, 21.128981938265898 ], [ 71.973305105446329, 21.129523336432904 ], [ 71.97359362324714, 21.129518266954513 ], [ 71.973604428601561, 21.130059664222184 ], [ 71.973892948201069, 21.1300545947438 ], [ 71.973898351327932, 21.130325293377606 ], [ 71.974186870927383, 21.130320222999956 ], [ 71.974197678979763, 21.130861620267638 ], [ 71.974486198579257, 21.130856548990607 ], [ 71.974497009329596, 21.131397945358977 ], [ 71.974785530727715, 21.131392874981255 ], [ 71.974796340578735, 21.131934269550925 ], [ 71.975084863775535, 21.131929199173271 ], [ 71.975090269600329, 21.132199896907764 ], [ 71.975378792797116, 21.132194824731414 ], [ 71.975384200420578, 21.13246552156664 ], [ 71.975672722718045, 21.132460449390297 ], [ 71.975678129442201, 21.132731148024106 ], [ 71.975966654437627, 21.132726074049113 ], [ 71.975972061161769, 21.13299677178367 ], [ 71.976549109353982, 21.132986622934364 ], [ 71.976554518776098, 21.133257320668861 ], [ 71.97684304287219, 21.133252245794548 ], [ 71.976848453193625, 21.133522944428414 ], [ 71.977425502285143, 21.133512791981786 ], [ 71.977430914405204, 21.133783488817016 ], [ 71.977719439400687, 21.133778412144075 ], [ 71.977724849722094, 21.134049109878561 ], [ 71.978301902410919, 21.134038954734024 ], [ 71.97830731363166, 21.1343096515692 ], [ 71.978884366320543, 21.134299494626021 ], [ 71.978889779339923, 21.134570190561874 ], [ 71.97946683292804, 21.134560032719378 ], [ 71.979472247746116, 21.134830729554558 ], [ 71.980626354023045, 21.134810404876369 ], [ 71.980631770639775, 21.135081100812215 ], [ 71.981497351921305, 21.135065851907594 ], [ 71.981502770336647, 21.135336548742767 ], [ 71.982079824824098, 21.135326380108381 ], [ 71.982085244138787, 21.135597076044291 ], [ 71.982950827218986, 21.135581819945056 ], [ 71.982956248332243, 21.13585251588097 ], [ 71.983244776025629, 21.135847429315444 ], [ 71.983250198038263, 21.13611812525135 ], [ 71.98382725432441, 21.136107950321673 ], [ 71.983832677236308, 21.136378646257576 ], [ 71.98440973442176, 21.136368468629996 ], [ 71.984415159132354, 21.136639164565846 ], [ 71.984992217217112, 21.136628985139623 ], [ 71.98498679160717, 21.136358290103033 ] ] ], [ [ [ 72.057040243712322, 21.173522242157787 ], [ 72.057328823566422, 21.173517020694018 ], [ 72.057306556352543, 21.172434316090854 ], [ 72.057595134407947, 21.172429094627095 ], [ 72.057539464574688, 21.169722333119243 ], [ 72.057250891015869, 21.169727553683689 ], [ 72.057245325111694, 21.169456878432246 ], [ 72.056956751552903, 21.169462098097426 ], [ 72.056951185648757, 21.169191421946607 ], [ 72.056374040329715, 21.169201861276917 ], [ 72.056362912118757, 21.168660508076016 ], [ 72.056074340358592, 21.16866572684188 ], [ 72.056052085735232, 21.167583020440073 ], [ 72.055763516673025, 21.167588238306621 ], [ 72.055757952567475, 21.167317562155795 ], [ 72.055469384404603, 21.167322779123023 ], [ 72.055458259790896, 21.166781425922125 ], [ 72.055169691628009, 21.166786642889289 ], [ 72.055164130220476, 21.16651596583921 ], [ 72.054875562057589, 21.166521181907058 ], [ 72.054870002448681, 21.166250504856976 ], [ 72.054581433386474, 21.166255720924827 ], [ 72.05457031326938, 21.165714366824602 ], [ 72.054281746905133, 21.165719581993187 ], [ 72.054276187296239, 21.165448904943052 ], [ 72.053987620932006, 21.165454119212257 ], [ 72.053970944803339, 21.164642087162633 ], [ 72.054548073934527, 21.16463165862422 ], [ 72.054536954716752, 21.164090303624675 ], [ 72.054248391050464, 21.1640955187932 ], [ 72.05424283234089, 21.163824841743118 ], [ 72.053665705907633, 21.163835269382215 ], [ 72.053660148097435, 21.163564591432817 ], [ 72.053083022563499, 21.163575017273274 ], [ 72.053071908741629, 21.163033662273733 ], [ 72.052494785006388, 21.163044085416221 ], [ 72.052489229894093, 21.162773408366146 ], [ 72.05220066802643, 21.162778619038079 ], [ 72.052195113813539, 21.162507941088677 ], [ 72.049309498734431, 21.162560021727646 ], [ 72.04930394901811, 21.162289343778244 ], [ 72.048726826182133, 21.162299753430947 ], [ 72.048715729447395, 21.161758396632759 ], [ 72.048427167579817, 21.161763600110127 ], [ 72.048404978606925, 21.16068088561445 ], [ 72.048116419437235, 21.160686089091769 ], [ 72.048110873318208, 21.160415410243054 ], [ 72.047822315047881, 21.160420612821099 ], [ 72.047816768928783, 21.16014993397232 ], [ 72.04752821065847, 21.160155135651053 ], [ 72.04751712021897, 21.159613777953556 ], [ 72.046940006376246, 21.15962418041164 ], [ 72.04693446205583, 21.159353501562915 ], [ 72.046357349112427, 21.159363902222363 ], [ 72.046351805691359, 21.159093221574953 ], [ 72.046063250118948, 21.159098422354361 ], [ 72.04605770669788, 21.158827742606256 ], [ 72.045480595553101, 21.158838140567802 ], [ 72.045475053930645, 21.158567460819707 ], [ 72.044897943685214, 21.158577856083241 ], [ 72.044892402962091, 21.158307176335139 ], [ 72.04402673804357, 21.158322765183517 ], [ 72.044037815892509, 21.158864125578987 ], [ 72.042017920590652, 21.158900484269964 ], [ 72.042034526572195, 21.159712525312845 ], [ 72.041745968301825, 21.159717717998316 ], [ 72.041762573384119, 21.160529759041196 ], [ 72.042051132553794, 21.160524567255038 ], [ 72.042073276560529, 21.16160728804596 ], [ 72.042361839327498, 21.161602095360479 ], [ 72.042389524057327, 21.162955496798816 ], [ 72.042966653188543, 21.16294510783052 ], [ 72.042961115163394, 21.162674427183106 ], [ 72.045846749128202, 21.162622453563419 ], [ 72.045857835970438, 21.163163813059558 ], [ 72.046146399636712, 21.163158613179519 ], [ 72.046168576918305, 21.164241330373159 ], [ 72.046457142383247, 21.164236129593746 ], [ 72.046495958921412, 21.166130883333665 ], [ 72.046784527983618, 21.166125681654929 ], [ 72.046795620221758, 21.166667039352433 ], [ 72.047084191082604, 21.166661836774381 ], [ 72.047089738100965, 21.166932515623149 ], [ 72.047378308961854, 21.166927313045107 ], [ 72.047383855980215, 21.16719799189389 ], [ 72.04767242774038, 21.167192788416518 ], [ 72.047677975658132, 21.167463466365923 ], [ 72.048255119178449, 21.16745305761259 ], [ 72.048260667995464, 21.167723735561985 ], [ 72.048549240655007, 21.167718531185304 ], [ 72.048554790371327, 21.16798920913476 ], [ 72.048843363030812, 21.167984003858745 ], [ 72.048848912747175, 21.168254681808151 ], [ 72.049137486305995, 21.16824947563282 ], [ 72.049143036921691, 21.168520153582275 ], [ 72.049431609581177, 21.168514947406944 ], [ 72.049442714409793, 21.169056303305808 ], [ 72.05001986242678, 21.169045888257191 ], [ 72.050030968154715, 21.169587244156048 ], [ 72.050319544411479, 21.169582035282758 ], [ 72.050325096825816, 21.16985271323216 ], [ 72.050902248440067, 21.16984229458626 ], [ 72.050907802653015, 21.170112973435042 ], [ 72.051196378909808, 21.170107761863779 ], [ 72.051201934022117, 21.170378439813192 ], [ 72.051490511178187, 21.170373228241946 ], [ 72.051496066290497, 21.170643906191341 ], [ 72.052073220602722, 21.170633483048846 ], [ 72.052078778412977, 21.170904160098988 ], [ 72.052367354669741, 21.170898947628363 ], [ 72.052372911580676, 21.171169625577814 ], [ 72.052661491434719, 21.171164412207922 ], [ 72.05266704834564, 21.171435089258015 ], [ 72.053244203557199, 21.171424661618914 ], [ 72.053249764065399, 21.171695338669 ], [ 72.053538342120873, 21.171690124399788 ], [ 72.053543902629073, 21.171960800550547 ], [ 72.054121061437911, 21.171950370213434 ], [ 72.054126621046819, 21.172221047263577 ], [ 72.054415200900849, 21.172215830296405 ], [ 72.054420762308382, 21.172486507346491 ], [ 72.054709342162496, 21.172481290379324 ], [ 72.05471490357003, 21.172751967429413 ], [ 72.055292065076799, 21.172741531696371 ], [ 72.055297628282958, 21.173012208746513 ], [ 72.055874788890435, 21.173001771214839 ], [ 72.055880353895247, 21.173272447365608 ], [ 72.056168934648667, 21.173267227700421 ], [ 72.05617449965348, 21.17353790475056 ], [ 72.056751662059625, 21.17352746362161 ], [ 72.056757228863091, 21.173798139772369 ], [ 72.05704581141508, 21.173792918308607 ], [ 72.057040243712322, 21.173522242157787 ] ] ], [ [ [ 72.112334822294244, 21.208524619715483 ], [ 72.112623456107642, 21.208519294829671 ], [ 72.112617777788273, 21.208248633967344 ], [ 72.113195045415054, 21.208237984195652 ], [ 72.113189365297046, 21.207967323333374 ], [ 72.114055263139946, 21.207951345078584 ], [ 72.114049582122561, 21.207680684216257 ], [ 72.114338214137319, 21.207675358431114 ], [ 72.114326852102579, 21.207134036706471 ], [ 72.114615483218017, 21.207128709122681 ], [ 72.114604120283957, 21.206587388297411 ], [ 72.114892749600756, 21.206582059814252 ], [ 72.114887067684094, 21.206311399851252 ], [ 72.115175697000893, 21.206306071368147 ], [ 72.115170015084175, 21.206035411405139 ], [ 72.115458644400974, 21.206030082922034 ], [ 72.115452960685602, 21.205759422959034 ], [ 72.115741588203775, 21.205754093576619 ], [ 72.115735905387794, 21.205483433613605 ], [ 72.116024532006577, 21.20547810423119 ], [ 72.116018849190596, 21.205207444268183 ], [ 72.11630747580945, 21.205202113986442 ], [ 72.116301791194772, 21.204931454023438 ], [ 72.116590416914264, 21.204926123741643 ], [ 72.116584733198934, 21.204655463778693 ], [ 72.11687335801912, 21.204650132597578 ], [ 72.116867673404442, 21.204379472634631 ], [ 72.117156298224643, 21.204374142352833 ], [ 72.117133557967421, 21.203291503400241 ], [ 72.117422180089591, 21.203286171319803 ], [ 72.117410809960973, 21.202744851393845 ], [ 72.117988052406758, 21.202734188132343 ], [ 72.117976679580181, 21.202192868206335 ], [ 72.117688060155899, 21.202198200286777 ], [ 72.117671003613978, 21.201386221297131 ], [ 72.117382385089044, 21.201391551578855 ], [ 72.117376699575061, 21.201120893414561 ], [ 72.11708808194949, 21.201126222796979 ], [ 72.117082397334798, 21.200855562834022 ], [ 72.116793779709212, 21.200860893115763 ], [ 72.116788096893245, 21.200590233152806 ], [ 72.116499479267603, 21.200595563434543 ], [ 72.116482430819588, 21.199783582646262 ], [ 72.116193814992641, 21.199788911129414 ], [ 72.116182451159261, 21.199247591203399 ], [ 72.115893836231621, 21.199252918787231 ], [ 72.115865430245478, 21.197899617173618 ], [ 72.115576817116462, 21.197904944757457 ], [ 72.115565456880404, 21.19736362393218 ], [ 72.114988233320389, 21.197374276401774 ], [ 72.11498255500095, 21.197103616438817 ], [ 72.114405332340255, 21.197114267109782 ], [ 72.114399654020872, 21.196843606247455 ], [ 72.113533821828469, 21.196859578207008 ], [ 72.113528145307725, 21.19658891734468 ], [ 72.113239534876698, 21.196594240431921 ], [ 72.113233859255274, 21.196323579569594 ], [ 72.112945248824246, 21.19632890175745 ], [ 72.112939574102128, 21.196058240895127 ], [ 72.112650964570435, 21.196063563083047 ], [ 72.112645289848331, 21.195792901321393 ], [ 72.11206807168422, 21.195803543898464 ], [ 72.112062397861436, 21.195532882136835 ], [ 72.111773789229062, 21.195538203425372 ], [ 72.111768116305598, 21.195267540764466 ], [ 72.111190899040821, 21.195278179744264 ], [ 72.111185227915996, 21.195007518881937 ], [ 72.110608011550525, 21.195018155163773 ], [ 72.11060234132502, 21.194747493402129 ], [ 72.110313733591966, 21.194752811093394 ], [ 72.11030806336646, 21.194482149331797 ], [ 72.1097308487997, 21.194492782915631 ], [ 72.109725178574195, 21.194222121154038 ], [ 72.109147965806017, 21.194232752039902 ], [ 72.109142298278471, 21.193962090278312 ], [ 72.106544835875511, 21.194009907231475 ], [ 72.106539172844634, 21.193739243671185 ], [ 72.105961959177122, 21.193749864664603 ], [ 72.105956297045509, 21.19347920110431 ], [ 72.104801870609876, 21.193500435896457 ], [ 72.104796211176279, 21.193229772336167 ], [ 72.104218998408101, 21.193240387034283 ], [ 72.104213339873809, 21.192969722574677 ], [ 72.103347521171202, 21.192985640574868 ], [ 72.103341864435549, 21.192714977014649 ], [ 72.102476048430958, 21.192730889618929 ], [ 72.102470392594626, 21.192460225159319 ], [ 72.101604575690658, 21.192476133267007 ], [ 72.10159892165295, 21.192205469706717 ], [ 72.100733105648374, 21.192221372418434 ], [ 72.100727454308625, 21.191950707958881 ], [ 72.09928442823383, 21.191977203784965 ], [ 72.099278779592055, 21.191706539325363 ], [ 72.098412963587464, 21.191722430345919 ], [ 72.098407316744328, 21.191451764986994 ], [ 72.0978301075735, 21.191462356302736 ], [ 72.097824461629656, 21.19119169184313 ], [ 72.097247251559452, 21.191202281360233 ], [ 72.097241607414347, 21.190931615101988 ], [ 72.096375795006963, 21.190947495330708 ], [ 72.09637015176115, 21.190676829971778 ], [ 72.095792944388904, 21.19068741409296 ], [ 72.095787302042424, 21.190416748734041 ], [ 72.095210095569485, 21.190427331056522 ], [ 72.095204454122324, 21.19015666479828 ], [ 72.094627247649441, 21.190167244422867 ], [ 72.094621608000864, 21.189896578164618 ], [ 72.094044402427301, 21.189907156889831 ], [ 72.094038763678043, 21.189636490631575 ], [ 72.093172956666649, 21.189652352873853 ], [ 72.093167318816768, 21.189381686615601 ], [ 72.09172430803045, 21.189408114093229 ], [ 72.091718672878528, 21.189137447834984 ], [ 72.091141469103533, 21.189148014869026 ], [ 72.091135835750265, 21.188877348610788 ], [ 72.090847234312491, 21.188882631228523 ], [ 72.090841600959138, 21.188611964070958 ], [ 72.090553000420698, 21.188617246688636 ], [ 72.090547367966735, 21.188346580430395 ], [ 72.089681564552635, 21.188362423786881 ], [ 72.089675934796617, 21.188091755729999 ], [ 72.089387334258106, 21.188097037448365 ], [ 72.089381705401422, 21.187826367592834 ], [ 72.088804504324443, 21.187836927432329 ], [ 72.088798874568454, 21.18756626027476 ], [ 72.088510275828639, 21.187571538395854 ], [ 72.088504647871289, 21.187300871238271 ], [ 72.087927448592936, 21.187311426581115 ], [ 72.087921822434211, 21.187040759423557 ], [ 72.087633222795034, 21.187046035745993 ], [ 72.08762759663631, 21.186775367689105 ], [ 72.087050399156624, 21.186785920333993 ], [ 72.087044773897276, 21.186515252277104 ], [ 72.08646757731691, 21.186525803123349 ], [ 72.086461953856158, 21.186255134167144 ], [ 72.086173356015649, 21.186260408690941 ], [ 72.086167732554898, 21.185989740634064 ], [ 72.085879134714318, 21.185995014258538 ], [ 72.085873512152943, 21.185724345302329 ], [ 72.085584915211697, 21.185729618926814 ], [ 72.085579292650266, 21.185458950869933 ], [ 72.085290696608411, 21.185464222695771 ], [ 72.085285074946313, 21.185193554638882 ], [ 72.084996478904444, 21.185198825565411 ], [ 72.084990857242303, 21.184928158407843 ], [ 72.084702262099768, 21.184933429334361 ], [ 72.084696641336961, 21.18466276037816 ], [ 72.083542259867443, 21.184683841386232 ], [ 72.08354787793229, 21.184954510342436 ], [ 72.082682089806667, 21.184970316826703 ], [ 72.08267647264114, 21.184699646971175 ], [ 72.082387876599284, 21.184704915199738 ], [ 72.082382261232453, 21.184434245344221 ], [ 72.081805070048006, 21.18444477910333 ], [ 72.081799454681104, 21.184174109247799 ], [ 72.081510860437888, 21.184179374778346 ], [ 72.081505245970391, 21.183908705822148 ], [ 72.081216650827855, 21.183913971352755 ], [ 72.081211037259592, 21.183643300597907 ], [ 72.081499632402142, 21.183638035966624 ], [ 72.081477175431345, 21.182555357443839 ], [ 72.081188582986798, 21.182560622075073 ], [ 72.081182969418535, 21.182289952219548 ], [ 72.080028603237508, 21.182311007147288 ], [ 72.080034214107741, 21.182581677002812 ], [ 72.079745621663164, 21.18258693983546 ], [ 72.079740010792932, 21.182316269979943 ], [ 72.078874234358466, 21.18233205398116 ], [ 72.078868625286859, 21.182061384125635 ], [ 72.078580033741616, 21.182066644260264 ], [ 72.078574425569343, 21.181795974404732 ], [ 72.078285834024086, 21.181801233640051 ], [ 72.078280225851799, 21.181530562885197 ], [ 72.07799163520589, 21.181535822120566 ], [ 72.077980420659955, 21.180994480610817 ], [ 72.077403241166678, 21.181004998182175 ], [ 72.077397634793044, 21.180734327427331 ], [ 72.077109045046427, 21.180739584864007 ], [ 72.077103439572099, 21.180468914109156 ], [ 72.07681485072483, 21.180474170646505 ], [ 72.076809246149821, 21.180203499891665 ], [ 72.076520657302524, 21.180208756429007 ], [ 72.076509449051912, 21.179667414020003 ], [ 72.076220861103934, 21.179672669658032 ], [ 72.076215258327565, 21.179401998903188 ], [ 72.075926670379616, 21.179407255440534 ], [ 72.075921067603247, 21.179136582887054 ], [ 72.075632480554589, 21.179141837625764 ], [ 72.075626878677554, 21.1788711659716 ], [ 72.075338293427535, 21.17887642071031 ], [ 72.075332690651251, 21.178605749056146 ], [ 72.075044105401204, 21.178611002895533 ], [ 72.075038504423503, 21.178340331241316 ], [ 72.074749918274165, 21.178345584181447 ], [ 72.074744317296449, 21.178074913426535 ], [ 72.074167146796455, 21.178085416608724 ], [ 72.074161547617408, 21.177814744954556 ], [ 72.073007208416016, 21.177835747721634 ], [ 72.073012804897076, 21.178106420275125 ], [ 72.072147047348437, 21.178122167404126 ], [ 72.072152643829497, 21.178392839058343 ], [ 72.071864056780839, 21.178398088401075 ], [ 72.071869652362622, 21.178668759155983 ], [ 72.071581065313993, 21.178674007599394 ], [ 72.07159225467889, 21.179215351807102 ], [ 72.071303666730898, 21.179220599351254 ], [ 72.071314855196462, 21.179761943558898 ], [ 72.071026266349179, 21.17976719110305 ], [ 72.071043048597872, 21.180579208763504 ], [ 72.071331639243795, 21.180573961219405 ], [ 72.071337234825592, 21.180844633772889 ], [ 72.073357372045166, 21.180807888373412 ], [ 72.073362971224171, 21.181078560926892 ], [ 72.073940153415364, 21.181068057744707 ], [ 72.073945752594454, 21.181338729398874 ], [ 72.074522936584273, 21.181328224418053 ], [ 72.074528537561989, 21.181598895172897 ], [ 72.075105721551893, 21.18158838839344 ], [ 72.075111323428871, 21.181859059148337 ], [ 72.075399915873447, 21.18185380530889 ], [ 72.075405517750482, 21.182124476063795 ], [ 72.075694111094435, 21.182119221325081 ], [ 72.075699713870733, 21.182389892979241 ], [ 72.075988307214686, 21.182384637341215 ], [ 72.075993910890304, 21.182655308096063 ], [ 72.076282505133562, 21.182650051558706 ], [ 72.076288109708585, 21.18292072321287 ], [ 72.076576703052467, 21.182915465776148 ], [ 72.076582309426101, 21.183186137430368 ], [ 72.076870902769997, 21.183180879993643 ], [ 72.076876509143631, 21.183451550748547 ], [ 72.077453699428744, 21.183441034975829 ], [ 72.077459305802392, 21.183711704831353 ], [ 72.078036496087449, 21.183701187260056 ], [ 72.078042104259737, 21.183971857115584 ], [ 72.07861929544417, 21.183961336846266 ], [ 72.078624905415111, 21.184232007601114 ], [ 72.078913500557633, 21.184226746567163 ], [ 72.078919109629268, 21.184497416422687 ], [ 72.079207706570458, 21.184492155388682 ], [ 72.07921331744069, 21.184762825244263 ], [ 72.079501912583268, 21.184757563310939 ], [ 72.079518746992619, 21.185569573776831 ], [ 72.079807344833185, 21.18556431094424 ], [ 72.079812956602737, 21.185834980799761 ], [ 72.080101555342523, 21.185829717067861 ], [ 72.08010716801148, 21.186100386923385 ], [ 72.08039576675128, 21.186095123191421 ], [ 72.080401380319529, 21.186365793046942 ], [ 72.080689979958663, 21.186360528415722 ], [ 72.080695594426174, 21.186631198271243 ], [ 72.0812727937045, 21.186620668109409 ], [ 72.081278408172068, 21.186891337065621 ], [ 72.081567008710536, 21.186886072434334 ], [ 72.08157262407741, 21.187156739591895 ], [ 72.083015626769793, 21.187130402046478 ], [ 72.08302124483464, 21.187401071002686 ], [ 72.085041450402684, 21.187364176315718 ], [ 72.085047072064754, 21.187634844372607 ], [ 72.08620147421874, 21.187613750774009 ], [ 72.086207098578768, 21.187884418830894 ], [ 72.086495699117265, 21.187879144307082 ], [ 72.086501324376684, 21.188149812363967 ], [ 72.086789925814458, 21.18814453694085 ], [ 72.086806801592658, 21.188956541111509 ], [ 72.086518198356188, 21.188961817434006 ], [ 72.086523823615607, 21.189232484591514 ], [ 72.086235218580555, 21.189237760014692 ], [ 72.086240843839917, 21.189508428970903 ], [ 72.08595223970417, 21.18951370259532 ], [ 72.085963488424269, 21.190055041407106 ], [ 72.086252092560059, 21.190049765084662 ], [ 72.086257718718798, 21.190320433141554 ], [ 72.086546323753922, 21.19031515771843 ], [ 72.086551949912632, 21.190585825775315 ], [ 72.086840555847004, 21.190580550352195 ], [ 72.086846182005715, 21.19085121840908 ], [ 72.087134787940172, 21.190845941187263 ], [ 72.087140414998188, 21.191116609244144 ], [ 72.0877176286657, 21.191106054800631 ], [ 72.087723256623065, 21.191376722857509 ], [ 72.088300471189825, 21.191366165716026 ], [ 72.088306100046495, 21.191636832873598 ], [ 72.089171923245701, 21.191620994013704 ], [ 72.089177553901038, 21.191891661171272 ], [ 72.089754769367161, 21.191881098633871 ], [ 72.089760400921818, 21.192151766690756 ], [ 72.090626225919664, 21.192135918837611 ], [ 72.090631859272932, 21.192406585995176 ], [ 72.091497684270792, 21.192390735444118 ], [ 72.091503319422714, 21.192661400803054 ], [ 72.091791928055088, 21.192656116386726 ], [ 72.091797564106329, 21.192926782644975 ], [ 72.092663391802148, 21.192910924899312 ], [ 72.092669028752695, 21.193181591157558 ], [ 72.093246247816126, 21.193171016029623 ], [ 72.093251886565369, 21.193441683187189 ], [ 72.094117715160507, 21.193425816448322 ], [ 72.094123355708334, 21.193696482706571 ], [ 72.094989186102111, 21.193680612370432 ], [ 72.094994828448634, 21.193951278628678 ], [ 72.095860658842398, 21.193935402896557 ], [ 72.095866302088211, 21.19420606825549 ], [ 72.097886574206072, 21.194169008093294 ], [ 72.097892221948541, 21.194439672552903 ], [ 72.098469442810597, 21.194429080337841 ], [ 72.098475090553052, 21.194699745696763 ], [ 72.099340922745441, 21.194683851978251 ], [ 72.099346573185869, 21.194954516437853 ], [ 72.09992379494723, 21.194943917927503 ], [ 72.099929446286993, 21.195214582387106 ], [ 72.100506668947673, 21.195203982078166 ], [ 72.100512321186727, 21.195474647437091 ], [ 72.101378156976409, 21.195458742027366 ], [ 72.101383811014102, 21.195729405587656 ], [ 72.101961034574103, 21.195718800782057 ], [ 72.101966690410507, 21.195989464342347 ], [ 72.102543914869841, 21.195978856838853 ], [ 72.102549570706159, 21.196249520399078 ], [ 72.103415409193815, 21.196233605096836 ], [ 72.103421066828844, 21.196504268657119 ], [ 72.103998292187498, 21.196493655757646 ], [ 72.104003951621095, 21.196764319317932 ], [ 72.104292564750097, 21.196759012418504 ], [ 72.104298224183751, 21.197029675079477 ], [ 72.104875452240393, 21.197019058582725 ], [ 72.104881112573381, 21.197289722143012 ], [ 72.106035568686593, 21.197268482854266 ], [ 72.106041231717541, 21.197539146414492 ], [ 72.107195688730073, 21.19751789903188 ], [ 72.107201353559674, 21.197788561692846 ], [ 72.108067197443305, 21.197772621209538 ], [ 72.10807286317214, 21.198043283870504 ], [ 72.108938707055771, 21.198027338890654 ], [ 72.108944374583302, 21.19829800065224 ], [ 72.110964679076744, 21.19826077771279 ], [ 72.1109590070526, 21.197990115951143 ], [ 72.111536234209908, 21.197979476072017 ], [ 72.111541908032677, 21.198250137833668 ], [ 72.112407750117654, 21.198234174867302 ], [ 72.112447475870411, 21.200128803601441 ], [ 72.112158858244754, 21.200134124889981 ], [ 72.112164532966872, 21.200404786651632 ], [ 72.111875914441953, 21.200410107940165 ], [ 72.111881589164057, 21.200680769701812 ], [ 72.111592969739831, 21.200686090990363 ], [ 72.11159864356263, 21.200956751852686 ], [ 72.111310025037639, 21.20096207314123 ], [ 72.111321371783944, 21.201503395765144 ], [ 72.111032750561023, 21.201508716154361 ], [ 72.111038424383821, 21.201779377916012 ], [ 72.110749803160957, 21.201784697405913 ], [ 72.110755476084421, 21.202055359167559 ], [ 72.11046685396218, 21.20206067865746 ], [ 72.110500889704326, 21.203684648327908 ], [ 72.110789515423846, 21.203679328838003 ], [ 72.110817883638504, 21.205032635847544 ], [ 72.110529255221039, 21.205037956236765 ], [ 72.110546275790043, 21.205849940622329 ], [ 72.110257645573952, 21.20585526101155 ], [ 72.110291686712003, 21.207479230681997 ], [ 72.110003054697259, 21.207484550171895 ], [ 72.110008727620766, 21.207755211933538 ], [ 72.109720094706688, 21.207760531423446 ], [ 72.109725766730847, 21.208031193185096 ], [ 72.109148499103981, 21.208041831265572 ], [ 72.1091655151764, 21.208853816550455 ], [ 72.109454150788494, 21.208848497959874 ], [ 72.109488187429974, 21.210472467630328 ], [ 72.109199548220644, 21.210477787120226 ], [ 72.109205221144123, 21.210748448881873 ], [ 72.11064841539212, 21.210721846036385 ], [ 72.110642740670016, 21.210451185174126 ], [ 72.110931378980013, 21.210445862986266 ], [ 72.110925703358575, 21.210175201224615 ], [ 72.111214340769251, 21.210169879036751 ], [ 72.111202988627085, 21.209628556412778 ], [ 72.111780261649812, 21.209617911137748 ], [ 72.111774584229735, 21.209347250275414 ], [ 72.112063219841787, 21.209341926288911 ], [ 72.112057542421724, 21.209071265426587 ], [ 72.112346178033761, 21.209065941440087 ], [ 72.112334822294244, 21.208524619715483 ] ] ] ] } },
{ "type": "Feature", "properties": { "receptor_type": "coral_reef", "source": "UNEP-WCMC Global Distribution of Coral Reefs 2018 v4.1", "source_year": 2018, "sensitivity_tier": "high", "protection_status": false, "ORIG_NAME": "Not Reported" }, "geometry": { "type": "MultiPolygon", "coordinates": [ [ [ [ 73.325717065590155, 16.555832337592335 ], [ 73.325710042784294, 16.556645583726777 ], [ 73.325991109701988, 16.556647841025097 ], [ 73.325998131608557, 16.555834595790031 ], [ 73.325717065590155, 16.555832337592335 ] ] ], [ [ [ 73.32359874578556, 16.605697649626908 ], [ 73.323879883749669, 16.605699916817741 ], [ 73.323884586304644, 16.605157756025676 ], [ 73.32360344923984, 16.605155489734102 ], [ 73.323601098412027, 16.605426569680503 ], [ 73.323319960447861, 16.60542430159029 ], [ 73.323315256993567, 16.605966462382359 ], [ 73.32359639495769, 16.605968729573252 ], [ 73.32359874578556, 16.605697649626908 ] ] ], [ [ [ 73.304780404092412, 16.763051223135506 ], [ 73.305061768685732, 16.763053537091139 ], [ 73.305068973154619, 16.76224031703703 ], [ 73.305350336848633, 16.76224263009334 ], [ 73.305355138329048, 16.76170048279107 ], [ 73.304792411840367, 16.7616958566785 ], [ 73.304790010650549, 16.76196693032961 ], [ 73.304508646956535, 16.761964616373973 ], [ 73.304506244867355, 16.762235689125816 ], [ 73.304224881173411, 16.762233375170183 ], [ 73.304212868928815, 16.763588741627185 ], [ 73.304494234421441, 16.763591055582815 ], [ 73.304479820087693, 16.765217495690933 ], [ 73.304761189177597, 16.765219811445203 ], [ 73.304756384999209, 16.765761956948779 ], [ 73.305037754089142, 16.765764270904413 ], [ 73.305025745441867, 16.767119637361418 ], [ 73.305307115431091, 16.767121951317048 ], [ 73.305295106783817, 16.768477317774057 ], [ 73.305576480370348, 16.76847963172969 ], [ 73.305571677091265, 16.769021778132583 ], [ 73.305853051577117, 16.769024091188896 ], [ 73.305850650387242, 16.769295164840067 ], [ 73.306132024873079, 16.769297477896316 ], [ 73.306129624582582, 16.769568552446799 ], [ 73.306410999068419, 16.769570863704473 ], [ 73.306408598777864, 16.769841937355579 ], [ 73.306971350447498, 16.76984656166951 ], [ 73.306976148330648, 16.769304414367298 ], [ 73.306694773844811, 16.76930210310962 ], [ 73.306701973817098, 16.768488882156248 ], [ 73.306139226644078, 16.768484257842257 ], [ 73.306141627833938, 16.768213184191154 ], [ 73.305860254247364, 16.768210871134837 ], [ 73.305865056627113, 16.767668724731891 ], [ 73.305583683939915, 16.767666411675634 ], [ 73.30559568988923, 16.766311044319309 ], [ 73.305314319899992, 16.766308731262995 ], [ 73.305321524368935, 16.765495511208943 ], [ 73.305040155279002, 16.765493197253306 ], [ 73.305052163026986, 16.764137830796304 ], [ 73.304770796635012, 16.764135516840668 ], [ 73.304780404092412, 16.763051223135506 ] ] ], [ [ [ 73.311882906071332, 16.787236845604014 ], [ 73.311880511176696, 16.78750791925512 ], [ 73.312161914440892, 16.787510226016192 ], [ 73.312164308436152, 16.787239152365036 ], [ 73.311882906071332, 16.787236845604014 ] ] ], [ [ [ 73.31355456678989, 16.789148199929517 ], [ 73.313537812420179, 16.791045717286067 ], [ 73.313819220180889, 16.791048023147823 ], [ 73.313835970953349, 16.789150505791273 ], [ 73.31355456678989, 16.789148199929517 ] ] ], [ [ [ 73.315693426210728, 16.801907111124304 ], [ 73.315691034014051, 16.802178184775471 ], [ 73.31597245886195, 16.80218048883853 ], [ 73.31597485015925, 16.801909415187424 ], [ 73.315693426210728, 16.801907111124304 ] ] ], [ [ [ 73.298716227871694, 16.812068882772792 ], [ 73.298997664410763, 16.812071211117541 ], [ 73.299000081788392, 16.811800140164394 ], [ 73.299562953967211, 16.811804795954629 ], [ 73.299565370445507, 16.811533725001482 ], [ 73.29984680698459, 16.811536052446908 ], [ 73.299851639041947, 16.810993908741921 ], [ 73.300695944162555, 16.811000888380363 ], [ 73.300700774421259, 16.810458745574689 ], [ 73.300982207363049, 16.810461071221482 ], [ 73.300984622042748, 16.810189999369015 ], [ 73.301547489724953, 16.810194649763332 ], [ 73.301549904404624, 16.809923577910869 ], [ 73.3018313373464, 16.809925901759012 ], [ 73.301833750227459, 16.809654829906549 ], [ 73.302396617010345, 16.80965947760285 ], [ 73.302399028992042, 16.809388405750383 ], [ 73.302680461933861, 16.809390728699213 ], [ 73.302682873915572, 16.80911965684675 ], [ 73.302964306857334, 16.809121979795577 ], [ 73.302966717939753, 16.808850907943107 ], [ 73.30324814998221, 16.808853229992621 ], [ 73.303250561064601, 16.808582158140155 ], [ 73.302124833794096, 16.808572867244095 ], [ 73.302122420913065, 16.808843939096562 ], [ 73.30184098887058, 16.808841615248408 ], [ 73.301838575989564, 16.809112687100875 ], [ 73.301557143047773, 16.809110362353408 ], [ 73.301554730166757, 16.809381434205875 ], [ 73.301273297224952, 16.809379108559085 ], [ 73.301270883444545, 16.809650181310872 ], [ 73.300989451402131, 16.809647856563405 ], [ 73.300987035823084, 16.809918928415868 ], [ 73.300424169040241, 16.809914276222916 ], [ 73.300421754360514, 16.810185348075379 ], [ 73.30014032141878, 16.810183022428589 ], [ 73.300137904940414, 16.810454093381736 ], [ 73.299856470199984, 16.810451765936307 ], [ 73.299854054620994, 16.810722837788774 ], [ 73.299291185140135, 16.810718182897858 ], [ 73.299286352183458, 16.811260325703529 ], [ 73.299004917443028, 16.811257997358727 ], [ 73.299002499166065, 16.811529069211247 ], [ 73.29843962788658, 16.811524411622372 ], [ 73.298434792231944, 16.812066554427979 ], [ 73.298153355692875, 16.812064225183921 ], [ 73.298150937415869, 16.812335296137064 ], [ 73.298432373954924, 16.812337625381126 ], [ 73.298713809594688, 16.812339954625259 ], [ 73.298716227871694, 16.812068882772792 ] ] ], [ [ [ 73.295302651396284, 16.816106970959993 ], [ 73.295584092431966, 16.816109304700721 ], [ 73.29558893887851, 16.815567163693686 ], [ 73.295870379914163, 16.81556949743441 ], [ 73.295872801788462, 16.815298425581943 ], [ 73.29559136075278, 16.815296092740539 ], [ 73.295593784425648, 16.815025021787388 ], [ 73.29531234338998, 16.815022688046668 ], [ 73.295309920616376, 16.815293758999815 ], [ 73.295028479580694, 16.81529142525909 ], [ 73.295016362115462, 16.8166467782263 ], [ 73.295297804050435, 16.816649111966967 ], [ 73.295302651396284, 16.816106970959993 ] ] ], [ [ [ 73.295292957603962, 16.817191253873315 ], [ 73.295855845071216, 16.81719591955607 ], [ 73.295858266945501, 16.816924850401563 ], [ 73.295576824111208, 16.816922516660838 ], [ 73.295579246884827, 16.816651445707691 ], [ 73.295297804050435, 16.816649111966967 ], [ 73.295292957603962, 16.817191253873315 ] ] ], [ [ [ 73.295271145447103, 16.819630888854476 ], [ 73.295834039209581, 16.819635556335925 ], [ 73.295836462882505, 16.819364486282041 ], [ 73.295555015551585, 16.819362153440693 ], [ 73.295569554891074, 16.81773572862102 ], [ 73.295006667423806, 16.817731060240302 ], [ 73.295004242851576, 16.818002131193452 ], [ 73.294722798218643, 16.817999795654089 ], [ 73.294715525401216, 16.818813007614263 ], [ 73.294996970933553, 16.818815342254307 ], [ 73.29499212268837, 16.819357483261285 ], [ 73.29471067535745, 16.819355148621241 ], [ 73.29470825078522, 16.819626218675126 ], [ 73.294426804353591, 16.819623883135762 ], [ 73.294424378881999, 16.819894954088909 ], [ 73.294705826212962, 16.819897289628269 ], [ 73.294700977068487, 16.820439430635247 ], [ 73.294982425298755, 16.820441765275287 ], [ 73.294980000726525, 16.820712836228438 ], [ 73.295261449856085, 16.820715170868482 ], [ 73.295256601610959, 16.821257311875517 ], [ 73.295819500769412, 16.821261980256224 ], [ 73.295821924442293, 16.820990909303077 ], [ 73.295540474413443, 16.820988575562357 ], [ 73.29554774543216, 16.820175363602175 ], [ 73.295266297201906, 16.820173029861508 ], [ 73.295271145447103, 16.819630888854476 ] ] ], [ [ [ 73.295470170811754, 16.82884961791558 ], [ 73.295467745340204, 16.829120687969407 ], [ 73.295749207060354, 16.829123024408091 ], [ 73.295751631632541, 16.828851952555624 ], [ 73.295470170811754, 16.82884961791558 ] ] ], [ [ [ 73.289719262633938, 16.842356299203914 ], [ 73.288311864101331, 16.842344569346437 ], [ 73.288309426938554, 16.842615639400265 ], [ 73.28802794633269, 16.842613291270425 ], [ 73.288025509169984, 16.842884360424936 ], [ 73.290277353117403, 16.842903126578054 ], [ 73.290279787582165, 16.842632058322863 ], [ 73.289716827269842, 16.842627368358421 ], [ 73.289719262633938, 16.842356299203914 ] ] ], [ [ [ 73.291318098951137, 16.852399926015838 ], [ 73.291599593946145, 16.852402269649076 ], [ 73.291602028410907, 16.852131199595249 ], [ 73.291320533415956, 16.852128856861327 ], [ 73.291322967880703, 16.851857787706766 ], [ 73.291041473785072, 16.851855443174202 ], [ 73.291043908249833, 16.851584374019694 ], [ 73.290480920957805, 16.851579684055253 ], [ 73.290483356321886, 16.851308614900688 ], [ 73.29020186312556, 16.851306268569488 ], [ 73.290204299388975, 16.8510352003143 ], [ 73.291330270375724, 16.85104458024324 ], [ 73.291332704840499, 16.850773511088729 ], [ 73.289925241556716, 16.850761785727855 ], [ 73.289922806192635, 16.851032854882419 ], [ 73.289641313895572, 16.851030508551162 ], [ 73.289634003306674, 16.851843715115418 ], [ 73.290196990598687, 16.851848407777823 ], [ 73.290194555234635, 16.852119476033071 ], [ 73.290757544325288, 16.852124166896825 ], [ 73.290755108961136, 16.852395236051336 ], [ 73.291036603956172, 16.852397580583954 ], [ 73.291034168592091, 16.852668650637781 ], [ 73.291315663587028, 16.85267099427103 ], [ 73.291318098951137, 16.852399926015838 ] ] ], [ [ [ 73.286584547039297, 16.877842771027129 ], [ 73.286582101782642, 16.878113839282321 ], [ 73.28686363364983, 16.878116192808079 ], [ 73.286866078906471, 16.877845124552891 ], [ 73.286584547039297, 16.877842771027129 ] ] ], [ [ [ 73.287583552638921, 16.891947707420801 ], [ 73.287020446636333, 16.891942996771945 ], [ 73.287022893691642, 16.891671929416077 ], [ 73.286178236036847, 16.891664860744751 ], [ 73.286175788981552, 16.891935928100679 ], [ 73.28533113042738, 16.891928856731401 ], [ 73.285328681573432, 16.892199924087265 ], [ 73.285047129021862, 16.892197566064851 ], [ 73.285044679268594, 16.892468633420719 ], [ 73.285889339621406, 16.892475705689321 ], [ 73.285886890767472, 16.892746773045193 ], [ 73.28616844511771, 16.892749130168284 ], [ 73.286173341026938, 16.892206994557228 ], [ 73.286736447029455, 16.892211707904035 ], [ 73.28673399997416, 16.892482776159223 ], [ 73.287015553425135, 16.892485130584362 ], [ 73.287010660213852, 16.893027266195418 ], [ 73.287573768914328, 16.893031976844327 ], [ 73.287556645822576, 16.89492944923472 ], [ 73.288119760818361, 16.894934158984313 ], [ 73.288136879413514, 16.89303668569454 ], [ 73.287855323264637, 16.893034331269405 ], [ 73.287862659933865, 16.892221129201801 ], [ 73.287581105583627, 16.892218774776669 ], [ 73.287583552638921, 16.891947707420801 ] ] ], [ [ [ 72.906830613641944, 18.50314063043578 ], [ 72.90711462583937, 18.503143771767729 ], [ 72.90711792005601, 18.502872808733169 ], [ 72.906833907858626, 18.502869667401285 ], [ 72.90683720207528, 18.502598702568093 ], [ 72.905701156882898, 18.502586128247287 ], [ 72.905704452898249, 18.502315166112055 ], [ 72.905420441600143, 18.502312021182888 ], [ 72.905427035429398, 18.501770095113837 ], [ 72.905143025030611, 18.501766950184674 ], [ 72.905149617960546, 18.501225025014943 ], [ 72.904865609360456, 18.501221879186406 ], [ 72.904878797018895, 18.500138027947685 ], [ 72.904594790217473, 18.500134882119138 ], [ 72.9046013840467, 18.499592956949471 ], [ 72.904317378144526, 18.499589811120924 ], [ 72.904337162330236, 18.497964034712481 ], [ 72.904053159126036, 18.497960888883934 ], [ 72.904063051668558, 18.497148000679715 ], [ 72.904347053973439, 18.497151147407578 ], [ 72.904353647802679, 18.496609220439204 ], [ 72.904069646397147, 18.496606074610725 ], [ 72.904086132768896, 18.495251261236774 ], [ 72.904370132375803, 18.495254406165945 ], [ 72.904373428391068, 18.494983444030769 ], [ 72.904089430582815, 18.494980298202222 ], [ 72.904105914256618, 18.493625483929009 ], [ 72.903821918247004, 18.493622338100472 ], [ 72.903825216060909, 18.493351375965293 ], [ 72.903541220051309, 18.493348229237426 ], [ 72.903544517865257, 18.493077267102251 ], [ 72.903260522754962, 18.493074120374388 ], [ 72.903267118382871, 18.492532195204721 ], [ 72.902983124171897, 18.492529047577534 ], [ 72.902989720699111, 18.491987122407807 ], [ 72.901285761728545, 18.49196823394686 ], [ 72.901302265187439, 18.49061342057297 ], [ 72.90101827457373, 18.490610272046467 ], [ 72.901028177908117, 18.489797384741568 ], [ 72.901312166723173, 18.489800534167383 ], [ 72.901322068258892, 18.488987646862483 ], [ 72.900754092427448, 18.488981348010839 ], [ 72.90078049922073, 18.486813649130625 ], [ 72.901348468756908, 18.486819946183633 ], [ 72.901368266432414, 18.485194170674507 ], [ 72.901652248052855, 18.48519731920095 ], [ 72.901658844580069, 18.484655394031279 ], [ 72.901942827099845, 18.484658540759089 ], [ 72.901969212309382, 18.482490839180912 ], [ 72.90225319033253, 18.482493985908775 ], [ 72.902269677603613, 18.481139171635501 ], [ 72.901985702278409, 18.481136024907698 ], [ 72.901992297006998, 18.480594098838655 ], [ 72.902276271432811, 18.480597245566461 ], [ 72.902289459990641, 18.479513393428419 ], [ 72.902005487363411, 18.479510247599876 ], [ 72.90202197373516, 18.478155433326663 ], [ 72.901738002906541, 18.478152286598799 ], [ 72.901754490177595, 18.476797472325529 ], [ 72.90203845830824, 18.476800618154069 ], [ 72.902041755222854, 18.476529655119521 ], [ 72.901757787092251, 18.476526509291034 ], [ 72.901774272564694, 18.475171695017764 ], [ 72.901490307132008, 18.475168548289904 ], [ 72.901493604046649, 18.474897585255405 ], [ 72.901209640412617, 18.474894439426865 ], [ 72.901216235141192, 18.474352513357871 ], [ 72.900932270607882, 18.474349366630012 ], [ 72.900935569321106, 18.474078403595509 ], [ 72.900651605687116, 18.47407525596833 ], [ 72.900658202214345, 18.473533330798606 ], [ 72.900374240378923, 18.473530183171476 ], [ 72.900377539092219, 18.473259220136924 ], [ 72.899809615421475, 18.473252923983299 ], [ 72.899799715684367, 18.474065812187515 ], [ 72.900083679318413, 18.474068960714025 ], [ 72.90007708009324, 18.474610885883749 ], [ 72.90036104462655, 18.474614034410195 ], [ 72.900357745013991, 18.474884997444747 ], [ 72.900641710446607, 18.474888145071873 ], [ 72.900605421902767, 18.477868734854265 ], [ 72.900889390932718, 18.477871881582132 ], [ 72.900803602804103, 18.484916910587007 ], [ 72.900519622082911, 18.484913762060501 ], [ 72.900499816313527, 18.486539536670307 ], [ 72.900215832894446, 18.486536387244541 ], [ 72.900209229172631, 18.487078312414216 ], [ 72.899925244854217, 18.487075161189807 ], [ 72.899902128680381, 18.488971897035469 ], [ 72.900186116596032, 18.488975048259931 ], [ 72.900179511974954, 18.489516973429602 ], [ 72.900463500789996, 18.489520122855428 ], [ 72.900460199378756, 18.489791084990657 ], [ 72.90017620966438, 18.489787934665511 ], [ 72.900153092591211, 18.491684671410496 ], [ 72.900437085902851, 18.491687821735642 ], [ 72.900430481281717, 18.492229746006046 ], [ 72.900714474593357, 18.492232896331132 ], [ 72.900711172282868, 18.492503857567048 ], [ 72.900995165594452, 18.492507008791453 ], [ 72.900991865082574, 18.492777970926678 ], [ 72.901275859293534, 18.492781121251763 ], [ 72.901272557882294, 18.493052083386999 ], [ 72.902408537424108, 18.493064678392216 ], [ 72.902401938198906, 18.493606603561943 ], [ 72.902685934208549, 18.493609751189126 ], [ 72.902682634595962, 18.493880714223621 ], [ 72.902966632404215, 18.493883861850801 ], [ 72.902963332791614, 18.49415482398598 ], [ 72.903247329700548, 18.494157970713843 ], [ 72.903234136646134, 18.495241821952561 ], [ 72.903518135353707, 18.495244968680417 ], [ 72.903465360438091, 18.499580370937391 ], [ 72.903749366340264, 18.499583517665258 ], [ 72.903736170587862, 18.500667368004656 ], [ 72.904020179187967, 18.500670515631839 ], [ 72.904010284846848, 18.501483402936746 ], [ 72.904294293446924, 18.501486549664605 ], [ 72.904287697819015, 18.502028474834276 ], [ 72.904571707318496, 18.502031621562136 ], [ 72.904568410403883, 18.502302584596631 ], [ 72.904852420802612, 18.502305730425178 ], [ 72.904849122988693, 18.50257669256035 ], [ 72.905133134286757, 18.502579838388897 ], [ 72.905129837372158, 18.502850801423389 ], [ 72.905413849569584, 18.502853946352616 ], [ 72.905410552654928, 18.503124909387111 ], [ 72.905978577049723, 18.503131198346182 ], [ 72.905975281034458, 18.503402161380677 ], [ 72.906827319425304, 18.503411592571013 ], [ 72.906830613641944, 18.50314063043578 ] ] ], [ [ [ 71.480461197226532, 20.897194135600952 ], [ 71.480173006778884, 20.897198320146394 ], [ 71.480177459322348, 20.897469136591443 ], [ 71.480465649769982, 20.897464952945263 ], [ 71.480461197226532, 20.897194135600952 ] ] ], [ [ [ 71.480470103212738, 20.897735770289611 ], [ 71.480758294559678, 20.897731585744108 ], [ 71.48075384111695, 20.89746076839981 ], [ 71.480465649769982, 20.897464952945263 ], [ 71.480470103212738, 20.897735770289611 ] ] ], [ [ [ 70.322192558339964, 20.927282219998514 ], [ 70.321904116082138, 20.927284453914474 ], [ 70.321906493889614, 20.927555453821192 ], [ 70.322194937046788, 20.927553219905235 ], [ 70.322192558339964, 20.927282219998514 ] ] ], [ [ [ 71.574244973326913, 20.953772101601263 ], [ 71.574533251008802, 20.953767747983246 ], [ 71.574528615003658, 20.953496952222622 ], [ 71.573087229292227, 20.953518717614774 ], [ 71.573082595985042, 20.953247920954819 ], [ 71.572794319202501, 20.95325227277419 ], [ 71.572789686794707, 20.952981477013623 ], [ 71.572501410911457, 20.952985827933674 ], [ 71.572492146995046, 20.952444234613786 ], [ 71.57220387201113, 20.952448586433146 ], [ 71.572222396246673, 20.953531771274296 ], [ 71.572510673928491, 20.953527420354199 ], [ 71.572515306336342, 20.953798217014139 ], [ 71.573380140281287, 20.953785161556027 ], [ 71.573384773588486, 20.954055957316655 ], [ 71.573961329851542, 20.954047251879217 ], [ 71.573965964957367, 20.954318047639848 ], [ 71.574254244437881, 20.954313694021835 ], [ 71.574244973326913, 20.953772101601263 ] ] ], [ [ [ 70.273454792904431, 20.962885493970415 ], [ 70.273166276002883, 20.962887648746062 ], [ 70.273168570173425, 20.963158652250058 ], [ 70.273457087074988, 20.963156496575088 ], [ 70.273454792904431, 20.962885493970415 ] ] ], [ [ [ 71.602092672039234, 20.96337110898952 ], [ 71.60180438266616, 20.963375511170966 ], [ 71.601809069033365, 20.963646300636299 ], [ 71.602097359305731, 20.963641897555579 ], [ 71.602092672039234, 20.96337110898952 ] ] ], [ [ [ 71.629886588595241, 20.969715775662564 ], [ 71.629021703388958, 20.969729126997667 ], [ 71.629026441017515, 20.969999911067074 ], [ 71.629891328921758, 20.969986558832662 ], [ 71.629886588595241, 20.969715775662564 ] ] ], [ [ [ 70.11056556934561, 21.098184544181436 ], [ 70.11027677455354, 21.098186434556336 ], [ 70.110278789934284, 21.09845744975155 ], [ 70.10998999604152, 21.098459340126507 ], [ 70.10999200962361, 21.098730355321667 ], [ 70.109703214831541, 21.09873224569662 ], [ 70.109705228413588, 21.099003260891834 ], [ 70.109416432722256, 21.099005150367407 ], [ 70.109418446304304, 21.099276165562628 ], [ 70.10999603858636, 21.099272385712084 ], [ 70.109994024104992, 21.099001371416193 ], [ 70.110282819796325, 21.098999480141966 ], [ 70.110280805314957, 21.09872846494676 ], [ 70.110569600106999, 21.098726574571803 ], [ 70.11056556934561, 21.098184544181436 ] ] ], [ [ [ 70.107416970017198, 21.101999532152714 ], [ 70.107994573091119, 21.101995758597408 ], [ 70.107990551322914, 21.101453729106371 ], [ 70.10827935241025, 21.101451841429373 ], [ 70.108277340626827, 21.101180826234213 ], [ 70.107988540438825, 21.101182713011834 ], [ 70.107986529554765, 21.100911697816628 ], [ 70.107697730266068, 21.100913584594309 ], [ 70.107699741150213, 21.101184599789519 ], [ 70.107122140774209, 21.101188372445506 ], [ 70.107126158945093, 21.101730402835877 ], [ 70.106837357857827, 21.101732288714231 ], [ 70.106841376028726, 21.102274319104595 ], [ 70.107130178015368, 21.102272434125606 ], [ 70.107132188000151, 21.102543449320763 ], [ 70.107420989986736, 21.102541563442465 ], [ 70.107416970017198, 21.101999532152714 ] ] ], [ [ [ 69.582417243561011, 21.638578493103012 ], [ 69.581547557773604, 21.638581539106784 ], [ 69.581548643255346, 21.638852574087078 ], [ 69.581258747693099, 21.638853587623029 ], [ 69.581259832275521, 21.639124622603269 ], [ 69.580680039352387, 21.639126649675177 ], [ 69.580681123035447, 21.639397684655471 ], [ 69.580391226573923, 21.639398697292108 ], [ 69.580392309357649, 21.639669732272353 ], [ 69.579812514635876, 21.639671755746971 ], [ 69.579813597419601, 21.639942790727279 ], [ 69.579523698260132, 21.639943801565266 ], [ 69.579524780144524, 21.64021483744483 ], [ 69.579234880985041, 21.640215848282821 ], [ 69.579235961970141, 21.640486883263115 ], [ 69.578656164550409, 21.640488903140408 ], [ 69.578657243736885, 21.640759938120706 ], [ 69.578367344577373, 21.640760947160061 ], [ 69.578368423763777, 21.641031982140305 ], [ 69.577788622746823, 21.641033999319689 ], [ 69.577789701033907, 21.641305034299929 ], [ 69.577499800975076, 21.641306042439965 ], [ 69.577500878362912, 21.641577077420209 ], [ 69.577210977404704, 21.641578083761601 ], [ 69.577213131281042, 21.642120153722146 ], [ 69.576633326666766, 21.642122167304258 ], [ 69.576634402255934, 21.642393202284499 ], [ 69.576344498599767, 21.642394207726557 ], [ 69.576345575088283, 21.642665242706816 ], [ 69.57605567143213, 21.642666248148885 ], [ 69.576056746121992, 21.642937283129193 ], [ 69.575766841566534, 21.642938287671889 ], [ 69.575767917155687, 21.643209322652183 ], [ 69.575478012600286, 21.643210327194883 ], [ 69.575479086390771, 21.643481362175173 ], [ 69.574899274581924, 21.643483368562674 ], [ 69.574900348372424, 21.64375440444223 ], [ 69.574610442917674, 21.643755407186347 ], [ 69.574611515808826, 21.644026442166648 ], [ 69.574321608555465, 21.644027444910698 ], [ 69.574322681446617, 21.644298479891006 ], [ 69.574032774193256, 21.644299481735747 ], [ 69.574034916378366, 21.644841551696281 ], [ 69.573455100972183, 21.644843553587183 ], [ 69.573456171165432, 21.645114588567473 ], [ 69.572876353960609, 21.645116589558992 ], [ 69.572877423254511, 21.645387625438609 ], [ 69.572587514202496, 21.645388623686074 ], [ 69.572588582597064, 21.645659658666375 ], [ 69.572008763593587, 21.645661656060607 ], [ 69.572009831088906, 21.645932691040915 ], [ 69.571719920238195, 21.645933689288373 ], [ 69.571722055228747, 21.646475759248911 ], [ 69.571432142579397, 21.64647675659711 ], [ 69.571435343266558, 21.64728986243728 ], [ 69.571725255915922, 21.647288864189768 ], [ 69.571724189319923, 21.647017829209517 ], [ 69.572304013719318, 21.647015832714544 ], [ 69.57230294622407, 21.646744797734296 ], [ 69.572592857974087, 21.646743798587465 ], [ 69.572591788680143, 21.646472763607218 ], [ 69.572881700430173, 21.646471763561067 ], [ 69.572880631136286, 21.646200728580812 ], [ 69.573170541987011, 21.646199729433988 ], [ 69.573169471793719, 21.645928693554421 ], [ 69.573749292595835, 21.645926692562856 ], [ 69.573747150410711, 21.645384622602307 ], [ 69.574037058563476, 21.64538362165689 ], [ 69.574035988370213, 21.645112586676596 ], [ 69.574325897422284, 21.645111584831849 ], [ 69.574324825430381, 21.644840549851544 ], [ 69.574614732683813, 21.644839547107434 ], [ 69.574613659792647, 21.644568512127194 ], [ 69.574903567945356, 21.64456750938308 ], [ 69.574902495054189, 21.644296474402836 ], [ 69.575482308661663, 21.644294467116026 ], [ 69.5754812339718, 21.644023432135732 ], [ 69.575771140325898, 21.644022427593026 ], [ 69.575768991845578, 21.643480357632431 ], [ 69.57605889640098, 21.643479353089727 ], [ 69.576057821711174, 21.64320831810943 ], [ 69.576637630822063, 21.643206307225338 ], [ 69.576636554333561, 21.64293527224504 ], [ 69.57692645888902, 21.642934265903701 ], [ 69.576925382400532, 21.642663230923404 ], [ 69.577215285157351, 21.642662223682748 ], [ 69.577214208668877, 21.64239118870244 ], [ 69.57750411142564, 21.642390180562415 ], [ 69.577503034037875, 21.642119145582171 ], [ 69.578082838652165, 21.642117130201424 ], [ 69.578081758566384, 21.641846095221194 ], [ 69.57837166132316, 21.641845087081155 ], [ 69.578369502950252, 21.641303017120606 ], [ 69.579239204925457, 21.641299987304652 ], [ 69.579238123940343, 21.641028952324344 ], [ 69.579817924057963, 21.641026930648358 ], [ 69.579816842173571, 21.640755895668121 ], [ 69.580106741333111, 21.640754883930811 ], [ 69.580105659448677, 21.640483848950513 ], [ 69.580395558608203, 21.640482837213202 ], [ 69.580394474925129, 21.640211802232955 ], [ 69.580974272344875, 21.640209776060374 ], [ 69.580973187762481, 21.639938741080073 ], [ 69.581263086022659, 21.639937728443442 ], [ 69.58126200144028, 21.639666692563878 ], [ 69.581551898801138, 21.639665678128608 ], [ 69.581550813319453, 21.639394643148304 ], [ 69.582130607141835, 21.639392613378444 ], [ 69.582129520760816, 21.639121578398147 ], [ 69.582419417222397, 21.639120563063557 ], [ 69.582417243561011, 21.638578493103012 ] ] ], [ [ [ 69.458680416268223, 21.746298226581924 ], [ 69.458100183576676, 21.746299833670442 ], [ 69.458101043328554, 21.746570870449371 ], [ 69.457520808838282, 21.746572475739253 ], [ 69.457521667690841, 21.746843513417435 ], [ 69.456941432301335, 21.746845115110034 ], [ 69.456942289355197, 21.747116151888974 ], [ 69.456652171660437, 21.747116952285577 ], [ 69.456653028714371, 21.747387989064517 ], [ 69.456362909220942, 21.74738878856181 ], [ 69.456363765375499, 21.747659826240067 ], [ 69.45578352728802, 21.74766142433532 ], [ 69.455785237798537, 21.748203497893144 ], [ 69.455495117405789, 21.74820429559179 ], [ 69.455495971761763, 21.748475333270051 ], [ 69.455205849570348, 21.748476131868021 ], [ 69.455207559181574, 21.749018205425898 ], [ 69.455497681372947, 21.749017406827932 ], [ 69.455496826117653, 21.748746370048984 ], [ 69.456367190893204, 21.748743971557076 ], [ 69.456365478584019, 21.748201898898571 ], [ 69.456655598976795, 21.748201099401285 ], [ 69.45665388486897, 21.747659025843404 ], [ 69.457234123855827, 21.747657424150869 ], [ 69.457233265902573, 21.747386387371932 ], [ 69.457523383597348, 21.747385585176687 ], [ 69.457522525644094, 21.747114548397747 ], [ 69.458682998221818, 21.747111336918692 ], [ 69.458680416268223, 21.746298226581924 ] ] ], [ [ [ 69.349244011002384, 21.840887271830184 ], [ 69.34895369995337, 21.840887886966467 ], [ 69.348954357357727, 21.841158923745414 ], [ 69.349244669306074, 21.841158310407764 ], [ 69.349244011002384, 21.840887271830184 ] ] ], [ [ [ 69.304323224637173, 21.877566510885799 ], [ 69.304032838045103, 21.877567046881772 ], [ 69.304032264277623, 21.877296010102839 ], [ 69.303451492892123, 21.877297080296042 ], [ 69.303452065760268, 21.877568117974302 ], [ 69.302871292576128, 21.87756918636893 ], [ 69.302871865444274, 21.877840224047134 ], [ 69.302291091360814, 21.877841290643115 ], [ 69.302291662430321, 21.878112327422002 ], [ 69.302001274938959, 21.878112860720027 ], [ 69.302001845109132, 21.878383896599587 ], [ 69.301711457617714, 21.878384429897551 ], [ 69.301713735600458, 21.879468578811888 ], [ 69.302294516878533, 21.87946751401461 ], [ 69.302293945809026, 21.879196477235659 ], [ 69.302584335998347, 21.879195943937699 ], [ 69.302583764029521, 21.878924906259442 ], [ 69.302874153319578, 21.878924372961475 ], [ 69.302873581350752, 21.878653335283275 ], [ 69.30316396974149, 21.878652801085938 ], [ 69.303163396873344, 21.878381764307044 ], [ 69.303453785264011, 21.878381229210387 ], [ 69.303453210597226, 21.878110192431507 ], [ 69.30403398558002, 21.87810912133892 ], [ 69.30403341271186, 21.877838084559983 ], [ 69.304323799303958, 21.87783754766474 ], [ 69.304323224637173, 21.877566510885799 ] ] ], [ [ [ 69.300844271046344, 21.880283283646687 ], [ 69.300843702674797, 21.880012246867757 ], [ 69.30026291959814, 21.880013306269117 ], [ 69.30026348707031, 21.88028434394738 ], [ 69.300844271046344, 21.880283283646687 ] ] ], [ [ [ 69.299682703094319, 21.880285402449427 ], [ 69.299683269667241, 21.880556438328995 ], [ 69.299102484791888, 21.880557494133086 ], [ 69.299103049566156, 21.880828530912023 ], [ 69.298522263791497, 21.880829584917478 ], [ 69.298522827666417, 21.881100622595678 ], [ 69.298232433879775, 21.881101147799772 ], [ 69.298232996855404, 21.881372184578701 ], [ 69.297942603068762, 21.881372710682104 ], [ 69.297943166044334, 21.881643748360361 ], [ 69.297652771358329, 21.881644273564401 ], [ 69.297653333434639, 21.881915310343341 ], [ 69.297362937849371, 21.881915834648112 ], [ 69.297363499925623, 21.882186872326372 ], [ 69.29707310434037, 21.882187396631082 ], [ 69.297073666416608, 21.882458433410026 ], [ 69.296783269032687, 21.882458956815466 ], [ 69.296783829310357, 21.882729993594353 ], [ 69.296493432825741, 21.882730516999796 ], [ 69.296493993103354, 21.88300155467806 ], [ 69.295622800052229, 21.883003120397746 ], [ 69.295623917010232, 21.883545194854893 ], [ 69.295043120443736, 21.883546236269865 ], [ 69.295043677124056, 21.883817273948075 ], [ 69.294462878758907, 21.883818313564344 ], [ 69.294463435439241, 21.884089350343288 ], [ 69.294173035357346, 21.884089869252136 ], [ 69.294174702700431, 21.88490298138754 ], [ 69.293884301719231, 21.884903499397012 ], [ 69.29388541238194, 21.885445573854213 ], [ 69.294175814262459, 21.885445055844684 ], [ 69.29417525758214, 21.885174018166481 ], [ 69.295336866003581, 21.885171939833185 ], [ 69.295336308423941, 21.884900902154978 ], [ 69.295626709405155, 21.884900381447487 ], [ 69.295626150926168, 21.88462934376923 ], [ 69.295916551907411, 21.88462882216248 ], [ 69.295915434050059, 21.884086747705286 ], [ 69.296205833232648, 21.884086226098528 ], [ 69.296205273854355, 21.883815188420272 ], [ 69.296495673036929, 21.883814665914144 ], [ 69.296495112759303, 21.883543629135204 ], [ 69.296785511042572, 21.88354310572981 ], [ 69.296784950764902, 21.883272068950866 ], [ 69.297075349048157, 21.883271546444739 ], [ 69.29707478787121, 21.883000507867219 ], [ 69.29736518525516, 21.882999983562456 ], [ 69.297364623178836, 21.882728946783516 ], [ 69.297655020562786, 21.882728421579426 ], [ 69.297654457587214, 21.882457384800546 ], [ 69.297944854071829, 21.882456859596452 ], [ 69.297944291096201, 21.882185822817515 ], [ 69.298525083166112, 21.882184772409339 ], [ 69.298524519291163, 21.881913733831816 ], [ 69.298814913977154, 21.88191320772841 ], [ 69.298814350102262, 21.88164217005016 ], [ 69.299104744788224, 21.881641643047431 ], [ 69.29910417911465, 21.881370606268483 ], [ 69.299394573800612, 21.881370078366501 ], [ 69.29939400812701, 21.881099040688245 ], [ 69.29968440191368, 21.881098512786195 ], [ 69.299683835340772, 21.880827476007255 ], [ 69.299974228228109, 21.880826947205886 ], [ 69.299973661655201, 21.880555910426953 ], [ 69.300264055441858, 21.880555380726264 ], [ 69.30026348707031, 21.88028434394738 ], [ 69.299682703094319, 21.880285402449427 ] ] ], [ [ [ 69.2935950096021, 21.885446091863685 ], [ 69.293595563584446, 21.885717130441257 ], [ 69.293305160804621, 21.885717646652097 ], [ 69.293305715686301, 21.885988684330353 ], [ 69.293015312007057, 21.885989201440562 ], [ 69.293015865090183, 21.88626023821945 ], [ 69.292725461410939, 21.886260754430324 ], [ 69.292727673743229, 21.887344903344687 ], [ 69.293018080120376, 21.887344387133794 ], [ 69.293016972155613, 21.88680231267665 ], [ 69.293307377633425, 21.886801795566438 ], [ 69.293306823651065, 21.886530758787558 ], [ 69.29359722822953, 21.886530240778026 ], [ 69.293596117566835, 21.885988166320885 ], [ 69.293886522145314, 21.885987648311357 ], [ 69.29388541238194, 21.885445573854213 ], [ 69.2935950096021, 21.885446091863685 ] ] ], [ [ [ 69.279680522638046, 21.898209107564295 ], [ 69.279099664917695, 21.898210093221284 ], [ 69.279100192819726, 21.898481130899533 ], [ 69.279681051439425, 21.898480144343239 ], [ 69.279680522638046, 21.898209107564295 ] ] ] ] } },
{ "type": "Feature", "properties": { "receptor_type": "coral_reef", "source": "UNEP-WCMC Global Distribution of Coral Reefs 2018 v4.1", "source_year": 2018, "sensitivity_tier": "high", "protection_status": false, "ORIG_NAME": "Not Reported" }, "geometry": { "type": "MultiPolygon", "coordinates": [ [ [ [ 73.313819220180889, 16.791048023147823 ], [ 73.313814433988981, 16.791590169550716 ], [ 73.314095842649067, 16.791592475412472 ], [ 73.314093449553113, 16.791863549962898 ], [ 73.314656267772591, 16.791868158988393 ], [ 73.314653875575971, 16.792139232639499 ], [ 73.315779513813609, 16.792148447093211 ], [ 73.315781904211562, 16.791877373442105 ], [ 73.315500494652156, 16.791875069378989 ], [ 73.315502885949471, 16.791603995727879 ], [ 73.315221477289427, 16.79160169256409 ], [ 73.315223867687394, 16.79133061801366 ], [ 73.314379644405108, 16.791323706723748 ], [ 73.314382035702465, 16.791052632173262 ], [ 73.313819220180889, 16.791048023147823 ] ] ], [ [ [ 73.295596206299919, 16.814753951733508 ], [ 73.295593784425648, 16.815025021787388 ], [ 73.295875224561996, 16.815027356427379 ], [ 73.295877646436267, 16.814756284574916 ], [ 73.295596206299919, 16.814753951733508 ] ] ], [ [ [ 73.293165056422268, 16.834794460396097 ], [ 73.293446525336947, 16.834796800432063 ], [ 73.293448954405775, 16.834525730378232 ], [ 73.293730423320426, 16.834528068615498 ], [ 73.293732850590629, 16.834256998561671 ], [ 73.294014320404628, 16.834259336798993 ], [ 73.294019175844369, 16.833717197590659 ], [ 73.294300642960366, 16.833719534928662 ], [ 73.294303070230583, 16.833448464874781 ], [ 73.294584538245871, 16.833450802212781 ], [ 73.294586964616784, 16.83317973215895 ], [ 73.294305498400078, 16.83317739482095 ], [ 73.294307924770976, 16.832906324767123 ], [ 73.294589391886973, 16.83290866210513 ], [ 73.294596671898944, 16.832095451943587 ], [ 73.294878137216301, 16.83209778928159 ], [ 73.294880563587199, 16.831826718328447 ], [ 73.294599098269828, 16.83182438188976 ], [ 73.294608804652682, 16.830740101674394 ], [ 73.2948902681714, 16.830742438113077 ], [ 73.294895120013834, 16.830200298005423 ], [ 73.295176582633246, 16.830202634444049 ], [ 73.29518143357636, 16.829660493437078 ], [ 73.295462895296453, 16.829662828976435 ], [ 73.295467745340204, 16.829120687969407 ], [ 73.294623362877928, 16.82911367955273 ], [ 73.29462093740635, 16.829384751405197 ], [ 73.294339474786952, 16.829382414067201 ], [ 73.294334622045255, 16.829924554174912 ], [ 73.2940531594258, 16.829922216836906 ], [ 73.294043450344972, 16.831006497052272 ], [ 73.293761986826269, 16.831004158814949 ], [ 73.293754704116353, 16.831817368976431 ], [ 73.294036169433738, 16.831819707213754 ], [ 73.294028885824503, 16.832632917375289 ], [ 73.293747421406408, 16.83263057913797 ], [ 73.293740135998505, 16.833443789299508 ], [ 73.293458668882508, 16.833441450162866 ], [ 73.293456240712985, 16.833712520216693 ], [ 73.293174772697697, 16.833710181080043 ], [ 73.293172343628839, 16.833981251133878 ], [ 73.292890875613466, 16.833978911997235 ], [ 73.292888447443943, 16.834249981151743 ], [ 73.292606977629987, 16.8342476420151 ], [ 73.292602118592981, 16.834789781223488 ], [ 73.292320649678274, 16.83478744118753 ], [ 73.292306066271962, 16.836413858812591 ], [ 73.292587537884614, 16.836416199747877 ], [ 73.292582677948317, 16.836958338956205 ], [ 73.293145622072871, 16.836963019028126 ], [ 73.293143193004028, 16.837234089082017 ], [ 73.293424666415262, 16.837236428218663 ], [ 73.293429523653629, 16.836694289010268 ], [ 73.293148052041033, 16.836691948974302 ], [ 73.293165056422268, 16.834794460396097 ] ] ], [ [ [ 73.285967559055678, 16.914976624571636 ], [ 73.286249146680845, 16.91497898439269 ], [ 73.286251597333433, 16.914707917936141 ], [ 73.285970012406196, 16.914705558115088 ], [ 73.285972463058798, 16.91443449165854 ], [ 73.28540929140577, 16.914429771117117 ], [ 73.285411742957649, 16.914158703761249 ], [ 73.285130157131121, 16.914156343040872 ], [ 73.285135062932852, 16.913614210127715 ], [ 73.285979817714463, 16.913621291389518 ], [ 73.285982268367036, 16.913350224932969 ], [ 73.285700684339204, 16.913347864212597 ], [ 73.284855931356219, 16.913340782051478 ], [ 73.284853478005687, 16.913611849407346 ], [ 73.28457189307845, 16.913609486888333 ], [ 73.284566986377399, 16.914151619801483 ], [ 73.284848572203884, 16.91415398142118 ], [ 73.284846118853352, 16.914425048777044 ], [ 73.285127704679894, 16.914427408598101 ], [ 73.285125252228681, 16.914698475953969 ], [ 73.285406838055181, 16.914700837573662 ], [ 73.285404385603968, 16.91497190403021 ], [ 73.285685972329816, 16.914974264750583 ], [ 73.285683520777908, 16.915245331207124 ], [ 73.285965108403104, 16.915247691927505 ], [ 73.285967559055678, 16.914976624571636 ] ] ], [ [ [ 73.232546119907582, 17.235205965982573 ], [ 73.233110239446034, 17.23521092124707 ], [ 73.23311281780235, 17.234939870978334 ], [ 73.232830758033117, 17.234937393346058 ], [ 73.232833336389419, 17.234666342178002 ], [ 73.232269218649606, 17.234661386014178 ], [ 73.232279534772786, 17.233577184939179 ], [ 73.232561592743366, 17.233579662571401 ], [ 73.232566748556678, 17.233037562033932 ], [ 73.232284693284043, 17.233035084401649 ], [ 73.232287271640303, 17.232764033233593 ], [ 73.232569327812257, 17.232766511765135 ], [ 73.232574485424195, 17.232224410328342 ], [ 73.232856539797524, 17.232226887960564 ], [ 73.232861695610836, 17.231684787423031 ], [ 73.233425804357438, 17.231689740888896 ], [ 73.233430958372082, 17.231147638552727 ], [ 73.233713012745383, 17.231150115285629 ], [ 73.233715589303074, 17.230879065016893 ], [ 73.233997641877764, 17.230881540850476 ], [ 73.234005370651403, 17.23006838824557 ], [ 73.234287422326759, 17.230070863179836 ], [ 73.234295148402438, 17.229257710574924 ], [ 73.234859250853773, 17.229262660443453 ], [ 73.234861825612825, 17.228991609275397 ], [ 73.234579774836789, 17.228989134341131 ], [ 73.234582349595826, 17.228718084072398 ], [ 73.234864398573151, 17.228720558107344 ], [ 73.234879846227955, 17.227094251998153 ], [ 73.235161893406712, 17.227096726033157 ], [ 73.23516704112609, 17.226554623696988 ], [ 73.235731134584228, 17.226559569968231 ], [ 73.235733708443945, 17.226288518800175 ], [ 73.237708035997116, 17.226305816360362 ], [ 73.237705465734734, 17.226576868427792 ], [ 73.238551608170212, 17.226584275244139 ], [ 73.238549039706456, 17.226855327311569 ], [ 73.238831087784547, 17.226857795950593 ], [ 73.238828519320734, 17.227128847118649 ], [ 73.239392616376222, 17.227133782598056 ], [ 73.239395183940644, 17.22686273142995 ], [ 73.239113135862567, 17.226860263690241 ], [ 73.239118271890788, 17.226318159555486 ], [ 73.238836223812697, 17.226315692715101 ], [ 73.238838792276525, 17.226044640647672 ], [ 73.237992653438255, 17.226037234730654 ], [ 73.237995221902054, 17.225766182663225 ], [ 73.237149083063798, 17.225758773148922 ], [ 73.237151654225499, 17.225487721980812 ], [ 73.234895290285465, 17.225467945889026 ], [ 73.234892716425804, 17.225738997057135 ], [ 73.234610670146353, 17.225736523022192 ], [ 73.234608096286649, 17.226007574190241 ], [ 73.234326050007269, 17.226005100155305 ], [ 73.23431317531282, 17.22736035509638 ], [ 73.2340311272348, 17.227357880162113 ], [ 73.234018249842393, 17.228713134203815 ], [ 73.233736199066399, 17.228710658370233 ], [ 73.233728471192009, 17.229523810975135 ], [ 73.233446420416044, 17.229521335141552 ], [ 73.233441266401385, 17.230063436578405 ], [ 73.233159213826696, 17.230060959845449 ], [ 73.233156637269076, 17.230332011013562 ], [ 73.2328745846944, 17.23032953338133 ], [ 73.232872007237418, 17.230600585448713 ], [ 73.232589953763423, 17.230598106917171 ], [ 73.232584797950096, 17.231140208353963 ], [ 73.232302743576838, 17.231137730721741 ], [ 73.232295009407196, 17.231950882427334 ], [ 73.232012953235241, 17.231948403895792 ], [ 73.232005216367725, 17.232761554702051 ], [ 73.23172316019577, 17.232759076170449 ], [ 73.231702520754752, 17.234927479219831 ], [ 73.231984581423376, 17.234929957751373 ], [ 73.231982000369101, 17.235201008020169 ], [ 73.232264060138348, 17.235203486551711 ], [ 73.232261480882698, 17.235474537719767 ], [ 73.232543540651932, 17.235477016251366 ], [ 73.232546119907582, 17.235205965982573 ] ] ], [ [ [ 73.214116729603447, 17.361903634844907 ], [ 73.214398980029003, 17.361906157443283 ], [ 73.214404231170377, 17.361364067697597 ], [ 73.214686479797237, 17.36136658759801 ], [ 73.214689105817612, 17.361095545423154 ], [ 73.214971354444515, 17.361098065323517 ], [ 73.214976603787306, 17.360555975577881 ], [ 73.215258852414138, 17.360558496377564 ], [ 73.21526147573654, 17.360287452404066 ], [ 73.215543722564803, 17.360289971405109 ], [ 73.215546347685859, 17.360018927431611 ], [ 73.215828595413441, 17.360021446432654 ], [ 73.215833841158869, 17.359479357586338 ], [ 73.215551595230025, 17.359476837685975 ], [ 73.215269348401762, 17.359474318684935 ], [ 73.215264099958304, 17.360016408430575 ], [ 73.214981853130098, 17.360013886731565 ], [ 73.214979228009042, 17.360284931604383 ], [ 73.214696980281488, 17.360282410804647 ], [ 73.214694356059738, 17.360553455677458 ], [ 73.21441210743285, 17.360550933978459 ], [ 73.214409482311808, 17.360821978851277 ], [ 73.214127233684962, 17.360819457152274 ], [ 73.214124607664587, 17.361090502025093 ], [ 73.213560110410825, 17.361085457727768 ], [ 73.21355748259181, 17.361356501701263 ], [ 73.213275233964907, 17.361353979102887 ], [ 73.213272607045212, 17.361625023076385 ], [ 73.212990358418367, 17.361622499578736 ], [ 73.212974590604887, 17.363248764319053 ], [ 73.213256841929763, 17.363251287816752 ], [ 73.213254215010068, 17.363522331790247 ], [ 73.213536467234235, 17.363524855287892 ], [ 73.21353383941522, 17.363795899261394 ], [ 73.213816093438027, 17.363798421859709 ], [ 73.213813465619012, 17.364069465833207 ], [ 73.214660225888792, 17.364077031829598 ], [ 73.214662851909168, 17.363805987856097 ], [ 73.21409834566218, 17.363800943558772 ], [ 73.214116729603447, 17.361903634844907 ] ] ], [ [ [ 72.821314967911519, 19.057685107781538 ], [ 72.821030040204221, 19.057681743417788 ], [ 72.821026499573364, 19.05795267407672 ], [ 72.820741573664748, 19.057949307914274 ], [ 72.820738033033862, 19.058220238573199 ], [ 72.821307888448345, 19.058226971797353 ], [ 72.821314967911519, 19.057685107781538 ] ] ], [ [ [ 72.743486427556661, 20.185262070588124 ], [ 72.743482527196932, 20.185532953582996 ], [ 72.743769433412709, 20.185536637206102 ], [ 72.743773333772367, 20.185265753311906 ], [ 72.743486427556661, 20.185262070588124 ] ] ], [ [ [ 71.443168938895482, 20.87280985559039 ], [ 71.442880787118668, 20.872813973586066 ], [ 71.442885166817064, 20.873084799923618 ], [ 71.44317331859385, 20.873080682827322 ], [ 71.443168938895482, 20.87280985559039 ] ] ], [ [ [ 71.450163650831882, 20.87758574308765 ], [ 71.449875490961176, 20.877589872774479 ], [ 71.449871096873665, 20.877319049134883 ], [ 71.449582937902335, 20.877323177922392 ], [ 71.449578544714143, 20.877052353383473 ], [ 71.448137750756644, 20.877072991025781 ], [ 71.448133360266397, 20.876802165587549 ], [ 71.447845202194387, 20.876806292576422 ], [ 71.447840811704168, 20.876535468037442 ], [ 71.447264495560091, 20.876543718417913 ], [ 71.447268884251685, 20.876814542956822 ], [ 71.447557043223014, 20.876810417766592 ], [ 71.447561432813927, 20.877081243204884 ], [ 71.447849591785314, 20.877077117115334 ], [ 71.44785398137617, 20.877347941654246 ], [ 71.448430301117583, 20.877339688575827 ], [ 71.448434691607815, 20.877610514014066 ], [ 71.449587331090527, 20.877594001561988 ], [ 71.449591724278704, 20.877864826100904 ], [ 71.449015403638043, 20.877873083675926 ], [ 71.449024188215773, 20.878414732753747 ], [ 71.448447865776416, 20.878422987630813 ], [ 71.448461039945073, 20.879235461247557 ], [ 71.448749203413044, 20.879231333359371 ], [ 71.448744811124186, 20.878960508820459 ], [ 71.449032972793532, 20.878956380932266 ], [ 71.449028581403979, 20.87868555639335 ], [ 71.449316742173949, 20.87868142940448 ], [ 71.449312349885091, 20.878410603966245 ], [ 71.449888672324462, 20.878402346391223 ], [ 71.44988427823688, 20.878131521852314 ], [ 71.450172439006906, 20.878127392165482 ], [ 71.450163650831882, 20.87758574308765 ] ] ], [ [ [ 71.580331310641554, 20.955576125437915 ], [ 71.580326664743822, 20.955305329677291 ], [ 71.580038385263322, 20.955309694087141 ], [ 71.58004303116104, 20.955580488948442 ], [ 71.580331310641554, 20.955576125437915 ] ] ], [ [ [ 71.579754750781191, 20.95558485155971 ], [ 71.579759396678881, 20.955855647320337 ], [ 71.580047677058701, 20.95585128380975 ], [ 71.58004303116104, 20.955580488948442 ], [ 71.579754750781191, 20.95558485155971 ] ] ], [ [ [ 71.579471116299018, 20.955860010830868 ], [ 71.579480406295772, 20.956401600553473 ], [ 71.579768687574912, 20.956397237042889 ], [ 71.579759396678881, 20.955855647320337 ], [ 71.579471116299018, 20.955860010830868 ] ] ], [ [ [ 71.591076935652097, 20.960017770903459 ], [ 71.591365221427893, 20.960013386708457 ], [ 71.591355885565747, 20.95947180238182 ], [ 71.590202746959278, 20.95948933466514 ], [ 71.590207412642016, 20.959760126828424 ], [ 71.589630841090539, 20.959768890721762 ], [ 71.589635504974652, 20.96003968288511 ], [ 71.590500363201272, 20.960026536595414 ], [ 71.590505029783344, 20.96029732965809 ], [ 71.591081602234226, 20.960288563066797 ], [ 71.591076935652097, 20.960017770903459 ] ] ], [ [ [ 71.610793066946542, 20.966217467761961 ], [ 71.61021648010653, 20.966226302701781 ], [ 71.610221182661505, 20.966497090368481 ], [ 71.610797770400822, 20.966488255428718 ], [ 71.610793066946542, 20.966217467761961 ] ] ], [ [ [ 71.764411449328975, 21.024731517645474 ], [ 71.76469981784237, 21.024726826781666 ], [ 71.764659851970634, 21.022560814130316 ], [ 71.764371487054518, 21.022565504094814 ], [ 71.764366492219878, 21.022294752400967 ], [ 71.764078127303776, 21.022299442365409 ], [ 71.76408312213843, 21.022570194059256 ], [ 71.763794757222342, 21.022574883124431 ], [ 71.763799751157649, 21.022845634818228 ], [ 71.763511385342213, 21.022850323883397 ], [ 71.763516378378213, 21.023121075577254 ], [ 71.763228012562749, 21.023125763743053 ], [ 71.763233005598792, 21.023396516336216 ], [ 71.762944638884051, 21.023401203602699 ], [ 71.762949631920037, 21.023671956195873 ], [ 71.762372896691886, 21.023681329829568 ], [ 71.76239286433929, 21.024764338403543 ], [ 71.762681233752005, 21.024759651137053 ], [ 71.762691218924658, 21.025301155424017 ], [ 71.762979589236707, 21.025296467258219 ], [ 71.762989575308708, 21.025837972444553 ], [ 71.763277947419397, 21.025833281580734 ], [ 71.763282941354703, 21.026104035073217 ], [ 71.763859684676788, 21.026094656043597 ], [ 71.76386468041072, 21.026365407737448 ], [ 71.764441423732777, 21.026356026909184 ], [ 71.764411449328975, 21.024731517645474 ] ] ], [ [ [ 71.804479364431174, 21.0386996725519 ], [ 71.804190977931341, 21.038704433562824 ], [ 71.804196049208372, 21.038975176263421 ], [ 71.804484435708233, 21.038970415252493 ], [ 71.804479364431174, 21.0386996725519 ] ] ], [ [ [ 71.805415555083869, 21.042475770240628 ], [ 71.805127161389436, 21.042480533050195 ], [ 71.805132235364454, 21.042751274851529 ], [ 71.805420629058858, 21.042746511142639 ], [ 71.805415555083869, 21.042475770240628 ] ] ], [ [ [ 72.068983777379472, 21.178721213912922 ], [ 72.06869518943148, 21.178726456960476 ], [ 72.06865047603867, 21.176561072035888 ], [ 72.068361891688042, 21.176566313284749 ], [ 72.068350715812926, 21.176024967278465 ], [ 72.066907800354784, 21.176051167227623 ], [ 72.066935728800885, 21.177404535391023 ], [ 72.066647142651561, 21.177409774841291 ], [ 72.066669485408454, 21.178492468652561 ], [ 72.067246661304409, 21.178481989752072 ], [ 72.067252247892995, 21.178752663204875 ], [ 72.067540836740307, 21.178747422855334 ], [ 72.067546423328849, 21.179018096308138 ], [ 72.068412189870728, 21.179002372561513 ], [ 72.068417779157244, 21.179273045114996 ], [ 72.068706368004555, 21.17926780296677 ], [ 72.068711958190363, 21.179538476419619 ], [ 72.069000547936966, 21.179533233372073 ], [ 72.068983777379472, 21.178721213912922 ] ] ], [ [ [ 69.234442759425875, 21.940561685573357 ], [ 69.234152243331422, 21.940562099261513 ], [ 69.234152686697215, 21.94083313604046 ], [ 69.234443203690944, 21.940832722352297 ], [ 69.234442759425875, 21.940561685573357 ] ] ], [ [ [ 69.149994420106452, 22.028205356591968 ], [ 69.149122333129228, 22.028206151592659 ], [ 69.149122617315001, 22.028477186572957 ], [ 69.14883192135612, 22.028477451872959 ], [ 69.148832487929042, 22.02901952273282 ], [ 69.148541790171535, 22.029019786234176 ], [ 69.148542355845109, 22.029561856194729 ], [ 69.148251657188254, 22.029562119696099 ], [ 69.148252221962537, 22.030104189656697 ], [ 69.147961522406376, 22.03010445315806 ], [ 69.147961803894191, 22.030375488138304 ], [ 69.147671104338031, 22.030375749841024 ], [ 69.14767166641434, 22.0309178207009 ], [ 69.14738096505954, 22.030918082403613 ], [ 69.14738124564802, 22.031189117383914 ], [ 69.147090544293235, 22.031189379086644 ], [ 69.147090823982424, 22.031460414066881 ], [ 69.14680012172829, 22.031460674870289 ], [ 69.146800959896439, 22.032273779811131 ], [ 69.147091663949197, 22.032273519007724 ], [ 69.147382368001956, 22.032273257305008 ], [ 69.147382087413462, 22.03200222232477 ], [ 69.147672790566901, 22.032001960622036 ], [ 69.147672509079086, 22.031730925641735 ], [ 69.147963212232526, 22.031730663939008 ], [ 69.147962930744711, 22.031459628059451 ], [ 69.148253632998831, 22.031459364558081 ], [ 69.148253068224562, 22.030917294597543 ], [ 69.148543769579362, 22.030917031995497 ], [ 69.148543486292908, 22.030645997015196 ], [ 69.148834186748374, 22.030645734413152 ], [ 69.1488339025626, 22.030374697634208 ], [ 69.149124603917414, 22.030374434132849 ], [ 69.149124036445187, 22.029832363272995 ], [ 69.149414735102013, 22.029832098872294 ], [ 69.14941331327384, 22.028476923071594 ], [ 69.149994705191546, 22.028476391572269 ], [ 69.149994420106452, 22.028205356591968 ] ] ], [ [ [ 69.313018850439676, 21.870232185267184 ], [ 69.313018258685744, 21.869961147588931 ], [ 69.313308629089988, 21.869960596304502 ], [ 69.313308037336114, 21.869689558626309 ], [ 69.314759887558793, 21.869686792311651 ], [ 69.314759294006251, 21.869415754633394 ], [ 69.315049664410537, 21.8694151997517 ], [ 69.315048473708146, 21.868873125294556 ], [ 69.315338842313778, 21.868872570412861 ], [ 69.315337651611401, 21.868330495056334 ], [ 69.314466549391781, 21.868332159701481 ], [ 69.314467142944366, 21.868603197379681 ], [ 69.313886408431074, 21.868604304445174 ], [ 69.313887000184977, 21.868875342123374 ], [ 69.313306262973683, 21.868876445591525 ], [ 69.313306854727628, 21.869147484169105 ], [ 69.313016486121953, 21.86914803635284 ], [ 69.313017076976564, 21.869419073131784 ], [ 69.312436337966687, 21.869420175700615 ], [ 69.312436927022659, 21.869691211580172 ], [ 69.312146558416998, 21.869691762864583 ], [ 69.312147146573636, 21.869962801442167 ], [ 69.31185677616935, 21.86996335002862 ], [ 69.311857364325931, 21.870234387706887 ], [ 69.31127662171879, 21.870235485779119 ], [ 69.311277209875399, 21.870506522557999 ], [ 69.310696466368867, 21.870507618831599 ], [ 69.31069705272688, 21.870778655610536 ], [ 69.31040668142326, 21.870779203297669 ], [ 69.310407266881896, 21.871050240076553 ], [ 69.310116893779707, 21.87105078686438 ], [ 69.310117479238329, 21.871321825441953 ], [ 69.309827105236778, 21.87132237043107 ], [ 69.309827690695442, 21.871593408109323 ], [ 69.309537316693863, 21.871593953997831 ], [ 69.309537901253194, 21.871864990776771 ], [ 69.309247526352294, 21.871865536665208 ], [ 69.309248110012319, 21.872136573444148 ], [ 69.308957735111449, 21.872137118433329 ], [ 69.308958318771431, 21.872408155212266 ], [ 69.30866794297124, 21.87240870020139 ], [ 69.308668525731946, 21.872679736980331 ], [ 69.308378149032407, 21.872680281070185 ], [ 69.308378731793084, 21.872951317849072 ], [ 69.308088355093574, 21.87295186103961 ], [ 69.308088936055583, 21.87322289871787 ], [ 69.307798559356073, 21.873223441009028 ], [ 69.307799140318124, 21.873494478687288 ], [ 69.307508761819975, 21.873495020978506 ], [ 69.307509342781998, 21.873766057757393 ], [ 69.307218964283834, 21.873766600048615 ], [ 69.307219544346552, 21.874037636827548 ], [ 69.306929165848388, 21.874038178219394 ], [ 69.306929745011757, 21.87430921589765 ], [ 69.306639365614274, 21.874309756390172 ], [ 69.306639944777658, 21.874580793169116 ], [ 69.30634956358152, 21.874581333661695 ], [ 69.306350142744989, 21.874852371339898 ], [ 69.306059762448115, 21.87485291093315 ], [ 69.30606033981293, 21.875123947712041 ], [ 69.305769958616736, 21.8751244873053 ], [ 69.30577053598148, 21.875395524084244 ], [ 69.305480153886052, 21.875396062778123 ], [ 69.305480731250782, 21.875667099557052 ], [ 69.305190349155325, 21.875667638250945 ], [ 69.305190924721444, 21.875938675929206 ], [ 69.304900541726667, 21.875939213723765 ], [ 69.304901118192092, 21.876210251402025 ], [ 69.304610734298009, 21.876210788297282 ], [ 69.304611885430234, 21.876752862754479 ], [ 69.304321500636775, 21.876753398750395 ], [ 69.304322075303631, 21.877024436428652 ], [ 69.304031689610838, 21.877024972424579 ], [ 69.304032264277623, 21.877296010102839 ], [ 69.304613035663124, 21.877294937211605 ], [ 69.304612460097019, 21.877023900432729 ], [ 69.3051932305832, 21.877022824843547 ], [ 69.305192077652293, 21.876480750386349 ], [ 69.305482462445767, 21.876480211692463 ], [ 69.305481885080994, 21.876209174913527 ], [ 69.306062651969853, 21.876208096626389 ], [ 69.306062073705789, 21.875937059847502 ], [ 69.306352456700537, 21.875936520254243 ], [ 69.306351878436487, 21.875665482575975 ], [ 69.30664226143125, 21.87566494298278 ], [ 69.306641681368546, 21.87539390530452 ], [ 69.30693206256467, 21.875393364811998 ], [ 69.306931483401286, 21.875122327133738 ], [ 69.307221864597395, 21.875121785741896 ], [ 69.307221285434025, 21.87485074896296 ], [ 69.307511665730829, 21.874850207571054 ], [ 69.307511084768819, 21.874579169892854 ], [ 69.307801465065623, 21.874578627601633 ], [ 69.307800884103585, 21.874307590822688 ], [ 69.308091264400389, 21.874307047632215 ], [ 69.308090681639726, 21.874036010853267 ], [ 69.308381060137904, 21.874035466763416 ], [ 69.30838047827649, 21.873764429984529 ], [ 69.30867085677464, 21.873763885894672 ], [ 69.308670274013991, 21.873492849115738 ], [ 69.30925102921168, 21.873491760036753 ], [ 69.309250445551697, 21.873220722358493 ], [ 69.309540823150556, 21.873220177369316 ], [ 69.309539654031866, 21.872678102912172 ], [ 69.309830030731391, 21.872677557023678 ], [ 69.309829445272712, 21.872406520244734 ], [ 69.310410196873136, 21.872405426669165 ], [ 69.310409611414514, 21.872134389890217 ], [ 69.310699985416022, 21.87213384220308 ], [ 69.31069939905808, 21.8718628054242 ], [ 69.311280147960531, 21.871861709150604 ], [ 69.311279560703198, 21.871590670573028 ], [ 69.311569934704764, 21.871590122885888 ], [ 69.31156934744746, 21.871319085207688 ], [ 69.311859719650386, 21.871318536621235 ], [ 69.311859130594485, 21.871047498942971 ], [ 69.312149503696673, 21.871046948557879 ], [ 69.312148914640758, 21.870775911778935 ], [ 69.312729659046568, 21.870774811008744 ], [ 69.312728478236764, 21.870232736551593 ], [ 69.313018850439676, 21.870232185267184 ] ], [ [ 69.312438106933129, 21.870233286936692 ], [ 69.31243751697788, 21.869962250157755 ], [ 69.312727887382152, 21.86996169887334 ], [ 69.312728478236764, 21.870232736551593 ], [ 69.312438106933129, 21.870233286936692 ] ] ] ] } },
{ "type": "Feature", "properties": { "receptor_type": "coral_reef", "source": "UNEP-WCMC Global Distribution of Coral Reefs 2018 v4.1", "source_year": 2018, "sensitivity_tier": "high", "protection_status": false, "ORIG_NAME": "Not Reported" }, "geometry": { "type": "MultiPolygon", "coordinates": [ [ [ [ 73.318964450249211, 16.5565912826616 ], [ 73.319245516267642, 16.556593548953177 ], [ 73.319247866196108, 16.556322469006769 ], [ 73.319528931315176, 16.556324735298347 ], [ 73.319531281243712, 16.556053653553306 ], [ 73.319812346362752, 16.556055919844884 ], [ 73.319814696291246, 16.555784838999159 ], [ 73.3200957614103, 16.555787105290733 ], [ 73.320098110439503, 16.555516024445012 ], [ 73.319817045320463, 16.555513758153438 ], [ 73.319535981100714, 16.555511492761241 ], [ 73.319533631172206, 16.555782573606962 ], [ 73.319252566053137, 16.555780307315391 ], [ 73.319250216124658, 16.556051388161105 ], [ 73.318688085886492, 16.556046853779328 ], [ 73.318685735058693, 16.556317934625042 ], [ 73.317561474582405, 16.556308861364922 ], [ 73.317563826309581, 16.556037781418524 ], [ 73.317282762089874, 16.556035512428991 ], [ 73.317294525222223, 16.55468010909982 ], [ 73.317575589441972, 16.55468237808935 ], [ 73.317582644623442, 16.553869135552194 ], [ 73.317863707044523, 16.553871405441043 ], [ 73.317870761326603, 16.553058162903938 ], [ 73.318151821949087, 16.553060430994154 ], [ 73.318154173676248, 16.55278935014843 ], [ 73.318435233399384, 16.552791617339327 ], [ 73.318437584227183, 16.552520535594287 ], [ 73.318439935055039, 16.552249455647878 ], [ 73.318158875331903, 16.552247187557725 ], [ 73.318156525403367, 16.552518269302702 ], [ 73.317875464780911, 16.552516001212553 ], [ 73.317873113053778, 16.552787082058217 ], [ 73.317592053330642, 16.55278481396806 ], [ 73.317584997249853, 16.553598055605846 ], [ 73.317303935728091, 16.553595788414952 ], [ 73.317296877848662, 16.554409029153419 ], [ 73.317015815427624, 16.554406759264566 ], [ 73.317013462801128, 16.554677840110283 ], [ 73.316732400380033, 16.554675570221434 ], [ 73.316713571274363, 16.556844214289129 ], [ 73.317556769329471, 16.556851023056311 ], [ 73.317559121955981, 16.55657994221059 ], [ 73.317840187075035, 16.556582211200123 ], [ 73.317837835347845, 16.556853292045844 ], [ 73.318962099421398, 16.556862364406641 ], [ 73.318964450249211, 16.5565912826616 ] ] ], [ [ [ 73.325991109701988, 16.556647841025097 ], [ 73.32598642783141, 16.557190005414444 ], [ 73.327391766916548, 16.557201288308875 ], [ 73.327394106053191, 16.556930206563834 ], [ 73.326269835684386, 16.556921180068457 ], [ 73.326272176619739, 16.556650098323416 ], [ 73.325991109701988, 16.556647841025097 ] ] ], [ [ [ 73.330889612565613, 16.607925121047572 ], [ 73.331170754127086, 16.607927378345895 ], [ 73.331173095961674, 16.60765629839949 ], [ 73.329767387255188, 16.607645005612596 ], [ 73.32976973088843, 16.607373924766879 ], [ 73.329207448664874, 16.60736940567358 ], [ 73.329209792298116, 16.607098324827856 ], [ 73.328928651636033, 16.60709606483158 ], [ 73.328930996168609, 16.606824983985859 ], [ 73.328649856405832, 16.606822723090261 ], [ 73.328647510973894, 16.607093803935925 ], [ 73.328366370311798, 16.60709154304033 ], [ 73.328368715743693, 16.606820462194605 ], [ 73.326400735605546, 16.606804626032723 ], [ 73.326403083735372, 16.606533545187006 ], [ 73.326121943972566, 16.606531281593448 ], [ 73.326124292102463, 16.606260200747727 ], [ 73.325843153238964, 16.606257937154112 ], [ 73.325847848599395, 16.605715776362047 ], [ 73.325566712433883, 16.605713511869112 ], [ 73.325285573570397, 16.605711245577595 ], [ 73.325283225440558, 16.605982327322582 ], [ 73.325564363404695, 16.605984591815513 ], [ 73.325557316317145, 16.60679783255398 ], [ 73.325838456079964, 16.606800097946238 ], [ 73.325836107950053, 16.607071177892578 ], [ 73.326398388374969, 16.607075705979071 ], [ 73.326396040245129, 16.607346786824792 ], [ 73.327239462231418, 16.607353576706263 ], [ 73.327237115900218, 16.607624656652604 ], [ 73.328642821908772, 16.607635965627367 ], [ 73.328645166441319, 16.607364884781646 ], [ 73.328926307103472, 16.607367145677301 ], [ 73.328923962570855, 16.607638227422285 ], [ 73.329205104132328, 16.607640487418621 ], [ 73.329202759599752, 16.607911567364965 ], [ 73.329483902060474, 16.607913827361301 ], [ 73.329481559326553, 16.608184908207026 ], [ 73.330887270731012, 16.608196201893232 ], [ 73.330889612565613, 16.607925121047572 ] ] ], [ [ [ 73.306073763193695, 16.744085310788535 ], [ 73.306355100807309, 16.744087620247512 ], [ 73.306357498399905, 16.743816546596406 ], [ 73.306076160786233, 16.743814237137371 ], [ 73.30608574755928, 16.74272994073425 ], [ 73.306367083374255, 16.742732250193225 ], [ 73.306369480067531, 16.742461175642802 ], [ 73.3066508149832, 16.74246348420246 ], [ 73.306653210777085, 16.742192410551347 ], [ 73.30637187586143, 16.742190101092319 ], [ 73.306379065041881, 16.741376879239624 ], [ 73.306097731025531, 16.741374569780646 ], [ 73.306114506079666, 16.739477052424089 ], [ 73.306395835599403, 16.739479360084434 ], [ 73.306405419674434, 16.73839506278199 ], [ 73.306686749194171, 16.738397371341648 ], [ 73.306689144088793, 16.738126296791222 ], [ 73.306407814569056, 16.738123988231511 ], [ 73.306410211262289, 16.737852914580401 ], [ 73.306128882641872, 16.737850606020682 ], [ 73.306136070023669, 16.737037383268671 ], [ 73.306417397744767, 16.737039691828386 ], [ 73.306424583327896, 16.736226469076314 ], [ 73.306143257405424, 16.736224161415979 ], [ 73.306157631269755, 16.734597715012566 ], [ 73.306438953594864, 16.734600022672971 ], [ 73.30644134938882, 16.734328948122482 ], [ 73.306722672613304, 16.73433125578288 ], [ 73.306725068407218, 16.734060181232451 ], [ 73.306443745182776, 16.734057873572052 ], [ 73.306446140077341, 16.733786799920949 ], [ 73.30672746240252, 16.733789107581288 ], [ 73.306729856397794, 16.733518033030862 ], [ 73.307011178722973, 16.733520339791884 ], [ 73.307018360708796, 16.732707116140546 ], [ 73.307299681235349, 16.732709422901625 ], [ 73.30730207523068, 16.732438348351138 ], [ 73.306739434177587, 16.732433734829044 ], [ 73.306746617062799, 16.731620512077029 ], [ 73.307027935790657, 16.731622818838051 ], [ 73.307030329785945, 16.731351744287622 ], [ 73.306749011058059, 16.73134943842587 ], [ 73.306751405053362, 16.73107836297612 ], [ 73.306470086325476, 16.731076055315725 ], [ 73.306472481220126, 16.730804981664619 ], [ 73.306191163391546, 16.730802674004217 ], [ 73.306195952281428, 16.730260524903372 ], [ 73.305914635352224, 16.730258217242977 ], [ 73.30591942514144, 16.729716068142071 ], [ 73.306200742070629, 16.729718375802463 ], [ 73.30620313696528, 16.729447302151307 ], [ 73.305921820935339, 16.729444993591642 ], [ 73.305926610724555, 16.728902845390053 ], [ 73.306770556116305, 16.728909766572539 ], [ 73.306782524294135, 16.727554393820242 ], [ 73.307063837626075, 16.727556699681998 ], [ 73.307066230722015, 16.727285625131572 ], [ 73.307347543154663, 16.72728793099327 ], [ 73.307352328447294, 16.726745781892362 ], [ 73.307633640879885, 16.726748086854798 ], [ 73.307636033076506, 16.726477012304315 ], [ 73.307917344609834, 16.726479317266751 ], [ 73.307919736806468, 16.726208242716272 ], [ 73.307924520300446, 16.72566609271604 ], [ 73.307080588398492, 16.725659177828845 ], [ 73.307078195302552, 16.725930252379271 ], [ 73.306796884668529, 16.725927947416892 ], [ 73.306794490673269, 16.726199021067998 ], [ 73.306513180039303, 16.726196714306976 ], [ 73.30650360495747, 16.727281013408113 ], [ 73.306222291625474, 16.727278705747722 ], [ 73.306219897630228, 16.727549780298148 ], [ 73.305938584298289, 16.727547472637809 ], [ 73.305936189403667, 16.727818547188235 ], [ 73.305654876071742, 16.72781624042722 ], [ 73.305650085383206, 16.728358388628806 ], [ 73.305368771151905, 16.728356080069091 ], [ 73.305349604800497, 16.730524674674022 ], [ 73.305630922629007, 16.730526983233748 ], [ 73.305626131041137, 16.731069132334657 ], [ 73.305907449769066, 16.731071439994992 ], [ 73.305905054874401, 16.731342515444791 ], [ 73.30618637360233, 16.731344822205813 ], [ 73.306167212646812, 16.733513417710128 ], [ 73.305885890321647, 16.733511109150413 ], [ 73.305883495427054, 16.733782183700839 ], [ 73.305320850776695, 16.733777565682153 ], [ 73.30529928143676, 16.736217233938248 ], [ 73.305580605560564, 16.736219541598643 ], [ 73.305573416380142, 16.737032765249978 ], [ 73.30585474320192, 16.737035074708952 ], [ 73.30583796814777, 16.738932593864149 ], [ 73.305556638628047, 16.738930284405171 ], [ 73.305554241934772, 16.739201358056281 ], [ 73.305272912415035, 16.739199048597246 ], [ 73.305253730775135, 16.741367641403599 ], [ 73.304972397658091, 16.741365330145928 ], [ 73.304962804589806, 16.742449627448419 ], [ 73.305244140404781, 16.742451936907401 ], [ 73.305241741912937, 16.742723010558564 ], [ 73.305523076828592, 16.742725320916861 ], [ 73.305515884050862, 16.74353854276956 ], [ 73.305234547336568, 16.743536232411259 ], [ 73.305232149743972, 16.743807306961685 ], [ 73.305513485558947, 16.743809617320039 ], [ 73.305501497596083, 16.745164985575681 ], [ 73.305782836109074, 16.745167296833358 ], [ 73.305778040923883, 16.74570944503489 ], [ 73.306059380336194, 16.745711755393245 ], [ 73.306056983642918, 16.745982829044351 ], [ 73.306901004577753, 16.745989757421398 ], [ 73.306903400371695, 16.745718682870976 ], [ 73.306340720647782, 16.745714064852276 ], [ 73.306343117341044, 16.745442990301793 ], [ 73.306061777928804, 16.745440680842819 ], [ 73.306073763193695, 16.744085310788535 ] ] ], [ [ [ 73.309393464836603, 16.7823367410478 ], [ 73.309674859107545, 16.782339051406154 ], [ 73.309682052784581, 16.781525829553459 ], [ 73.309400659412972, 16.781523520993748 ], [ 73.309403057005525, 16.781252447342638 ], [ 73.30968444857848, 16.781254756801616 ], [ 73.309686847070395, 16.780983683150509 ], [ 73.309124063025152, 16.780979063333177 ], [ 73.309119266041364, 16.78152121063539 ], [ 73.308837873569075, 16.781518900277092 ], [ 73.308845069944098, 16.780705679323717 ], [ 73.308563676572476, 16.780703368965359 ], [ 73.308558879588702, 16.781245515368312 ], [ 73.308277487116413, 16.781243204110638 ], [ 73.308294282854959, 16.779345690351363 ], [ 73.308012893080615, 16.779343379093746 ], [ 73.308017691863029, 16.778801231791476 ], [ 73.308299080738038, 16.77880354394847 ], [ 73.308301480129273, 16.778532470297307 ], [ 73.308020091254278, 16.778530159039633 ], [ 73.308032088210382, 16.777174791683365 ], [ 73.307469315856281, 16.7771701682687 ], [ 73.307464515275242, 16.777712314671646 ], [ 73.307183128198844, 16.777710003413972 ], [ 73.307180727908303, 16.777981076165759 ], [ 73.30689934083199, 16.777978763109502 ], [ 73.306892137262366, 16.778791983163554 ], [ 73.307173526137376, 16.778794296219878 ], [ 73.307166322567809, 16.779607515374607 ], [ 73.307447713241402, 16.779609828430864 ], [ 73.307445312950904, 16.779880901182707 ], [ 73.307726703624553, 16.779883214239021 ], [ 73.307714702171836, 16.78123858069597 ], [ 73.307996094644125, 16.781240892852963 ], [ 73.307993695252875, 16.781511965604807 ], [ 73.308275087725178, 16.781514277761744 ], [ 73.308270288942765, 16.782056424164693 ], [ 73.308551682314302, 16.782058735422368 ], [ 73.30854208474949, 16.78314302912753 ], [ 73.308260689579242, 16.783140717869856 ], [ 73.308255889897438, 16.783682864272805 ], [ 73.308537285967006, 16.783685176429803 ], [ 73.308530086894052, 16.784498395584535 ], [ 73.308811484762273, 16.784500707741532 ], [ 73.30880908537101, 16.784771779593999 ], [ 73.309090483239288, 16.78477409175099 ], [ 73.309088083848039, 16.785045165402096 ], [ 73.30936948171626, 16.785047475760454 ], [ 73.309367083224345, 16.785318549411556 ], [ 73.309648481991928, 16.785320859769911 ], [ 73.309646084399319, 16.785591933421017 ], [ 73.309927483166874, 16.785594242880052 ], [ 73.309925085574321, 16.785865317430478 ], [ 73.310206484341847, 16.785867626889512 ], [ 73.310201690056033, 16.786409773292462 ], [ 73.310764490289046, 16.786414392210474 ], [ 73.310762093595841, 16.786685465861638 ], [ 73.311043494161993, 16.786687774421296 ], [ 73.311041096569411, 16.786958848072398 ], [ 73.31132249893426, 16.786961155732797 ], [ 73.311320103140304, 16.787232229383903 ], [ 73.311882906071332, 16.787236845604014 ], [ 73.311885301865232, 16.786965771952854 ], [ 73.311603900399732, 16.786963464292512 ], [ 73.311606296193631, 16.786692390641349 ], [ 73.311324894728145, 16.786690082081691 ], [ 73.311327291421421, 16.786419008430528 ], [ 73.311045890855212, 16.786416700770186 ], [ 73.311048286649182, 16.786145627119026 ], [ 73.310766886982336, 16.786143318559368 ], [ 73.310771680368816, 16.785601171257102 ], [ 73.31049028160129, 16.785598861798064 ], [ 73.31049267829448, 16.785327789046278 ], [ 73.310211280426287, 16.785325479587243 ], [ 73.310216073812782, 16.784783332285031 ], [ 73.309934675944575, 16.784781022825999 ], [ 73.309939472029043, 16.784238876423046 ], [ 73.309658074160822, 16.784236566064749 ], [ 73.309667666329787, 16.78315227056089 ], [ 73.309386271159568, 16.783149962001172 ], [ 73.309393464836603, 16.7823367410478 ] ] ], [ [ [ 73.180850213566544, 17.386270400558598 ], [ 73.180847533586885, 17.386541440035504 ], [ 73.181129817287285, 17.386544012096522 ], [ 73.181132496367681, 17.386272974418262 ], [ 73.180850213566544, 17.386270400558598 ] ] ], [ [ [ 73.05019384866722, 17.907060031795083 ], [ 73.050759995277645, 17.907065704718544 ], [ 73.050762957644451, 17.906794700315228 ], [ 73.051895249965881, 17.906806040766238 ], [ 73.051898211433354, 17.906535037262188 ], [ 73.051332064822986, 17.906529367936063 ], [ 73.051335026290474, 17.906258364432006 ], [ 73.05105195388461, 17.906255527970306 ], [ 73.051057876819641, 17.905713520062932 ], [ 73.051340948326171, 17.905716355625376 ], [ 73.05134687036184, 17.905174346818686 ], [ 73.051913011576289, 17.905180015245548 ], [ 73.051915972144457, 17.904909011741552 ], [ 73.051632902436552, 17.904906177078487 ], [ 73.051638822673567, 17.904364169171121 ], [ 73.051921890582818, 17.904367002934862 ], [ 73.05192485205032, 17.904095999430865 ], [ 73.052207920858905, 17.904098832295347 ], [ 73.052213839297281, 17.903556822589341 ], [ 73.052496908105866, 17.903559656353085 ], [ 73.052499866875408, 17.903288651949765 ], [ 73.052782933885339, 17.903291484814247 ], [ 73.052785892654867, 17.903020480410873 ], [ 73.053068959664813, 17.903023312376035 ], [ 73.053071918434355, 17.902752307972662 ], [ 73.053638051554898, 17.902757971003613 ], [ 73.053641009425121, 17.902486966600293 ], [ 73.05392407643501, 17.902489797666078 ], [ 73.053927033405913, 17.902218792363438 ], [ 73.05449316472783, 17.90222445269637 ], [ 73.054496120799385, 17.90195344829306 ], [ 73.054779186010705, 17.901956277560203 ], [ 73.054782141182883, 17.901685273156886 ], [ 73.054499075971648, 17.901682443889737 ], [ 73.054502032043217, 17.901411438587051 ], [ 73.054218966831911, 17.901408609319901 ], [ 73.054224878975035, 17.900866599613948 ], [ 73.054507942387716, 17.900869428881098 ], [ 73.054513853631477, 17.900327419175085 ], [ 73.054796917044158, 17.900330248442291 ], [ 73.054802825589988, 17.899788238736281 ], [ 73.055085889002612, 17.899791068003427 ], [ 73.055091798447805, 17.899249058297471 ], [ 73.055374859162498, 17.899251886665294 ], [ 73.055377813435385, 17.898980881362661 ], [ 73.055660874150092, 17.898983708831167 ], [ 73.055666780897297, 17.898441699125154 ], [ 73.055949841611962, 17.898444526593661 ], [ 73.055955746560528, 17.897902515988392 ], [ 73.056238807275193, 17.897905342557578 ], [ 73.056241759749469, 17.897634338154205 ], [ 73.05652481866548, 17.897637163824125 ], [ 73.056527770240436, 17.897366159420756 ], [ 73.056810829156518, 17.897368985090623 ], [ 73.056813780731446, 17.897097979787986 ], [ 73.057096839647485, 17.897100804558534 ], [ 73.057099790323093, 17.896829799255894 ], [ 73.057665906356533, 17.896835448796992 ], [ 73.057668856132864, 17.896564442594979 ], [ 73.057385799015492, 17.896561618723752 ], [ 73.05738874879178, 17.896290613421112 ], [ 73.057671806808514, 17.896293438191663 ], [ 73.057674756584802, 17.896022432889026 ], [ 73.058240869920269, 17.896028080631485 ], [ 73.058243818797294, 17.895757074429465 ], [ 73.058526875914637, 17.895759898300696 ], [ 73.058529824791663, 17.89548889209874 ], [ 73.0588128810097, 17.895491715070644 ], [ 73.058818776065735, 17.894949703565999 ], [ 73.059101832283773, 17.894952525638583 ], [ 73.059104779362144, 17.894681520335951 ], [ 73.059387834680862, 17.894684342408539 ], [ 73.059390781759234, 17.894413336206526 ], [ 73.059673836178675, 17.894416157379798 ], [ 73.059679729436013, 17.893874145875202 ], [ 73.060245837375533, 17.893879787322366 ], [ 73.060248782655265, 17.893608781120403 ], [ 73.060531836175343, 17.893611599595715 ], [ 73.06054067111512, 17.892798582788433 ], [ 73.060823723735894, 17.892801402162998 ], [ 73.060826668116292, 17.892530395961046 ], [ 73.061392771559213, 17.892536033810984 ], [ 73.061398659420661, 17.891994021407015 ], [ 73.061681710242794, 17.891996838983008 ], [ 73.061684652824511, 17.891725832780992 ], [ 73.061401602002363, 17.891723015205059 ], [ 73.061404544584136, 17.891452009003043 ], [ 73.061687596305603, 17.891454826579039 ], [ 73.061690538887333, 17.891183820377076 ], [ 73.061973588810133, 17.891186637953012 ], [ 73.061970646228417, 17.891457644155022 ], [ 73.062253697050537, 17.891460461730954 ], [ 73.062262522997116, 17.89064744222571 ], [ 73.062545572020611, 17.890650258902383 ], [ 73.062542630338172, 17.890921265104335 ], [ 73.062825680260985, 17.890924081781016 ], [ 73.062834504408897, 17.890111062275764 ], [ 73.063117551633738, 17.890113878053057 ], [ 73.063120492416829, 17.889842871851101 ], [ 73.062554396168466, 17.889837240296458 ], [ 73.062551455385403, 17.890108245599091 ], [ 73.062268406361923, 17.890105429821805 ], [ 73.062265464679513, 17.890376436023761 ], [ 73.061699368431164, 17.890370801771155 ], [ 73.061696424950114, 17.890641807973108 ], [ 73.0614133750273, 17.890638990397122 ], [ 73.061410432445541, 17.890909996599135 ], [ 73.061127383422047, 17.890907178123822 ], [ 73.061118551180229, 17.89172019672975 ], [ 73.060835501257429, 17.891717378254441 ], [ 73.060832556877088, 17.891988383557081 ], [ 73.06054950515562, 17.891985565081821 ], [ 73.060546560775222, 17.892256571283781 ], [ 73.060263509053755, 17.892253751009829 ], [ 73.060257617595028, 17.892795763413801 ], [ 73.059974566772894, 17.892792943139852 ], [ 73.059971620593885, 17.893063949341869 ], [ 73.059688567973055, 17.893061128168593 ], [ 73.059682675615022, 17.893603139673193 ], [ 73.059116568574836, 17.893597497326716 ], [ 73.059113620597131, 17.893868504427985 ], [ 73.058830567976358, 17.893865680556761 ], [ 73.058827619998738, 17.894136686758713 ], [ 73.058261511159856, 17.894131041714271 ], [ 73.058258563182207, 17.894402047016911 ], [ 73.057975508762752, 17.894399224045006 ], [ 73.057972558986478, 17.894670229347639 ], [ 73.057689504567065, 17.894667404577092 ], [ 73.057686554790735, 17.894938410779101 ], [ 73.057403498572683, 17.894935586907881 ], [ 73.057400549695657, 17.895206592210513 ], [ 73.057117494376925, 17.895203767439963 ], [ 73.057114543701289, 17.895474772742602 ], [ 73.056831486583917, 17.895471947972055 ], [ 73.056828536807586, 17.895742953274752 ], [ 73.056545479690229, 17.895740127604881 ], [ 73.05654252901455, 17.896011132907518 ], [ 73.055976414779764, 17.896005479769141 ], [ 73.05597051073056, 17.896547490374417 ], [ 73.055687452713812, 17.89654466380523 ], [ 73.055684500239579, 17.896815668208543 ], [ 73.055401442222831, 17.89681284163936 ], [ 73.055398488849221, 17.897083846042733 ], [ 73.055115429933196, 17.89708101857417 ], [ 73.055109522286671, 17.897623028280179 ], [ 73.054826463370659, 17.897620199912353 ], [ 73.054820554824801, 17.898162209618306 ], [ 73.05453749500947, 17.898159381250476 ], [ 73.054531584664957, 17.898701390956486 ], [ 73.05424852395025, 17.898698561689347 ], [ 73.054245568778001, 17.898969566092664 ], [ 73.053962507164044, 17.898966735926194 ], [ 73.053959551092476, 17.899237741228831 ], [ 73.053676490377768, 17.899234911062369 ], [ 73.053673533406879, 17.899505914566358 ], [ 73.053390471792909, 17.899503084399893 ], [ 73.053387514822006, 17.899774089702532 ], [ 73.053104452308673, 17.899771257737427 ], [ 73.053101495337785, 17.90004226304006 ], [ 73.052818432824495, 17.900039431074962 ], [ 73.052812517084078, 17.900581439881591 ], [ 73.052529453671426, 17.90057860791649 ], [ 73.052526494901898, 17.900849612319796 ], [ 73.052243430589897, 17.900846778556058 ], [ 73.052240471820369, 17.901117783858695 ], [ 73.051957408407716, 17.90111495099427 ], [ 73.051954448738869, 17.901385955397586 ], [ 73.051671384426925, 17.901383121633788 ], [ 73.051665464189853, 17.901925130440475 ], [ 73.051382398978603, 17.90192229667667 ], [ 73.051379438410436, 17.90219330108005 ], [ 73.05109637319913, 17.902190466416926 ], [ 73.051093411731642, 17.902461470820299 ], [ 73.050810345621002, 17.902458635257855 ], [ 73.050804423585362, 17.903000644064544 ], [ 73.050521356575416, 17.902997809401427 ], [ 73.050512470374258, 17.903810820812794 ], [ 73.050229401565673, 17.903807984351033 ], [ 73.050220513565932, 17.90462099666172 ], [ 73.049937445656681, 17.904618160199959 ], [ 73.049931519124357, 17.905160168107329 ], [ 73.049648449416438, 17.905157330746249 ], [ 73.049645485251006, 17.905428334250306 ], [ 73.049079344036542, 17.905422660427462 ], [ 73.04907637987111, 17.905693663032196 ], [ 73.048510237757341, 17.905687985612076 ], [ 73.048495410634743, 17.907043004031436 ], [ 73.049061556345805, 17.907048680552236 ], [ 73.049058591281039, 17.907319685854873 ], [ 73.050190885401094, 17.9073310361984 ], [ 73.05019384866722, 17.907060031795083 ] ] ], [ [ [ 72.821936110762977, 19.075576695408245 ], [ 72.822506026432052, 19.075583430431038 ], [ 72.822509567062909, 19.07531249887279 ], [ 72.822224609678074, 19.075309131811025 ], [ 72.822238774899589, 19.074225405578034 ], [ 72.821953819313364, 19.074222039415648 ], [ 72.821971526964418, 19.072867380725086 ], [ 72.821686574076182, 19.072864013663374 ], [ 72.821697199566202, 19.07205121898863 ], [ 72.821982150655813, 19.072054586050342 ], [ 72.821989232816904, 19.07151272293385 ], [ 72.822559134996155, 19.071519456157997 ], [ 72.822562674727678, 19.071248524599753 ], [ 72.82227772543672, 19.071245158437357 ], [ 72.822281265168328, 19.070974226879116 ], [ 72.821996314978037, 19.070970859817351 ], [ 72.821999857407548, 19.07069992825916 ], [ 72.822284805799185, 19.070703295320868 ], [ 72.822288346430099, 19.070432363762624 ], [ 72.822573294821765, 19.070435729025746 ], [ 72.822580375184202, 19.069893865909251 ], [ 72.82229542679255, 19.069890499746805 ], [ 72.822298967423478, 19.069619568188557 ], [ 72.822583914915811, 19.069622934351006 ], [ 72.822598072942753, 19.068539207218688 ], [ 72.821743235861661, 19.068529108731411 ], [ 72.821746775593283, 19.06825817717316 ], [ 72.82146183079891, 19.068254811010775 ], [ 72.821472453590886, 19.067442016336038 ], [ 72.821187510595166, 19.067438648374953 ], [ 72.821194593655591, 19.066896785258507 ], [ 72.821764479647072, 19.066903519381981 ], [ 72.821771560908871, 19.066361656265482 ], [ 72.822056502105966, 19.066365022427874 ], [ 72.822060042736837, 19.066094089970306 ], [ 72.822344983933931, 19.066097456132749 ], [ 72.822355602229322, 19.065284660558685 ], [ 72.822640543426417, 19.065288025821758 ], [ 72.822644081359343, 19.065017093364187 ], [ 72.821504321966941, 19.065003631412544 ], [ 72.821507862597855, 19.064732699854293 ], [ 72.8212229231994, 19.064729332792524 ], [ 72.82123354599139, 19.063916538117777 ], [ 72.822373297289914, 19.063930001868126 ], [ 72.822376836122132, 19.063659069410562 ], [ 72.822661773721961, 19.063662434673688 ], [ 72.822665311654859, 19.063391502216117 ], [ 72.822380374954363, 19.063388137852318 ], [ 72.822387452618912, 19.062846273836499 ], [ 72.822102516817793, 19.06284290857343 ], [ 72.822113133314531, 19.062030113898693 ], [ 72.82182819931198, 19.062026748635617 ], [ 72.821849434104138, 19.060401156588163 ], [ 72.821564502799617, 19.060397792224375 ], [ 72.821568041631849, 19.060126859766793 ], [ 72.821283110327343, 19.060123495403047 ], [ 72.821290190689808, 19.059581629588592 ], [ 72.821005260284608, 19.059578264325467 ], [ 72.821015880378638, 19.058765469650787 ], [ 72.820730951772077, 19.058762102589014 ], [ 72.820738033033862, 19.058220238573199 ], [ 72.820453105326578, 19.05821687331013 ], [ 72.820449563796387, 19.058487804868381 ], [ 72.820164636089146, 19.058484436907289 ], [ 72.820161094558912, 19.058755367566221 ], [ 72.819591237345762, 19.058748633442747 ], [ 72.819587694916251, 19.059019564101668 ], [ 72.819302765410328, 19.05901619614059 ], [ 72.819285050564702, 19.060370853032513 ], [ 72.819569981869222, 19.060374221892857 ], [ 72.819562896110824, 19.060916085009353 ], [ 72.819847828314664, 19.060919452970442 ], [ 72.819844285885154, 19.061190385428006 ], [ 72.820129218988328, 19.061193753389034 ], [ 72.820104422880874, 19.063090273397449 ], [ 72.819819487079712, 19.063086905436364 ], [ 72.819815943750882, 19.063357836095292 ], [ 72.81953100794972, 19.063354467234944 ], [ 72.819527463721556, 19.063625398793196 ], [ 72.819242527021061, 19.063622029033468 ], [ 72.819238983692173, 19.063892960591716 ], [ 72.818954046092401, 19.063889589932668 ], [ 72.818950501864222, 19.064160520591606 ], [ 72.81866556426445, 19.064157150831875 ], [ 72.818662019136923, 19.064428082390116 ], [ 72.818377080637873, 19.064424710831812 ], [ 72.818369988584152, 19.064966573048938 ], [ 72.818085050984394, 19.064963200591301 ], [ 72.818074412004592, 19.065775995265991 ], [ 72.818359352302295, 19.065779366824362 ], [ 72.818345169094357, 19.06686309125871 ], [ 72.818630111190714, 19.066866461917755 ], [ 72.818623020036412, 19.06740832413487 ], [ 72.818907963032132, 19.067411695693234 ], [ 72.818904417904605, 19.067682626352159 ], [ 72.819189361799658, 19.067685997011207 ], [ 72.819182272443967, 19.068227860127706 ], [ 72.819467216339035, 19.068231229887374 ], [ 72.819463672110828, 19.068502161445615 ], [ 72.819748616905201, 19.068505531205354 ], [ 72.819741528448859, 19.069047393422526 ], [ 72.820026475041871, 19.069050763182251 ], [ 72.82002293081365, 19.069321694740495 ], [ 72.820307878305982, 19.06932506360085 ], [ 72.820304334977152, 19.069595995159098 ], [ 72.820589281570165, 19.069599364019496 ], [ 72.820571566724468, 19.070954020911358 ], [ 72.820286617433496, 19.070950652051007 ], [ 72.820275985648266, 19.071763445826434 ], [ 72.81999103455864, 19.07176007606671 ], [ 72.819983945202978, 19.072301938283889 ], [ 72.819698994113367, 19.072298567624841 ], [ 72.819645812704138, 19.076362533803945 ], [ 72.819930771887641, 19.076365903563669 ], [ 72.819927226760171, 19.076636836021233 ], [ 72.820212185943674, 19.076640206680231 ], [ 72.82020864081619, 19.076911137339156 ], [ 72.820493599999679, 19.076914507998197 ], [ 72.820490055771515, 19.077185438657125 ], [ 72.820775015854338, 19.077188808416849 ], [ 72.820771471626202, 19.077459739975097 ], [ 72.821056432608302, 19.077463109734765 ], [ 72.821052889279485, 19.077734040393693 ], [ 72.821337850261614, 19.077737410153414 ], [ 72.821334306932783, 19.078008340812346 ], [ 72.821619268814302, 19.078011709672694 ], [ 72.821615724586081, 19.078282641230942 ], [ 72.822755575709323, 19.078296112175906 ], [ 72.822762657870456, 19.077754249059414 ], [ 72.822477695988923, 19.077750881997645 ], [ 72.822484779049375, 19.077209018881149 ], [ 72.82219981806719, 19.07720565181944 ], [ 72.822213985087387, 19.076121925586449 ], [ 72.821929026803218, 19.076118559423996 ], [ 72.821936110762977, 19.075576695408245 ] ] ], [ [ [ 72.742141661408596, 20.179013329201837 ], [ 72.742428555033825, 20.179017012824946 ], [ 72.742572867443926, 20.168994311438379 ], [ 72.742859743082761, 20.168997993262849 ], [ 72.742894828333704, 20.16656003641657 ], [ 72.742607956292204, 20.166556354592167 ], [ 72.742619651975403, 20.165743702909591 ], [ 72.742332781732557, 20.165740021984504 ], [ 72.742340579754, 20.165198254196127 ], [ 72.742053710410445, 20.165194572371664 ], [ 72.742061508431902, 20.164652804583337 ], [ 72.741774639987696, 20.164649121859551 ], [ 72.741778540347411, 20.164378237965366 ], [ 72.741491672802496, 20.164374555241579 ], [ 72.741499472622593, 20.163832786553883 ], [ 72.741212605977069, 20.163829104729469 ], [ 72.7412243070562, 20.163016453046911 ], [ 72.740937441309939, 20.163012770323121 ], [ 72.740941342568988, 20.162741886428996 ], [ 72.740654477722032, 20.16273820280588 ], [ 72.740775382577908, 20.154340800287745 ], [ 72.740488533918779, 20.154337117563959 ], [ 72.740511930681123, 20.152711813299611 ], [ 72.740225084719967, 20.152708130575832 ], [ 72.740244582021901, 20.151353710205623 ], [ 72.739957738758676, 20.151350026582527 ], [ 72.73998113731966, 20.149724723217449 ], [ 72.739694296754465, 20.14972103959434 ], [ 72.739776185422656, 20.144032473320014 ], [ 72.739489353850672, 20.144028790596277 ], [ 72.739501051332525, 20.143216138913715 ], [ 72.73921422335782, 20.143212456189932 ], [ 72.739229820300011, 20.142128919713919 ], [ 72.738942994123931, 20.142125236990125 ], [ 72.738958592864833, 20.141041701413428 ], [ 72.738671767588073, 20.141038016891002 ], [ 72.738699067408092, 20.139141828732473 ], [ 72.738412245728625, 20.139138145109371 ], [ 72.738427845368847, 20.138054608633361 ], [ 72.738141026387311, 20.138050925010248 ], [ 72.738160527286524, 20.136696504640039 ], [ 72.737873711003033, 20.136692821016936 ], [ 72.73792051172228, 20.133442211588825 ], [ 72.737633701734012, 20.133438527965726 ], [ 72.737653201733906, 20.132084107595517 ], [ 72.737366394443598, 20.132080423972404 ], [ 72.73739759462336, 20.129913350121058 ], [ 72.737684398316389, 20.12991703374416 ], [ 72.737688297776799, 20.129646148950663 ], [ 72.738261904263538, 20.129653512599582 ], [ 72.738265802824571, 20.129382629604716 ], [ 72.738552605618324, 20.12938631142918 ], [ 72.738556503280051, 20.129115426635678 ], [ 72.738843306073761, 20.129119107560825 ], [ 72.738847203735546, 20.12884822366664 ], [ 72.739134005629921, 20.128851903692464 ], [ 72.739145695017839, 20.128039250211259 ], [ 72.73885889492216, 20.128035569286169 ], [ 72.738862791684539, 20.12776468539198 ], [ 72.738575991588803, 20.12776100356751 ], [ 72.738579888351239, 20.127490119673325 ], [ 72.738293089154809, 20.127486438748171 ], [ 72.738296986816536, 20.12721555395472 ], [ 72.738010187620091, 20.127211872130253 ], [ 72.738014086181167, 20.126940988236068 ], [ 72.73772728788407, 20.126937306411605 ], [ 72.73773118644516, 20.126666421618093 ], [ 72.737444388148035, 20.126662738894311 ], [ 72.737448287608473, 20.126391855000183 ], [ 72.73773508500625, 20.126395536824585 ], [ 72.737742881229067, 20.125853768136949 ], [ 72.738029677727539, 20.125857449961416 ], [ 72.738037473950328, 20.125315681273722 ], [ 72.738324270448786, 20.125319362198862 ], [ 72.738409993826224, 20.119359901238511 ], [ 72.738123209018951, 20.119356220313364 ], [ 72.738111519630991, 20.120168874693888 ], [ 72.737824733924398, 20.120165193768738 ], [ 72.737809145076014, 20.121248732043401 ], [ 72.737522356671491, 20.121245051118247 ], [ 72.737518459009721, 20.121515935012436 ], [ 72.737231670605183, 20.121512253187976 ], [ 72.737219974921956, 20.122324906669178 ], [ 72.736933185618057, 20.122321223945391 ], [ 72.736921488136204, 20.12313387742654 ], [ 72.736634697033722, 20.123130193803437 ], [ 72.736622996853882, 20.123942846385315 ], [ 72.736336204852023, 20.123939162762216 ], [ 72.736316701254793, 20.125293584031731 ], [ 72.736029906555018, 20.125289900408628 ], [ 72.735920647020293, 20.132874650344892 ], [ 72.736207456109227, 20.132878336665957 ], [ 72.736184039561806, 20.134503639131712 ], [ 72.736470851348784, 20.134507324553443 ], [ 72.736459143974344, 20.135319977135282 ], [ 72.736745957559933, 20.135323662557028 ], [ 72.736738153243209, 20.135865430345408 ], [ 72.737024967728132, 20.135869115767147 ], [ 72.737009359994033, 20.136952651343844 ], [ 72.737296177176901, 20.136956336765593 ], [ 72.737288373759498, 20.137498104553913 ], [ 72.7375751918417, 20.137501789076335 ], [ 72.737555684647177, 20.138856209446544 ], [ 72.737842505427352, 20.138859893968977 ], [ 72.737819097873114, 20.140485197334044 ], [ 72.738105921351234, 20.140488881856463 ], [ 72.738082515595707, 20.14211418612086 ], [ 72.738369341771772, 20.142117869743966 ], [ 72.738345936016174, 20.143743174008303 ], [ 72.738632764890269, 20.143746857631406 ], [ 72.738613261293054, 20.145101278001619 ], [ 72.738900092865038, 20.145104961624725 ], [ 72.738888391785906, 20.145917614206553 ], [ 72.739175225156615, 20.145921296930336 ], [ 72.73915572335801, 20.147275717300545 ], [ 72.739442559426593, 20.147279400923651 ], [ 72.739224060142305, 20.162448895400249 ], [ 72.739510924089927, 20.162452579922675 ], [ 72.739507021032239, 20.162723463816864 ], [ 72.739793884979846, 20.162727149238599 ], [ 72.739782176706186, 20.163539800021798 ], [ 72.740069041553042, 20.163543485443544 ], [ 72.740065140294064, 20.163814368438409 ], [ 72.740352006939645, 20.163818053860162 ], [ 72.740348104781276, 20.164088936855023 ], [ 72.740634971426871, 20.164092621377449 ], [ 72.740627168908759, 20.164634389165769 ], [ 72.740914035554354, 20.164638072788875 ], [ 72.740871120805664, 20.167617794725516 ], [ 72.741157993746469, 20.167621478348622 ], [ 72.741150191228371, 20.168163246136949 ], [ 72.741437065967901, 20.168166929760048 ], [ 72.741429262550469, 20.168708698447748 ], [ 72.741716139088609, 20.168712380272154 ], [ 72.741708336570525, 20.169254148060528 ], [ 72.741995214008, 20.169257830784318 ], [ 72.741964011130264, 20.171424901937716 ], [ 72.742250891265641, 20.171428584661502 ], [ 72.742153366084992, 20.178200678418651 ], [ 72.741866473359096, 20.178196993896222 ], [ 72.741846960768669, 20.179551411568408 ], [ 72.741560065344785, 20.179547726146726 ], [ 72.7415249351277, 20.181985677596973 ], [ 72.741811835048225, 20.181989363018715 ], [ 72.741796221918136, 20.183072896796773 ], [ 72.742083123637315, 20.183076582218519 ], [ 72.742141661408596, 20.179013329201837 ] ] ], [ [ [ 71.445806159426766, 20.875481035421501 ], [ 71.445229846880025, 20.875489278607354 ], [ 71.445234231074949, 20.875760104045646 ], [ 71.445522388247696, 20.875755981553375 ], [ 71.445526774241273, 20.876026807890923 ], [ 71.445814931414006, 20.876022685398652 ], [ 71.445806159426766, 20.875481035421501 ] ] ], [ [ [ 70.337124190229247, 20.919577451038606 ], [ 70.337121786341413, 20.919306453829847 ], [ 70.337410212411442, 20.919304194732828 ], [ 70.337407807624274, 20.919033196624753 ], [ 70.336830957282928, 20.919037713919408 ], [ 70.336833361170761, 20.919308712027483 ], [ 70.336544935100733, 20.919310969325803 ], [ 70.336547338089247, 20.919581967433878 ], [ 70.337124190229247, 20.919577451038606 ] ] ], [ [ [ 70.335970485949233, 20.919586482030585 ], [ 70.335972888038384, 20.91985747923934 ], [ 70.33539603499905, 20.91986199203734 ], [ 70.335398435289619, 20.920132990145412 ], [ 70.334533152582978, 20.920139754845884 ], [ 70.334535552873533, 20.920410752953956 ], [ 70.333381841398946, 20.92041976595948 ], [ 70.333384238991471, 20.920690764067558 ], [ 70.332230524818897, 20.920699769878521 ], [ 70.332232919713547, 20.920970767986599 ], [ 70.331944490046226, 20.920973018090365 ], [ 70.331946884940848, 20.921244017097763 ], [ 70.331370025606233, 20.921248516405964 ], [ 70.33137241960155, 20.921519515413369 ], [ 70.331083989034923, 20.921521762819172 ], [ 70.331086382130877, 20.921792761826563 ], [ 70.330797951564264, 20.921795010131692 ], [ 70.330800343760927, 20.922066008239703 ], [ 70.330511912294966, 20.922068257444145 ], [ 70.330519089784218, 20.922881251768388 ], [ 70.330230657418952, 20.922883499174194 ], [ 70.330235440013595, 20.923425496289667 ], [ 70.33023783221023, 20.923696494397738 ], [ 70.33052626727347, 20.923694246991946 ], [ 70.330523874177516, 20.923423248883861 ], [ 70.330812308341422, 20.923421000578742 ], [ 70.33080752304879, 20.922879002563938 ], [ 70.331095955414071, 20.922876755158203 ], [ 70.331098349409331, 20.923147753266278 ], [ 70.331386782673931, 20.923145504061836 ], [ 70.331384388678671, 20.922874505953754 ], [ 70.331961254308524, 20.92287000664555 ], [ 70.331958859413874, 20.922599009436802 ], [ 70.33224729177914, 20.922596758433713 ], [ 70.332244895985241, 20.922325759426307 ], [ 70.332533326551797, 20.922323509322545 ], [ 70.332530931657217, 20.922052510315151 ], [ 70.333107794589139, 20.922048007409671 ], [ 70.333103000303268, 20.921506011193511 ], [ 70.333391430869881, 20.921503759291113 ], [ 70.333389033277342, 20.921232761183038 ], [ 70.333677462944593, 20.921230508381313 ], [ 70.333675063553414, 20.920959510273232 ], [ 70.334251922887972, 20.920955002871153 ], [ 70.334249522597418, 20.920684004763078 ], [ 70.335114808901366, 20.920677241861256 ], [ 70.335112408610826, 20.920406243753177 ], [ 70.335689263448799, 20.920401731854497 ], [ 70.335686862258967, 20.920130733746426 ], [ 70.336263717096926, 20.920126220948362 ], [ 70.336261314108427, 20.91985522284034 ], [ 70.336549741077746, 20.919852966441283 ], [ 70.336547338089247, 20.919581967433878 ], [ 70.335970485949233, 20.919586482030585 ] ] ], [ [ [ 70.325348738053876, 20.925360623294178 ], [ 70.325060300292719, 20.925362861706731 ], [ 70.325062682596808, 20.925633860714122 ], [ 70.325065065800175, 20.925904859721527 ], [ 70.32535350536007, 20.925902621308975 ], [ 70.325348738053876, 20.925360623294178 ] ] ], [ [ [ 70.265708177590398, 20.968092586603632 ], [ 70.265419651695638, 20.968094728788735 ], [ 70.265417371014905, 20.967823724385426 ], [ 70.265705897808971, 20.967821582200315 ], [ 70.265703616228947, 20.967550578696326 ], [ 70.266569193913185, 20.967544149442976 ], [ 70.266564628954541, 20.967002140636346 ], [ 70.266853153949953, 20.96699999575327 ], [ 70.266850870571261, 20.966728992249209 ], [ 70.267427918763474, 20.966724701583754 ], [ 70.267425633586171, 20.966453698079761 ], [ 70.268291205874505, 20.966447259833213 ], [ 70.268288919797826, 20.96617625632922 ], [ 70.268577442994612, 20.966174108748184 ], [ 70.268575156918033, 20.965903105244134 ], [ 70.268863680114819, 20.965900957663109 ], [ 70.26886139313882, 20.965629954159105 ], [ 70.269438436834434, 20.965625657198355 ], [ 70.269436148959187, 20.965354653694366 ], [ 70.269724670357348, 20.965352505214017 ], [ 70.26972238158271, 20.965081500810644 ], [ 70.270010902980857, 20.96507935143098 ], [ 70.270008615105553, 20.964808347926969 ], [ 70.270585655203888, 20.964804047368943 ], [ 70.270583366429264, 20.96453304386495 ], [ 70.270871885129438, 20.964530893585906 ], [ 70.270869594556189, 20.964259890081905 ], [ 70.271158114155696, 20.964257738903598 ], [ 70.271155823582433, 20.963986735399534 ], [ 70.271732860982809, 20.963982431244229 ], [ 70.271730570409545, 20.963711427740233 ], [ 70.272307605111962, 20.963707121786282 ], [ 70.272305312740059, 20.963436118282289 ], [ 70.272882347442419, 20.963431811429025 ], [ 70.272880053271862, 20.963160807025698 ], [ 70.271437469663582, 20.96317157280987 ], [ 70.271439760236788, 20.963442576313923 ], [ 70.271151242435963, 20.963444726592911 ], [ 70.271153533009169, 20.963715730996224 ], [ 70.270576497407475, 20.963720033352892 ], [ 70.270578786182114, 20.963991036856893 ], [ 70.26971323008155, 20.96399748679465 ], [ 70.269715518856174, 20.96426849029865 ], [ 70.269426999256666, 20.964270638778999 ], [ 70.269429286232651, 20.964541642282992 ], [ 70.269140766633129, 20.964543790763404 ], [ 70.269143053609085, 20.964814795166717 ], [ 70.268566012611473, 20.964819090328835 ], [ 70.268568298688081, 20.965090093832824 ], [ 70.268279778189267, 20.965092241413856 ], [ 70.268282063366613, 20.965363244917846 ], [ 70.267993541968451, 20.965365391599619 ], [ 70.267995827145739, 20.965636395103619 ], [ 70.267707304848273, 20.965638540886005 ], [ 70.267709589126312, 20.965909545289325 ], [ 70.267421066828831, 20.965911691071714 ], [ 70.2674233511068, 20.966182694575767 ], [ 70.266846304713226, 20.966186984341906 ], [ 70.266848587192612, 20.966457987845896 ], [ 70.266560063995811, 20.966460132728969 ], [ 70.266562345575849, 20.966731136233015 ], [ 70.266273820580409, 20.966733280216772 ], [ 70.266276103959115, 20.967004283720769 ], [ 70.265987578963632, 20.967006427704519 ], [ 70.265989861443018, 20.967277431208512 ], [ 70.265412809653526, 20.967281715578732 ], [ 70.265415090334216, 20.967552720881429 ], [ 70.26512656443947, 20.967554862167212 ], [ 70.26512884422084, 20.967825866570536 ], [ 70.264840317426774, 20.967828007856326 ], [ 70.264842597208144, 20.968099012259643 ], [ 70.264554070414093, 20.968101154444749 ], [ 70.264556349296143, 20.968372157049483 ], [ 70.264267821602743, 20.968374297435904 ], [ 70.264270099585474, 20.968645301839274 ], [ 70.263981571892089, 20.968647442225741 ], [ 70.263983849874805, 20.968918445729742 ], [ 70.263695321282114, 20.968920586116212 ], [ 70.263697599264844, 20.969191589620205 ], [ 70.263409069772834, 20.96919372910736 ], [ 70.263411346856216, 20.969464734409996 ], [ 70.263988406739657, 20.969460455435694 ], [ 70.263986128756855, 20.969189450133058 ], [ 70.264851716333666, 20.969183028074333 ], [ 70.2648448769895, 20.968370016663016 ], [ 70.265710460069727, 20.968363590107629 ], [ 70.265708177590398, 20.968092586603632 ] ] ], [ [ [ 70.124055239957386, 21.086983537560286 ], [ 70.1240572787205, 21.087254552755443 ], [ 70.124346050130157, 21.087252638998169 ], [ 70.124341972603986, 21.086710610406378 ], [ 70.124630742215061, 21.086708696649051 ], [ 70.124626663789556, 21.086166668057327 ], [ 70.124049124567492, 21.086170495571992 ], [ 70.124051163330606, 21.086441509867825 ], [ 70.123762393719574, 21.086443422725836 ], [ 70.123764431583311, 21.086714437021726 ], [ 70.123475661072973, 21.086716348980357 ], [ 70.123477698037377, 21.086987363276251 ], [ 70.124055239957386, 21.086983537560286 ] ] ], [ [ [ 70.123188928426359, 21.086989275234934 ], [ 70.123190963592137, 21.087260290430091 ], [ 70.122902193081799, 21.087262200590143 ], [ 70.122904229146911, 21.087533215785349 ], [ 70.12261545683792, 21.087535126844671 ], [ 70.122617492903046, 21.087806141140561 ], [ 70.122039947385687, 21.087809960561287 ], [ 70.122041982551536, 21.088080976655817 ], [ 70.121753209343169, 21.088082885916496 ], [ 70.121755243609641, 21.088353900212379 ], [ 70.121177696293728, 21.088357717834469 ], [ 70.121179729660867, 21.08862873213036 ], [ 70.120890955553193, 21.088630639592395 ], [ 70.120892988021026, 21.088901654787609 ], [ 70.120604213913381, 21.088903563148957 ], [ 70.1206062463812, 21.089174577444847 ], [ 70.120317469575639, 21.089176484906886 ], [ 70.120321535410582, 21.089718512599347 ], [ 70.12003275770563, 21.089720420960695 ], [ 70.120036820842628, 21.090262449552487 ], [ 70.119459265432795, 21.090266261778591 ], [ 70.119461296101974, 21.090537276074489 ], [ 70.118883739792807, 21.090541087401334 ], [ 70.118885769562652, 21.090812101697164 ], [ 70.11830821055554, 21.090815910326047 ], [ 70.1183102403254, 21.091086924621951 ], [ 70.117732681318216, 21.091090730552825 ], [ 70.117734708390117, 21.091361745748024 ], [ 70.117445928886582, 21.091363648713468 ], [ 70.117447955958482, 21.091634663009355 ], [ 70.117159174656251, 21.091636565075476 ], [ 70.117161201728152, 21.091907580270679 ], [ 70.116872420425921, 21.091909481437487 ], [ 70.116874446598501, 21.092180496632636 ], [ 70.116585664396936, 21.092182397799487 ], [ 70.116587690569546, 21.092453412095324 ], [ 70.11629890836798, 21.092455313262125 ], [ 70.116302958015183, 21.092997342753222 ], [ 70.116014174914298, 21.092999243020699 ], [ 70.116018224561444, 21.093541273411063 ], [ 70.115729439661948, 21.093543171879904 ], [ 70.115731464035889, 21.093814187075115 ], [ 70.115442679136379, 21.093816086443265 ], [ 70.115444702611001, 21.094087101638475 ], [ 70.115155916812171, 21.094089000107317 ], [ 70.115157940286778, 21.094360015302534 ], [ 70.114580367789813, 21.094363811340887 ], [ 70.114582390365044, 21.094634827435417 ], [ 70.114293603666908, 21.094636724105555 ], [ 70.114295625342876, 21.094907738401446 ], [ 70.113718051047286, 21.094911532641163 ], [ 70.113720070924629, 21.09518254693705 ], [ 70.113142495729676, 21.095186337579495 ], [ 70.113144515606962, 21.095457353673968 ], [ 70.112855727110158, 21.095459249444847 ], [ 70.11285774608821, 21.095730263740727 ], [ 70.112568956692044, 21.095732158612293 ], [ 70.112570975670053, 21.096003173807503 ], [ 70.112282186273944, 21.096005067779686 ], [ 70.112288241409246, 21.096818111566613 ], [ 70.11257703170466, 21.096816217594441 ], [ 70.112575012726722, 21.096545203298547 ], [ 70.113152594216899, 21.096541413555428 ], [ 70.113150574339613, 21.096270398360222 ], [ 70.113439364635042, 21.0962685025894 ], [ 70.113437343858394, 21.095997488293509 ], [ 70.114014922650583, 21.095993694953108 ], [ 70.114010880198009, 21.095451664562749 ], [ 70.114299668694798, 21.09544976879187 ], [ 70.114297647018873, 21.095178753596667 ], [ 70.114875222213811, 21.095174957558299 ], [ 70.11487319963851, 21.094903943262402 ], [ 70.115161986336673, 21.094902044793574 ], [ 70.115159963761371, 21.094631029598354 ], [ 70.115448749560187, 21.094629131129523 ], [ 70.115446726085622, 21.094358115934366 ], [ 70.115735511884395, 21.094356216566219 ], [ 70.115733488409816, 21.094085202270318 ], [ 70.116022273309326, 21.094083302002836 ], [ 70.116020248935399, 21.093812287706953 ], [ 70.116309033834895, 21.093810387439476 ], [ 70.116307008561634, 21.093539372244265 ], [ 70.116595792561839, 21.093537471077468 ], [ 70.116597818734419, 21.093808486272682 ], [ 70.11688660363393, 21.093806585105884 ], [ 70.116884576562015, 21.093535569910671 ], [ 70.117173360562219, 21.093533667844554 ], [ 70.117169308217058, 21.092991639252784 ], [ 70.117458091317928, 21.092989736287336 ], [ 70.117456064246028, 21.092718721991499 ], [ 70.117744846447579, 21.092716819026002 ], [ 70.117742819375678, 21.092445804730179 ], [ 70.118031600677924, 21.092443901764678 ], [ 70.118029572706689, 21.092172886569529 ], [ 70.118318354008863, 21.092170983604031 ], [ 70.1183163260377, 21.091899968408885 ], [ 70.118893887742786, 21.091896159779992 ], [ 70.118891857972926, 21.091625144584782 ], [ 70.119180638375838, 21.091623239820706 ], [ 70.119176577936798, 21.091081211228978 ], [ 70.119465357440333, 21.091079305565529 ], [ 70.119463326771154, 21.090808291269692 ], [ 70.119752105375426, 21.090806384706919 ], [ 70.119750074706246, 21.090535370411089 ], [ 70.1203276310154, 21.090531557285601 ], [ 70.120325599446915, 21.090260542989718 ], [ 70.120903153957457, 21.090256727166267 ], [ 70.12090112059029, 21.08998571287043 ], [ 70.12118989739588, 21.089983805408338 ], [ 70.121187864028741, 21.089712790213124 ], [ 70.121476640834359, 21.089710881851769 ], [ 70.121474606567929, 21.089439867555878 ], [ 70.121185830661602, 21.089441775917294 ], [ 70.121183797294478, 21.089170761621403 ], [ 70.1214725723014, 21.089168852360672 ], [ 70.121470538034941, 21.088897838064838 ], [ 70.122048088048885, 21.088894020442751 ], [ 70.1220440177173, 21.088351990951644 ], [ 70.122621565033228, 21.088348169732289 ], [ 70.122619528968116, 21.088077155436451 ], [ 70.122908302176484, 21.088075244377073 ], [ 70.122906266111329, 21.08780423008119 ], [ 70.123195038420363, 21.087802319021872 ], [ 70.123193000556583, 21.087531303826665 ], [ 70.123481773764922, 21.087529391867974 ], [ 70.123477698037377, 21.086987363276251 ], [ 70.123188928426359, 21.086989275234934 ] ] ], [ [ [ 70.111999449315192, 21.096820006438179 ], [ 70.112001467393824, 21.097091021633393 ], [ 70.112290258588644, 21.097089127661153 ], [ 70.112288241409246, 21.096818111566613 ], [ 70.111999449315192, 21.096820006438179 ] ] ], [ [ [ 70.109418446304304, 21.099276165562628 ], [ 70.109129650612942, 21.099278055038273 ], [ 70.109133675978384, 21.099820085428625 ], [ 70.109422472569108, 21.099818195953048 ], [ 70.109418446304304, 21.099276165562628 ] ] ], [ [ [ 70.108852928320061, 21.10090603478573 ], [ 70.108275328843433, 21.100909811039003 ], [ 70.108277340626827, 21.101180826234213 ], [ 70.10885494010347, 21.101177049980947 ], [ 70.108852928320061, 21.10090603478573 ] ] ], [ [ [ 72.017930135367521, 21.152562593988591 ], [ 72.017641584291766, 21.152567744405925 ], [ 72.017636095729287, 21.152297056563953 ], [ 72.017924645905737, 21.152291907045935 ], [ 72.017919156443952, 21.152021220103276 ], [ 72.01820770662043, 21.152016070585262 ], [ 72.018180258412244, 21.150662636771305 ], [ 72.017891710034462, 21.150667786289375 ], [ 72.017886220572677, 21.150397099346719 ], [ 72.017309127414364, 21.150407396584121 ], [ 72.017303639751219, 21.150136709641519 ], [ 72.016726546592906, 21.150147005080271 ], [ 72.016721059829081, 21.149876318137615 ], [ 72.016143967570088, 21.149886611777795 ], [ 72.016132995841133, 21.149345236993156 ], [ 72.014978814920411, 21.149365817078834 ], [ 72.014973330854602, 21.149095129236855 ], [ 72.014684786074099, 21.149100273358954 ], [ 72.014673820640368, 21.148558897675056 ], [ 72.014096731978668, 21.148569183221294 ], [ 72.014085769242897, 21.148027808436659 ], [ 72.013797226261033, 21.148032949860809 ], [ 72.013786264424596, 21.147491574176851 ], [ 72.013497722342095, 21.147496715600997 ], [ 72.013492241873521, 21.147226026859695 ], [ 72.013203699790949, 21.147231168283838 ], [ 72.013192741551848, 21.146689791700563 ], [ 72.012615659185371, 21.146700071850884 ], [ 72.0126101814148, 21.146429383109588 ], [ 72.012321640231562, 21.146434522735088 ], [ 72.012294253177288, 21.145081080827254 ], [ 72.012005714692023, 21.145086218654114 ], [ 72.011961903319232, 21.142920711421766 ], [ 72.011673369330595, 21.142925848349254 ], [ 72.011662418286051, 21.142384470866652 ], [ 72.01137388519669, 21.142389607794197 ], [ 72.011341036559656, 21.14076547534647 ], [ 72.011052507966951, 21.140770609576013 ], [ 72.011041561419006, 21.140229232992738 ], [ 72.011618617705096, 21.140218961835672 ], [ 72.011613144431124, 21.139948273094376 ], [ 72.011901671225203, 21.139943136166831 ], [ 72.011896196152591, 21.139672447425543 ], [ 72.012473252438724, 21.13966217357051 ], [ 72.012462299595484, 21.139120796987239 ], [ 72.012173772801432, 21.13912593391478 ], [ 72.012168297728792, 21.138855245173488 ], [ 72.01187977183406, 21.138860382101029 ], [ 72.011874296761448, 21.138589693359734 ], [ 72.011585770866702, 21.138594829387898 ], [ 72.011580296693396, 21.138324140646603 ], [ 72.01186882168885, 21.138319004618438 ], [ 72.011863348414849, 21.138048315877139 ], [ 72.012151871611664, 21.138043178949605 ], [ 72.012146397438372, 21.137772490208306 ], [ 72.01243492063513, 21.137767354180081 ], [ 72.012407544372707, 21.136413909574344 ], [ 72.012119022974574, 21.136419047401144 ], [ 72.012113548801281, 21.136148358659852 ], [ 72.011825028302496, 21.136153494688077 ], [ 72.011808606681882, 21.135341427564867 ], [ 72.012097125382056, 21.135336292436019 ], [ 72.012091651208763, 21.135065603694724 ], [ 72.012668688609153, 21.135055330738961 ], [ 72.012663214435875, 21.13478464199768 ], [ 72.013240249138221, 21.134774368142637 ], [ 72.013223821222439, 21.133962302818077 ], [ 72.012935305220196, 21.133967439745618 ], [ 72.012924355074986, 21.133426062263027 ], [ 72.012635839072743, 21.133431199190568 ], [ 72.012630364899437, 21.133160510449272 ], [ 72.00859114896241, 21.133232370777364 ], [ 72.008585681983675, 21.132961681136745 ], [ 72.00800865087858, 21.132971938803962 ], [ 72.008003184799179, 21.132701248264024 ], [ 72.007714669696341, 21.132706377097684 ], [ 72.007709203616912, 21.132435686557749 ], [ 72.007420689413337, 21.132440813592723 ], [ 72.00741522423327, 21.132170123952115 ], [ 72.007126710029695, 21.132175250987071 ], [ 72.00713217431047, 21.132445942426326 ], [ 72.0062666290018, 21.132461319034693 ], [ 72.006277554865335, 21.133002700114563 ], [ 72.005989038863106, 21.133007825350887 ], [ 72.006038203900076, 21.135444038411716 ], [ 72.005749683401234, 21.135449162748731 ], [ 72.005744220019778, 21.135178473108112 ], [ 72.004301616626378, 21.135204092095258 ], [ 72.004307076410498, 21.135474782635182 ], [ 72.004018555012351, 21.135479905173554 ], [ 72.004024014796528, 21.135750595713489 ], [ 72.003735491599755, 21.135755717352549 ], [ 72.003740951383847, 21.136026408791793 ], [ 72.003452429086394, 21.136031530430849 ], [ 72.003468804841532, 21.136843602949966 ], [ 72.003757329836972, 21.136838480411601 ], [ 72.003768249405255, 21.137379862390791 ], [ 72.004056774400681, 21.137374739852419 ], [ 72.004067694868297, 21.137916120932285 ], [ 72.006664427921066, 21.1378699974025 ], [ 72.006658962740971, 21.137599305963253 ], [ 72.00723601273188, 21.137589050993942 ], [ 72.007230546652465, 21.137318361353323 ], [ 72.007519070748572, 21.137313233419032 ], [ 72.007513604669157, 21.137042542879101 ], [ 72.007802127865943, 21.137037414045494 ], [ 72.007791194807837, 21.136496034764264 ], [ 72.008079717105318, 21.1364909059306 ], [ 72.008074250126583, 21.136220216289985 ], [ 72.008651293822197, 21.136209956824075 ], [ 72.008613018675931, 21.134315129339825 ], [ 72.009478572078464, 21.134299737442973 ], [ 72.009484041755158, 21.134570427083592 ], [ 72.009772559556026, 21.134565295552022 ], [ 72.009783499808748, 21.135106673933929 ], [ 72.010072019408199, 21.13510154240231 ], [ 72.010082959660906, 21.135642920784221 ], [ 72.010371480159733, 21.135637788353279 ], [ 72.010376951635067, 21.135908477094574 ], [ 72.010953992632707, 21.135898210434103 ], [ 72.01095946500736, 21.136168899175402 ], [ 72.011247986405522, 21.13616376494582 ], [ 72.011264405328134, 21.136975831169718 ], [ 72.010687359833881, 21.136986099628867 ], [ 72.01069283220852, 21.13725678926949 ], [ 72.010404309011733, 21.137261922599681 ], [ 72.01040977958769, 21.137532612240314 ], [ 72.009832732294782, 21.137542878001454 ], [ 72.00983820287081, 21.13781356674275 ], [ 72.009549678774704, 21.137818699173703 ], [ 72.009555147552078, 21.138089388814301 ], [ 72.009266622556652, 21.138094520345874 ], [ 72.009272093132665, 21.138365209986485 ], [ 72.009560619027411, 21.1383600775556 ], [ 72.00956608960341, 21.138630767196219 ], [ 72.00985461639749, 21.138625634765273 ], [ 72.009860086973504, 21.138896324405888 ], [ 72.010148613767569, 21.138891191075686 ], [ 72.010159556718222, 21.139432568558217 ], [ 72.00987102992417, 21.139437702787799 ], [ 72.009876501399503, 21.139708392428421 ], [ 72.009587972806742, 21.139713524859356 ], [ 72.009593443382755, 21.139984213600655 ], [ 72.00930491479005, 21.139989346031541 ], [ 72.009315855942077, 21.140530724413448 ], [ 72.009027325550676, 21.140535856844384 ], [ 72.009032796126689, 21.14080654558563 ], [ 72.008744264836025, 21.140811678016579 ], [ 72.008837261930111, 21.145413397410433 ], [ 72.009125801314724, 21.145408263180848 ], [ 72.009131272790071, 21.145678952821466 ], [ 72.009419813073961, 21.145673818591881 ], [ 72.009430757823296, 21.146215196973799 ], [ 72.009719298107186, 21.146210062744274 ], [ 72.009730244655145, 21.146751441126188 ], [ 72.010018786737646, 21.146746305997283 ], [ 72.010024260011605, 21.147016995637898 ], [ 72.010312802094191, 21.147011859609673 ], [ 72.010318277166803, 21.147282548350965 ], [ 72.010606819249347, 21.147277413222067 ], [ 72.010612294321959, 21.147548101963366 ], [ 72.010900837303822, 21.147542965035882 ], [ 72.010906313275768, 21.147813653777177 ], [ 72.01119485625766, 21.14780851684964 ], [ 72.011200333128954, 21.148079205590935 ], [ 72.011488877010095, 21.148074067764071 ], [ 72.011494353881403, 21.14834475740469 ], [ 72.0117828977626, 21.148339618678506 ], [ 72.011788376432477, 21.148610307419798 ], [ 72.01236546509422, 21.148600029068124 ], [ 72.012376422433988, 21.149141405651388 ], [ 72.012953513793661, 21.149131126400388 ], [ 72.012958993362915, 21.149401813343047 ], [ 72.013247539942085, 21.149396672818224 ], [ 72.013253020410616, 21.149667360660203 ], [ 72.013830112669595, 21.1496570769126 ], [ 72.013835594037516, 21.149927764754576 ], [ 72.014124142415326, 21.149922622431113 ], [ 72.014129622883843, 21.150193310273092 ], [ 72.014418170362333, 21.150188167050317 ], [ 72.014423654428199, 21.150458854892289 ], [ 72.014712201007328, 21.150453711669513 ], [ 72.014717684173817, 21.150724398612173 ], [ 72.015006232551613, 21.150719253590751 ], [ 72.015011716617479, 21.150989942332046 ], [ 72.01530026499529, 21.150984797310567 ], [ 72.015305749960476, 21.151255485152546 ], [ 72.015594298338257, 21.151250340131128 ], [ 72.01559978420272, 21.15152102707378 ], [ 72.016176882757009, 21.151510735232314 ], [ 72.016182368621472, 21.151781422174956 ], [ 72.016470918797893, 21.151776275354855 ], [ 72.016476405561733, 21.152046962297504 ], [ 72.016764955738154, 21.152041814578126 ], [ 72.016770443401313, 21.152312502420102 ], [ 72.017058993577734, 21.152307353801405 ], [ 72.017064482140185, 21.152578040744061 ], [ 72.017353033215954, 21.152572892125306 ], [ 72.017358522677739, 21.152843579067962 ], [ 72.017647073753508, 21.152838430449258 ], [ 72.017652563215279, 21.153109115593281 ], [ 72.017941115190368, 21.153103966974527 ], [ 72.017930135367521, 21.152562593988591 ] ] ], [ [ [ 69.455208414436811, 21.749289241305519 ], [ 69.455207559181574, 21.749018205425898 ], [ 69.454917436990172, 21.749019002225232 ], [ 69.454918290446813, 21.749290039004165 ], [ 69.455208414436811, 21.749289241305519 ] ] ], [ [ [ 69.454628168255397, 21.749290836702812 ], [ 69.454629020812732, 21.749561872582376 ], [ 69.454629874269358, 21.749832910260633 ], [ 69.454339750279303, 21.749833706160643 ], [ 69.454340602836623, 21.750104742939584 ], [ 69.454920851715997, 21.750103149340923 ], [ 69.454918290446813, 21.749290039004165 ], [ 69.454628168255397, 21.749290836702812 ] ] ], [ [ [ 69.452313977008487, 21.751465489141079 ], [ 69.452023849421153, 21.751466282343124 ], [ 69.452024696582541, 21.751737319122014 ], [ 69.452314825069138, 21.751736525919963 ], [ 69.452313977008487, 21.751465489141079 ] ] ], [ [ [ 69.429447107797841, 21.769415003899383 ], [ 69.429156943338342, 21.769415756631929 ], [ 69.429157749130866, 21.769686793410813 ], [ 69.428867584671366, 21.769687546143413 ], [ 69.42886838956457, 21.769958583821619 ], [ 69.429448721181586, 21.76995707655788 ], [ 69.429447107797841, 21.769415003899383 ] ] ], [ [ [ 69.414401384316491, 21.784360542904778 ], [ 69.413240605969236, 21.784363448614325 ], [ 69.413241382983458, 21.784634486292532 ], [ 69.412951187947044, 21.784635211146107 ], [ 69.412951964061961, 21.784906247925047 ], [ 69.412371572190352, 21.784907696732887 ], [ 69.412372347405963, 21.78517873441109 ], [ 69.411791954635063, 21.785180181420284 ], [ 69.411792728951355, 21.785451218199221 ], [ 69.411502531216911, 21.785451941254113 ], [ 69.411503306432508, 21.785722978033043 ], [ 69.411213107798744, 21.785723700188669 ], [ 69.411214653733339, 21.786265774645813 ], [ 69.410924455099575, 21.786266495902115 ], [ 69.41092600013485, 21.786808570359316 ], [ 69.410635800601753, 21.786809291615555 ], [ 69.410636572220085, 21.787080328394488 ], [ 69.410056171355265, 21.787081769108397 ], [ 69.410056942973597, 21.787352806786654 ], [ 69.409186339877749, 21.787354964260256 ], [ 69.409187109697427, 21.787626001039136 ], [ 69.408896908365705, 21.78762671959748 ], [ 69.408897676386687, 21.78789775637642 ], [ 69.408607475054978, 21.787898474035384 ], [ 69.408608243076017, 21.788169511713647 ], [ 69.408318039945641, 21.788170227573971 ], [ 69.40831880796668, 21.788441265252228 ], [ 69.407738401705942, 21.788442698771576 ], [ 69.407739168827618, 21.788713735550516 ], [ 69.407448964797922, 21.78871445141084 ], [ 69.407449731020336, 21.78898548818978 ], [ 69.407159526990654, 21.788986203150785 ], [ 69.407160292313662, 21.789257240829038 ], [ 69.406870087384675, 21.789257955790109 ], [ 69.406870851808421, 21.789528992568989 ], [ 69.406580646879434, 21.789529706630727 ], [ 69.406581411303137, 21.789800743409614 ], [ 69.406000999646508, 21.789802170633717 ], [ 69.406001763170892, 21.790073207412664 ], [ 69.405711556443222, 21.790073920575026 ], [ 69.4057123190683, 21.790344957353966 ], [ 69.405422112340645, 21.790345669617007 ], [ 69.405422874965765, 21.790616707295275 ], [ 69.405132667338762, 21.790617418658993 ], [ 69.405133429064577, 21.79088845543793 ], [ 69.404843221437602, 21.790889166801662 ], [ 69.404843982264026, 21.791160203580596 ], [ 69.404553772838426, 21.791160914944324 ], [ 69.404554533664836, 21.791431951723265 ], [ 69.40426432423925, 21.79143266218767 ], [ 69.40426508506566, 21.791703698966554 ], [ 69.40397487474074, 21.79170440943102 ], [ 69.403975634667859, 21.7919754462099 ], [ 69.403685424342925, 21.791976154875666 ], [ 69.403686183370709, 21.792247192553926 ], [ 69.403395972146427, 21.792247901219699 ], [ 69.403396731174269, 21.792518937998633 ], [ 69.403106519050667, 21.792519645765086 ], [ 69.403107277179174, 21.79279068344335 ], [ 69.402817065055558, 21.792791391209786 ], [ 69.402817823184023, 21.793062427988726 ], [ 69.402237398037514, 21.793063841722983 ], [ 69.402238154367396, 21.79333487940119 ], [ 69.401947941344474, 21.79333558536899 ], [ 69.40194869677498, 21.793606622147934 ], [ 69.401658482852767, 21.793607328115733 ], [ 69.401659238283287, 21.793878364894677 ], [ 69.401369024361017, 21.793879070862488 ], [ 69.401369778892217, 21.794150107641428 ], [ 69.401079564070713, 21.794150811810535 ], [ 69.401080318601885, 21.794421848589487 ], [ 69.40079010288099, 21.794422553657967 ], [ 69.400790857412176, 21.794693590436907 ], [ 69.400500640792004, 21.794694294606078 ], [ 69.400501394423884, 21.794965331384951 ], [ 69.400211177803683, 21.794966034654806 ], [ 69.400211931435521, 21.795237071433746 ], [ 69.399921713016667, 21.79523777470359 ], [ 69.399922465749228, 21.795508810583215 ], [ 69.39963224733043, 21.795509513853006 ], [ 69.399633750996884, 21.796051588310206 ], [ 69.39934353257803, 21.796052289781418 ], [ 69.399345785379751, 21.796865401017492 ], [ 69.399055565162257, 21.796866101589384 ], [ 69.399057817064659, 21.797679213724788 ], [ 69.398767595048511, 21.797679914296673 ], [ 69.398768345083113, 21.79795095107556 ], [ 69.39847812216766, 21.797951651647448 ], [ 69.398479621337529, 21.798493726104653 ], [ 69.39789917370797, 21.798495125449737 ], [ 69.397899922843237, 21.798766162228677 ], [ 69.397609698129145, 21.798766861001859 ], [ 69.397610446365036, 21.799037897780803 ], [ 69.397320221650929, 21.799038595654732 ], [ 69.397322463660814, 21.799851706890824 ], [ 69.397612690173546, 21.799851009016891 ], [ 69.397611941937612, 21.799579972238007 ], [ 69.397902167551024, 21.799579272565438 ], [ 69.397901419315119, 21.799308235786501 ], [ 69.398191644928531, 21.799307537013249 ], [ 69.398190895793292, 21.799036499335045 ], [ 69.398771345221462, 21.799035099989908 ], [ 69.398770595186875, 21.798764062311708 ], [ 69.399060819001662, 21.798763361739809 ], [ 69.399058567099246, 21.797950251403055 ], [ 69.399348790014699, 21.797949549032523 ], [ 69.399348039080792, 21.797678512253583 ], [ 69.399928483113044, 21.797677108411847 ], [ 69.399927730380497, 21.79740607163296 ], [ 69.400217952396645, 21.797405368363115 ], [ 69.400217199664098, 21.797134331584179 ], [ 69.400507419881592, 21.797133628314324 ], [ 69.400506667149045, 21.796862592434756 ], [ 69.400796887366553, 21.796861887366273 ], [ 69.400794625571578, 21.796048776130192 ], [ 69.401084843990404, 21.796048071961025 ], [ 69.401084090358552, 21.795777035182081 ], [ 69.4013743078781, 21.795776330113597 ], [ 69.401373553346843, 21.79550529333466 ], [ 69.402244205905447, 21.795503175431229 ], [ 69.402242693245739, 21.794961101873412 ], [ 69.402532908966634, 21.794960395006285 ], [ 69.402532152636809, 21.794689358227345 ], [ 69.402822368357647, 21.794688649561579 ], [ 69.402821610229196, 21.794417613681958 ], [ 69.403111825950077, 21.794416905915512 ], [ 69.403111067821555, 21.794145869136631 ], [ 69.403691496565386, 21.794144451805035 ], [ 69.403690738436865, 21.793873415026162 ], [ 69.40398095235912, 21.793872704561689 ], [ 69.403980192432002, 21.793601668682129 ], [ 69.4042704063542, 21.793600958217727 ], [ 69.404268885600629, 21.793058884659846 ], [ 69.404849310747124, 21.793057463731039 ], [ 69.4048485499207, 21.792786426052764 ], [ 69.405428973268556, 21.792785003325314 ], [ 69.405427448917706, 21.79224292976744 ], [ 69.405717659242598, 21.792242218403718 ], [ 69.405716896617548, 21.791971179826138 ], [ 69.406007106942454, 21.791970467563097 ], [ 69.406005579893645, 21.791428393105889 ], [ 69.406295789319302, 21.791427679943514 ], [ 69.406295024895542, 21.791156643164584 ], [ 69.406585233421808, 21.791155929102906 ], [ 69.406584468998119, 21.790884892323959 ], [ 69.406874678423733, 21.790884178262267 ], [ 69.40687391220132, 21.790613140584014 ], [ 69.407164119828337, 21.790612425623006 ], [ 69.407163355404577, 21.790341388844073 ], [ 69.407453561232899, 21.790340673883065 ], [ 69.407452795010542, 21.790069637104125 ], [ 69.408033207566504, 21.790068203584781 ], [ 69.408032440444799, 21.78979716770516 ], [ 69.408322646273177, 21.789796450945524 ], [ 69.408321879151458, 21.789525414166583 ], [ 69.408902289009461, 21.789523978848596 ], [ 69.408901520089145, 21.789252942069645 ], [ 69.409191725018161, 21.789252224410689 ], [ 69.409190956097788, 21.788981186732425 ], [ 69.409481160127484, 21.788980467274765 ], [ 69.409480390307806, 21.788709429596565 ], [ 69.409770593438154, 21.788708711038225 ], [ 69.409769823618561, 21.788437674259285 ], [ 69.410060026748923, 21.788436954801682 ], [ 69.410059255130591, 21.788165918022735 ], [ 69.410349458260953, 21.788165197665762 ], [ 69.410348686642621, 21.787894159987559 ], [ 69.410638887974358, 21.787893439630572 ], [ 69.410638116356026, 21.787622402851639 ], [ 69.411218519019485, 21.787620959439781 ], [ 69.41121697308489, 21.78707888588195 ], [ 69.411507174416613, 21.787078162827012 ], [ 69.411506399201016, 21.786807126048068 ], [ 69.411796598734114, 21.78680640299314 ], [ 69.411795825317142, 21.786535366214252 ], [ 69.412376222584669, 21.786533919205059 ], [ 69.412375448268406, 21.786262882426115 ], [ 69.412665646902155, 21.786262157572544 ], [ 69.412664870787239, 21.78599112079365 ], [ 69.412955069420946, 21.785990395940075 ], [ 69.412953516291793, 21.785448322382194 ], [ 69.413533909962041, 21.785446870876456 ], [ 69.413533132947819, 21.785175834097519 ], [ 69.413823328883552, 21.785175108344617 ], [ 69.413822550969996, 21.784904070666357 ], [ 69.414112746905801, 21.784903344014143 ], [ 69.414111968092925, 21.784632307235253 ], [ 69.414402164028729, 21.784631579683719 ], [ 69.414401384316491, 21.784360542904778 ] ] ], [ [ [ 69.355042193842223, 21.837622432429388 ], [ 69.355042862937779, 21.837893469208261 ], [ 69.355333167691583, 21.837892844179464 ], [ 69.355331828601024, 21.837350769722317 ], [ 69.35591243541063, 21.837349518765336 ], [ 69.355911765415655, 21.837078481087079 ], [ 69.356782673381701, 21.837076600604689 ], [ 69.356782000688852, 21.836805562926429 ], [ 69.357652907755551, 21.836803677048124 ], [ 69.357652233263991, 21.83653264026918 ], [ 69.358523139431384, 21.836530749894226 ], [ 69.358522463141242, 21.836259713115339 ], [ 69.358812764297681, 21.836259081791241 ], [ 69.358812088007554, 21.835988045012297 ], [ 69.359973290834759, 21.835985515219424 ], [ 69.359972611846615, 21.835714478440472 ], [ 69.361133811975904, 21.835711940553665 ], [ 69.361133131189106, 21.835440903774725 ], [ 69.362294330419047, 21.835438357794029 ], [ 69.362293646934276, 21.835167321015089 ], [ 69.362874243851294, 21.835166044877099 ], [ 69.362873560366552, 21.834895008098215 ], [ 69.363744454842788, 21.834893090743609 ], [ 69.363745141025504, 21.835164128421862 ], [ 69.364325737942536, 21.83516284598857 ], [ 69.364324364677756, 21.834620772430753 ], [ 69.364034067118553, 21.834621412748049 ], [ 69.364033380935837, 21.834350375969109 ], [ 69.363452786716763, 21.834351655704381 ], [ 69.363452102332687, 21.834080618925494 ], [ 69.362290915693293, 21.834083173000067 ], [ 69.362291598278702, 21.834354209779008 ], [ 69.361130409840598, 21.834356755759707 ], [ 69.361131089728076, 21.834627793437956 ], [ 69.358808706556587, 21.834632859319075 ], [ 69.35880938374612, 21.834903896097959 ], [ 69.357938488370607, 21.834905788271556 ], [ 69.357939162862138, 21.835176825050493 ], [ 69.357358564146466, 21.835178084101351 ], [ 69.357359237738706, 21.835449120880298 ], [ 69.356198039408071, 21.835451631787407 ], [ 69.356198711201614, 21.835722668566348 ], [ 69.35532781043014, 21.835724547250095 ], [ 69.355328480425115, 21.835995584029043 ], [ 69.354747878112164, 21.835996833187377 ], [ 69.354748547207748, 21.836267870865584 ], [ 69.354167943995492, 21.836269118225285 ], [ 69.354168612191756, 21.836540155004165 ], [ 69.35387831013594, 21.83654077823439 ], [ 69.353878977432942, 21.836811815912597 ], [ 69.353588673578486, 21.836812438243498 ], [ 69.353589340875445, 21.837083475022382 ], [ 69.353008734965229, 21.837084718784812 ], [ 69.353009399564201, 21.837355755563692 ], [ 69.352428792754665, 21.837356996628156 ], [ 69.352429457353665, 21.837628034306359 ], [ 69.352139152599861, 21.837628653939305 ], [ 69.352139817198861, 21.837899691617505 ], [ 69.351849512445085, 21.837900310351074 ], [ 69.351850175245445, 21.838171348029331 ], [ 69.351559869592322, 21.838171966762893 ], [ 69.351560532392725, 21.838443004441157 ], [ 69.350979921086548, 21.838444240109649 ], [ 69.350981243989295, 21.838986314566792 ], [ 69.350690937436852, 21.838986932401042 ], [ 69.350692259440279, 21.839529006858246 ], [ 69.350401951089225, 21.839529623793169 ], [ 69.350402612090946, 21.839800660572052 ], [ 69.350112302840543, 21.839801278406295 ], [ 69.350112962942944, 21.840072314285923 ], [ 69.34982265369257, 21.840072930321522 ], [ 69.349823313794943, 21.840343967999786 ], [ 69.349823972998024, 21.84061500477867 ], [ 69.350114283147718, 21.840614388743123 ], [ 69.350113623045317, 21.840343351964176 ], [ 69.350694242445385, 21.840342118094323 ], [ 69.350693581443693, 21.840071081315386 ], [ 69.351274199944442, 21.840069845646887 ], [ 69.351273537144081, 21.839798808868014 ], [ 69.351563846394455, 21.839798190134438 ], [ 69.351562520793777, 21.839256115677241 ], [ 69.35214313569719, 21.839254877310793 ], [ 69.35214247199751, 21.838983841431169 ], [ 69.35272308510234, 21.838982598568116 ], [ 69.352721755904383, 21.838440525010302 ], [ 69.353302367210517, 21.838439283046515 ], [ 69.353301701712212, 21.838168246267632 ], [ 69.353882312119069, 21.838167001605882 ], [ 69.353881644822081, 21.837895963927622 ], [ 69.354462254329633, 21.837894716567977 ], [ 69.354461586133368, 21.837623680688342 ], [ 69.355042193842223, 21.837622432429388 ] ] ], [ [ [ 69.344608131759912, 21.844691563265091 ], [ 69.344608781070448, 21.844962600044024 ], [ 69.34489910021334, 21.844961993001618 ], [ 69.344897799793671, 21.844419919443794 ], [ 69.345188118037285, 21.844419312401385 ], [ 69.34518746692811, 21.844148274723121 ], [ 69.34576810341531, 21.844147057940404 ], [ 69.345767451406815, 21.843876021161517 ], [ 69.346057766952427, 21.843875412320472 ], [ 69.34605711494396, 21.843604374642215 ], [ 69.346347431388878, 21.843603765801216 ], [ 69.3463467775818, 21.843332728122959 ], [ 69.346637094026732, 21.843332118382587 ], [ 69.346636440219584, 21.843061081603704 ], [ 69.347217071310865, 21.843059860324331 ], [ 69.347216416604397, 21.842788822646067 ], [ 69.347506731250689, 21.842788211107113 ], [ 69.347505420938475, 21.842246136649926 ], [ 69.347795734685462, 21.842245525110965 ], [ 69.34779507907966, 21.841974488332035 ], [ 69.348085391927313, 21.841973875893697 ], [ 69.34808473542229, 21.841702838215429 ], [ 69.348375048269915, 21.841702225777166 ], [ 69.348374391764821, 21.841431188098909 ], [ 69.346922832023139, 21.841434247592531 ], [ 69.346923485830246, 21.841705284371411 ], [ 69.346633172982578, 21.841705895011113 ], [ 69.346633826789741, 21.841976932689366 ], [ 69.346053200195129, 21.84197815127072 ], [ 69.346054505111397, 21.842520225727867 ], [ 69.345764191364424, 21.842520834568916 ], [ 69.345764841574223, 21.842791872247176 ], [ 69.345474527827264, 21.842792480188844 ], [ 69.345475179835702, 21.843063517867108 ], [ 69.345184864290104, 21.84306412580883 ], [ 69.345186165609093, 21.843606200265981 ], [ 69.344895849164175, 21.843606807308337 ], [ 69.344896499373974, 21.843877844986594 ], [ 69.344315865584804, 21.843879057272716 ], [ 69.344316514895297, 21.844150094950976 ], [ 69.344026196651711, 21.844150701094019 ], [ 69.344026845962219, 21.844421737872945 ], [ 69.34286557298789, 21.844424156149959 ], [ 69.342866219600424, 21.844695192928839 ], [ 69.342575901356852, 21.844695796373969 ], [ 69.342576547070038, 21.844966834052169 ], [ 69.342286227927147, 21.844967436597983 ], [ 69.342286872741056, 21.845238474276243 ], [ 69.341996552698788, 21.845239075922677 ], [ 69.341997198412059, 21.845510113600938 ], [ 69.341706876571152, 21.845510715247364 ], [ 69.341707522284366, 21.845781752026312 ], [ 69.341417201342836, 21.845782353672739 ], [ 69.341417844358105, 21.84605339135101 ], [ 69.341127523416503, 21.84605399209812 ], [ 69.341128166431801, 21.846325028877004 ], [ 69.340837844590908, 21.846325629624175 ], [ 69.340838486706829, 21.846596666403055 ], [ 69.340548164865993, 21.84659726625091 ], [ 69.340548806981914, 21.84686830392911 ], [ 69.340258483342382, 21.846868902877578 ], [ 69.340260407891549, 21.84768201411373 ], [ 69.339970083352725, 21.847682613062201 ], [ 69.339970724569355, 21.847953650740472 ], [ 69.339680399131169, 21.84795424878962 ], [ 69.33968103944845, 21.848225285568507 ], [ 69.338519735897123, 21.848227674167898 ], [ 69.338520374415793, 21.848498710946785 ], [ 69.337939721740824, 21.848499901649177 ], [ 69.337940357561536, 21.848770939327437 ], [ 69.33765003122403, 21.848771533779313 ], [ 69.337650667944047, 21.849042570558247 ], [ 69.337360340707221, 21.84904316590945 ], [ 69.337360977427224, 21.84931420268833 ], [ 69.337070648391773, 21.84931479624089 ], [ 69.337071284212485, 21.84958583391915 ], [ 69.336780955177005, 21.849586426572394 ], [ 69.336781590997703, 21.849857464250647 ], [ 69.336491261062903, 21.84985805690383 ], [ 69.336492530905616, 21.85040013136102 ], [ 69.336202200071511, 21.850400724014268 ], [ 69.336202834093569, 21.850671760793205 ], [ 69.335912503259465, 21.850672353446381 ], [ 69.335913136382217, 21.850943390225325 ], [ 69.335622806447418, 21.850943981079922 ], [ 69.335623438670837, 21.851215018758182 ], [ 69.335333106038092, 21.851215608713403 ], [ 69.335333738261454, 21.851486646391663 ], [ 69.33504340562871, 21.851487236346941 ], [ 69.335044037852128, 21.851758274025201 ], [ 69.334753704320065, 21.851758863081095 ], [ 69.33475559919161, 21.852571975216513 ], [ 69.33446526386092, 21.852572564272464 ], [ 69.334465895184962, 21.852843601950724 ], [ 69.334175559854245, 21.852844190107362 ], [ 69.334176819804441, 21.853386264564502 ], [ 69.334467156933783, 21.853385676407864 ], [ 69.334466525609756, 21.853114638729664 ], [ 69.334756861839764, 21.85311404967371 ], [ 69.334756231414971, 21.852843011995446 ], [ 69.335046565846369, 21.852842422939545 ], [ 69.335045933623007, 21.852571385261282 ], [ 69.335336268953697, 21.852570795306008 ], [ 69.335335635830972, 21.852299757627748 ], [ 69.335625970262342, 21.852299167672527 ], [ 69.335625337139675, 21.852028129994263 ], [ 69.335915670671739, 21.852027539139669 ], [ 69.33591503844832, 21.851756500562082 ], [ 69.336205370181759, 21.851755909707496 ], [ 69.336204736159686, 21.851484872928602 ], [ 69.336785401425161, 21.851483687622132 ], [ 69.33678413158249, 21.850941613164991 ], [ 69.337074462416581, 21.850941019612431 ], [ 69.337073826595898, 21.850669982833494 ], [ 69.337364158329294, 21.850669389280938 ], [ 69.337363521609277, 21.850398351602674 ], [ 69.33794418237818, 21.850397162698926 ], [ 69.337943544758829, 21.850126125920042 ], [ 69.338233874693628, 21.850125530568842 ], [ 69.338233237074277, 21.849854492890586 ], [ 69.338523566109757, 21.84985389843871 ], [ 69.3385229275911, 21.849582859861126 ], [ 69.338813256626565, 21.849582263610621 ], [ 69.338812618107895, 21.849311226831727 ], [ 69.339102946244068, 21.849310629681842 ], [ 69.339102305926744, 21.849039592902948 ], [ 69.339682961299687, 21.849038397703957 ], [ 69.33968168066508, 21.848496323246763 ], [ 69.339972007002586, 21.848495725197605 ], [ 69.339971365785971, 21.848224688418675 ], [ 69.340261691224114, 21.848224088570873 ], [ 69.340261050007499, 21.847953051791929 ], [ 69.340841700883857, 21.847951852995664 ], [ 69.340841057868602, 21.8476808153174 ], [ 69.341131382407411, 21.847680214570289 ], [ 69.341130739392156, 21.847409177791345 ], [ 69.341421063931008, 21.847408577044234 ], [ 69.341420420016448, 21.847137540265287 ], [ 69.341710743655923, 21.84713693861886 ], [ 69.341710098842043, 21.846865901839976 ], [ 69.34200042158227, 21.846865299294166 ], [ 69.341999777667638, 21.846594263414598 ], [ 69.342290100407865, 21.846593659969471 ], [ 69.342289454694651, 21.846322623190527 ], [ 69.342870098376409, 21.8463214171997 ], [ 69.342869451763832, 21.846050380420763 ], [ 69.343159773604725, 21.846049776076367 ], [ 69.343159126092871, 21.84577873839811 ], [ 69.343449447034402, 21.845778134053717 ], [ 69.343448800421882, 21.84550709727478 ], [ 69.344029441405667, 21.845505886787297 ], [ 69.344028791195797, 21.845234850008346 ], [ 69.344319111238065, 21.845234243865324 ], [ 69.344317812617035, 21.844692169408106 ], [ 69.344608131759912, 21.844691563265091 ] ] ], [ [ [ 69.333307068366594, 21.853930102592187 ], [ 69.33156504199313, 21.853933614444827 ], [ 69.331565667021934, 21.854204652123023 ], [ 69.331275328993286, 21.85420523578307 ], [ 69.33127595402209, 21.854476272561953 ], [ 69.330985615094107, 21.854476856221993 ], [ 69.330986239223591, 21.854747893000933 ], [ 69.330405559568987, 21.854749057622939 ], [ 69.330406184597791, 21.855020095301207 ], [ 69.329825504043811, 21.855021258124626 ], [ 69.329826126374698, 21.855292294903563 ], [ 69.329245445820732, 21.85529345592829 ], [ 69.329246687784476, 21.855835530385491 ], [ 69.328956346158535, 21.855836110448191 ], [ 69.32895696669074, 21.856107147227139 ], [ 69.328666624165407, 21.856107726390519 ], [ 69.328667244697613, 21.856378763169463 ], [ 69.328086558747771, 21.856379919697588 ], [ 69.328087178380656, 21.856650957375848 ], [ 69.327796834956018, 21.856651534740582 ], [ 69.327797452790264, 21.856922572418853 ], [ 69.327507109365683, 21.856923148884274 ], [ 69.327507727199944, 21.857194186562541 ], [ 69.326927038552057, 21.857195338594064 ], [ 69.326927654587607, 21.857466376272264 ], [ 69.326346965040429, 21.857467527404538 ], [ 69.32634758107605, 21.857738564183418 ], [ 69.326057234953524, 21.857739138850203 ], [ 69.326057850089725, 21.858010175629143 ], [ 69.325477157844603, 21.858011323164074 ], [ 69.325477772081555, 21.858282360842338 ], [ 69.325187425958973, 21.85828293371048 ], [ 69.325188039296606, 21.858553971388744 ], [ 69.32460734435351, 21.85855511532634 ], [ 69.324608570129442, 21.85909719068286 ], [ 69.324027873387706, 21.85909833282188 ], [ 69.324029095566345, 21.85964040727902 ], [ 69.323738746745832, 21.859640977449196 ], [ 69.323739357385492, 21.859912015127463 ], [ 69.323449006766282, 21.859912585297646 ], [ 69.323450228045644, 21.86045465975479 ], [ 69.323159877426463, 21.860455229025661 ], [ 69.323160486267497, 21.860726266703917 ], [ 69.322870134748996, 21.860726835075415 ], [ 69.322870743589974, 21.860997872753668 ], [ 69.322580392071472, 21.860998441125215 ], [ 69.322581000912535, 21.861269478803482 ], [ 69.322290647595366, 21.861270046275649 ], [ 69.322291256436415, 21.861541083953909 ], [ 69.322000902219941, 21.861541651426137 ], [ 69.322001510161599, 21.861812688205021 ], [ 69.321130448411509, 21.86181438792369 ], [ 69.321131054554613, 21.862085424702624 ], [ 69.320840700338124, 21.862085990376219 ], [ 69.320842516069334, 21.862899103410939 ], [ 69.320552160054191, 21.86289966728588 ], [ 69.320553369642354, 21.863441741743031 ], [ 69.320263012727921, 21.863442307416623 ], [ 69.320264825761171, 21.864255417753384 ], [ 69.32055518537355, 21.864254853878428 ], [ 69.320554580129851, 21.863983816200232 ], [ 69.320844937943605, 21.863983251425964 ], [ 69.320844332699835, 21.8637122137477 ], [ 69.321134691412894, 21.863711648973492 ], [ 69.32113408437057, 21.863440611295225 ], [ 69.321424442184309, 21.863440045621644 ], [ 69.321423835141957, 21.863169007943384 ], [ 69.32171419205639, 21.863168441370529 ], [ 69.321713585013981, 21.862897404591589 ], [ 69.322003941029095, 21.862896837119365 ], [ 69.322003333087423, 21.862625800340481 ], [ 69.322293688203217, 21.862625232868254 ], [ 69.322293080261502, 21.862354195189987 ], [ 69.322583435377283, 21.86235362771783 ], [ 69.322582827435596, 21.862082590039563 ], [ 69.322873180752765, 21.862082021668009 ], [ 69.322872571911716, 21.861810984889065 ], [ 69.323162925228871, 21.861810415618208 ], [ 69.323162314589183, 21.861539377940002 ], [ 69.323452668805672, 21.861538808669135 ], [ 69.323452059065346, 21.861267771890201 ], [ 69.323742410583861, 21.861267201720011 ], [ 69.323741800843493, 21.860996164041804 ], [ 69.324032153261314, 21.860995593871621 ], [ 69.324031541722348, 21.860724556193361 ], [ 69.324321893240821, 21.860723985123851 ], [ 69.324320669263571, 21.860181910666707 ], [ 69.324611019882695, 21.860181339597204 ], [ 69.324610407444425, 21.859910301918944 ], [ 69.324900757164244, 21.859909729950118 ], [ 69.324899531388326, 21.859367654593655 ], [ 69.325189880208882, 21.859367082624821 ], [ 69.325189265971915, 21.859096045845888 ], [ 69.325769962713636, 21.85909489921028 ], [ 69.325769347577378, 21.858823862431336 ], [ 69.32605969639792, 21.858823287764547 ], [ 69.326059081261619, 21.858552250985667 ], [ 69.32634942828355, 21.858551676318882 ], [ 69.326348812247943, 21.858280638640615 ], [ 69.32663915926986, 21.858280063973829 ], [ 69.326638542334948, 21.858009026295576 ], [ 69.326928887558154, 21.858008450729468 ], [ 69.326928272421867, 21.857737413950534 ], [ 69.327508962868407, 21.857736261019681 ], [ 69.32750834503419, 21.857465224240737 ], [ 69.327798690257396, 21.857464646876 ], [ 69.32779807242315, 21.857193609197736 ], [ 69.328088415847802, 21.857193031832988 ], [ 69.328087797114222, 21.856921995054048 ], [ 69.32866848486276, 21.8569208376266 ], [ 69.328667864330541, 21.856649800847663 ], [ 69.32895820775515, 21.856649221684279 ], [ 69.328957587222945, 21.856378184006019 ], [ 69.329828615698077, 21.856376443817851 ], [ 69.329827993367246, 21.856105407038967 ], [ 69.33011833499323, 21.856104826076884 ], [ 69.330117712662343, 21.85583378839868 ], [ 69.330698395914283, 21.855832624675937 ], [ 69.330697771784799, 21.855561587897 ], [ 69.33098811341074, 21.855561005136337 ], [ 69.330987488381922, 21.855289966558757 ], [ 69.331277829108558, 21.855289384697414 ], [ 69.331277204079754, 21.855018347019154 ], [ 69.331567543907056, 21.855017763359115 ], [ 69.331566917978932, 21.854746726580235 ], [ 69.332437936561575, 21.854744972002891 ], [ 69.332437308834798, 21.854473935224007 ], [ 69.332727647762781, 21.854473349765325 ], [ 69.332727020035975, 21.854202312087068 ], [ 69.333307696992691, 21.854201139371128 ], [ 69.333307068366594, 21.853930102592187 ] ] ], [ [ [ 69.301713735600458, 21.879468578811888 ], [ 69.301423346310457, 21.879469110311224 ], [ 69.301423915581267, 21.879740147989477 ], [ 69.301714306669965, 21.879739615590836 ], [ 69.301713735600458, 21.879468578811888 ] ] ], [ [ [ 69.284608662659693, 21.893593014306187 ], [ 69.283446985889711, 21.893595017995715 ], [ 69.283447521885705, 21.893866055673978 ], [ 69.28286668215172, 21.89386705482076 ], [ 69.282867216349032, 21.894138091599704 ], [ 69.282576795582713, 21.894138590723454 ], [ 69.282578932371905, 21.895222738738426 ], [ 69.28286935493685, 21.895222241413361 ], [ 69.282868820739566, 21.894951202835777 ], [ 69.283159242405191, 21.894950703712084 ], [ 69.283158707308516, 21.894679666933143 ], [ 69.283449128974155, 21.894679166910066 ], [ 69.283448592978218, 21.894408130131112 ], [ 69.283739013744537, 21.894407629208786 ], [ 69.283738477748614, 21.894136592429845 ], [ 69.284028897615585, 21.894136092406772 ], [ 69.284028360720299, 21.893865054728565 ], [ 69.28460919955495, 21.893864051085128 ], [ 69.284608662659693, 21.893593014306187 ] ] ], [ [ [ 69.234732830355867, 21.940290234206998 ], [ 69.234442315160763, 21.94029064879447 ], [ 69.234442759425875, 21.940561685573357 ], [ 69.234733274620964, 21.940561270985935 ], [ 69.234732830355867, 21.940290234206998 ] ] ], [ [ [ 69.233862170602706, 21.940833549728605 ], [ 69.233571655407616, 21.940833963416701 ], [ 69.233572096974754, 21.941104999296332 ], [ 69.23386261396854, 21.941104587406812 ], [ 69.233862170602706, 21.940833549728605 ] ] ], [ [ [ 69.23154242784085, 21.943547207237888 ], [ 69.231251906350451, 21.943547616429388 ], [ 69.231251468380606, 21.943276579650501 ], [ 69.231541989871005, 21.943276169559624 ], [ 69.23154155100184, 21.943005133680003 ], [ 69.232122592183941, 21.943004314397626 ], [ 69.232122152415457, 21.942733277618743 ], [ 69.232412672107216, 21.942732868427186 ], [ 69.232412232338731, 21.942461830748933 ], [ 69.23299327082286, 21.942461007869259 ], [ 69.232992387688554, 21.941918934311438 ], [ 69.233282905581689, 21.941918522421929 ], [ 69.233282022447455, 21.941376448864045 ], [ 69.232991504554334, 21.941376860753564 ], [ 69.232991947020807, 21.941647898431821 ], [ 69.232410911234638, 21.941648720412157 ], [ 69.232411351003122, 21.941919757191094 ], [ 69.231830314317619, 21.941920577372802 ], [ 69.231830754086104, 21.942191614151742 ], [ 69.231540234394345, 21.942192024242559 ], [ 69.23154067326351, 21.942463061021503 ], [ 69.231250153571807, 21.942463469313729 ], [ 69.231250592440972, 21.942734506092609 ], [ 69.230960071849879, 21.94273491528417 ], [ 69.230960509819738, 21.943005952063054 ], [ 69.230669989228659, 21.943006358556659 ], [ 69.23067042629917, 21.943277396234919 ], [ 69.230379904808842, 21.943277803627776 ], [ 69.230380340980005, 21.94354884040672 ], [ 69.22979929799925, 21.943549654293172 ], [ 69.22979973327115, 21.943820691072059 ], [ 69.229509210881432, 21.943821096666333 ], [ 69.229509645253984, 21.944092133445281 ], [ 69.229219122864251, 21.944092539039502 ], [ 69.229219557236831, 21.944363575818443 ], [ 69.228929033947807, 21.944363981412661 ], [ 69.228929900894286, 21.944906054071172 ], [ 69.22834885341689, 21.944906862561705 ], [ 69.228349717665353, 21.945448936119533 ], [ 69.228059191678426, 21.945449339015852 ], [ 69.228060055926903, 21.945991412573672 ], [ 69.227769529939906, 21.945991814570622 ], [ 69.227771255738901, 21.94707596168633 ], [ 69.228061785323192, 21.947075558790061 ], [ 69.228061352749293, 21.946804522011124 ], [ 69.228351881434264, 21.946804119114859 ], [ 69.228351448860337, 21.946533082335922 ], [ 69.228641976645974, 21.946532679439645 ], [ 69.228641543172714, 21.946261641761396 ], [ 69.229222597844682, 21.946260832371593 ], [ 69.229221729099564, 21.945718758813712 ], [ 69.229512255086561, 21.945718353219487 ], [ 69.229511385442137, 21.945176280560933 ], [ 69.229801911429149, 21.945175874067381 ], [ 69.229801475257943, 21.944904837288448 ], [ 69.230091999446316, 21.944904430794899 ], [ 69.230091563275096, 21.944633394015963 ], [ 69.230382086564077, 21.944632988421752 ], [ 69.230381651292248, 21.944361950743485 ], [ 69.23067217458123, 21.944361543350624 ], [ 69.230671738410066, 21.94409050657168 ], [ 69.230962259900423, 21.944090098279442 ], [ 69.230961822829897, 21.943819062399879 ], [ 69.231542866710001, 21.943818244016828 ], [ 69.23154242784085, 21.943547207237888 ] ] ], [ [ [ 69.224001171816667, 21.951417740136655 ], [ 69.223129557882842, 21.951418925443079 ], [ 69.223129980564181, 21.951689962222023 ], [ 69.222258365731037, 21.951691143931207 ], [ 69.222258786613779, 21.951962180710094 ], [ 69.221968248036262, 21.951962572814523 ], [ 69.221969089801689, 21.9525046463724 ], [ 69.221678549425576, 21.952505037577453 ], [ 69.22167896940897, 21.952776075255709 ], [ 69.221388429032842, 21.952776467360145 ], [ 69.22138926810031, 21.953318540018643 ], [ 69.221098726824835, 21.953318931223741 ], [ 69.221099145908909, 21.953589968002689 ], [ 69.221970772433266, 21.953588792588732 ], [ 69.221970351550567, 21.953317755809849 ], [ 69.222551435900129, 21.953316969802358 ], [ 69.222550169654653, 21.952503860364914 ], [ 69.222840710030837, 21.952503465562522 ], [ 69.222840287349399, 21.952232429682912 ], [ 69.223130826826278, 21.952232035779904 ], [ 69.223130404144896, 21.95196099900096 ], [ 69.223420942722385, 21.951960604198572 ], [ 69.223420519141712, 21.951689567419631 ], [ 69.224001596296659, 21.951688776016223 ], [ 69.224001171816667, 21.951417740136655 ] ] ], [ [ [ 69.219648516066243, 21.954947098929495 ], [ 69.219648099680114, 21.954676063049931 ], [ 69.219357554807345, 21.954676450657701 ], [ 69.21935797119346, 21.954947487436641 ], [ 69.219648516066243, 21.954947098929495 ] ] ], [ [ [ 69.219067425421429, 21.954947875044471 ], [ 69.219067840908153, 21.955218911823351 ], [ 69.219358386680256, 21.955218524215582 ], [ 69.21935797119346, 21.954947487436641 ], [ 69.219067425421429, 21.954947875044471 ] ] ], [ [ [ 69.186570932302729, 21.989138646831119 ], [ 69.186280317282865, 21.989138977781632 ], [ 69.186279962949996, 21.988867941002752 ], [ 69.185989348829438, 21.988868271053885 ], [ 69.185990054797216, 21.98941034281313 ], [ 69.185699438878032, 21.989410671965008 ], [ 69.185699792311596, 21.989681707844568 ], [ 69.185409174593815, 21.989682036996442 ], [ 69.185409528027364, 21.989953072876059 ], [ 69.185118910309527, 21.989953401128616 ], [ 69.185119261944465, 21.990224437008237 ], [ 69.184828645125947, 21.990224764361407 ], [ 69.184829346597112, 21.990766836120656 ], [ 69.184538727979941, 21.990767162574567 ], [ 69.18453942855183, 21.991309235233082 ], [ 69.184248809035353, 21.99130956168699 ], [ 69.184249159770957, 21.991580597566553 ], [ 69.18395853935516, 21.991580924020461 ], [ 69.183958888292111, 21.991851959900089 ], [ 69.183668267876328, 21.991852284555367 ], [ 69.183668616813307, 21.99212332133424 ], [ 69.1833779945988, 21.992123646888842 ], [ 69.183378344435084, 21.992394682768463 ], [ 69.183087721321314, 21.992395007423681 ], [ 69.183088069358973, 21.992666043303309 ], [ 69.182506824030781, 21.992666690815163 ], [ 69.182507171169064, 21.992937726694773 ], [ 69.181925924941524, 21.992938372407995 ], [ 69.181926615620853, 21.993480444167236 ], [ 69.181345367594716, 21.993481087182492 ], [ 69.181346055576057, 21.994023158941673 ], [ 69.181055430663633, 21.994023479999669 ], [ 69.181055775103985, 21.994294515879229 ], [ 69.18076514929227, 21.994294836937225 ], [ 69.180765492833302, 21.99456587281685 ], [ 69.180474866122211, 21.994566192076142 ], [ 69.180476237588337, 21.995650335594576 ], [ 69.180185609078649, 21.995650654853875 ], [ 69.180186292563405, 21.996192726613113 ], [ 69.179605033745347, 21.996193364232397 ], [ 69.179605374588434, 21.996464400112014 ], [ 69.179314745179397, 21.996464717572735 ], [ 69.179315085123108, 21.996735754351615 ], [ 69.179024454814794, 21.996736071812332 ], [ 69.179024794758504, 21.997007106792577 ], [ 69.178443531443861, 21.997007740814642 ], [ 69.178443869588975, 21.997278776694259 ], [ 69.177571975066655, 21.997279722781055 ], [ 69.177572312312407, 21.997550758660623 ], [ 69.177281679306134, 21.997551073423331 ], [ 69.177282352898317, 21.998093144283242 ], [ 69.176991719891987, 21.99809345814662 ], [ 69.176992056238475, 21.998364494026237 ], [ 69.176701421433506, 21.998364807889629 ], [ 69.176701757779938, 21.99863584286993 ], [ 69.17641112297504, 21.998636155833989 ], [ 69.176411458422152, 21.998907191713553 ], [ 69.176120822717849, 21.998907503778355 ], [ 69.176121157265641, 21.999178539657919 ], [ 69.175830520662032, 21.999178851722657 ], [ 69.175831189757659, 21.999720922582586 ], [ 69.175540552254731, 21.999721234647325 ], [ 69.175540885903203, 21.999992271426201 ], [ 69.175250248400289, 21.999992581692368 ], [ 69.175250581149442, 22.000263616672612 ], [ 69.174959942747194, 22.000263926938707 ], [ 69.174960274597012, 22.000534962818335 ], [ 69.174669637094155, 22.000535273084431 ], [ 69.174670300793821, 22.001077343944299 ], [ 69.174379660592933, 22.001077653311086 ], [ 69.174380323393265, 22.001619725070324 ], [ 69.174089683192378, 22.001620034437103 ], [ 69.174090344194099, 22.002162105296975 ], [ 69.173799702194557, 22.002162413764434 ], [ 69.173800033145071, 22.002433449644055 ], [ 69.173509390246238, 22.002433757212206 ], [ 69.173509720297432, 22.002704793091766 ], [ 69.173219075599889, 22.002705099760586 ], [ 69.173219405651082, 22.00297613564021 ], [ 69.172928761852916, 22.002976442309031 ], [ 69.172929091004775, 22.003247478188598 ], [ 69.172638446307303, 22.003247783958102 ], [ 69.172638774559857, 22.003518819837719 ], [ 69.172348129862371, 22.003519125607227 ], [ 69.172348457215591, 22.003790160587467 ], [ 69.172057813417439, 22.003790466356968 ], [ 69.172058466325225, 22.004332538116209 ], [ 69.171767819829086, 22.004332842986344 ], [ 69.171768472736844, 22.004874913846262 ], [ 69.171477825341412, 22.004875217817069 ], [ 69.171478150896007, 22.005146253696694 ], [ 69.171187502601256, 22.005146557667558 ], [ 69.17118782815578, 22.005417594446495 ], [ 69.170897179861029, 22.005417896618663 ], [ 69.170897829171494, 22.005959966579265 ], [ 69.171479127559735, 22.005959360436179 ], [ 69.17147880290446, 22.005688324556559 ], [ 69.171769452098602, 22.005688020585747 ], [ 69.171769125644687, 22.005416985605443 ], [ 69.172059773939452, 22.005416680735266 ], [ 69.172059446586275, 22.005145644855702 ], [ 69.172350095780359, 22.005145339985518 ], [ 69.172349440174571, 22.00460326822628 ], [ 69.172640087570002, 22.004602961557456 ], [ 69.172639759317519, 22.004331926577201 ], [ 69.172930405813645, 22.004331620807704 ], [ 69.172929748409203, 22.00378954904852 ], [ 69.173801684300386, 22.003788627243413 ], [ 69.173801354249179, 22.003517592263105 ], [ 69.174091998946665, 22.003517283795642 ], [ 69.174091667996152, 22.003246247916078 ], [ 69.174382311794318, 22.003245939448615 ], [ 69.174381980843805, 22.00297490356899 ], [ 69.174672624641971, 22.002974594202207 ], [ 69.174671960042986, 22.002432523342343 ], [ 69.174962602941832, 22.002432213076247 ], [ 69.17496227019268, 22.002161177196626 ], [ 69.175252912192207, 22.002160866930524 ], [ 69.175252246693901, 22.001618796070655 ], [ 69.175833527994982, 22.001618173739754 ], [ 69.175832859798689, 22.001076101980573 ], [ 69.176123499999576, 22.001075789915824 ], [ 69.176122830004672, 22.000533719055962 ], [ 69.176413469306226, 22.000533406091847 ], [ 69.1764131338591, 22.000262370212283 ], [ 69.176703772261362, 22.000262058147541 ], [ 69.176703435914874, 21.999991022267917 ], [ 69.176994073417788, 21.999990708404532 ], [ 69.176993737071371, 21.999719673424238 ], [ 69.177575011177893, 21.999719044798152 ], [ 69.177573999440597, 21.998905937159346 ], [ 69.177864634245495, 21.998905622396595 ], [ 69.177864296100438, 21.998634587416351 ], [ 69.178154930905407, 21.998634270854957 ], [ 69.178154254615208, 21.998092199995089 ], [ 69.178444887621524, 21.998091883433737 ], [ 69.17844454857709, 21.997820847554113 ], [ 69.17873518158342, 21.997820531892106 ], [ 69.178734502595262, 21.997278460132858 ], [ 69.179606398916235, 21.99727750775083 ], [ 69.179606057173814, 21.997006471871199 ], [ 69.179896689280838, 21.997006154410542 ], [ 69.179896348437808, 21.996735117631598 ], [ 69.180477609054492, 21.996734479112945 ], [ 69.180476922871776, 21.996192407353757 ], [ 69.18076755318009, 21.996192087195144 ], [ 69.180767209639058, 21.99592105131552 ], [ 69.181057839048094, 21.995920731156836 ], [ 69.181057494607728, 21.995649695277287 ], [ 69.181348123117473, 21.995649374219283 ], [ 69.181347434236784, 21.995107301560779 ], [ 69.181638061847124, 21.995106981402099 ], [ 69.181637717406787, 21.994835946421858 ], [ 69.181928344117878, 21.994835622665903 ], [ 69.18192799787883, 21.994564587685602 ], [ 69.182218624589908, 21.994564264829027 ], [ 69.182218278350959, 21.994293228949402 ], [ 69.182508904162646, 21.994292906092763 ], [ 69.18250855792364, 21.994021870213203 ], [ 69.182799182836035, 21.994021545557924 ], [ 69.182798488559456, 21.993479474698063 ], [ 69.183089112572546, 21.993479150942104 ], [ 69.183088765434192, 21.993208115062483 ], [ 69.183670011661775, 21.993207464852667 ], [ 69.183669662724796, 21.992936428973053 ], [ 69.18396028583858, 21.992936103418515 ], [ 69.183959936901601, 21.99266506843821 ], [ 69.18425055911608, 21.992664741084976 ], [ 69.18425020927981, 21.992393705205359 ], [ 69.184540830594926, 21.992393378751501 ], [ 69.184540130023038, 21.99185130699226 ], [ 69.184830751338154, 21.991850979639025 ], [ 69.184830399703245, 21.991579943759461 ], [ 69.185121020119041, 21.991579616406224 ], [ 69.185120316849194, 21.991037544647035 ], [ 69.185410936365642, 21.991037216394485 ], [ 69.185410583831413, 21.990766181414184 ], [ 69.185991821065727, 21.99076552221112 ], [ 69.185990408230779, 21.989681378692751 ], [ 69.186281025049297, 21.989681050440197 ], [ 69.186280670716428, 21.989410013661253 ], [ 69.18657128663564, 21.989409682710743 ], [ 69.186570932302729, 21.989138646831119 ] ] ], [ [ [ 69.151156626577119, 22.027662217337539 ], [ 69.150575238256707, 22.027662752434139 ], [ 69.150575524241106, 22.0279337883137 ], [ 69.149994134122025, 22.027934321611724 ], [ 69.149994420106452, 22.028205356591968 ], [ 69.150866506184343, 22.028204556195362 ], [ 69.15086621930061, 22.027933520315734 ], [ 69.151156914360172, 22.027933252317784 ], [ 69.151156626577119, 22.027662217337539 ] ] ], [ [ [ 69.14593023719074, 22.033629734424778 ], [ 69.145639530440008, 22.033629993429486 ], [ 69.145639807431209, 22.033901028409787 ], [ 69.145930515081261, 22.033900769405026 ], [ 69.14593023719074, 22.033629734424778 ] ] ], [ [ [ 70.294671970035438, 20.947277591687566 ], [ 70.29524893728869, 20.947273211089851 ], [ 70.295241942361841, 20.946460206873091 ], [ 70.295818906917091, 20.946455823577423 ], [ 70.295821239758467, 20.946726826182157 ], [ 70.296109721586447, 20.946724635433611 ], [ 70.296105055004318, 20.946182631123577 ], [ 70.297258981416931, 20.946173860035689 ], [ 70.297256645877553, 20.945902858330268 ], [ 70.297545126806199, 20.945900663984506 ], [ 70.297540454828194, 20.945358660573788 ], [ 70.298694374046192, 20.945349879593323 ], [ 70.298692036708189, 20.945078879686605 ], [ 70.299557474098222, 20.945072288555316 ], [ 70.299555134961579, 20.944801287749268 ], [ 70.299843613192252, 20.944799089806224 ], [ 70.299838933120327, 20.944257087294773 ], [ 70.300127411351028, 20.944254889351729 ], [ 70.300125070415731, 20.943983887646365 ], [ 70.301278977942559, 20.943975089578775 ], [ 70.3012766361079, 20.94370408877273 ], [ 70.301565111640613, 20.94370188813167 ], [ 70.30156276890672, 20.943430887325636 ], [ 70.301851244439447, 20.94342868668457 ], [ 70.30184655807227, 20.942886684173171 ], [ 70.302423507339029, 20.942882281092466 ], [ 70.302421162806468, 20.942611280286428 ], [ 70.302998111173963, 20.942606875407019 ], [ 70.302995765742025, 20.942335873701666 ], [ 70.303284238576794, 20.942333670362647 ], [ 70.303281893144913, 20.942062669556606 ], [ 70.303858838814406, 20.942058261079925 ], [ 70.303854146151977, 20.94151625856853 ], [ 70.304142617188063, 20.941514054330188 ], [ 70.304140269957543, 20.94124305442346 ], [ 70.305005683965177, 20.941236436312519 ], [ 70.305003334936032, 20.940965436405801 ], [ 70.305291805972104, 20.940963228570187 ], [ 70.305289456043624, 20.940692228663472 ], [ 70.304135576395765, 20.940701051912068 ], [ 70.304137922727023, 20.940972052718109 ], [ 70.303560981554071, 20.940976462094113 ], [ 70.303563327885342, 20.941247462900147 ], [ 70.3032748568492, 20.9412496671385 ], [ 70.30327720228108, 20.94152066794453 ], [ 70.302700258410241, 20.941525073723199 ], [ 70.302704946576057, 20.942067075335331 ], [ 70.302128001805883, 20.942071480214683 ], [ 70.302130345439139, 20.94234248102072 ], [ 70.301841871705051, 20.942344682561099 ], [ 70.301844215338335, 20.942615683367134 ], [ 70.301555740704941, 20.9426178840082 ], [ 70.301558083438863, 20.942888885713554 ], [ 70.301269608805455, 20.942891086354621 ], [ 70.301271952438682, 20.943162087160662 ], [ 70.300406524941252, 20.943168686385828 ], [ 70.300408865876534, 20.943439687191866 ], [ 70.29983191391176, 20.94344408397734 ], [ 70.299834253947736, 20.943715084783378 ], [ 70.298968824651567, 20.943721676813993 ], [ 70.29897116288889, 20.943992679418667 ], [ 70.298682685557552, 20.943994874663755 ], [ 70.29868502289554, 20.944265874570526 ], [ 70.298396545564174, 20.944268071614268 ], [ 70.298398882902177, 20.944539073319618 ], [ 70.298110404671476, 20.944541268564763 ], [ 70.298112741110174, 20.944812269370797 ], [ 70.297824262879487, 20.944814464615888 ], [ 70.297826598418837, 20.945085465421929 ], [ 70.297249640158839, 20.945089854113519 ], [ 70.297251975698202, 20.945360855818873 ], [ 70.296675015639508, 20.945365242711826 ], [ 70.296677349380218, 20.945636244417187 ], [ 70.295811908392906, 20.945642820259991 ], [ 70.295814241234311, 20.945913821965345 ], [ 70.295237277578323, 20.94591820256306 ], [ 70.295239610419742, 20.946189205167741 ], [ 70.294662646763811, 20.946193584866077 ], [ 70.294664977806505, 20.94646458657143 ], [ 70.294376495079248, 20.946466776420664 ], [ 70.29437882522268, 20.946737777226701 ], [ 70.294090341596018, 20.946739966176541 ], [ 70.294092672638797, 20.947010967881909 ], [ 70.293804189012164, 20.947013156831758 ], [ 70.293806518256247, 20.947284159436439 ], [ 70.293229550103732, 20.947288533738913 ], [ 70.293231878448452, 20.94755953544427 ], [ 70.292943393922542, 20.947561722595481 ], [ 70.292945721368042, 20.947832724300831 ], [ 70.292657236842047, 20.947834910552732 ], [ 70.292659564287547, 20.948105912258079 ], [ 70.292371077962912, 20.948108099409303 ], [ 70.292373405408412, 20.948379100215334 ], [ 70.292084919083777, 20.948381285567905 ], [ 70.292087244730624, 20.948652287273259 ], [ 70.29179875840606, 20.948654472625833 ], [ 70.29180108405285, 20.948925474331251 ], [ 70.291512596828909, 20.948927659683818 ], [ 70.29151492157645, 20.949198661389179 ], [ 70.290937946229292, 20.949203029396358 ], [ 70.290940270976762, 20.949474031101715 ], [ 70.290651781954253, 20.94947621465564 ], [ 70.290654105802389, 20.949747216361004 ], [ 70.290077127757286, 20.949751581670228 ], [ 70.290079450706131, 20.950022583375581 ], [ 70.289790961683607, 20.95002476513088 ], [ 70.289793283733104, 20.950295767735554 ], [ 70.289504793811275, 20.950297948591533 ], [ 70.289507115860758, 20.9505689511962 ], [ 70.289218625039553, 20.950571132052179 ], [ 70.289220946189744, 20.95084213375754 ], [ 70.288932453569942, 20.950844314613501 ], [ 70.288934775619452, 20.951115316318862 ], [ 70.288069299558572, 20.95112185528944 ], [ 70.288071619809443, 20.951392856994801 ], [ 70.287494634569782, 20.95139721421009 ], [ 70.287499270574926, 20.951939219419504 ], [ 70.286922284435946, 20.95194357393683 ], [ 70.286924601988858, 20.952214575642188 ], [ 70.286636107570359, 20.952216752900874 ], [ 70.286638424223966, 20.952487754606238 ], [ 70.286349929805453, 20.952489930965616 ], [ 70.286352245559726, 20.952760933570289 ], [ 70.28606375114127, 20.952763109030283 ], [ 70.286068382649759, 20.953305114239697 ], [ 70.286356879766217, 20.953302937880331 ], [ 70.286359196419824, 20.953573939585681 ], [ 70.286647692636947, 20.95357176412568 ], [ 70.286645375983369, 20.953300762420323 ], [ 70.286933872200507, 20.953298584262313 ], [ 70.286931554647595, 20.953027582556956 ], [ 70.287220049965413, 20.953025405298273 ], [ 70.2872177324125, 20.952754402693586 ], [ 70.287506226830942, 20.952752225434885 ], [ 70.287503908378696, 20.952481222830215 ], [ 70.287792402797209, 20.952479044672206 ], [ 70.287790084344962, 20.952208042067515 ], [ 70.288078577864141, 20.952205863909573 ], [ 70.288076259411909, 20.951934861304832 ], [ 70.288653245550904, 20.95193050319023 ], [ 70.288650925300033, 20.951659500585549 ], [ 70.288939417919849, 20.951657320628897 ], [ 70.288937096769644, 20.951386318923539 ], [ 70.289225589389503, 20.951384138067567 ], [ 70.289223267340006, 20.951113134563574 ], [ 70.289800251680333, 20.951108773750946 ], [ 70.289797928731502, 20.950837771146272 ], [ 70.290086419552679, 20.95083558939098 ], [ 70.29008409660382, 20.950564587685626 ], [ 70.290372587425068, 20.950562405030997 ], [ 70.290370263576833, 20.95029140332565 ], [ 70.290658754398052, 20.950289219771719 ], [ 70.290656431449236, 20.950018218066361 ], [ 70.290944919572439, 20.95001603541175 ], [ 70.290947244319895, 20.950287037117107 ], [ 70.291235734241823, 20.950284852663859 ], [ 70.291231083847492, 20.949742849253141 ], [ 70.291519572870072, 20.949740664799887 ], [ 70.291517248122545, 20.949469663094529 ], [ 70.291805736245806, 20.949467478641282 ], [ 70.291803410598959, 20.949196476036605 ], [ 70.292380385946089, 20.949192105331466 ], [ 70.292378059399994, 20.948921103626105 ], [ 70.292666545724558, 20.948918917374218 ], [ 70.292664218279128, 20.948647915668804 ], [ 70.292952706402332, 20.94864572941691 ], [ 70.292950377158277, 20.948374727711549 ], [ 70.293238862583507, 20.948372540560346 ], [ 70.293234206793286, 20.947830537149624 ], [ 70.293811176744427, 20.947826161947887 ], [ 70.293808848399678, 20.947555160242466 ], [ 70.294097332026297, 20.94755297129263 ], [ 70.294095001882908, 20.947281969587266 ], [ 70.294383486408819, 20.94727978063742 ], [ 70.294381155366068, 20.947008778932059 ], [ 70.294669638992715, 20.947006589982205 ], [ 70.294671970035438, 20.947277591687566 ] ], [ [ 70.294667307949979, 20.946735588276852 ], [ 70.29495579067725, 20.946733398427625 ], [ 70.294958122619335, 20.947004400132982 ], [ 70.294669638992715, 20.947006589982205 ], [ 70.294667307949979, 20.946735588276852 ] ], [ [ 70.299264317594236, 20.944532483987018 ], [ 70.299266655831573, 20.944803484793052 ], [ 70.298978177600873, 20.944805681836783 ], [ 70.29897583936355, 20.944534681030749 ], [ 70.299264317594236, 20.944532483987018 ] ] ] ] } },
{ "type": "Feature", "properties": { "receptor_type": "coral_reef", "source": "UNEP-WCMC Global Distribution of Coral Reefs 2018 v4.1", "source_year": 2018, "sensitivity_tier": "high", "protection_status": false, "ORIG_NAME": "Not Reported" }, "geometry": { "type": "MultiPolygon", "coordinates": [ [ [ [ 74.44996468782017, 14.191242067867167 ], [ 74.449785024859054, 14.19124789367538 ], [ 74.449614345225882, 14.191266534822773 ], [ 74.449434682264837, 14.191295662964535 ], [ 74.449264001732345, 14.191337606445417 ], [ 74.449102305427118, 14.191390036920726 ], [ 74.449021457274512, 14.19142032968449 ], [ 74.44737753974168, 14.192059975187762 ], [ 74.447287708261172, 14.192094928238417 ], [ 74.447206860108565, 14.192132212331785 ], [ 74.446254646234976, 14.192580780678556 ], [ 74.44617379718305, 14.192619229393985 ], [ 74.446021084205711, 14.192705448297827 ], [ 74.445868370329094, 14.192800987775398 ], [ 74.445724639780337, 14.192911673634855 ], [ 74.444341234260591, 14.194018536726164 ], [ 74.444206487039821, 14.194131553628324 ], [ 74.444080723146897, 14.194256222146976 ], [ 74.443954959254029, 14.194390211239295 ], [ 74.443847161117674, 14.194531191661213 ], [ 74.443748346309178, 14.194680327135412 ], [ 74.443649532400045, 14.194835289317211 ], [ 74.44362258241631, 14.194887719792462 ], [ 74.44242782318554, 14.197144580158295 ], [ 74.442373924117348, 14.197254103194382 ], [ 74.442302058393352, 14.197420717891875 ], [ 74.442221210240689, 14.19763626919854 ], [ 74.441286962123684, 14.20066332335375 ], [ 74.439948472344156, 14.203991030761527 ], [ 74.437873364064558, 14.207885068241353 ], [ 74.43781946499638, 14.208008578433182 ], [ 74.4359060539213, 14.212064648564706 ], [ 74.435861138181039, 14.212154369428676 ], [ 74.434441800248933, 14.21544612014236 ], [ 74.433013478988926, 14.218334742554362 ], [ 74.432941613264902, 14.218501373439665 ], [ 74.432905680852571, 14.218603914139354 ], [ 74.432187029008219, 14.220626788895233 ], [ 74.432160079024484, 14.220695537569041 ], [ 74.432106179956278, 14.220870327103965 ], [ 74.432070248443267, 14.221048611404342 ], [ 74.432043297560199, 14.22122922674748 ], [ 74.432025331803686, 14.221411006712628 ], [ 74.432016347576436, 14.221593953098534 ], [ 74.432025331803686, 14.221776898585063 ], [ 74.432043297560199, 14.221958679449529 ], [ 74.432070248443267, 14.222139295691989 ], [ 74.432106179956293, 14.222317580891684 ], [ 74.432160079024456, 14.222492370426606 ], [ 74.432222961420564, 14.2226636642967 ], [ 74.432294826245325, 14.222830297879966 ], [ 74.432375674397917, 14.222992269377754 ], [ 74.432474489206356, 14.223147250445322 ], [ 74.432573304014852, 14.223296404805298 ], [ 74.432681102151207, 14.223437402314294 ], [ 74.432806866044075, 14.22357140759442 ], [ 74.432932629937, 14.223696092300878 ], [ 74.433067377157769, 14.223812619257043 ], [ 74.433211107706484, 14.223919824740165 ], [ 74.433363821583157, 14.224015376808268 ], [ 74.433516534560454, 14.224101607403327 ], [ 74.433678231765057, 14.22417734920538 ], [ 74.433848912297549, 14.22424260491232 ], [ 74.434010608602776, 14.224295042582186 ], [ 74.434181288235933, 14.22433699235836 ], [ 74.434360951196993, 14.224366124097401 ], [ 74.434531631729485, 14.22438476794275 ], [ 74.434711294690558, 14.224390594650288 ], [ 74.434890957651632, 14.22438476794275 ], [ 74.435061637284761, 14.224366124097401 ], [ 74.435241300245877, 14.22433699235836 ], [ 74.435411980778326, 14.224295042582186 ], [ 74.435573677083596, 14.22424260491232 ], [ 74.435744356716739, 14.22417734920538 ], [ 74.435906053921315, 14.224101607403327 ], [ 74.436058767797931, 14.224015376808268 ], [ 74.436211480775299, 14.223919824740165 ], [ 74.436355211323971, 14.223812619257043 ], [ 74.436489959444131, 14.223696092300878 ], [ 74.436615723336999, 14.22357140759442 ], [ 74.436741487229881, 14.223437402314294 ], [ 74.436849285366307, 14.223296404805298 ], [ 74.436948099275412, 14.223147250445322 ], [ 74.437046914083851, 14.222992269377754 ], [ 74.437127762236528, 14.222830297879966 ], [ 74.43719962796051, 14.2226636642967 ], [ 74.437235560372869, 14.22256112089906 ], [ 74.437900314048306, 14.220699034133188 ], [ 74.439274736240137, 14.217937394195417 ], [ 74.439337618636273, 14.217796400283703 ], [ 74.440765939896252, 14.214478981120124 ], [ 74.442625451903169, 14.210530068807657 ], [ 74.444745475923014, 14.206561414577669 ], [ 74.444799374991192, 14.206444895715435 ], [ 74.444871240715258, 14.206284101430185 ], [ 74.446308545303154, 14.202704684573577 ], [ 74.446371426799928, 14.202527579284382 ], [ 74.447278725832575, 14.199600704209161 ], [ 74.448078225829533, 14.198091839666745 ], [ 74.4487699285894, 14.197538397778885 ], [ 74.44935383411223, 14.197263424667367 ], [ 74.450907919265092, 14.196656388581516 ], [ 74.450997750745657, 14.196621434631538 ], [ 74.451159447050884, 14.196545700923421 ], [ 74.451312160927557, 14.196459480220883 ], [ 74.451464874804174, 14.196363939843989 ], [ 74.451608605352931, 14.196256746951349 ], [ 74.4517433525737, 14.196140234384359 ], [ 74.451869115567263, 14.196015564966389 ], [ 74.451994880359521, 14.195881574974749 ], [ 74.452102677596542, 14.195740593653511 ], [ 74.452201493304287, 14.19559145727999 ], [ 74.452300308112797, 14.195436495098193 ], [ 74.452381156265417, 14.195274541586851 ], [ 74.452453021090079, 14.195107928688001 ], [ 74.452515902586867, 14.194936654602998 ], [ 74.452569802554422, 14.194761885752481 ], [ 74.452605734966752, 14.194583622136518 ], [ 74.45263268405121, 14.19440302657847 ], [ 74.452650650707028, 14.194221268196996 ], [ 74.45265963403493, 14.194038344294198 ], [ 74.452650650707014, 14.193855420391401 ], [ 74.452632684051196, 14.19367366111061 ], [ 74.452605734966767, 14.1934930673512 ], [ 74.452569802554422, 14.193314804634552 ], [ 74.452515902586867, 14.193140036683415 ], [ 74.452453021090093, 14.192968764396992 ], [ 74.452381156265403, 14.192802152397462 ], [ 74.452300308112797, 14.192640201584084 ], [ 74.452201493304287, 14.192485241200986 ], [ 74.452102677596542, 14.192336106626042 ], [ 74.451994880359507, 14.192195128002826 ], [ 74.451869115567249, 14.192061139809827 ], [ 74.451743352573729, 14.191936473089811 ], [ 74.451608605352931, 14.191819962321459 ], [ 74.451464874804159, 14.191712772126774 ], [ 74.451312160927543, 14.191617232649207 ], [ 74.451159447050898, 14.191531014644681 ], [ 74.450997750745685, 14.19145528273515 ], [ 74.450827071112485, 14.191390036920726 ], [ 74.450665373907967, 14.191337606445417 ], [ 74.450494694274767, 14.191295662964535 ], [ 74.450315031313735, 14.191266534822773 ], [ 74.450144350781216, 14.19124789367538 ], [ 74.44996468782017, 14.191242067867167 ] ] ], [ [ [ 74.062063165582686, 14.907183592948513 ], [ 74.064991672927405, 14.907231513323721 ], [ 74.067282376580479, 14.907683839037986 ], [ 74.069375452415258, 14.908153697035514 ], [ 74.069591046889357, 14.908188760702785 ], [ 74.071666156068318, 14.908441222884166 ], [ 74.071800903289102, 14.908454079592165 ], [ 74.07198056625019, 14.908459923386831 ], [ 74.072160229211235, 14.908454079592165 ], [ 74.072330908844421, 14.908435378190177 ], [ 74.072510571805466, 14.908406158317575 ], [ 74.072681252337986, 14.908364081737036 ], [ 74.072842948643199, 14.908311484887179 ], [ 74.073013628276385, 14.908246032228648 ], [ 74.073175324581598, 14.908170060200179 ], [ 74.073328039357591, 14.908083568801713 ], [ 74.073480752334902, 14.907987727151918 ], [ 74.073624482883631, 14.907880197013524 ], [ 74.073759230104429, 14.907763318422438 ], [ 74.073884993997353, 14.90763825510146 ], [ 74.074010758789541, 14.907503843327731 ], [ 74.074118556026576, 14.907362418640728 ], [ 74.074217370835072, 14.907212812821115 ], [ 74.074316185643511, 14.907057362307459 ], [ 74.074397033796103, 14.906894899779845 ], [ 74.074468900419447, 14.906727761676908 ], [ 74.074531781016958, 14.90655594889796 ], [ 74.074585680085121, 14.906380630561724 ], [ 74.074621611598147, 14.906201804869452 ], [ 74.07464856158191, 14.906020641839177 ], [ 74.074666528237742, 14.905838310589616 ], [ 74.074675511565673, 14.905654810221391 ], [ 74.074666528237742, 14.90547131075243 ], [ 74.074648561581895, 14.90528898040219 ], [ 74.074621611598161, 14.905107817371913 ], [ 74.074585680085136, 14.904928992579016 ], [ 74.074531781016958, 14.904753676041366 ], [ 74.074468900419447, 14.90458186416174 ], [ 74.074397033796117, 14.904414728756763 ], [ 74.074316185643497, 14.90425226802779 ], [ 74.074217370835072, 14.904096819312828 ], [ 74.074118556026562, 14.903947215291799 ], [ 74.074010758789541, 14.903805793302755 ], [ 74.073884993997353, 14.903671383327719 ], [ 74.073759230104429, 14.903546325402655 ], [ 74.073624482883659, 14.903429446811575 ], [ 74.073480752334888, 14.903321919371137 ], [ 74.073328039357605, 14.903226080419302 ], [ 74.073175324581598, 14.903139589920213 ], [ 74.073013628276385, 14.903063619690329 ], [ 74.072842948643199, 14.902998167931173 ], [ 74.072681252337986, 14.902945572879956 ], [ 74.072510571805481, 14.902903497198679 ], [ 74.072330908844435, 14.902874278225395 ], [ 74.07034563204536, 14.902632341709248 ], [ 74.068387305230033, 14.9021928825955 ], [ 74.068324422833882, 14.902178857668217 ], [ 74.065773207167808, 14.901675117712561 ], [ 74.065620494190512, 14.901650574314596 ], [ 74.065449813658006, 14.90163187381199 ], [ 74.065315066437222, 14.901626030017324 ], [ 74.062027232271021, 14.901572266746768 ], [ 74.061766721157312, 14.901580447879441 ], [ 74.059467034176336, 14.901769788445055 ], [ 74.059332286955524, 14.901786150710334 ], [ 74.059152623994464, 14.901815370582936 ], [ 74.058981942562653, 14.90185744626416 ], [ 74.058820247156746, 14.901910040416055 ], [ 74.058649568422865, 14.901975492175261 ], [ 74.058568717572328, 14.902011724061879 ], [ 74.056304963903017, 14.903079981955672 ], [ 74.053601035259646, 14.904093313755482 ], [ 74.053475271366707, 14.904142402350033 ], [ 74.053313574162189, 14.90421837257986 ], [ 74.053160861184836, 14.904304863079005 ], [ 74.053008147308219, 14.904400702930161 ], [ 74.052864416759462, 14.904508231269913 ], [ 74.052792551934772, 14.904571345691126 ], [ 74.050888123288303, 14.90620648044478 ], [ 74.049271155739291, 14.907120477627984 ], [ 74.047618255777934, 14.908029803732516 ], [ 74.047528424297397, 14.908082399683051 ], [ 74.047420626160999, 14.908152527916856 ], [ 74.046468412287481, 14.908790694934678 ], [ 74.046396546563415, 14.908837447989869 ], [ 74.045453316017742, 14.909511849592207 ], [ 74.045336534553471, 14.909598341889991 ], [ 74.045201787332715, 14.909715223179035 ], [ 74.045147888264466, 14.909763143554299 ], [ 74.04445618640392, 14.910428199401906 ], [ 74.044384320679924, 14.910505341448413 ], [ 74.044258555887723, 14.910639754121407 ], [ 74.04415075865063, 14.910781182405684 ], [ 74.044051943842192, 14.910930790023997 ], [ 74.043953129033753, 14.911086242336236 ], [ 74.043872280881104, 14.911248707561867 ], [ 74.043800415157079, 14.911415849262085 ], [ 74.043737533660305, 14.911587667436949 ], [ 74.043683634592142, 14.911762989370516 ], [ 74.043647702179783, 14.911941819559386 ], [ 74.043620752196006, 14.912122987086205 ], [ 74.043602786439521, 14.912305323731744 ], [ 74.043593803111605, 14.912488828596619 ], [ 74.043602786439521, 14.912672334360767 ], [ 74.043620752196034, 14.912854671905622 ], [ 74.043647702179769, 14.913035840331816 ], [ 74.043683634592114, 14.913214671420008 ], [ 74.043737533660305, 14.913389995152217 ], [ 74.043800415157079, 14.913561813327076 ], [ 74.043872280881089, 14.913728956825933 ], [ 74.043953129033753, 14.91389142474952 ], [ 74.044051943842192, 14.914046878860402 ], [ 74.04415075865063, 14.914196490075993 ], [ 74.044258555887723, 14.914337919259594 ], [ 74.04438432067991, 14.914472336429242 ], [ 74.044510084572764, 14.914597400649598 ], [ 74.044644831793619, 14.914714284636602 ], [ 74.044788562342319, 14.914821816573635 ], [ 74.044941276219006, 14.914917662720029 ], [ 74.045093989196289, 14.915004156816451 ], [ 74.045255686400864, 14.91508013064356 ], [ 74.045426366034008, 14.915145586000055 ], [ 74.045588063238597, 14.915198183749226 ], [ 74.045758742871726, 14.915240262128465 ], [ 74.045938405832828, 14.915269482900388 ], [ 74.046109084566638, 14.915288184302312 ], [ 74.04628874842706, 14.915294028996296 ], [ 74.046468412287481, 14.915288184302312 ], [ 74.046639091920611, 14.915269482900388 ], [ 74.046818754881699, 14.915240262128465 ], [ 74.046989435414162, 14.915198183749226 ], [ 74.047151131719446, 14.915145586000055 ], [ 74.047321811352546, 14.91508013064356 ], [ 74.04748350855715, 14.915004156816451 ], [ 74.047636222433766, 14.914917662720029 ], [ 74.047788935411106, 14.914821816573635 ], [ 74.04793266595982, 14.914714284636602 ], [ 74.048067413180604, 14.914597400649598 ], [ 74.048121312248838, 14.914549477576374 ], [ 74.048669283560614, 14.914021165444465 ], [ 74.049414886288034, 14.91348583860059 ], [ 74.050232352940768, 14.91293532130806 ], [ 74.051804404749532, 14.91207506491236 ], [ 74.053690866740183, 14.911006762951784 ], [ 74.053753749136263, 14.910970529266535 ], [ 74.053906462113616, 14.910874686717479 ], [ 74.054050192662316, 14.910767155679764 ], [ 74.054122058386326, 14.910704038560596 ], [ 74.055864789828249, 14.909207959679634 ], [ 74.058227359205318, 14.90832200425711 ], [ 74.058353123098172, 14.908272914763245 ], [ 74.058433971250849, 14.908236681977316 ], [ 74.060365348981733, 14.907323849416173 ], [ 74.062063165582686, 14.907183592948513 ] ] ], [ [ [ 68.974526418659366, 22.417559425127415 ], [ 68.974544385315198, 22.417471548773001 ], [ 68.974571334399641, 22.417283593163347 ], [ 68.97458930105546, 22.417090755134272 ], [ 68.974598284383376, 22.416900358764622 ], [ 68.97458930105546, 22.416709962394915 ], [ 68.974571334399627, 22.416517125265152 ], [ 68.974544385315212, 22.416329170554835 ], [ 68.974526418659352, 22.416224208880177 ], [ 68.974023362188461, 22.413922394103277 ], [ 68.974005396431949, 22.413839402866188 ], [ 68.973951497363771, 22.413656333273195 ], [ 68.973888614967677, 22.413478146099632 ], [ 68.973816750142987, 22.413302399686074 ], [ 68.973735901091004, 22.413133975552565 ], [ 68.973637086282565, 22.412970435637131 ], [ 68.973538272373432, 22.41281421710249 ], [ 68.973430474237034, 22.412667763406603 ], [ 68.973304710344181, 22.412526190331445 ], [ 68.973178945551993, 22.412396821955831 ], [ 68.973044198331124, 22.412274777658922 ], [ 68.972900467782452, 22.412162496402118 ], [ 68.972747754805084, 22.412062418945535 ], [ 68.972595040928468, 22.41197210632771 ], [ 68.972433344623212, 22.411891556749993 ], [ 68.972262664090749, 22.411825652631816 ], [ 68.972100967785451, 22.411769511553754 ], [ 68.971930287253031, 22.411725576074502 ], [ 68.971750624291928, 22.411693844395472 ], [ 68.971579944658799, 22.411676758175869 ], [ 68.971400281697711, 22.411669434996494 ], [ 68.971220618736595, 22.411676758175869 ], [ 68.971049939103466, 22.411693844395472 ], [ 68.970870275243044, 22.411725576074502 ], [ 68.970699595609901, 22.411769511553754 ], [ 68.970537899304645, 22.411825652631816 ], [ 68.970367218772211, 22.411891556749993 ], [ 68.970205521567607, 22.41197210632771 ], [ 68.97005280859031, 22.412062418945535 ], [ 68.969900094713637, 22.412162496402118 ], [ 68.969756365064242, 22.412274777658922 ], [ 68.969621617843472, 22.412396821955831 ], [ 68.969495853051242, 22.412526190331445 ], [ 68.96937008915836, 22.412667763406603 ], [ 68.969262291021948, 22.41281421710249 ], [ 68.96916347621351, 22.412970435637131 ], [ 68.96906466230439, 22.413133975552565 ], [ 68.968983813252407, 22.413302399686074 ], [ 68.968911948427717, 22.413478146099632 ], [ 68.968849066031638, 22.413656333273195 ], [ 68.968795166963446, 22.413839402866188 ], [ 68.968759234551101, 22.414027354878549 ], [ 68.968732284567352, 22.414215305991604 ], [ 68.968714318810839, 22.414408140423401 ], [ 68.968705334583603, 22.414598533195829 ], [ 68.968714318810839, 22.414788926867509 ], [ 68.968732284567352, 22.414981761299316 ], [ 68.968759234551086, 22.415169714211 ], [ 68.968777201206933, 22.415274675885655 ], [ 68.969136527129081, 22.416910122704049 ], [ 68.968858049359525, 22.418194083889887 ], [ 68.967007519781234, 22.419360887694836 ], [ 68.96448325409898, 22.417166425889889 ], [ 68.961698476403626, 22.410427027885074 ], [ 68.961797291212051, 22.410124360151148 ], [ 68.962812386582399, 22.406958594563548 ], [ 68.966324800349284, 22.405848031661368 ], [ 68.968696353054327, 22.409418952622616 ], [ 68.968741268794588, 22.409492178121582 ], [ 68.968849066031623, 22.40963862911951 ], [ 68.968974830823868, 22.409780198597328 ], [ 68.969100594716735, 22.409909564275036 ], [ 68.969235341937505, 22.410031607672579 ], [ 68.969379071586957, 22.41014388713074 ], [ 68.969531784564239, 22.41024396278868 ], [ 68.969684499340232, 22.410334275406509 ], [ 68.969846197444099, 22.410414823185594 ], [ 68.970016876177965, 22.410480726404437 ], [ 68.970178571583844, 22.410536866583183 ], [ 68.970349253015669, 22.410580802062437 ], [ 68.970528915976729, 22.410612533741475 ], [ 68.970699595609901, 22.410629619961068 ], [ 68.97087925857096, 22.410636942241123 ], [ 68.971130787256072, 22.410636942241123 ], [ 68.97131045021716, 22.410629619961068 ], [ 68.971481129850304, 22.410612533741475 ], [ 68.971660792811406, 22.410580802062437 ], [ 68.97183147334384, 22.410536866583183 ], [ 68.97199316964911, 22.410480726404437 ], [ 68.972163849282239, 22.410414823185594 ], [ 68.972325545587523, 22.410334275406509 ], [ 68.972478260363459, 22.41024396278868 ], [ 68.972630973340813, 22.41014388713074 ], [ 68.972774703889499, 22.410031607672579 ], [ 68.972909451110368, 22.409909564275036 ], [ 68.973035215902527, 22.409780198597328 ], [ 68.973160979795409, 22.40963862911951 ], [ 68.973268777032501, 22.409492178121582 ], [ 68.973367591840926, 22.409335963184216 ], [ 68.973466406649393, 22.409172426866053 ], [ 68.973547254802028, 22.409004008128534 ], [ 68.973619121425372, 22.408828268010211 ], [ 68.973682002922132, 22.408650086232562 ], [ 68.97373590109099, 22.408467023834127 ], [ 68.973771834402683, 22.408279079016321 ], [ 68.973798782587778, 22.408091135097834 ], [ 68.973816750142987, 22.407898310558604 ], [ 68.973825732571584, 22.407707925880114 ], [ 68.973816750142973, 22.407517542100948 ], [ 68.973798782587778, 22.407324717561721 ], [ 68.973771834402683, 22.407136775441863 ], [ 68.97373590109099, 22.406948832422753 ], [ 68.973682002922146, 22.406765771822961 ], [ 68.973619121425372, 22.406587592743275 ], [ 68.973547254802043, 22.406411855322911 ], [ 68.973466406649379, 22.40624344018266 ], [ 68.973367591840926, 22.406079906562461 ], [ 68.973268777032501, 22.405923696121697 ], [ 68.973160979795409, 22.405777248721101 ], [ 68.973035215902556, 22.405635682840572 ], [ 68.972909451110354, 22.405506321659448 ], [ 68.972774703889513, 22.405384281859199 ], [ 68.972630973340813, 22.405272005998313 ], [ 68.972550125188206, 22.405218309277586 ], [ 68.96958568543107, 22.400746871970625 ], [ 68.969540768791489, 22.400673650968258 ], [ 68.969432971554454, 22.400527208963577 ], [ 68.969307206762281, 22.400385647579636 ], [ 68.969181442869342, 22.400256291794506 ], [ 68.969046695648558, 22.40013425559146 ], [ 68.968902965099815, 22.400021985126553 ], [ 68.968750251223199, 22.399921916663168 ], [ 68.968597538245845, 22.399831611239904 ], [ 68.968435841041298, 22.399751068856794 ], [ 68.968265161408112, 22.39968517013455 ], [ 68.96810346420358, 22.399629033553083 ], [ 68.967932784570394, 22.39958510167116 ], [ 68.967753121609334, 22.399553373589345 ], [ 68.967582441976162, 22.399536288269129 ], [ 68.967402779015103, 22.399528965989013 ], [ 68.967223115154695, 22.399536288269129 ], [ 68.967052436420872, 22.399553373589345 ], [ 68.966872772560464, 22.39958510167116 ], [ 68.966702092927278, 22.399629033553083 ], [ 68.966648193859115, 22.39964611887336 ], [ 68.959973711617593, 22.401757325939915 ], [ 68.959865912581861, 22.401796378100414 ], [ 68.959695233848038, 22.401862276822673 ], [ 68.959533536643448, 22.401942821004418 ], [ 68.959380822766832, 22.402033128226321 ], [ 68.959228109789464, 22.402133197589016 ], [ 68.959084379240764, 22.402245470751954 ], [ 68.958949632019923, 22.402367507854247 ], [ 68.958823868127055, 22.402496866337341 ], [ 68.958698103334882, 22.402638428620659 ], [ 68.95859030609779, 22.402784873323295 ], [ 68.958491491289351, 22.40294108016678 ], [ 68.958392675581592, 22.403104610189637 ], [ 68.958311828328235, 22.403273021732616 ], [ 68.958239962604239, 22.403448755555711 ], [ 68.958186064435381, 22.403602523437762 ], [ 68.956721809863666, 22.408137511337141 ], [ 68.956254685805163, 22.409538554360832 ], [ 68.956236720048651, 22.409599575160318 ], [ 68.956182820980473, 22.409782639357388 ], [ 68.956146888568128, 22.409970585973838 ], [ 68.956119938584365, 22.41015853259022 ], [ 68.956101972827852, 22.410351360726786 ], [ 68.956092988600588, 22.410541748103238 ], [ 68.956101972827881, 22.410732136379064 ], [ 68.956119938584379, 22.410924965414889 ], [ 68.956146888568128, 22.411112912930658 ], [ 68.956182820980459, 22.411300861345751 ], [ 68.956236720048665, 22.411483927341404 ], [ 68.956299602444759, 22.411662112716385 ], [ 68.956326552428479, 22.411742662294099 ], [ 68.959829981068808, 22.420215248135261 ], [ 68.959874896809069, 22.420310448568383 ], [ 68.95995574496169, 22.420478879896443 ], [ 68.960054559770185, 22.420642429704397 ], [ 68.960153374578624, 22.420798657232289 ], [ 68.960261171815674, 22.420945119921385 ], [ 68.96038693660789, 22.421086701090413 ], [ 68.960512701400091, 22.421216076660642 ], [ 68.960611515309282, 22.421303954813695 ], [ 68.965121057790668, 22.425221902568801 ], [ 68.965264788339383, 22.425334194617438 ], [ 68.965417502215985, 22.425434280167956 ], [ 68.965570215193338, 22.425524601778982 ], [ 68.965731912397885, 22.425605158551253 ], [ 68.965902592031057, 22.425671069864048 ], [ 68.96606428923559, 22.425727216338029 ], [ 68.966234968868761, 22.425771156313878 ], [ 68.966414631829878, 22.425802890690871 ], [ 68.966585310563687, 22.425819978709111 ], [ 68.966764974424109, 22.425827302787866 ], [ 68.966944638284474, 22.425819978709111 ], [ 68.96711531791766, 22.425802890690871 ], [ 68.967294980878691, 22.425771156313878 ], [ 68.967465661411225, 22.425727216338029 ], [ 68.967627357716438, 22.425671069864048 ], [ 68.967798037349624, 22.425605158551253 ], [ 68.967959734554142, 22.425524601778982 ], [ 68.968112448430816, 22.425434280167956 ], [ 68.972559109415442, 22.42263677706563 ], [ 68.972711822392753, 22.422536693313809 ], [ 68.972855552042176, 22.422424403063815 ], [ 68.97299030016228, 22.422302349773698 ], [ 68.973116064055148, 22.422172973304093 ], [ 68.973241827948073, 22.422031391235748 ], [ 68.973349626084413, 22.421884926748021 ], [ 68.973448440892867, 22.421728699220122 ], [ 68.973547254802043, 22.421565147613531 ], [ 68.973628103853954, 22.421396713587516 ], [ 68.973699968678659, 22.421220959080078 ], [ 68.973762851074753, 22.421042762013879 ], [ 68.973816750142987, 22.420859683427693 ], [ 68.973960479792353, 22.420229893594755 ], [ 68.973969463120284, 22.420176190578783 ], [ 68.974526418659366, 22.417559425127415 ] ] ], [ [ [ 68.977625607435868, 22.417864548909844 ], [ 68.977445943575518, 22.417871872089279 ], [ 68.977275263942303, 22.417888959208138 ], [ 68.977095600981272, 22.417920691786545 ], [ 68.976924920448766, 22.417964629963766 ], [ 68.976763224143554, 22.41802077284046 ], [ 68.976592543611062, 22.418086679656589 ], [ 68.976430847305835, 22.418167232831593 ], [ 68.976278133429147, 22.418257549946016 ], [ 68.976125419552531, 22.418357630999939 ], [ 68.975981689903094, 22.418469917652594 ], [ 68.975846942682324, 22.418591968244808 ], [ 68.975721177890094, 22.41872134111707 ], [ 68.975595413997212, 22.418862919588094 ], [ 68.975487615860857, 22.419009381377915 ], [ 68.975388801951667, 22.419165606207798 ], [ 68.975289987143256, 22.419329154217163 ], [ 68.97520913809133, 22.41949758464585 ], [ 68.975137273266611, 22.419673339153352 ], [ 68.975074390870475, 22.419851534420836 ], [ 68.975020492701617, 22.420034611208386 ], [ 68.974984559389938, 22.420222571314639 ], [ 68.974957610305523, 22.420410531420938 ], [ 68.974939643649691, 22.4206033730473 ], [ 68.97493066032176, 22.420793774812921 ], [ 68.974939643649691, 22.420984176578536 ], [ 68.974957610305509, 22.421177020003537 ], [ 68.974984559389938, 22.421364981009098 ], [ 68.975020492701603, 22.421552942914047 ], [ 68.975074390870489, 22.421736022399557 ], [ 68.975137273266625, 22.421914218566378 ], [ 68.975209138091316, 22.422089976671138 ], [ 68.975289987143242, 22.422258410697168 ], [ 68.975388801951667, 22.422421962303758 ], [ 68.97546965010433, 22.422551339672616 ], [ 68.976224234360998, 22.423647388416271 ], [ 68.976385931565588, 22.427018580742981 ], [ 68.97639491489349, 22.427206548943101 ], [ 68.976403898221406, 22.427362783665558 ], [ 68.976412880650003, 22.427589811220844 ], [ 68.976421863977919, 22.427780221979727 ], [ 68.97646677971818, 22.428539426953019 ], [ 68.976484746374013, 22.428732280270591 ], [ 68.976511694559107, 22.428920252068046 ], [ 68.976547627870787, 22.429108222966196 ], [ 68.976601526938964, 22.429291312344215 ], [ 68.976664409335058, 22.429469519302927 ], [ 68.976736274159805, 22.429645286400898 ], [ 68.976817123211745, 22.429813729420111 ], [ 68.97691593712085, 22.429977289120639 ], [ 68.977014751929275, 22.430133527440375 ], [ 68.977122550065701, 22.430279999122725 ], [ 68.977248313958569, 22.430421589284947 ], [ 68.977374078750813, 22.430550973848423 ], [ 68.977508825971611, 22.430673034333097 ], [ 68.977652555620978, 22.43078532997907 ], [ 68.977805268598331, 22.430885420026176 ], [ 68.977957983374267, 22.430975745234491 ], [ 68.978119679679537, 22.431056305604042 ], [ 68.978290360211972, 22.431122218715469 ], [ 68.978452057416575, 22.431178366988089 ], [ 68.978622736150385, 22.431222308762585 ], [ 68.978802400010807, 22.431254044938271 ], [ 68.978982062971909, 22.431273574615819 ], [ 68.979790546296726, 22.431329722888439 ], [ 68.979970209257829, 22.431341929386576 ], [ 68.980122923134445, 22.431351694225377 ], [ 68.98032055275138, 22.431371223902882 ], [ 68.980500215712425, 22.431388312820445 ], [ 68.981614126790575, 22.43149328528693 ], [ 68.981668024959461, 22.431495726946306 ], [ 68.981847688819798, 22.43150305012573 ], [ 68.982027351780928, 22.431495726946306 ], [ 68.9821980314141, 22.431478638028743 ], [ 68.982377694375145, 22.431446901853061 ], [ 68.982548374008331, 22.431402960078568 ], [ 68.98271007121285, 22.431346811805945 ], [ 68.98288075084605, 22.431280898694574 ], [ 68.983042448050597, 22.43120033832502 ], [ 68.983195161027936, 22.431110013116658 ], [ 68.983347874904553, 22.431009922170229 ], [ 68.98349160455399, 22.430897627423629 ], [ 68.983626352674094, 22.430775565140262 ], [ 68.983752116566961, 22.43064618057684 ], [ 68.983877881359206, 22.43050459041455 ], [ 68.983985678596255, 22.430358117832892 ], [ 68.98408449340468, 22.430201880412479 ], [ 68.984183308213176, 22.430038319812638 ], [ 68.984264156365782, 22.429869876793415 ], [ 68.984336022089792, 22.42969410969544 ], [ 68.984398903586566, 22.429515902736799 ], [ 68.984452802654786, 22.429332811560066 ], [ 68.984488735067146, 22.429144840661934 ], [ 68.98451568505088, 22.428956869763791 ], [ 68.984533650807407, 22.428764016446276 ], [ 68.984542634135323, 22.428573603888761 ], [ 68.984533650807407, 22.428383192230562 ], [ 68.984515685050894, 22.428190338913062 ], [ 68.984488735067146, 22.428002368914228 ], [ 68.984452802654801, 22.427814398915416 ], [ 68.98439890358658, 22.427631311335972 ], [ 68.984336022089792, 22.427453106175953 ], [ 68.984264156365768, 22.427277342675264 ], [ 68.984183308213176, 22.427108903253323 ], [ 68.984084493404666, 22.426945345351442 ], [ 68.983985678596255, 22.42678911242762 ], [ 68.983877881359206, 22.426642643443298 ], [ 68.983752116566961, 22.426501056878347 ], [ 68.983626352674094, 22.426371675912147 ], [ 68.98349160455399, 22.426249619024752 ], [ 68.983347874904553, 22.426137326976111 ], [ 68.983195161027936, 22.426037239626957 ], [ 68.983042448050583, 22.425946918015875 ], [ 68.98288075084605, 22.425866360344287 ], [ 68.982710071212864, 22.425800449930875 ], [ 68.982548374008331, 22.425744302557568 ], [ 68.982377694375145, 22.425700362581718 ], [ 68.9821980314141, 22.425668629103985 ], [ 68.982081250849106, 22.425653981845809 ], [ 68.981721924027624, 22.425622246569446 ], [ 68.981569211050328, 22.422446374400685 ], [ 68.981542261066579, 22.42221935314069 ], [ 68.981515311982093, 22.422031391235748 ], [ 68.981479379569748, 22.421843429330863 ], [ 68.98142548140089, 22.42166034894597 ], [ 68.981362598105477, 22.421482151879836 ], [ 68.981290733280787, 22.421306395573762 ], [ 68.981209884228804, 22.421137963346379 ], [ 68.981111070319685, 22.420974412639055 ], [ 68.981030221267758, 22.42084503706883 ], [ 68.979781562968796, 22.419036232436213 ], [ 68.979655799075942, 22.418862919588094 ], [ 68.979530035183032, 22.41872134111707 ], [ 68.97940427129015, 22.418591968244808 ], [ 68.979269523169989, 22.418469917652594 ], [ 68.979125794419915, 22.418357630999939 ], [ 68.978973079643978, 22.418257549946016 ], [ 68.978820365767334, 22.418167232831593 ], [ 68.978658668562801, 22.418086679656589 ], [ 68.978487988929601, 22.41802077284046 ], [ 68.978326292624388, 22.417964629963766 ], [ 68.978155612991216, 22.417920691786545 ], [ 68.977975949130766, 22.417888959208138 ], [ 68.977805268598345, 22.417871872089279 ], [ 68.977625607435868, 22.417864548909844 ] ] ], [ [ [ 68.997927531930088, 22.445726372374217 ], [ 68.998107194891176, 22.445733697352296 ], [ 68.998277875423696, 22.445750787169114 ], [ 68.998457538384727, 22.445782526942143 ], [ 68.998628218017942, 22.445826473213231 ], [ 68.998789914323126, 22.445882626881765 ], [ 68.99896059485566, 22.445948547187758 ], [ 68.999122291160845, 22.446029115651246 ], [ 68.999176190229036, 22.446060855424204 ], [ 69.000056539277935, 22.44656380127844 ], [ 68.998017363410654, 22.440963134740912 ], [ 68.997927531930102, 22.440748292100061 ], [ 68.997846683777496, 22.440579835590995 ], [ 68.997747868969043, 22.440416263299937 ], [ 68.997649054160604, 22.440260015087684 ], [ 68.997541256024206, 22.440113531714182 ], [ 68.997415492131324, 22.439971932558706 ], [ 68.9972897282384, 22.439842539002026 ], [ 68.997154981017616, 22.439720470423424 ], [ 68.997011249569596, 22.439608167582886 ], [ 68.996858536592242, 22.439508071240532 ], [ 68.996705823614931, 22.439417740636266 ], [ 68.996544126410342, 22.439337175770103 ], [ 68.996373446777213, 22.439271259061393 ], [ 68.996211749572623, 22.439215107191497 ], [ 68.996041069939508, 22.439171162719049 ], [ 68.99586140697842, 22.43913942564404 ], [ 68.995690727345234, 22.439122335827165 ], [ 68.995511062585521, 22.439115011748456 ], [ 68.995331401423087, 22.439122335827165 ], [ 68.995268519026979, 22.43912721824659 ], [ 68.992807134841414, 22.439371355403807 ], [ 68.992699336705073, 22.439383561901931 ], [ 68.992519673744013, 22.439415299876252 ], [ 68.992348994110841, 22.439459244348708 ], [ 68.992187296906309, 22.439515395319294 ], [ 68.992016617273109, 22.439581312027997 ], [ 68.99185492096791, 22.439661877793469 ], [ 68.991702207091237, 22.439752208397749 ], [ 68.991594408954867, 22.439825449185207 ], [ 68.991145251552155, 22.440137945609759 ], [ 68.991091351584657, 22.44002075855121 ], [ 68.989905576581108, 22.436126816399504 ], [ 68.989833710857113, 22.435924188350661 ], [ 68.989761846032408, 22.435748414058136 ], [ 68.989680997879816, 22.435579963844305 ], [ 68.989582183071306, 22.435416396949222 ], [ 68.989483368262867, 22.435260154132834 ], [ 68.989375570126526, 22.435113676155247 ], [ 68.989249806233602, 22.434972080597102 ], [ 68.989124042340748, 22.434842693335661 ], [ 68.988989295119964, 22.434720629253658 ], [ 68.988845564571193, 22.434608330010459 ], [ 68.988692850694576, 22.434508237265394 ], [ 68.988540137717223, 22.434417909359063 ], [ 68.988378441411996, 22.434337347190869 ], [ 68.988207760879519, 22.434271433180125 ], [ 68.988046063674958, 22.43421528310887 ], [ 68.9878753840418, 22.434171340435054 ], [ 68.987695721080726, 22.434139604259368 ], [ 68.98752504144754, 22.434122515341862 ], [ 68.987345377587189, 22.434115191263114 ], [ 68.987165714626073, 22.434122515341862 ], [ 68.986995034992887, 22.434139604259368 ], [ 68.986815372031856, 22.434171340435054 ], [ 68.98664469239867, 22.43421528310887 ], [ 68.986482995194137, 22.434271433180125 ], [ 68.986312315560951, 22.434337347190869 ], [ 68.986150618356419, 22.434417909359063 ], [ 68.985997905379065, 22.434508237265394 ], [ 68.985845192401783, 22.434608330010459 ], [ 68.985701460953706, 22.434720629253658 ], [ 68.985566713732908, 22.434842693335661 ], [ 68.98544094984004, 22.434972080597102 ], [ 68.985315185047796, 22.435113676155247 ], [ 68.985207387810746, 22.435260154132834 ], [ 68.985108573002307, 22.435416396949222 ], [ 68.985009758193826, 22.435579963844305 ], [ 68.984928910041205, 22.435748414058136 ], [ 68.984857044317209, 22.435924188350661 ], [ 68.984794162820421, 22.43610240340325 ], [ 68.984740263752215, 22.436285501774535 ], [ 68.98470433133987, 22.436473482565187 ], [ 68.984677381356107, 22.436661464255224 ], [ 68.984659415599594, 22.436854329263948 ], [ 68.984650432271678, 22.437044751713984 ], [ 68.98465941559958, 22.437235175962655 ], [ 68.984677381356093, 22.43742804097138 ], [ 68.984704331339856, 22.437616023560686 ], [ 68.984740263752201, 22.437804006150021 ], [ 68.984785178593199, 22.437962693323701 ], [ 68.986042821119369, 22.442095945071852 ], [ 68.986105702616143, 22.442274168218312 ], [ 68.98619553409668, 22.442486571897799 ], [ 68.98769572108074, 22.445679984443757 ], [ 68.987758602577514, 22.445811824156404 ], [ 68.987857417385953, 22.445975403642016 ], [ 68.987956232194392, 22.446131658149568 ], [ 68.988064030330804, 22.446278146918988 ], [ 68.988189794223672, 22.446419753269026 ], [ 68.988315558116597, 22.446549152221621 ], [ 68.988450305337381, 22.446671227095518 ], [ 68.988594035886081, 22.446783535331914 ], [ 68.988746749762754, 22.446883637070243 ], [ 68.988899463639385, 22.446973972171115 ], [ 68.98906115994464, 22.44705454243325 ], [ 68.989231839577783, 22.447120461839912 ], [ 68.989393536782345, 22.44717661640777 ], [ 68.989564216415488, 22.447220563578178 ], [ 68.989743879376576, 22.447252301552506 ], [ 68.989914559909096, 22.447269393168025 ], [ 68.990094222870127, 22.447276718146099 ], [ 68.990273885831243, 22.447269393168025 ], [ 68.990444564565024, 22.447252301552506 ], [ 68.990624228425474, 22.447220563578178 ], [ 68.990794908957923, 22.44717661640777 ], [ 68.990956605263207, 22.447120461839912 ], [ 68.991127284896322, 22.44705454243325 ], [ 68.991288982100912, 22.446973972171115 ], [ 68.991441695977528, 22.446883637070243 ], [ 68.991540510786038, 22.446817715864935 ], [ 68.992905949649909, 22.445872861143698 ], [ 68.993786298698808, 22.445257609750961 ], [ 68.995250552371132, 22.449244582271717 ], [ 68.995259535699049, 22.449039492778404 ], [ 68.995241569043216, 22.448846611581928 ], [ 68.9952325857153, 22.44865617294408 ], [ 68.99524156904323, 22.448465734306229 ], [ 68.995259535699063, 22.448272854009076 ], [ 68.995286484783492, 22.448084857030544 ], [ 68.995322418095142, 22.447896860951403 ], [ 68.995376316264014, 22.447713747291626 ], [ 68.995439198660179, 22.447535516950609 ], [ 68.995511062585535, 22.44735972916822 ], [ 68.995591913436115, 22.447191264565276 ], [ 68.99569072734522, 22.447027685079661 ], [ 68.995789541254382, 22.446871428773473 ], [ 68.995897339390737, 22.44672493910468 ], [ 68.996023103283619, 22.446583332754642 ], [ 68.996148868075878, 22.446453933802044 ], [ 68.996283615296647, 22.446331859827527 ], [ 68.99642734584539, 22.446219551591067 ], [ 68.996580058822701, 22.446119450752118 ], [ 68.996732772699374, 22.446029115651246 ], [ 68.996894469004602, 22.445948547187758 ], [ 68.997065150436399, 22.445882626881765 ], [ 68.99722684584232, 22.445826473213231 ], [ 68.997397526374797, 22.445782526942143 ], [ 68.997577189335843, 22.445750787169114 ], [ 68.997747868969043, 22.445733697352296 ], [ 68.997927531930088, 22.445726372374217 ] ] ], [ [ [ 68.995564962553033, 22.450133304008826 ], [ 68.99599615419919, 22.451351642564301 ], [ 68.996023103283619, 22.451412682249551 ], [ 68.996094969007686, 22.451588475427847 ], [ 68.996175817160292, 22.45175694542673 ], [ 68.996274631968745, 22.45192053030825 ], [ 68.996373446777227, 22.452076792010406 ], [ 68.996481244014262, 22.452223287075068 ], [ 68.99660700880645, 22.452364898821081 ], [ 68.99673277269936, 22.452494303169594 ], [ 68.996867519920158, 22.452616383439409 ], [ 68.997011249569582, 22.452728696172411 ], [ 68.997163964345532, 22.452828802407335 ], [ 68.997316677322829, 22.45291914110555 ], [ 68.997478375426752, 22.45299971406558 ], [ 68.997649054160604, 22.453065637069525 ], [ 68.997810751365137, 22.453121793436079 ], [ 68.997981430998323, 22.453165742405133 ], [ 68.998161093959368, 22.45319748307741 ], [ 68.99833177359254, 22.453214574692929 ], [ 68.998511436553599, 22.453221899671 ], [ 68.998691100414007, 22.453214574692929 ], [ 68.99886178004715, 22.45319748307741 ], [ 68.999032459680336, 22.453165742405133 ], [ 69.000361966131877, 22.452880074555818 ], [ 69.000173319842872, 22.452862983839665 ], [ 68.999993656881827, 22.452855659760925 ], [ 68.999822977248641, 22.452838568145467 ], [ 68.999643314287596, 22.452806826573866 ], [ 68.999472634654424, 22.452762879403394 ], [ 68.999310936550572, 22.452706722137574 ], [ 68.999140257816677, 22.452640799133633 ], [ 68.998978560612159, 22.452560226173542 ], [ 68.998924662443301, 22.452528486400581 ], [ 68.996678873631197, 22.451251539027332 ], [ 68.996580058822701, 22.451192941001466 ], [ 68.996427345845404, 22.451092836565174 ], [ 68.996283615296633, 22.450980524731502 ], [ 68.996148868075863, 22.45085844626032 ], [ 68.996023103283605, 22.450729043710449 ], [ 68.995897339390751, 22.450587432863809 ], [ 68.995789541254396, 22.450440939597737 ], [ 68.995690727345206, 22.450284679694274 ], [ 68.995564962553033, 22.450133304008826 ] ] ], [ [ [ 69.001987917008819, 22.446641928981869 ], [ 69.001808254047717, 22.446649253060627 ], [ 69.001637574414588, 22.446666343776762 ], [ 69.001502827193818, 22.446690758571719 ], [ 69.00059552816117, 22.446868988013421 ], [ 69.001421978141821, 22.447337755133326 ], [ 69.001520792950316, 22.447396351360556 ], [ 69.001673506826918, 22.447496453098886 ], [ 69.001817237375633, 22.447608762234658 ], [ 69.001951984596488, 22.447730838007828 ], [ 69.002077747590036, 22.447860237859743 ], [ 69.002203512382266, 22.448001846008424 ], [ 69.002311311417927, 22.448148336576537 ], [ 69.00241012532706, 22.448304593782044 ], [ 69.00250894013557, 22.448468175965612 ], [ 69.002589788288148, 22.448636640568559 ], [ 69.002661653112838, 22.448812431048911 ], [ 69.002724536408266, 22.448990662289297 ], [ 69.002778434577138, 22.44917377774771 ], [ 69.002814366989526, 22.449361775625501 ], [ 69.00284131697326, 22.449549774402612 ], [ 69.002859282729801, 22.449742655599149 ], [ 69.002868266057689, 22.449933096934895 ], [ 69.002859282729787, 22.450123537371375 ], [ 69.002841316973274, 22.450316420366562 ], [ 69.002814366989526, 22.450504420042989 ], [ 69.002778434577124, 22.450692419719417 ], [ 69.002724536408252, 22.450875536976522 ], [ 69.002661653112852, 22.451053771814145 ], [ 69.002589788288162, 22.451229564093182 ], [ 69.002508940135542, 22.451398033192724 ], [ 69.002410125327074, 22.451561618074265 ], [ 69.002311311417955, 22.451717879776361 ], [ 69.002203512382266, 22.45186437394176 ], [ 69.002077747590022, 22.45200598568772 ], [ 69.001951984596474, 22.452135390036286 ], [ 69.001817237375633, 22.452257469406728 ], [ 69.001673506826933, 22.45236978213978 ], [ 69.001520792950316, 22.452469886576072 ], [ 69.001368079972963, 22.452560226173542 ], [ 69.001206382768416, 22.452640799133633 ], [ 69.001116551287851, 22.452696956399446 ], [ 69.002904197570729, 22.454550138078439 ], [ 69.00302996326225, 22.454677102566283 ], [ 69.003164709583743, 22.454811392931497 ], [ 69.003227591979865, 22.454874875175392 ], [ 69.003290474375945, 22.45494079907866 ], [ 69.003416238268812, 22.45506776356649 ], [ 69.003550984590319, 22.455199613171654 ], [ 69.004610996600263, 22.456286146188738 ], [ 69.004673879895662, 22.456352070991326 ], [ 69.004808627116518, 22.456474153959103 ], [ 69.004952357665218, 22.456586470289437 ], [ 69.005105072441211, 22.456686578322994 ], [ 69.005266767847104, 22.45678180303781 ], [ 69.008249174260001, 22.458364010890421 ], [ 69.008401888136675, 22.458439703229768 ], [ 69.008572567769832, 22.458505629830995 ], [ 69.008734264974407, 22.458561787996189 ], [ 69.008904944607536, 22.458605738763875 ], [ 69.009084607568639, 22.458637481234806 ], [ 69.009372068666096, 22.45867898944385 ], [ 69.009542748299225, 22.458703406936699 ], [ 69.009722411260327, 22.458727824429616 ], [ 69.009803260312253, 22.458737591067003 ], [ 69.009893091792833, 22.458747357704453 ], [ 69.010072754753878, 22.458766890979287 ], [ 69.01025241771498, 22.458786424254125 ], [ 69.013109060235024, 22.459096521287442 ], [ 69.013198891715561, 22.459103846265521 ], [ 69.013378554676592, 22.459111171243588 ], [ 69.013558217637708, 22.459103846265521 ], [ 69.013728898170143, 22.459086753750739 ], [ 69.013908561131245, 22.459055012179135 ], [ 69.014079240764445, 22.459011061411388 ], [ 69.014240937968964, 22.458954902346928 ], [ 69.014411617602164, 22.458888975745705 ], [ 69.014573313907349, 22.458808400087662 ], [ 69.014726027784022, 22.458718056892845 ], [ 69.014878741660652, 22.458617947060645 ], [ 69.015022472209353, 22.458505629830995 ], [ 69.015157219430208, 22.458383545064571 ], [ 69.015282983323061, 22.458254135320143 ], [ 69.015408747215986, 22.458112517278892 ], [ 69.015516545352341, 22.457966015918942 ], [ 69.015615360160766, 22.457809747921598 ], [ 69.015714174969276, 22.457646154946126 ], [ 69.015795023121882, 22.457477679551342 ], [ 69.015866887946572, 22.45730187917842 ], [ 69.015929770342652, 22.457123637146189 ], [ 69.015983669410844, 22.45694051179521 ], [ 69.016019601823245, 22.456752503125582 ], [ 69.01604655090766, 22.456564495355217 ], [ 69.016064517563507, 22.456371604266163 ], [ 69.016073500891423, 22.456181154836482 ], [ 69.016064517563507, 22.455990705406805 ], [ 69.016046550907674, 22.455797815217064 ], [ 69.016019601823231, 22.455609808346022 ], [ 69.015983669410844, 22.4554218023743 ], [ 69.015929770342666, 22.455238678822017 ], [ 69.015866887946572, 22.455060438588418 ], [ 69.015795023121882, 22.454884641812836 ], [ 69.015714174969276, 22.454716169115951 ], [ 69.01561536016078, 22.454552579737825 ], [ 69.015516545352355, 22.454396316237077 ], [ 69.015408747215986, 22.454249817575082 ], [ 69.015282983323061, 22.454108204929746 ], [ 69.015157219430179, 22.453978798782593 ], [ 69.015022472209353, 22.453856719412098 ], [ 69.014878741660652, 22.453744403981087 ], [ 69.014726027784036, 22.453644297746166 ], [ 69.014573313907363, 22.453553958148689 ], [ 69.01441161760215, 22.453473385188595 ], [ 69.01424093796895, 22.453407461285334 ], [ 69.014079240764431, 22.453351304918844 ], [ 69.013908561131245, 22.453307355949786 ], [ 69.013728898170143, 22.453275615277448 ], [ 69.013648049118203, 22.453265848640054 ], [ 69.011213614916485, 22.453002155724963 ], [ 69.010378181607834, 22.452911816127482 ], [ 69.010216485302635, 22.452887400433212 ], [ 69.00799764557496, 22.451710554798296 ], [ 69.006919667808461, 22.450604523579951 ], [ 69.006650173366822, 22.450331069423381 ], [ 69.00383844658711, 22.447442740190347 ], [ 69.003766581762434, 22.447369494906294 ], [ 69.00363183364226, 22.447247420032447 ], [ 69.003488103992879, 22.447135110896678 ], [ 69.00333539011622, 22.447035009158409 ], [ 69.003182676239575, 22.44694467405753 ], [ 69.003020979934306, 22.446864104694722 ], [ 69.002850299401857, 22.446798184388737 ], [ 69.002688603096601, 22.446742029820882 ], [ 69.002517922564152, 22.44669808444911 ], [ 69.00233826140169, 22.446666343776762 ], [ 69.002167579969921, 22.446649253060627 ], [ 69.001987917008819, 22.446641928981869 ] ] ], [ [ [ 69.22583011856517, 22.461755562968904 ], [ 69.227833362919398, 22.461938694615128 ], [ 69.2280130258805, 22.461946019593196 ], [ 69.228192688841531, 22.461938694615128 ], [ 69.228363367575426, 22.461921602100286 ], [ 69.228543031435848, 22.461889859629366 ], [ 69.228713711968282, 22.461845907962349 ], [ 69.228875408273538, 22.4617897470992 ], [ 69.229046087906681, 22.461723819598657 ], [ 69.229207785111271, 22.461643242141974 ], [ 69.229360498987873, 22.461552898047835 ], [ 69.229513211965227, 22.461452786416999 ], [ 69.229656943413246, 22.461340465590066 ], [ 69.229791689734725, 22.461218379025009 ], [ 69.229917455426289, 22.461088966582562 ], [ 69.230043218419851, 22.460947345843401 ], [ 69.230151016556249, 22.460800841785435 ], [ 69.230249829566034, 22.460644570190826 ], [ 69.230348645273807, 22.460480975416715 ], [ 69.230429493426428, 22.460312496424642 ], [ 69.23050135915048, 22.460136691555132 ], [ 69.23056424244588, 22.459958445026245 ], [ 69.230618139715432, 22.459775316977357 ], [ 69.230654073027083, 22.459587304710396 ], [ 69.230681022111526, 22.459399292443436 ], [ 69.230698988767358, 22.459206397757097 ], [ 69.230707971195955, 22.459015944730137 ], [ 69.230698988767358, 22.458825491703116 ], [ 69.230681022111526, 22.458632597916104 ], [ 69.230654073027097, 22.458444587447786 ], [ 69.230618139715432, 22.458256576979522 ], [ 69.230564242445894, 22.458073449829886 ], [ 69.230501359150495, 22.457895206898339 ], [ 69.230429493426414, 22.457719405626111 ], [ 69.230348645273807, 22.457550930231321 ], [ 69.230249829566034, 22.457387337255852 ], [ 69.230151016556249, 22.457231070157828 ], [ 69.230043218419823, 22.457084569697194 ], [ 69.229917455426275, 22.456942952555266 ], [ 69.229791689734725, 22.456813544609467 ], [ 69.229656943413261, 22.4566914616417 ], [ 69.229513211965241, 22.456579145311363 ], [ 69.229360498987901, 22.456479037277798 ], [ 69.229207785111271, 22.456388695881678 ], [ 69.229046087906681, 22.456308121122959 ], [ 69.228875408273552, 22.456242196320371 ], [ 69.228713711968282, 22.456186038155177 ], [ 69.228543031435834, 22.456142088286807 ], [ 69.228363367575412, 22.456110346715207 ], [ 69.228237604581849, 22.456095696759057 ], [ 69.225785203724215, 22.455871064997716 ], [ 69.225560625022865, 22.455861298360265 ], [ 69.22538096206182, 22.455868623338343 ], [ 69.225210282428634, 22.455885714953808 ], [ 69.225030618568283, 22.455917457424786 ], [ 69.224815023194807, 22.455973613791286 ], [ 69.222596184366466, 22.456664603388777 ], [ 69.222479403801515, 22.456708553257155 ], [ 69.222308723269009, 22.456774478059739 ], [ 69.222147026963796, 22.456855052818472 ], [ 69.221994313087123, 22.456945395113959 ], [ 69.221841600109826, 22.45704550314753 ], [ 69.221697869561083, 22.457157820377176 ], [ 69.221563122340285, 22.457279903344894 ], [ 69.221437358447417, 22.457409312190066 ], [ 69.221329560311005, 22.457528954397787 ], [ 69.218841227041025, 22.460554226096693 ], [ 69.21873342890467, 22.460700730154592 ], [ 69.218634614096217, 22.460857001749272 ], [ 69.218535799287736, 22.461020597422706 ], [ 69.218454951135143, 22.461189077314145 ], [ 69.218383086310425, 22.461364883082915 ], [ 69.218320203914345, 22.461543131410448 ], [ 69.218266304846168, 22.461726262157296 ], [ 69.218230372433823, 22.461914277122215 ], [ 69.218203421550697, 22.462102292087138 ], [ 69.218185456693504, 22.462295191270123 ], [ 69.218176473365602, 22.462485647894365 ], [ 69.218185456693504, 22.462676106317303 ], [ 69.218203421550697, 22.462869006399554 ], [ 69.218230372433823, 22.46305702226379 ], [ 69.218266304846168, 22.463245039027356 ], [ 69.218320203914345, 22.463428171572893 ], [ 69.218383086310439, 22.463606422598382 ], [ 69.218454951135115, 22.463782231065174 ], [ 69.218535799287721, 22.463950713654583 ], [ 69.218634614096231, 22.464114313824545 ], [ 69.218733428904685, 22.464270589016504 ], [ 69.21884122704104, 22.464417096671752 ], [ 69.21896699093395, 22.464558721008245 ], [ 69.219092754826818, 22.464688136148595 ], [ 69.219227502047659, 22.464810226310924 ], [ 69.219371232596359, 22.464922548936556 ], [ 69.219523945573712, 22.465022663265351 ], [ 69.219676658551009, 22.465113010057394 ], [ 69.219838356654918, 22.465193590212095 ], [ 69.220009036288047, 22.465259518611958 ], [ 69.220170732593303, 22.465315680374371 ], [ 69.22034141312578, 22.465359632940757 ], [ 69.220521076086868, 22.46539137721032 ], [ 69.220691755719997, 22.465408469725158 ], [ 69.220871419580433, 22.465415794703233 ], [ 69.221051083440784, 22.465408469725158 ], [ 69.22122176217465, 22.46539137721032 ], [ 69.221401425135696, 22.465359632940757 ], [ 69.221572104768882, 22.465315680374371 ], [ 69.221733801973429, 22.465259518611958 ], [ 69.221904481606614, 22.465193590212095 ], [ 69.222066178811119, 22.465113010057394 ], [ 69.222218891788486, 22.465022663265351 ], [ 69.222371605665117, 22.464922548936556 ], [ 69.22251533621386, 22.464810226310924 ], [ 69.222650083434644, 22.464688136148595 ], [ 69.222775847327568, 22.464558721008245 ], [ 69.222883644564604, 22.464439073404549 ], [ 69.224832989850654, 22.4620656653982 ], [ 69.22583011856517, 22.461755562968904 ] ] ], [ [ [ 69.080617453832488, 22.462136476217438 ], [ 69.080437790871429, 22.462143802094825 ], [ 69.080267111238243, 22.462160893710351 ], [ 69.080087448277212, 22.462192637080587 ], [ 69.079916767744692, 22.462236588747601 ], [ 69.079755071439479, 22.462292748711441 ], [ 69.079584390906973, 22.462358676211981 ], [ 69.079422694601703, 22.462439254567986 ], [ 69.079269980725087, 22.462529599561432 ], [ 69.07911726774779, 22.462629712091591 ], [ 69.078973537199019, 22.462742033817843 ], [ 69.078838789978249, 22.462864122181536 ], [ 69.078713025186019, 22.46299353642263 ], [ 69.078587261293137, 22.463135158960483 ], [ 69.078479463156782, 22.463281665716345 ], [ 69.078380649247606, 22.463437939109653 ], [ 69.078281834439153, 22.463601538380317 ], [ 69.078200985387241, 22.463770021869035 ], [ 69.07812912056248, 22.463945830335835 ], [ 69.0780662381664, 22.464124081361312 ], [ 69.078012339997528, 22.464307215705496 ], [ 69.077976406685877, 22.464495234267691 ], [ 69.077949457601434, 22.464683252829893 ], [ 69.07793149094563, 22.46487615471079 ], [ 69.077922507617714, 22.465066615831677 ], [ 69.077931490945602, 22.465257076952579 ], [ 69.077949457601449, 22.465449980632176 ], [ 69.077976406685877, 22.465638000093687 ], [ 69.078012339997542, 22.465826019555205 ], [ 69.078066238166386, 22.466009156597352 ], [ 69.078129120562494, 22.466187410320792 ], [ 69.078200985387241, 22.466363222384867 ], [ 69.078281834439181, 22.466531708571544 ], [ 69.078380649247606, 22.46669531143954 ], [ 69.078479463156768, 22.466851589329444 ], [ 69.078587261293137, 22.466998099682598 ], [ 69.078713025186005, 22.467139725817724 ], [ 69.078838789978249, 22.467269143656093 ], [ 69.078973537199019, 22.467391237415711 ], [ 69.07911726774779, 22.467503560940649 ], [ 69.079269980725073, 22.467603677068102 ], [ 69.079422694601703, 22.467694025658826 ], [ 69.079467610342022, 22.467718444050998 ], [ 69.083923253755188, 22.469994270219441 ], [ 69.08404003521953, 22.47005043378055 ], [ 69.084210714852645, 22.470116364878368 ], [ 69.084372412057235, 22.470172528439491 ], [ 69.08454309169035, 22.470216482804457 ], [ 69.084722754651452, 22.47024822707408 ], [ 69.084893434284595, 22.470265319588854 ], [ 69.085073098145017, 22.470272646365565 ], [ 69.085252761106119, 22.470265319588854 ], [ 69.085423440739234, 22.47024822707408 ], [ 69.08560310370035, 22.470216482804457 ], [ 69.08577378333348, 22.470172528439491 ], [ 69.085935481437403, 22.470116364878368 ], [ 69.086106160171212, 22.47005043378055 ], [ 69.086267857375788, 22.469969850927942 ], [ 69.086420570353084, 22.469879501437902 ], [ 69.086573284229758, 22.469779384411133 ], [ 69.086717014778458, 22.469667057288909 ], [ 69.086851761999299, 22.469544962629978 ], [ 69.086977525892166, 22.469415542992973 ], [ 69.087103290684354, 22.469273913260555 ], [ 69.087211087921446, 22.469127401108718 ], [ 69.087309902729899, 22.468971121420168 ], [ 69.087408718437644, 22.4688075149549 ], [ 69.087489565690987, 22.46863902607026 ], [ 69.087561431414983, 22.468463211308226 ], [ 69.087624312911771, 22.468284955786142 ], [ 69.087678211979949, 22.468101816046044 ], [ 69.087714144392294, 22.467913792987186 ], [ 69.087741094376042, 22.467725769928393 ], [ 69.087759060132555, 22.46753286355084 ], [ 69.087768042561152, 22.46734239973199 ], [ 69.087759060132541, 22.467151935013817 ], [ 69.087741094376057, 22.46695903043496 ], [ 69.08771414439228, 22.466771008275483 ], [ 69.087678211979949, 22.466582987015265 ], [ 69.087624312911771, 22.466399849073809 ], [ 69.087561431414997, 22.466221596249731 ], [ 69.087489565690973, 22.46604578418567 ], [ 69.087408718437644, 22.465877298898242 ], [ 69.087309902729899, 22.465713696929626 ], [ 69.087211087921432, 22.465557419939049 ], [ 69.087103290684354, 22.465410911384481 ], [ 69.086977525892166, 22.465269286148665 ], [ 69.086851761999284, 22.465139870108931 ], [ 69.086717014778444, 22.465017779946656 ], [ 69.086573284229758, 22.464905456421715 ], [ 69.086420570353084, 22.464805342992232 ], [ 69.086267857375788, 22.46471499620014 ], [ 69.08622294163554, 22.464690577807975 ], [ 69.081767297322969, 22.462414837075123 ], [ 69.081650516757975, 22.462358676211981 ], [ 69.081479836225512, 22.462292748711441 ], [ 69.081318139920242, 22.462236588747601 ], [ 69.081147460287127, 22.462192637080587 ], [ 69.080967796426705, 22.462160893710351 ], [ 69.080797116793576, 22.462143802094825 ], [ 69.080617453832488, 22.462136476217438 ] ] ], [ [ [ 69.036402375369391, 22.46372118598401 ], [ 69.036222712408289, 22.463728511861397 ], [ 69.036052032775174, 22.463745604376186 ], [ 69.035872369814058, 22.463777346847102 ], [ 69.035701689281609, 22.463821299413489 ], [ 69.035539992976339, 22.463877460276645 ], [ 69.035369313343196, 22.463943388676508 ], [ 69.035207616138635, 22.464023967931837 ], [ 69.03505490226199, 22.464114313824545 ], [ 69.034902189284651, 22.464214427254088 ], [ 69.034758458735936, 22.46432674987965 ], [ 69.034623712414415, 22.464448840041989 ], [ 69.034497947622242, 22.464578255182403 ], [ 69.034372182830054, 22.464719880418215 ], [ 69.034264385592962, 22.464866388073396 ], [ 69.034165570784523, 22.465022663265351 ], [ 69.034066755976099, 22.465186264334701 ], [ 69.033985907823421, 22.465354749622058 ], [ 69.033914042099397, 22.465530559887497 ], [ 69.033851160602651, 22.465708812711561 ], [ 69.033797262433779, 22.465891949753708 ], [ 69.033761329122115, 22.466079970114599 ], [ 69.033734379138366, 22.466267989576117 ], [ 69.033716411583157, 22.466460895054293 ], [ 69.033707430053937, 22.46665135797382 ], [ 69.033716411583171, 22.466841821792674 ], [ 69.033734379138366, 22.467034727270907 ], [ 69.0337613291221, 22.467222749430388 ], [ 69.033797262433779, 22.467410770690538 ], [ 69.033851160602623, 22.467593910430654 ], [ 69.033914042099411, 22.467772165053415 ], [ 69.033985907823421, 22.467947978916122 ], [ 69.034066755976085, 22.468116466901446 ], [ 69.034165570784523, 22.468280071568071 ], [ 69.034264385592962, 22.468436351256617 ], [ 69.03437218283004, 22.468582863408464 ], [ 69.034497947622242, 22.46872449134224 ], [ 69.034623712414401, 22.468853910979252 ], [ 69.034758458735951, 22.46897600473886 ], [ 69.034902189284665, 22.469088330961767 ], [ 69.035054902262019, 22.469188447988525 ], [ 69.035207616138621, 22.469278796579257 ], [ 69.03536931334321, 22.469356937772485 ], [ 69.040345979883114, 22.471605929070392 ], [ 69.040516660415605, 22.471671861067588 ], [ 69.040678356720832, 22.47172802462871 ], [ 69.040849036354018, 22.471771979892992 ], [ 69.041028699315063, 22.471803724162612 ], [ 69.041199378948235, 22.47182081757671 ], [ 69.041379041909295, 22.471828142554781 ], [ 69.041558705769717, 22.47182081757671 ], [ 69.041729385402846, 22.471803724162612 ], [ 69.041909048363948, 22.471771979892992 ], [ 69.042079727997077, 22.47172802462871 ], [ 69.042241425201667, 22.471671861067588 ], [ 69.042412104834838, 22.471605929070392 ], [ 69.042573802039385, 22.471525345318469 ], [ 69.042726515016739, 22.471434994029771 ], [ 69.042879228893355, 22.471334876103697 ], [ 69.043022959442055, 22.471222548082149 ], [ 69.043157706662896, 22.471100453423212 ], [ 69.043283470555764, 22.470971031088258 ], [ 69.043409234448674, 22.470829399557196 ], [ 69.043517032585044, 22.47068288560672 ], [ 69.043615847393482, 22.470526604119517 ], [ 69.043714662201964, 22.47036299675494 ], [ 69.043795510354585, 22.470194506071664 ], [ 69.043867376078595, 22.470018690410246 ], [ 69.043930257575369, 22.469840431290947 ], [ 69.043984156643546, 22.469657289752135 ], [ 69.044020089055948, 22.469469263995389 ], [ 69.044047039039697, 22.469281239137903 ], [ 69.044065004796209, 22.469088330961767 ], [ 69.044073988124126, 22.468897864444951 ], [ 69.044065004796195, 22.468707398827458 ], [ 69.044047039039683, 22.468514490651266 ], [ 69.044020089055948, 22.468326467592469 ], [ 69.043984156643546, 22.468138443634299 ], [ 69.043930257575354, 22.467955303894197 ], [ 69.04386737607858, 22.467777048372106 ], [ 69.043795510354585, 22.467601235408718 ], [ 69.043714662201978, 22.467432747423402 ], [ 69.043615847393482, 22.467269143656093 ], [ 69.043517032585044, 22.467112865766182 ], [ 69.043409234448674, 22.466966355413028 ], [ 69.043283470555764, 22.466824728378594 ], [ 69.043157706662882, 22.46669531143954 ], [ 69.043022959442055, 22.466573218579239 ], [ 69.042879228893355, 22.466460895054293 ], [ 69.042726515016739, 22.466360779826168 ], [ 69.042573802039371, 22.466270432134763 ], [ 69.042412104834852, 22.466192293639494 ], [ 69.037435438294892, 22.463945830335835 ], [ 69.037264758661749, 22.463877460276645 ], [ 69.03710306055784, 22.463821299413489 ], [ 69.036932381824045, 22.463777346847102 ], [ 69.036752718862957, 22.463745604376186 ], [ 69.036582038330437, 22.463728511861397 ], [ 69.036402375369391, 22.46372118598401 ] ] ], [ [ [ 69.214232868851852, 22.461445461438924 ], [ 69.214053205890821, 22.461452786416999 ], [ 69.213882526257635, 22.461469878032517 ], [ 69.213702863296518, 22.461501621402757 ], [ 69.213532183663389, 22.461545572170444 ], [ 69.213370485559494, 22.4616017330336 ], [ 69.213199806825671, 22.46166765963482 ], [ 69.213038109621081, 22.461748237990836 ], [ 69.212885396643799, 22.461838582084958 ], [ 69.212732682767125, 22.461938694615128 ], [ 69.212588952218425, 22.462051015442054 ], [ 69.212454204997641, 22.462173102906437 ], [ 69.212355390189146, 22.462278098755288 ], [ 69.21036113006214, 22.464387794960825 ], [ 69.210235366169286, 22.464529419297321 ], [ 69.210127568032874, 22.464675926952506 ], [ 69.210028754123755, 22.464832202144464 ], [ 69.209938922643218, 22.464990919895104 ], [ 69.207531438425178, 22.469491241627569 ], [ 69.203992074674559, 22.475271300430219 ], [ 69.200686274751845, 22.47950087856276 ], [ 69.200605426599211, 22.479613212879535 ], [ 69.200506611790786, 22.479769505158572 ], [ 69.20040779698229, 22.479933123315043 ], [ 69.200326948829684, 22.480101625689542 ], [ 69.200255083105674, 22.480277454840742 ], [ 69.2001922016089, 22.480455725651264 ], [ 69.200138303439985, 22.480638881579182 ], [ 69.20010237012832, 22.480826920825784 ], [ 69.200093386800404, 22.480883088883498 ], [ 69.199150155355426, 22.486639189746874 ], [ 69.199132189598899, 22.486771067231022 ], [ 69.199114222943081, 22.486964000588213 ], [ 69.199105239615179, 22.487154489588072 ], [ 69.199114222943081, 22.487344981285901 ], [ 69.199132189598913, 22.487537914643092 ], [ 69.199159138683342, 22.487725963782228 ], [ 69.199195071095687, 22.487914013820724 ], [ 69.199248970163922, 22.488097178741842 ], [ 69.199311852560015, 22.488275459444925 ], [ 69.199383717384691, 22.488451297589332 ], [ 69.199464566436617, 22.488619811655042 ], [ 69.199563380345808, 22.488783439704036 ], [ 69.199662195154247, 22.488939741875633 ], [ 69.199769993290602, 22.489086274711834 ], [ 69.199895757183526, 22.489227924229382 ], [ 69.20002152107638, 22.48935736185279 ], [ 69.200156269196498, 22.489479473598863 ], [ 69.200299998845935, 22.489591816009575 ], [ 69.200452712722537, 22.489691947425452 ], [ 69.200605426599225, 22.489782310405349 ], [ 69.200767122904452, 22.489862904049854 ], [ 69.200937803436943, 22.48992884414087 ], [ 69.201099499742156, 22.48998501579586 ], [ 69.201270179375342, 22.490028975556815 ], [ 69.201449842336388, 22.490060725222346 ], [ 69.201620522868879, 22.49007782043509 ], [ 69.201800185829995, 22.49008514721179 ], [ 69.201979848791041, 22.49007782043509 ], [ 69.202150528424212, 22.490060725222346 ], [ 69.202330191385286, 22.490028975556815 ], [ 69.202500871917778, 22.48998501579586 ], [ 69.202662568223005, 22.48992884414087 ], [ 69.202833248755496, 22.489862904049854 ], [ 69.202994945060709, 22.489782310405349 ], [ 69.203147658937382, 22.489691947425452 ], [ 69.203300371914693, 22.489591816009575 ], [ 69.203444101564102, 22.489479473598863 ], [ 69.203578849684206, 22.48935736185279 ], [ 69.203704613577088, 22.489227924229382 ], [ 69.203830378369332, 22.489086274711834 ], [ 69.203938177404993, 22.488939741875633 ], [ 69.204036990414821, 22.488783439704036 ], [ 69.204135805223288, 22.488619811655042 ], [ 69.204216654275228, 22.488451297589332 ], [ 69.204288519099919, 22.488275459444925 ], [ 69.204351400596693, 22.488097178741842 ], [ 69.204405299664927, 22.487914013820724 ], [ 69.204441232976592, 22.487725963782228 ], [ 69.204450215405188, 22.487669793026551 ], [ 69.205267682957228, 22.482692682221565 ], [ 69.208205173629892, 22.478934321861512 ], [ 69.208286021782556, 22.478821988444054 ], [ 69.208384836590994, 22.478665697064347 ], [ 69.212067929091688, 22.472663283583696 ], [ 69.212148778143671, 22.472509441957243 ], [ 69.214412532712288, 22.468277629908748 ], [ 69.216110348413906, 22.46647310425038 ], [ 69.216263061391203, 22.466307059723075 ], [ 69.216370860426935, 22.466160550269251 ], [ 69.216469674336054, 22.466004273278653 ], [ 69.216568489144493, 22.46584067130998 ], [ 69.216649337297142, 22.465672186022626 ], [ 69.21672120302118, 22.465496374857882 ], [ 69.216784085417245, 22.465318122033743 ], [ 69.216837983586117, 22.465134986790247 ], [ 69.216873915998448, 22.464946967328725 ], [ 69.216900865982211, 22.46475894876653 ], [ 69.216918831738724, 22.464566045986256 ], [ 69.21692781506664, 22.464375585764735 ], [ 69.216918831738738, 22.464185126442491 ], [ 69.216900865982197, 22.463992224561533 ], [ 69.216873915998477, 22.463804206898654 ], [ 69.216837983586117, 22.463616189235783 ], [ 69.216784085417274, 22.463433055790915 ], [ 69.216721203021166, 22.4632548056648 ], [ 69.216649337297156, 22.463078998097327 ], [ 69.216568489144478, 22.462910516407245 ], [ 69.216469674336054, 22.462746917136538 ], [ 69.216370860426935, 22.46259064374328 ], [ 69.216263061391203, 22.462444137886674 ], [ 69.216137296599015, 22.46230251624819 ], [ 69.216011533605467, 22.462173102906437 ], [ 69.215876786384626, 22.462051015442054 ], [ 69.215733055835926, 22.461938694615128 ], [ 69.215580341959253, 22.461838582084958 ], [ 69.215427628981956, 22.461748237990836 ], [ 69.215265931777353, 22.46166765963482 ], [ 69.215095252144238, 22.4616017330336 ], [ 69.214933554939648, 22.461545572170444 ], [ 69.214762875306519, 22.461501621402757 ], [ 69.214583212345417, 22.461469878032517 ], [ 69.214412532712288, 22.461452786416999 ], [ 69.214232868851852, 22.461445461438924 ] ] ], [ [ [ 69.140714746688289, 22.514250723791911 ], [ 69.140759662428522, 22.514123706244099 ], [ 69.140813560597408, 22.513940507148725 ], [ 69.140849493909059, 22.513752422936019 ], [ 69.140876442993488, 22.513564339622633 ], [ 69.14089440964932, 22.513371370292525 ], [ 69.140903392977236, 22.513180844420503 ], [ 69.14089440964932, 22.512990319447738 ], [ 69.140876442993488, 22.512797351017017 ], [ 69.140849493909059, 22.51260926860289 ], [ 69.140813560597408, 22.512421186188821 ], [ 69.140759662428536, 22.512237989791451 ], [ 69.140696780032442, 22.512059679410754 ], [ 69.140624915207752, 22.511883809790049 ], [ 69.140544066155769, 22.511715269644011 ], [ 69.139708633746523, 22.510166662261721 ], [ 69.138774385629461, 22.508461747311856 ], [ 69.138693536577549, 22.508332291701951 ], [ 69.138594722668358, 22.508175968845933 ], [ 69.138486925431323, 22.508029415325325 ], [ 69.138361160639136, 22.507887747821368 ], [ 69.13823539584692, 22.507758293110779 ], [ 69.138100648626107, 22.507636166076278 ], [ 69.137956918077336, 22.507523809276442 ], [ 69.137804205100039, 22.507423665269975 ], [ 69.137696406963641, 22.507357716185705 ], [ 69.132504145050277, 22.504436471765811 ], [ 69.132459229310015, 22.504412047078347 ], [ 69.132297532105497, 22.504331445339968 ], [ 69.132126851572991, 22.504265498054338 ], [ 69.131965155267778, 22.504209321003433 ], [ 69.131830408046937, 22.504175126081233 ], [ 69.126880690591477, 22.503014952078445 ], [ 69.126665095218016, 22.502973430379541 ], [ 69.126494415584901, 22.502956331569511 ], [ 69.126314752623784, 22.502949005692127 ], [ 69.126135089662739, 22.502956331569511 ], [ 69.125964409130219, 22.502973430379541 ], [ 69.125784746169131, 22.503005181843719 ], [ 69.125614067435322, 22.503049146101255 ], [ 69.125452369331413, 22.503105323152166 ], [ 69.125389487834639, 22.503124862722302 ], [ 69.11775380659293, 22.506146223269635 ], [ 69.117646010255214, 22.506192630985193 ], [ 69.117484313050682, 22.506273233622892 ], [ 69.117331599174022, 22.506363607394633 ], [ 69.117232785264889, 22.506429555579576 ], [ 69.116235654751719, 22.507120790691992 ], [ 69.11618175568357, 22.507154985614136 ], [ 69.116038025134799, 22.507267342413964 ], [ 69.115903277914015, 22.507389469448523 ], [ 69.115777514021076, 22.507518924159058 ], [ 69.115651750128222, 22.507660591663008 ], [ 69.115543951991853, 22.507807144284349 ], [ 69.115445137183372, 22.507963467140371 ], [ 69.115346322374918, 22.508127117672409 ], [ 69.115265474222326, 22.508295653321788 ], [ 69.115193609397622, 22.508471518445841 ], [ 69.115130727001485, 22.508649824330003 ], [ 69.115076827933308, 22.508833016230763 ], [ 69.115040896420268, 22.509021094148235 ], [ 69.115013946436548, 22.509209172065699 ], [ 69.114995979780716, 22.509402135100512 ], [ 69.114986995553465, 22.509592655576622 ], [ 69.114995979780701, 22.509783176952112 ], [ 69.115013946436534, 22.509976139986914 ], [ 69.115040896420254, 22.510164219703025 ], [ 69.115076827933308, 22.510352299419132 ], [ 69.115130727001485, 22.510535493118535 ], [ 69.115193609397636, 22.510713802599977 ], [ 69.115265474222326, 22.510889670421985 ], [ 69.115346322374933, 22.511058208769384 ], [ 69.115445137183386, 22.511221862898694 ], [ 69.115543951991853, 22.511378189351998 ], [ 69.115651750128222, 22.511524745570622 ], [ 69.11577751402109, 22.511666417571174 ], [ 69.115903277914001, 22.511795875879042 ], [ 69.116038025134785, 22.511918007410138 ], [ 69.116181755683556, 22.51203036690794 ], [ 69.116334469560172, 22.512130515410998 ], [ 69.116487183436845, 22.512220890981379 ], [ 69.116648879742073, 22.512301498115669 ], [ 69.116819560274564, 22.512367448998642 ], [ 69.116981256579777, 22.512423628747516 ], [ 69.117151936212963, 22.512467596602331 ], [ 69.117331599173994, 22.512499350764468 ], [ 69.117502279706514, 22.512516448675228 ], [ 69.117681942667559, 22.512523776351252 ], [ 69.117861605628661, 22.512516448675228 ], [ 69.118032285261776, 22.512499350764468 ], [ 69.118211948222879, 22.512467596602331 ], [ 69.118382628755342, 22.512423628747516 ], [ 69.118544325060611, 22.512367448998642 ], [ 69.118715004693755, 22.512301498115669 ], [ 69.118876701898316, 22.512220890981379 ], [ 69.119029415774946, 22.512130515410998 ], [ 69.119128230583442, 22.512064563628769 ], [ 69.119873832411486, 22.511546728598709 ], [ 69.126503398912817, 22.508923390901831 ], [ 69.130348187718766, 22.50982225789096 ], [ 69.134534337589685, 22.512179366584572 ], [ 69.135064343144961, 22.513144205141042 ], [ 69.135217057021634, 22.513437322074822 ], [ 69.133842634829762, 22.517262552424878 ], [ 69.133968398722686, 22.517111102995045 ], [ 69.134067214430445, 22.516954770246514 ], [ 69.134175010768146, 22.516808208631968 ], [ 69.134300775560405, 22.516666532134817 ], [ 69.134426538553953, 22.516537068431031 ], [ 69.134561286674113, 22.516414934201915 ], [ 69.134705017222814, 22.516302570207472 ], [ 69.134857731099487, 22.516202419905817 ], [ 69.135010444076784, 22.516112040738161 ], [ 69.135172141281387, 22.516031431805175 ], [ 69.135342820914516, 22.515965479123619 ], [ 69.135504518119106, 22.515909297576055 ], [ 69.135675197752207, 22.515865328821917 ], [ 69.135854860713323, 22.51583357376046 ], [ 69.136025540346452, 22.515816474950388 ], [ 69.13620520330754, 22.515809147274354 ], [ 69.136384867167919, 22.515816474950388 ], [ 69.136555546801091, 22.51583357376046 ], [ 69.136735209762136, 22.515865328821917 ], [ 69.136905889395337, 22.515909297576055 ], [ 69.137067586599883, 22.515965479123619 ], [ 69.137238266233069, 22.516031431805175 ], [ 69.137399963437645, 22.516112040738161 ], [ 69.137552676414941, 22.516202419905817 ], [ 69.137705390291558, 22.516302570207472 ], [ 69.137849120840329, 22.516414934201915 ], [ 69.137983868061099, 22.516537068431031 ], [ 69.138109631954023, 22.516666532134817 ], [ 69.138235395846891, 22.516808208631968 ], [ 69.138343193983246, 22.516954770246514 ], [ 69.138442008791742, 22.517111102995045 ], [ 69.138540823600167, 22.517274765218296 ], [ 69.138621671752787, 22.517443311659576 ], [ 69.138693536577534, 22.517619186676203 ], [ 69.138756418973642, 22.517797505150778 ], [ 69.138810318041806, 22.517980709642075 ], [ 69.138846249554831, 22.518168799250759 ], [ 69.138873200437885, 22.51835688885938 ], [ 69.138891166194398, 22.518549863585399 ], [ 69.138900150421662, 22.518740397551365 ], [ 69.138891166194412, 22.518930930618005 ], [ 69.138873200437899, 22.519123907142664 ], [ 69.138900150421648, 22.519297341399234 ], [ 69.140714746688289, 22.514250723791911 ] ] ], [ [ [ 69.137938952320837, 22.521823161110031 ], [ 69.137732339376043, 22.522091867745523 ], [ 69.137373012554491, 22.522582869703736 ], [ 69.137283181973302, 22.522705009328767 ], [ 69.137444879177906, 22.522612183105821 ], [ 69.137570643070774, 22.522470501212695 ], [ 69.137678441207129, 22.522323933302911 ], [ 69.137777255116305, 22.522167594259134 ], [ 69.137876069924758, 22.5220039284386 ], [ 69.137938952320837, 22.521823161110031 ] ] ], [ [ [ 69.843628490262688, 22.510806620728996 ], [ 69.843448827301572, 22.51081394840503 ], [ 69.843278146769137, 22.51083104721511 ], [ 69.843098483808035, 22.510862799578597 ], [ 69.843044584739857, 22.510877455829984 ], [ 69.836154507124832, 22.51254331771997 ], [ 69.836037725660574, 22.512572629323412 ], [ 69.835876029355347, 22.512628809971655 ], [ 69.835705348822842, 22.512694760854576 ], [ 69.835543653416934, 22.512775367089542 ], [ 69.83539093864097, 22.512865743559246 ], [ 69.835238224764339, 22.512965892961624 ], [ 69.835094495114902, 22.513078254258055 ], [ 69.834959747894118, 22.513200385789215 ], [ 69.834833983101873, 22.513329845895722 ], [ 69.834708219209006, 22.513471518795594 ], [ 69.834672286796646, 22.513520371767818 ], [ 69.830755632266687, 22.518601161814217 ], [ 69.830683767442011, 22.518698871355863 ], [ 69.830584951734195, 22.51885520590309 ], [ 69.830486136925742, 22.519018869025615 ], [ 69.830405288773136, 22.519187418164844 ], [ 69.830333423948417, 22.519363295879426 ], [ 69.830270541552295, 22.519541616152711 ], [ 69.830216641584798, 22.519724822442637 ], [ 69.830180710071772, 22.51991291474928 ], [ 69.830153760987344, 22.520101007055864 ], [ 69.830126811003595, 22.520330625557957 ], [ 69.829929182285966, 22.524439410350563 ], [ 69.82992918228598, 22.524593308634334 ], [ 69.829938164714576, 22.524783849794854 ], [ 69.829956131370395, 22.524976834413444 ], [ 69.829983079555518, 22.525164933015272 ], [ 69.830019013766503, 22.525353033415797 ], [ 69.830072911935417, 22.525536246001018 ], [ 69.830135794331511, 22.525714574368173 ], [ 69.830207659156216, 22.525890459277317 ], [ 69.830288508208113, 22.526059017409747 ], [ 69.830387323016623, 22.526222688626202 ], [ 69.830495120253659, 22.526393689317327 ], [ 69.8314922507668, 22.527788572884393 ], [ 69.831591065575239, 22.527920489039388 ], [ 69.831716828568858, 22.528062176328429 ], [ 69.831842593361046, 22.528191649924729 ], [ 69.831977340581886, 22.528313794945745 ], [ 69.832121071130587, 22.528426167933329 ], [ 69.832273785007203, 22.528526327228288 ], [ 69.832426497984542, 22.528616713590512 ], [ 69.832588195189089, 22.528697330617373 ], [ 69.832758874822275, 22.528763288694851 ], [ 69.832920572026808, 22.528819475638326 ], [ 69.833010404406707, 22.528841462263696 ], [ 69.834735168293435, 22.529281185778125 ], [ 69.834816017345375, 22.529303172403559 ], [ 69.834995680306463, 22.529334930162971 ], [ 69.835166359939592, 22.529352030771634 ], [ 69.835346022900694, 22.529359359346977 ], [ 69.835525685861811, 22.529352030771634 ], [ 69.835696366394245, 22.529334930162971 ], [ 69.835876029355333, 22.529303172403559 ], [ 69.836046708988476, 22.529259200052081 ], [ 69.836208405293746, 22.529203013108592 ], [ 69.836379085826195, 22.529137054131802 ], [ 69.836540782131465, 22.529056438004265 ], [ 69.836693496008081, 22.528966050742724 ], [ 69.836846209884754, 22.528865891447762 ], [ 69.836989940433455, 22.528753517560862 ], [ 69.837124687654295, 22.528631371640522 ], [ 69.837250452446483, 22.528501898044222 ], [ 69.837376215440031, 22.528360209855862 ], [ 69.837484013576443, 22.528213635650843 ], [ 69.837582828384882, 22.528057290311722 ], [ 69.837681643193321, 22.527893616397304 ], [ 69.837762491345927, 22.527725057365558 ], [ 69.837834356170674, 22.527549169758398 ], [ 69.837897238566768, 22.527370838693287 ], [ 69.837951137634946, 22.527187623410153 ], [ 69.837987070047291, 22.526999521210996 ], [ 69.83801401913172, 22.526811419911155 ], [ 69.838031985787538, 22.526618432594656 ], [ 69.838040969115468, 22.526427889635443 ], [ 69.838031985787552, 22.526237345776959 ], [ 69.83801401913172, 22.526044359359723 ], [ 69.837987070047305, 22.525856259858521 ], [ 69.837951137634946, 22.525668158558741 ], [ 69.837897238566768, 22.525484945973517 ], [ 69.837834356170674, 22.525306617606358 ], [ 69.837762491345941, 22.525130732697225 ], [ 69.837681643193307, 22.52496217726269 ], [ 69.837582828384882, 22.524798506945611 ], [ 69.837484013576443, 22.524642165203822 ], [ 69.837376215440045, 22.524495594596083 ], [ 69.837250452446469, 22.524353910904317 ], [ 69.837124687654295, 22.524224440905297 ], [ 69.83698994043344, 22.524102298582246 ], [ 69.836846209884754, 22.523989929191927 ], [ 69.836693496008067, 22.523889772594991 ], [ 69.836540782131465, 22.52379938893068 ], [ 69.836379085826181, 22.523718776400464 ], [ 69.836208405293732, 22.52365282012158 ], [ 69.836046708988462, 22.523596634976794 ], [ 69.835956878407259, 22.523574650150007 ], [ 69.835381955313053, 22.523425637882951 ], [ 69.835462804364965, 22.52161552383739 ], [ 69.83821164874864, 22.518049105781643 ], [ 69.843924933788742, 22.516668974693459 ], [ 69.844059681009512, 22.516661646118106 ], [ 69.844230362441337, 22.516644547308079 ], [ 69.844410025402397, 22.516612792246629 ], [ 69.844580704136263, 22.516568822593115 ], [ 69.844742401340795, 22.516512641944921 ], [ 69.844913080973981, 22.516446689263368 ], [ 69.845074777279194, 22.516366080330382 ], [ 69.845227491155867, 22.5162757002634 ], [ 69.845380205032498, 22.516175549961694 ], [ 69.845523935581241, 22.516063186866631 ], [ 69.845658682802039, 22.515941052637519 ], [ 69.845784446694893, 22.515811589833049 ], [ 69.845910210587817, 22.515669914235211 ], [ 69.846018008724172, 22.515523354419312 ], [ 69.846116824431945, 22.5153670225701 ], [ 69.846215638341107, 22.515203363044801 ], [ 69.84629648559438, 22.515034819301547 ], [ 69.846368351318404, 22.51485894698288 ], [ 69.846431233714483, 22.514680632105513 ], [ 69.846485132782732, 22.514497433010145 ], [ 69.846521065195077, 22.51430934789812 ], [ 69.84654801427952, 22.514121263685411 ], [ 69.846565980935338, 22.513928292556727 ], [ 69.846574964263255, 22.513737767583962 ], [ 69.846565980935324, 22.513547240812542 ], [ 69.846548014279492, 22.513354272381825 ], [ 69.846521065195091, 22.513166189068443 ], [ 69.846485132782732, 22.512978105755057 ], [ 69.846431233714497, 22.512794907558995 ], [ 69.846368351318404, 22.512616596278914 ], [ 69.84629648559438, 22.512440727557589 ], [ 69.846215638341107, 22.512272187411547 ], [ 69.846116824431931, 22.512108530584264 ], [ 69.846018008724172, 22.511952203231658 ], [ 69.845910210587832, 22.511805646113714 ], [ 69.845784446694893, 22.511663975012471 ], [ 69.845658682802011, 22.511534516704611 ], [ 69.845523935581241, 22.511412386072834 ], [ 69.84538020503247, 22.511300026575043 ], [ 69.845227491155882, 22.511199879870617 ], [ 69.845074777279194, 22.51110950340092 ], [ 69.844913080973981, 22.511028897165943 ], [ 69.844742401340795, 22.510962947182286 ], [ 69.844580704136263, 22.510906767433422 ], [ 69.844410025402397, 22.510862799578597 ], [ 69.844230362441351, 22.51083104721511 ], [ 69.844059681009526, 22.51081394840503 ], [ 69.843880018048424, 22.510806620728996 ], [ 69.843628490262688, 22.510806620728996 ] ] ], [ [ [ 69.839873532037927, 22.529640294963713 ], [ 69.839693869076825, 22.529647624438383 ], [ 69.83952318944371, 22.529664724147771 ], [ 69.839343525583274, 22.529696482806514 ], [ 69.839172845950145, 22.529740455157935 ], [ 69.839011149644861, 22.529796642101413 ], [ 69.838840469112426, 22.529862601078207 ], [ 69.838678772807157, 22.529943218105071 ], [ 69.83852605893054, 22.530033606265988 ], [ 69.838373345953187, 22.530133765560887 ], [ 69.838229615404487, 22.530246141246494 ], [ 69.838094868183703, 22.530368288066082 ], [ 69.837969103391472, 22.530497762561765 ], [ 69.837843338599271, 22.530639453448082 ], [ 69.837735541362179, 22.530786030351067 ], [ 69.837636726553754, 22.530942378388087 ], [ 69.837537912644635, 22.531106055899777 ], [ 69.837457063592694, 22.531274619428181 ], [ 69.837385198767947, 22.53145051243126 ], [ 69.837322316371839, 22.531628847992977 ], [ 69.837268417303676, 22.531812069571401 ], [ 69.837232484891345, 22.532000177166477 ], [ 69.837205535806888, 22.532188285660872 ], [ 69.83718756915107, 22.532381280171986 ], [ 69.837178585823139, 22.5325718321244 ], [ 69.837187569151055, 22.532762384076811 ], [ 69.837205535806902, 22.532955378587921 ], [ 69.837232484891331, 22.533143488880963 ], [ 69.837268417303662, 22.533331598274682 ], [ 69.837322316371868, 22.533514822551076 ], [ 69.837385198767933, 22.533693160810792 ], [ 69.837457063592694, 22.533869057411099 ], [ 69.837519945988774, 22.533991206029381 ], [ 69.839289627414416, 22.53747984981527 ], [ 69.839325559826761, 22.537538482914727 ], [ 69.842882888434573, 22.543897906563188 ], [ 69.842945769931418, 22.544002963565951 ], [ 69.843044584739857, 22.544159326891471 ], [ 69.843152382876212, 22.544305917284291 ], [ 69.843278146769151, 22.544447621660478 ], [ 69.843403911561325, 22.544577109645953 ], [ 69.843538658782109, 22.544699269056082 ], [ 69.843682388431546, 22.544811656432834 ], [ 69.843835102308162, 22.544911825620318 ], [ 69.843987816184821, 22.545002223673748 ], [ 69.844149511590743, 22.54508284879449 ], [ 69.844320193022568, 22.545148814965888 ], [ 69.844481889327767, 22.545205008204615 ], [ 69.844652568960939, 22.545248985952014 ], [ 69.844832232821318, 22.545280747308702 ], [ 69.84500291155517, 22.545297849716061 ], [ 69.845182575415606, 22.545305179190727 ], [ 69.845362238376637, 22.545297849716061 ], [ 69.845532918009823, 22.545280747308702 ], [ 69.845712580970869, 22.545248985952014 ], [ 69.845883262402708, 22.545205008204615 ], [ 69.846044957808601, 22.545148814965888 ], [ 69.846215638341121, 22.54508284879449 ], [ 69.84637733464632, 22.545002223673748 ], [ 69.846530049422327, 22.544911825620318 ], [ 69.846682762399595, 22.544811656432834 ], [ 69.846826492049061, 22.544699269056082 ], [ 69.846961239269831, 22.544577109645953 ], [ 69.847087004062033, 22.544447621660478 ], [ 69.847212767954943, 22.544305917284291 ], [ 69.847320566091284, 22.544159326891471 ], [ 69.847419380000417, 22.544002963565951 ], [ 69.847518194808913, 22.543839271665092 ], [ 69.847599043860839, 22.543670692848252 ], [ 69.847670908685515, 22.543494784556678 ], [ 69.847733791081623, 22.543316434605792 ], [ 69.847787690149858, 22.543133197738936 ], [ 69.847823622562217, 22.542945074855357 ], [ 69.847850571646632, 22.542756951971793 ], [ 69.84786853830245, 22.542563943970887 ], [ 69.84787752163038, 22.542373379427939 ], [ 69.847868538302464, 22.542182813086409 ], [ 69.847850571646646, 22.541989805984823 ], [ 69.847823622562203, 22.541801684000571 ], [ 69.847787690149872, 22.541613562915643 ], [ 69.847733791081637, 22.541430328746738 ], [ 69.847670908685515, 22.541251980594488 ], [ 69.847599043860839, 22.5410760759002 ], [ 69.847518194808927, 22.540907500680639 ], [ 69.847482262396582, 22.540848865782603 ], [ 69.843951883772505, 22.534540881556499 ], [ 69.842227118087067, 22.531152471709273 ], [ 69.842110338421435, 22.530942378388087 ], [ 69.842011522713676, 22.530786030351067 ], [ 69.841903724577264, 22.530639453448082 ], [ 69.841777960684396, 22.530497762561765 ], [ 69.841652195892209, 22.530368288066082 ], [ 69.841517448671368, 22.530246141246494 ], [ 69.841373719021988, 22.530133765560887 ], [ 69.841221005145314, 22.530033606265988 ], [ 69.841068291268698, 22.529943218105071 ], [ 69.840906594963428, 22.529862601078207 ], [ 69.840735914430965, 22.529796642101413 ], [ 69.840574218125724, 22.529740455157935 ], [ 69.840403537593261, 22.529696482806514 ], [ 69.840223874632159, 22.529664724147771 ], [ 69.84005319499903, 22.529647624438383 ], [ 69.839873532037927, 22.529640294963713 ] ] ] ] } },
{ "type": "Feature", "properties": { "receptor_type": "coral_reef", "source": "UNEP-WCMC Global Distribution of Coral Reefs 2018 v4.1", "source_year": 2018, "sensitivity_tier": "high", "protection_status": false, "ORIG_NAME": "Not Reported" }, "geometry": { "type": "MultiPolygon", "coordinates": [ [ [ [ 70.327360644678052, 20.924531940296845 ], [ 70.326206898129897, 20.924540907437006 ], [ 70.326209283131973, 20.924811906444408 ], [ 70.325632409408229, 20.924816385967461 ], [ 70.325634792611652, 20.925087384974855 ], [ 70.325346354850467, 20.925089624286787 ], [ 70.325348738053876, 20.925360623294178 ], [ 70.325925613576246, 20.925356143771069 ], [ 70.325923230372851, 20.925085144763671 ], [ 70.326788543656434, 20.925078421432037 ], [ 70.326786157754995, 20.924807423323951 ], [ 70.327363030579477, 20.92480293840492 ], [ 70.327360644678052, 20.924531940296845 ] ] ], [ [ [ 70.325065065800175, 20.925904859721527 ], [ 70.32477662624035, 20.925907098134132 ], [ 70.324779009443773, 20.926178097141531 ], [ 70.325067449003598, 20.926175858728921 ], [ 70.325065065800175, 20.925904859721527 ] ] ], [ [ [ 70.263411346856216, 20.969464734409996 ], [ 70.262834286972804, 20.969469009787023 ], [ 70.262836563156895, 20.969740014190336 ], [ 70.262548032765537, 20.969742151878847 ], [ 70.262550308050322, 20.970013156282167 ], [ 70.261973246368257, 20.970017430759874 ], [ 70.261975520753708, 20.970288434263864 ], [ 70.263129646815813, 20.970279884409194 ], [ 70.263125094447631, 20.96973787740114 ], [ 70.263413623939655, 20.969735737014673 ], [ 70.263411346856216, 20.969464734409996 ] ] ], [ [ [ 70.108273317959288, 21.100638795843793 ], [ 70.107984518670676, 21.100640682621474 ], [ 70.107986529554765, 21.100911697816628 ], [ 70.108275328843433, 21.100909811039003 ], [ 70.108273317959288, 21.100638795843793 ] ] ], [ [ [ 69.583574645853275, 21.638032356408186 ], [ 69.583284752089696, 21.638033374440727 ], [ 69.583283663910038, 21.637762338561117 ], [ 69.582993770146473, 21.637763355694347 ], [ 69.582994858326117, 21.638034390674651 ], [ 69.582995945606442, 21.638305425654949 ], [ 69.583575734932253, 21.63830338958979 ], [ 69.583574645853275, 21.638032356408186 ] ] ], [ [ [ 69.438421602574977, 21.76261548441709 ], [ 69.436970852223112, 21.762619321824275 ], [ 69.436971673304114, 21.762890358603208 ], [ 69.436681522334425, 21.762891124825611 ], [ 69.436682343415484, 21.763162161604498 ], [ 69.436392190647155, 21.763162927826897 ], [ 69.436393010828866, 21.763433964605838 ], [ 69.435812707090804, 21.76343549435262 ], [ 69.435813524574527, 21.763706531131561 ], [ 69.435523372705518, 21.763707295555317 ], [ 69.435524191088618, 21.763978332334204 ], [ 69.43494388465264, 21.763979859383028 ], [ 69.434944702136363, 21.764250896161968 ], [ 69.434654547569366, 21.764251658787089 ], [ 69.434655364153798, 21.764522695565972 ], [ 69.434075056818457, 21.76452421991689 ], [ 69.434076686390028, 21.765066292575398 ], [ 69.433496376356743, 21.765067815127622 ], [ 69.433498818915439, 21.765880926363703 ], [ 69.433788975281061, 21.765880166436602 ], [ 69.433788159595963, 21.765609128758342 ], [ 69.434368473226527, 21.765607605306798 ], [ 69.434367658440749, 21.765336569427177 ], [ 69.434657813007732, 21.765335806802106 ], [ 69.4346569964233, 21.765064770023173 ], [ 69.434947151889617, 21.765064007398053 ], [ 69.434946335305199, 21.764792969719849 ], [ 69.435236489872182, 21.764792207094725 ], [ 69.435235672388444, 21.764521170315788 ], [ 69.43581598062309, 21.764519642367638 ], [ 69.435815162239976, 21.764248605588705 ], [ 69.436105315008319, 21.764247840265682 ], [ 69.436104496625262, 21.763976802587415 ], [ 69.43639464939362, 21.763976038163662 ], [ 69.436393830111228, 21.763705001384775 ], [ 69.436974134748596, 21.763703469839299 ], [ 69.436973313667522, 21.763432433060419 ], [ 69.437263466435866, 21.763431665938697 ], [ 69.43726264355621, 21.763160629159749 ], [ 69.437552795425233, 21.76315986203803 ], [ 69.437551974344203, 21.76288882525915 ], [ 69.438422424555327, 21.762886520296718 ], [ 69.438421602574977, 21.76261548441709 ] ] ], [ [ [ 69.433209476436218, 21.766152723069755 ], [ 69.432919318271942, 21.766153482996913 ], [ 69.432920131259095, 21.766424519775796 ], [ 69.432339814930572, 21.766426037831422 ], [ 69.432340627018391, 21.766697074610359 ], [ 69.432050468854129, 21.766697832738831 ], [ 69.432051280042572, 21.766968870417092 ], [ 69.43176112097899, 21.766969627646233 ], [ 69.431761932167475, 21.767240664425167 ], [ 69.431181613141007, 21.767242177984198 ], [ 69.43118242343013, 21.767513215662408 ], [ 69.430892262567909, 21.767513971092967 ], [ 69.430893071957783, 21.76778500877117 ], [ 69.430602911095548, 21.767785764201733 ], [ 69.430603719586031, 21.768056800980617 ], [ 69.43002339696227, 21.768058310942369 ], [ 69.430024204553433, 21.768329347721252 ], [ 69.429734042791893, 21.768330102252495 ], [ 69.429735657074957, 21.768872175810312 ], [ 69.429445494414125, 21.768872929442185 ], [ 69.429447107797841, 21.769415003899383 ], [ 69.430027435817564, 21.76941349573627 ], [ 69.43002581973586, 21.768871422178449 ], [ 69.430606145956915, 21.768869912216701 ], [ 69.430605336567112, 21.768598875437821 ], [ 69.430895499227972, 21.768598119107935 ], [ 69.430894689838098, 21.768327082329051 ], [ 69.431184851599653, 21.768326325999169 ], [ 69.431184042209836, 21.768055289220282 ], [ 69.431474203072071, 21.768054532890407 ], [ 69.431473392782891, 21.7677834952122 ], [ 69.431763553645155, 21.767782737982998 ], [ 69.43176274155735, 21.767511701204121 ], [ 69.43205290331889, 21.767510943974912 ], [ 69.432052091231071, 21.767239907196029 ], [ 69.432632410257611, 21.767238390039722 ], [ 69.432631598169792, 21.766967353260778 ], [ 69.432921757233359, 21.766966593333677 ], [ 69.432920944246234, 21.766695556554733 ], [ 69.433211102410496, 21.766694798426272 ], [ 69.433209476436218, 21.766152723069755 ] ] ] ] } },
{ "type": "Feature", "properties": { "receptor_type": "coral_reef", "source": "UNEP-WCMC Global Distribution of Coral Reefs 2018 v4.1", "source_year": 2018, "sensitivity_tier": "high", "protection_status": false, "ORIG_NAME": "Not Reported" }, "geometry": { "type": "MultiPolygon", "coordinates": [ [ [ [ 70.324488186680526, 20.925909337446001 ], [ 70.323622868000982, 20.925916048187101 ], [ 70.323625249405765, 20.926187047194507 ], [ 70.324490568984629, 20.926180335554076 ], [ 70.324488186680526, 20.925909337446001 ] ] ], [ [ [ 70.255096002978235, 20.975759671271874 ], [ 70.255384545960098, 20.975757545274519 ], [ 70.255382282366497, 20.975486539971879 ], [ 70.255670824449055, 20.975484413974584 ], [ 70.25566856085544, 20.975213409571271 ], [ 70.255957102038678, 20.975211282674593 ], [ 70.25595483844512, 20.974940278271276 ], [ 70.256243378728982, 20.974938149576019 ], [ 70.25624111423609, 20.974667146071969 ], [ 70.256529655419342, 20.974665018276021 ], [ 70.256527389127768, 20.974394013872715 ], [ 70.256815929411687, 20.974391886076713 ], [ 70.256813664019447, 20.974120880774073 ], [ 70.257102203404031, 20.974118752978143 ], [ 70.257099937112457, 20.973847747675446 ], [ 70.25738847559775, 20.973845618980196 ], [ 70.257386209306162, 20.973574614576876 ], [ 70.257674747791441, 20.973572484982242 ], [ 70.257672479701242, 20.973301480578922 ], [ 70.257961018186521, 20.973299350084964 ], [ 70.25795648200608, 20.972757341278339 ], [ 70.258533556278664, 20.972753080290488 ], [ 70.258531287289131, 20.972482075887118 ], [ 70.259396896449687, 20.972475680808092 ], [ 70.259392354873356, 20.971933671102086 ], [ 70.259969426447924, 20.97192940561763 ], [ 70.259967153861126, 20.971658401214313 ], [ 70.259101550096474, 20.971664798991355 ], [ 70.259103819985327, 20.971935803394672 ], [ 70.258815285097398, 20.971937934787888 ], [ 70.258817554086932, 20.972208940090582 ], [ 70.257951946725015, 20.972215331572329 ], [ 70.257954214815243, 20.972486336875022 ], [ 70.257665678128589, 20.972488465570276 ], [ 70.257667945319483, 20.972759470872912 ], [ 70.257379408632843, 20.972761599568233 ], [ 70.257381674924417, 20.97303260487087 ], [ 70.256804600651833, 20.973036862261441 ], [ 70.256806866044087, 20.973307866664754 ], [ 70.256518327558808, 20.973309993561429 ], [ 70.256520592951063, 20.973580999763392 ], [ 70.256232053566478, 20.973583126659996 ], [ 70.256234319858038, 20.9738541319627 ], [ 70.255945779574105, 20.973856258859307 ], [ 70.255948044966374, 20.974127263262631 ], [ 70.255370965297871, 20.9741315161566 ], [ 70.255373227992166, 20.974402520559916 ], [ 70.254796147424315, 20.974406771655254 ], [ 70.25479841011861, 20.974677776058577 ], [ 70.254509868935386, 20.974679901156549 ], [ 70.254512130730291, 20.974950905559915 ], [ 70.254223590446372, 20.974953029758584 ], [ 70.254230374032588, 20.975766044767223 ], [ 70.254518917014479, 20.975763920568507 ], [ 70.254525702399292, 20.97657693557715 ], [ 70.254814247179809, 20.976574809579862 ], [ 70.254809721791261, 20.976032800773165 ], [ 70.255098265672473, 20.976030675675194 ], [ 70.255096002978235, 20.975759671271874 ] ] ], [ [ [ 70.112001467393824, 21.097091021633393 ], [ 70.111423884105022, 21.097094807779229 ], [ 70.111425900385029, 21.097365822974382 ], [ 70.112003484573222, 21.097362036828606 ], [ 70.112001467393824, 21.097091021633393 ] ] ], [ [ [ 70.111141140851018, 21.097909746437722 ], [ 70.111139124571025, 21.097638730343188 ], [ 70.110850331577581, 21.097640623416108 ], [ 70.110852347857644, 21.097911637711945 ], [ 70.111141140851018, 21.097909746437722 ] ] ], [ [ [ 70.110563553964894, 21.097913528986226 ], [ 70.11056556934561, 21.098184544181436 ], [ 70.110854363238332, 21.098182652907155 ], [ 70.110852347857644, 21.097911637711945 ], [ 70.110563553964894, 21.097913528986226 ] ] ], [ [ [ 69.433498818915439, 21.765880926363703 ], [ 69.433208661650497, 21.765881686290864 ], [ 69.433209476436218, 21.766152723069755 ], [ 69.433499632801855, 21.766151963142647 ], [ 69.433498818915439, 21.765880926363703 ] ] ], [ [ [ 69.349533662848316, 21.840615619914949 ], [ 69.349243352698636, 21.840616235051236 ], [ 69.349244011002384, 21.840887271830184 ], [ 69.349534321152078, 21.84088665759322 ], [ 69.349533662848316, 21.840615619914949 ] ] ], [ [ [ 69.348664046308727, 21.841159537982321 ], [ 69.348373735259727, 21.841160151319965 ], [ 69.348374391764821, 21.841431188098909 ], [ 69.348664703713155, 21.841430574761258 ], [ 69.348664046308727, 21.841159537982321 ] ] ], [ [ [ 69.326930739262238, 21.858821562864879 ], [ 69.32693012232734, 21.858550525186612 ], [ 69.32634942828355, 21.858551676318882 ], [ 69.326350043419822, 21.858822713097766 ], [ 69.326930739262238, 21.858821562864879 ] ] ], [ [ [ 69.32605969639792, 21.858823287764547 ], [ 69.326060312433526, 21.859094325442815 ], [ 69.326350658556123, 21.859093750776026 ], [ 69.326350043419822, 21.858822713097766 ], [ 69.32605969639792, 21.858823287764547 ] ] ], [ [ [ 69.325769962713636, 21.85909489921028 ], [ 69.325770577849923, 21.859365936888537 ], [ 69.326060926670493, 21.859365362221748 ], [ 69.326060312433526, 21.859094325442815 ], [ 69.325769962713636, 21.85909489921028 ] ] ], [ [ [ 69.325480843266348, 21.859637547434939 ], [ 69.325190494445778, 21.859638120303028 ], [ 69.32519110688412, 21.859909157981292 ], [ 69.325481456603995, 21.859908584213819 ], [ 69.325480843266348, 21.859637547434939 ] ] ], [ [ [ 69.301423915581267, 21.879740147989477 ], [ 69.30084313430325, 21.879741209189486 ], [ 69.300843702674797, 21.880012246867757 ], [ 69.301424484852134, 21.880011184768414 ], [ 69.301423915581267, 21.879740147989477 ] ] ], [ [ [ 69.273012017290796, 21.904183139340432 ], [ 69.272140693838026, 21.90418458275235 ], [ 69.272141208250233, 21.904455620430607 ], [ 69.271850766799503, 21.904456099769217 ], [ 69.271851281211696, 21.904727137447477 ], [ 69.271270397410944, 21.904728095225437 ], [ 69.271270910024541, 21.904999132004374 ], [ 69.270980467674505, 21.904999610443721 ], [ 69.270980980288087, 21.905270648121981 ], [ 69.270690537038703, 21.905271125661958 ], [ 69.270691048752937, 21.905542163340208 ], [ 69.270110161354921, 21.905543118420209 ], [ 69.270111693799649, 21.906356228756973 ], [ 69.269821247852349, 21.906356705397688 ], [ 69.269821758667248, 21.906627742176624 ], [ 69.26924086677262, 21.906628693659339 ], [ 69.269241375788908, 21.906899730438283 ], [ 69.268950928942274, 21.906900206179614 ], [ 69.268951946974838, 21.907442279737495 ], [ 69.268371050583582, 21.907443229421578 ], [ 69.268373082152081, 21.908527377436545 ], [ 69.268663531696689, 21.908526902594531 ], [ 69.268662514563459, 21.90798482903671 ], [ 69.269243412753312, 21.907983879352635 ], [ 69.269242393821443, 21.907441804895431 ], [ 69.269823289313436, 21.907440853412709 ], [ 69.269822268582857, 21.906898779854878 ], [ 69.270112715429548, 21.906898303214177 ], [ 69.270112204614648, 21.906627266435237 ], [ 69.270693097408568, 21.906626311355236 ], [ 69.270692584795029, 21.906355274576299 ], [ 69.271273474891018, 21.906354317697659 ], [ 69.27127244876452, 21.905812243240455 ], [ 69.271562893812529, 21.905811764801172 ], [ 69.271562380299656, 21.905540727122919 ], [ 69.272143267697672, 21.905539768445632 ], [ 69.272142237973966, 21.904997693988431 ], [ 69.272432680324002, 21.904997212851125 ], [ 69.272432165012432, 21.904726176072241 ], [ 69.272722607362482, 21.904725694934932 ], [ 69.272722092050969, 21.904454658155998 ], [ 69.273012534400991, 21.904454176119369 ], [ 69.273012017290796, 21.904183139340432 ] ] ], [ [ [ 69.241405528342526, 21.934859821923279 ], [ 69.240534016931392, 21.934861099859916 ], [ 69.24053447288766, 21.93513213663886 ], [ 69.240243967585116, 21.935132561118841 ], [ 69.240244422642022, 21.935403597897782 ], [ 69.241115937650491, 21.935402321759796 ], [ 69.241115481694166, 21.935131284980852 ], [ 69.241405986097448, 21.935130858702223 ], [ 69.241405528342526, 21.934859821923279 ] ] ], [ [ [ 69.234442315160763, 21.94029064879447 ], [ 69.234441870895694, 21.940019612015529 ], [ 69.234732385191478, 21.940019197428054 ], [ 69.234732830355867, 21.940290234206998 ], [ 69.235023344651665, 21.940289818720203 ], [ 69.235022898587943, 21.940018781941262 ], [ 69.235313414682423, 21.940018365555204 ], [ 69.235312968618629, 21.939747329675583 ], [ 69.235603482015165, 21.939746913289465 ], [ 69.235602589887677, 21.939204839731644 ], [ 69.235893102384807, 21.939204423345526 ], [ 69.235892207559388, 21.938662349787652 ], [ 69.236473232553692, 21.938661515216783 ], [ 69.23647278469133, 21.938390478437896 ], [ 69.237053806987646, 21.938389641169064 ], [ 69.237052459803238, 21.937576530832303 ], [ 69.237342968703103, 21.937576111748228 ], [ 69.237342519042087, 21.937305074969288 ], [ 69.237633027941968, 21.937304655885217 ], [ 69.237632578280909, 21.937033619106273 ], [ 69.237923086281455, 21.93703319822356 ], [ 69.237923536841834, 21.93730423500249 ], [ 69.238214046641005, 21.937303815019103 ], [ 69.238213595181321, 21.937032778240166 ], [ 69.238504103181853, 21.937032355558813 ], [ 69.238503651722226, 21.936761319679185 ], [ 69.238794159722758, 21.936760897897155 ], [ 69.238793255004794, 21.936218824339335 ], [ 69.239374268307884, 21.936217979875948 ], [ 69.239373815049575, 21.935946943097008 ], [ 69.239664321251482, 21.935946520415655 ], [ 69.239663867093824, 21.935675482737402 ], [ 69.239954372396411, 21.935675059156722 ], [ 69.239953918238768, 21.935404022377782 ], [ 69.239372907633651, 21.935404870438447 ], [ 69.239373361791252, 21.935675906318068 ], [ 69.238792350286829, 21.935676750781454 ], [ 69.23879280264579, 21.935947787560394 ], [ 69.238211790241962, 21.935948631124461 ], [ 69.238212241701675, 21.936219667903405 ], [ 69.237921734600434, 21.936220087886795 ], [ 69.237922185160755, 21.936491124665729 ], [ 69.237341170958288, 21.93649196463252 ], [ 69.237341620619347, 21.936763001411475 ], [ 69.237051112618815, 21.936763419596158 ], [ 69.237051561380497, 21.937034457274418 ], [ 69.236761053379951, 21.937034876358496 ], [ 69.23676150124237, 21.937305913137436 ], [ 69.23647099234249, 21.937306331322187 ], [ 69.236471440204866, 21.937577368101131 ], [ 69.236180931304986, 21.937577785386509 ], [ 69.236181378268057, 21.937848822165446 ], [ 69.235890867569537, 21.937849238551557 ], [ 69.2358913154319, 21.938120276229821 ], [ 69.23560080473338, 21.938120694414575 ], [ 69.235601250797117, 21.938391730294146 ], [ 69.235310739199292, 21.938392145780938 ], [ 69.235311185263072, 21.938663182559878 ], [ 69.23502067366519, 21.938663598046666 ], [ 69.23502111882965, 21.938934634825614 ], [ 69.234730606332434, 21.938935050312349 ], [ 69.234731495761991, 21.93947712387023 ], [ 69.234440982365527, 21.939477537558382 ], [ 69.23444142663061, 21.939748575236592 ], [ 69.234150912334769, 21.939748988924752 ], [ 69.234151799965673, 21.940291061583256 ], [ 69.234442315160763, 21.94029064879447 ] ] ], [ [ [ 69.233861284770512, 21.940291476170728 ], [ 69.233861728136276, 21.940562512949665 ], [ 69.234152243331422, 21.940562099261513 ], [ 69.234151799965673, 21.940291061583256 ], [ 69.233861284770512, 21.940291476170728 ] ] ], [ [ [ 69.158995390924588, 22.018710625594967 ], [ 69.158704714750854, 22.018710907982044 ], [ 69.158705318195928, 22.019252978841966 ], [ 69.158995995269052, 22.019252697354151 ], [ 69.158995390924588, 22.018710625594967 ] ] ], [ [ [ 69.14622066515166, 22.033358440439713 ], [ 69.145929959300247, 22.03335869944447 ], [ 69.14593023719074, 22.033629734424778 ], [ 69.146220943941429, 22.033629475420007 ], [ 69.14622066515166, 22.033358440439713 ] ] ], [ [ [ 69.145639807431209, 22.033901028409787 ], [ 69.144767686279749, 22.033901800927421 ], [ 69.144767960573006, 22.034172835907718 ], [ 69.14418654617225, 22.034173349420598 ], [ 69.144186819566144, 22.034444384400832 ], [ 69.143896112815426, 22.034444639808331 ], [ 69.143896386209278, 22.034715674788625 ], [ 69.143605677659934, 22.034715929296738 ], [ 69.143606771235568, 22.035800070117205 ], [ 69.143897481583565, 22.035799814709716 ], [ 69.143897208189699, 22.035528779729468 ], [ 69.144187919437002, 22.035528524321986 ], [ 69.144187644244425, 22.035257489341685 ], [ 69.144478354592422, 22.03525723303494 ], [ 69.144478079399903, 22.034986198054643 ], [ 69.14476878884858, 22.034985940848518 ], [ 69.144768512756755, 22.03471490586827 ], [ 69.14534993075479, 22.034714390556701 ], [ 69.145349377671721, 22.034172320596159 ], [ 69.145640085321759, 22.034172063390095 ], [ 69.145639807431209, 22.033901028409787 ] ] ], [ [ [ 69.133732777245953, 22.046649834822059 ], [ 69.134023510976306, 22.046649597401029 ], [ 69.13402325556882, 22.046378562420784 ], [ 69.133732522737787, 22.046378799841758 ], [ 69.133732013721499, 22.045836729881216 ], [ 69.134022744753906, 22.045836491560852 ], [ 69.134022490245798, 22.045565456580615 ], [ 69.134603952310613, 22.045564980839231 ], [ 69.134603696003794, 22.04529394585898 ], [ 69.134894426136896, 22.04529370663931 ], [ 69.134894169830147, 22.045022671659009 ], [ 69.135184899963221, 22.045022432439339 ], [ 69.135184641857805, 22.044751396559768 ], [ 69.135475371091559, 22.044751157340091 ], [ 69.135474855780046, 22.044209087379556 ], [ 69.135765584114495, 22.04420884636124 ], [ 69.13576532510973, 22.043937812280259 ], [ 69.136056053444179, 22.043937570362623 ], [ 69.1360557944394, 22.043666535382329 ], [ 69.136346520975209, 22.043666294364012 ], [ 69.136346261970459, 22.043395259383772 ], [ 69.136636989405588, 22.043395016566819 ], [ 69.136636727702879, 22.043123981586511 ], [ 69.136927454238673, 22.043123738769562 ], [ 69.136927193435255, 22.042852704688638 ], [ 69.137217919071759, 22.042852460972369 ], [ 69.137217657369035, 22.042581425992065 ], [ 69.13750838300551, 22.042581182275789 ], [ 69.137508120403481, 22.042310147295492 ], [ 69.137798845140637, 22.042309902679904 ], [ 69.137798058233841, 22.041496798638377 ], [ 69.138088781172371, 22.041496553123473 ], [ 69.138088517671008, 22.041225519042541 ], [ 69.138379239710218, 22.041225274426953 ], [ 69.138378976208855, 22.040954239446645 ], [ 69.138669698248009, 22.040953992133101 ], [ 69.138669433847326, 22.0406829571528 ], [ 69.138378712707478, 22.040683203567028 ], [ 69.13837844920613, 22.040412168586787 ], [ 69.138669170345977, 22.040411923071815 ], [ 69.138668905945323, 22.040140888091564 ], [ 69.138959626185851, 22.04014064167734 ], [ 69.138959361785155, 22.039869606697032 ], [ 69.139250081126406, 22.039869359383484 ], [ 69.139249815826417, 22.039598324403187 ], [ 69.139540535167612, 22.039598077089629 ], [ 69.139540268968304, 22.039327042109331 ], [ 69.139830987410221, 22.039326793896457 ], [ 69.139830721210885, 22.03905575981554 ], [ 69.14012143875344, 22.039055510703296 ], [ 69.140121172554132, 22.038784475723052 ], [ 69.140411889197367, 22.038784226610801 ], [ 69.140411622098725, 22.038513191630557 ], [ 69.139248756425047, 22.03851418358277 ], [ 69.13924902082573, 22.038785218563017 ], [ 69.138958303283118, 22.038785466775941 ], [ 69.138958567683815, 22.039056501756189 ], [ 69.13866785014126, 22.039056748170424 ], [ 69.138668113642623, 22.039327783150728 ], [ 69.138377396099997, 22.039328028665636 ], [ 69.13837765960136, 22.039599063645934 ], [ 69.138086940260152, 22.039599309160849 ], [ 69.138087728965544, 22.040412414101691 ], [ 69.137797008725045, 22.040412658717287 ], [ 69.137797795631798, 22.041225763658133 ], [ 69.13750707359263, 22.041226008273725 ], [ 69.137507596998034, 22.04176807733495 ], [ 69.137216874059561, 22.041768321950538 ], [ 69.137217134862951, 22.042039356031523 ], [ 69.136926411025115, 22.042039599747799 ], [ 69.136926671828519, 22.042310634728032 ], [ 69.136635947091349, 22.042310878444312 ], [ 69.136636207894753, 22.042581913424609 ], [ 69.136345482258264, 22.042582154442925 ], [ 69.13634574216232, 22.042853189423223 ], [ 69.135764290889369, 22.042853672359112 ], [ 69.13576454989412, 22.043124707339413 ], [ 69.135473823358325, 22.043124948357729 ], [ 69.13547408056445, 22.04339598333803 ], [ 69.13518335492796, 22.043396222557703 ], [ 69.135183612134014, 22.04366725843726 ], [ 69.134892884698885, 22.043667497656941 ], [ 69.134893141905025, 22.043938532637242 ], [ 69.134602413570562, 22.043938771856851 ], [ 69.134602670776701, 22.044209806837159 ], [ 69.134311942442253, 22.044210045157513 ], [ 69.134312197849681, 22.044481080137814 ], [ 69.134021468615899, 22.044481317558791 ], [ 69.134021979430884, 22.045023388418713 ], [ 69.133731249297796, 22.04502362583969 ], [ 69.133731503805905, 22.045294660819987 ], [ 69.133440773672802, 22.045294897341702 ], [ 69.133441281789771, 22.045836967302247 ], [ 69.132859818825636, 22.045837440345611 ], [ 69.13286007243444, 22.046108475325923 ], [ 69.132569339603378, 22.046108710948314 ], [ 69.132569591413599, 22.046379745029235 ], [ 69.131988125751434, 22.046380215374715 ], [ 69.131988627573151, 22.046922284435933 ], [ 69.131697894742103, 22.046922519158951 ], [ 69.131698145652919, 22.047193553239936 ], [ 69.131116676393546, 22.047194019988069 ], [ 69.131117176416623, 22.047736089948607 ], [ 69.130826440887574, 22.047736321973726 ], [ 69.13082768644864, 22.049091495975805 ], [ 69.131118424675606, 22.049091263051423 ], [ 69.131118175563429, 22.048820228970442 ], [ 69.131408912891061, 22.04881999514669 ], [ 69.131408662879551, 22.048548961065759 ], [ 69.131699400207197, 22.048548727242011 ], [ 69.131699149296367, 22.04827769226177 ], [ 69.131989885724693, 22.048277458438015 ], [ 69.131989634813863, 22.048006422558384 ], [ 69.132280370342855, 22.048006188734686 ], [ 69.132280119432068, 22.047735154653704 ], [ 69.132570854061726, 22.047734919031313 ], [ 69.132570601352185, 22.047463884051069 ], [ 69.132861336881263, 22.047463648428675 ], [ 69.132861083272417, 22.047192614347747 ], [ 69.133151817902089, 22.047192377826033 ], [ 69.133151564293314, 22.046921342845739 ], [ 69.133733032653367, 22.046920868903037 ], [ 69.133732777245953, 22.046649834822059 ] ], [ [ 69.133441789906712, 22.046379037262795 ], [ 69.133442044414892, 22.04665007134377 ], [ 69.133151310684468, 22.046650308764811 ], [ 69.133151057075693, 22.04637927378451 ], [ 69.133441789906712, 22.046379037262795 ] ] ] ] } },
{ "type": "Feature", "properties": { "receptor_type": "coral_reef", "source": "UNEP-WCMC Global Distribution of Coral Reefs 2018 v4.1", "source_year": 2018, "sensitivity_tier": "high", "protection_status": false, "ORIG_NAME": "Not Reported" }, "geometry": { "type": "MultiPolygon", "coordinates": [ [ [ [ 69.459840019201579, 21.746023971129436 ], [ 69.459549903305444, 21.746024776921956 ], [ 69.459549041754926, 21.745753740143019 ], [ 69.459258925858819, 21.745754545036277 ], [ 69.459259788308657, 21.746025581815214 ], [ 69.458679557415692, 21.746027190702364 ], [ 69.458680416268223, 21.746298226581924 ], [ 69.459840882550736, 21.746295007008996 ], [ 69.459840019201579, 21.746023971129436 ] ] ], [ [ [ 69.279100192819726, 21.898481130899533 ], [ 69.278228904440425, 21.898482605787645 ], [ 69.278229431443151, 21.898753642566586 ], [ 69.277358141265267, 21.898755112958153 ], [ 69.277358665570048, 21.899026149737097 ], [ 69.277068234911141, 21.89902663896828 ], [ 69.277068759215922, 21.899297676646476 ], [ 69.276778328557086, 21.899298164978411 ], [ 69.27677885106317, 21.899569201757288 ], [ 69.276488420404348, 21.899569690089155 ], [ 69.276488942910404, 21.899840727767412 ], [ 69.276198509553623, 21.899841215199952 ], [ 69.276200077071962, 21.90065432643603 ], [ 69.275909643715124, 21.900654813868631 ], [ 69.275910165321932, 21.900925850647521 ], [ 69.275619731065774, 21.900926337180746 ], [ 69.2756212940875, 21.901739448416837 ], [ 69.276202166197095, 21.901738475350381 ], [ 69.27620112208416, 21.901196400893241 ], [ 69.276491556340304, 21.901195912561374 ], [ 69.276491033834191, 21.900924875782433 ], [ 69.276781468090334, 21.900924388349893 ], [ 69.276780421279454, 21.900382313892749 ], [ 69.277361287993116, 21.900381336329644 ], [ 69.277360763688364, 21.900110298651381 ], [ 69.277651196145811, 21.900109809420197 ], [ 69.277650670941739, 21.899838771742001 ], [ 69.277941101600618, 21.899838281611434 ], [ 69.277940052091779, 21.899296207154293 ], [ 69.278230482750644, 21.899295717023787 ], [ 69.278229956647223, 21.89902467934553 ], [ 69.278810817964924, 21.899023697285827 ], [ 69.278810290062893, 21.898752659607617 ], [ 69.279100719822395, 21.898752167678424 ], [ 69.279100192819726, 21.898481130899533 ] ] ], [ [ [ 69.221390108067098, 21.953860613576527 ], [ 69.221099564992983, 21.953861004781565 ], [ 69.221099145908909, 21.953589968002689 ], [ 69.22080860373417, 21.953590358308414 ], [ 69.220809021918896, 21.953861395087351 ], [ 69.220518478844781, 21.953861785393144 ], [ 69.220518897029521, 21.954132822172024 ], [ 69.220228353955392, 21.954133211578505 ], [ 69.220228771240855, 21.954404248357442 ], [ 69.219647683294014, 21.954405026270994 ], [ 69.219648099680114, 21.954676063049931 ], [ 69.220810278271756, 21.954674505424119 ], [ 69.220809441002942, 21.954132431866295 ], [ 69.221390527151186, 21.954131648556768 ], [ 69.221390108067098, 21.953860613576527 ] ] ], [ [ [ 69.138959890586534, 22.040411676657577 ], [ 69.138669170345977, 22.040411923071815 ], [ 69.138669433847326, 22.0406829571528 ], [ 69.138960154987217, 22.040682710738565 ], [ 69.138959890586534, 22.040411676657577 ] ] ] ] } },
{ "type": "Feature", "properties": { "receptor_type": "coral_reef", "source": "UNEP-WCMC Global Distribution of Coral Reefs 2018 v4.1", "source_year": 2018, "sensitivity_tier": "high", "protection_status": false, "ORIG_NAME": "Not Reported" }, "geometry": { "type": "MultiPolygon", "coordinates": [ [ [ [ 73.283854016449752, 16.930681934223909 ], [ 73.284417235766853, 16.930686663758589 ], [ 73.284419692714707, 16.930415598201364 ], [ 73.283856473397577, 16.930410868666684 ], [ 73.283858930345374, 16.930139802210132 ], [ 73.283577321136534, 16.930137436993164 ], [ 73.283579778084359, 16.929866371435935 ], [ 73.283298169774753, 16.929864005319644 ], [ 73.283295711927622, 16.930135071776192 ], [ 73.282732494409174, 16.930130340442929 ], [ 73.28273986974925, 16.929317141972547 ], [ 73.282458262338977, 16.929314774956936 ], [ 73.282460721085428, 16.929043709399707 ], [ 73.282742327596395, 16.929046076415318 ], [ 73.282744786342846, 16.92877500995877 ], [ 73.282463179831936, 16.928772642943159 ], [ 73.282480390157957, 16.926875182243915 ], [ 73.282761994870214, 16.92687754836021 ], [ 73.282766910564547, 16.926335416346436 ], [ 73.283330117291143, 16.926340147679692 ], [ 73.283332574238969, 16.926069082122471 ], [ 73.283614177152614, 16.926071447339496 ], [ 73.28361663410044, 16.925800380882947 ], [ 73.283335031186823, 16.925798015665922 ], [ 73.283342402929634, 16.924984818094917 ], [ 73.28306080091528, 16.924982452877934 ], [ 73.283063258762411, 16.924711386421393 ], [ 73.283344859877445, 16.924713751638365 ], [ 73.283349772873763, 16.924171619624587 ], [ 73.28306817355741, 16.924169254407616 ], [ 73.283075544400901, 16.92335605593729 ], [ 73.28335714371724, 16.923358421154262 ], [ 73.283359600665122, 16.923087355597037 ], [ 73.28364119908214, 16.923089719914682 ], [ 73.283638742134315, 16.923360786371234 ], [ 73.283920340551333, 16.923363149789566 ], [ 73.283917885402161, 16.923634216246114 ], [ 73.284199484718513, 16.923636580563766 ], [ 73.28420439591622, 16.923094447650669 ], [ 73.283922796599825, 16.923092084232334 ], [ 73.283927708696865, 16.922549951319244 ], [ 73.284209307113869, 16.922552315636892 ], [ 73.284211762263041, 16.922281249180344 ], [ 73.284493359780811, 16.922283612598676 ], [ 73.284495814929969, 16.922012546142128 ], [ 73.284777412447681, 16.92201490866114 ], [ 73.284779865798214, 16.921743842204592 ], [ 73.285061463315927, 16.921746204723604 ], [ 73.285071279416059, 16.92066193979673 ], [ 73.284789683696999, 16.920659577277718 ], [ 73.284784775197295, 16.921201710190815 ], [ 73.284503178578859, 16.921199346772479 ], [ 73.284500724329007, 16.921470413229034 ], [ 73.284219127710614, 16.921468050710015 ], [ 73.284214217412298, 16.922010182723795 ], [ 73.283932620793863, 16.92200781930546 ], [ 73.283930164745357, 16.922278885762008 ], [ 73.283648567227672, 16.922276521444363 ], [ 73.283646111179181, 16.922547587900905 ], [ 73.282801317726694, 16.92254049314931 ], [ 73.282791488136752, 16.923624757176867 ], [ 73.282509888820343, 16.923622391060576 ], [ 73.282507430973212, 16.923893458416444 ], [ 73.282225831656888, 16.923891091400773 ], [ 73.282218456316741, 16.924704288971782 ], [ 73.281936855201749, 16.924701921956167 ], [ 73.281934395556007, 16.924972988412719 ], [ 73.281652795340264, 16.924970619598472 ], [ 73.281630659427449, 16.927410212311486 ], [ 73.281349054715179, 16.927407844396551 ], [ 73.281341673079794, 16.928221041967557 ], [ 73.281623279590747, 16.928223409882492 ], [ 73.281615899754016, 16.929036606554178 ], [ 73.281897506264954, 16.929038973569845 ], [ 73.281892586973356, 16.929581105583623 ], [ 73.282174195282948, 16.929583472599234 ], [ 73.282166817244885, 16.930396671069559 ], [ 73.282448425554449, 16.930399038085174 ], [ 73.282443508061476, 16.930941170098944 ], [ 73.283851558602578, 16.930953000680461 ], [ 73.283854016449752, 16.930681934223909 ] ] ] ] } },
{ "type": "Feature", "properties": { "receptor_type": "coral_reef", "source": "UNEP-WCMC Global Distribution of Coral Reefs 2018 v4.1", "source_year": 2018, "sensitivity_tier": "high", "protection_status": false, "ORIG_NAME": "Not Reported" }, "geometry": { "type": "MultiPolygon", "coordinates": [ [ [ [ 73.194959065608444, 17.386940601427685 ], [ 73.195241351107541, 17.386943152804292 ], [ 73.195244008604163, 17.386672112428073 ], [ 73.19552629410326, 17.386674663804744 ], [ 73.195528951599883, 17.386403623428521 ], [ 73.195811236199631, 17.386406174805188 ], [ 73.195813892796977, 17.386135134428965 ], [ 73.196096177396711, 17.386137684006936 ], [ 73.196098833994014, 17.38586664363072 ], [ 73.1963811176945, 17.385869194108064 ], [ 73.196383774291803, 17.385598152832529 ], [ 73.196948340793355, 17.385603252887847 ], [ 73.196953651290016, 17.385061170336773 ], [ 73.197235934091168, 17.385063719914797 ], [ 73.197241243688495, 17.384521637363722 ], [ 73.19695896178672, 17.384519087785744 ], [ 73.196956306988042, 17.384790129061226 ], [ 73.196674024186891, 17.384787578583939 ], [ 73.196671367589602, 17.385058620758798 ], [ 73.196389085687827, 17.38505607118077 ], [ 73.196386429989801, 17.385327111556986 ], [ 73.196104147188677, 17.385324561079702 ], [ 73.196101490591388, 17.385595602355238 ], [ 73.195819206890903, 17.385593051877891 ], [ 73.1958165502936, 17.38586409225411 ], [ 73.195251981993394, 17.385858990400152 ], [ 73.19524932359748, 17.386130030776371 ], [ 73.194967040796385, 17.386127479399704 ], [ 73.194964382400372, 17.386398518876604 ], [ 73.194399813200889, 17.38639341342537 ], [ 73.194394494610307, 17.386935495077068 ], [ 73.19411221001053, 17.386932941002499 ], [ 73.194109549815948, 17.387203982277981 ], [ 73.194956407212487, 17.387211640904585 ], [ 73.194959065608444, 17.386940601427685 ] ] ] ] } },
{ "type": "Feature", "properties": { "receptor_type": "coral_reef", "source": "UNEP-WCMC Global Distribution of Coral Reefs 2018 v4.1", "source_year": 2018, "sensitivity_tier": "high", "protection_status": false, "ORIG_NAME": "Not Reported" }, "geometry": { "type": "MultiPolygon", "coordinates": [ [ [ [ 73.188772803721974, 17.38444499084369 ], [ 73.189619645830021, 17.38445267195328 ], [ 73.189622311420592, 17.384181631577064 ], [ 73.190186873425546, 17.38418675141747 ], [ 73.190189537217407, 17.383915710141938 ], [ 73.190194866599882, 17.383373630288872 ], [ 73.189630309091569, 17.383368511347783 ], [ 73.189627644400332, 17.383639551724002 ], [ 73.189345363397877, 17.383636992253454 ], [ 73.189342697807334, 17.383908031730353 ], [ 73.188778137601062, 17.383902910990628 ], [ 73.188775471111171, 17.38417395136679 ], [ 73.188493191008035, 17.384171390097606 ], [ 73.188487856229656, 17.384713469950725 ], [ 73.188770137232112, 17.384716031219909 ], [ 73.188772803721974, 17.38444499084369 ] ] ], [ [ [ 73.18736407059545, 17.384161142322913 ], [ 73.18708178959298, 17.384158579255089 ], [ 73.187084459680122, 17.383887539778183 ], [ 73.186802179577001, 17.383884975811043 ], [ 73.186799510389164, 17.384156015287942 ], [ 73.186517231185348, 17.384153452220115 ], [ 73.186519901272518, 17.383882412743219 ], [ 73.185955342864816, 17.383877283909555 ], [ 73.185958013851291, 17.383606244432659 ], [ 73.185675734647461, 17.383603679566193 ], [ 73.18567840743259, 17.383332640089289 ], [ 73.185113849924264, 17.383327508557723 ], [ 73.185116521810073, 17.383056469080824 ], [ 73.184269687795904, 17.383048769984782 ], [ 73.184267015010789, 17.383319808562366 ], [ 73.183984736706293, 17.383317241897259 ], [ 73.183982063021858, 17.383588281374159 ], [ 73.183699783818042, 17.383585713809676 ], [ 73.183691760966042, 17.384398831341063 ], [ 73.183974040169844, 17.384401398905482 ], [ 73.183976714753612, 17.384130359428582 ], [ 73.185105831568919, 17.384140626988366 ], [ 73.185108505253353, 17.383869588410846 ], [ 73.185390783557864, 17.383872153277309 ], [ 73.185388111672083, 17.384143192754212 ], [ 73.185670391775204, 17.384145759419315 ], [ 73.185667719889395, 17.384416797996895 ], [ 73.185949999992545, 17.384419362863355 ], [ 73.185947329006069, 17.384690402340251 ], [ 73.186511890111717, 17.384695531173861 ], [ 73.186514560198873, 17.384424491696958 ], [ 73.186796841201328, 17.384427055664162 ], [ 73.186794171114158, 17.384698095141001 ], [ 73.187076451217308, 17.384700658208885 ], [ 73.187073782029472, 17.384971697685728 ], [ 73.187356063031928, 17.384974260753609 ], [ 73.187353393844091, 17.385245301129775 ], [ 73.188200238650154, 17.38525298763534 ], [ 73.188202906938685, 17.384981948158444 ], [ 73.187920625936215, 17.384979385989936 ], [ 73.187923294224746, 17.384708347412356 ], [ 73.187641013222219, 17.384705784344529 ], [ 73.187643682410055, 17.384434744867637 ], [ 73.1873614014076, 17.384432181799809 ], [ 73.18736407059545, 17.384161142322913 ] ] ], [ [ [ 69.219067840908153, 21.955218911823351 ], [ 69.218777295136135, 21.955219299431178 ], [ 69.21877770972354, 21.955490335310795 ], [ 69.218487163951522, 21.955490722019249 ], [ 69.218487579438332, 21.955761758798186 ], [ 69.21819703096827, 21.95576214460732 ], [ 69.218197444656411, 21.956033181386253 ], [ 69.217906897985031, 21.956033567195448 ], [ 69.217907723562632, 21.956575639853952 ], [ 69.21761717509257, 21.956576024763763 ], [ 69.217617587881421, 21.956847062442019 ], [ 69.217327039411359, 21.956847445553191 ], [ 69.217327451300903, 21.957118483231447 ], [ 69.216746351662835, 21.957119250353173 ], [ 69.216747173643213, 21.957661323911001 ], [ 69.216166072206548, 21.957662089234077 ], [ 69.21616689238823, 21.958204161892578 ], [ 69.215585788253577, 21.958204926316341 ], [ 69.2155866057373, 21.958746998974846 ], [ 69.215296052770668, 21.958747380287431 ], [ 69.21529646106292, 21.959018416166991 ], [ 69.215005908096259, 21.959018796580267 ], [ 69.215006314589786, 21.959289833359151 ], [ 69.214715761623154, 21.959290213772416 ], [ 69.214716169016071, 21.959561250551303 ], [ 69.214425614250743, 21.959561630065249 ], [ 69.214426020744327, 21.95983266594482 ], [ 69.214135465979055, 21.959833044559396 ], [ 69.214136278066874, 21.96037511811727 ], [ 69.213845722402198, 21.960375496731842 ], [ 69.213846938285641, 21.961188606169291 ], [ 69.214137495748901, 21.961188227554707 ], [ 69.214137090154622, 21.960917190775774 ], [ 69.214427647617924, 21.960916812161202 ], [ 69.214426833731451, 21.960374740402017 ], [ 69.214717390295391, 21.960374359089425 ], [ 69.214716982902459, 21.960103323209864 ], [ 69.215007538567065, 21.960102942796592 ], [ 69.215007131174232, 21.959831906917039 ], [ 69.21529768593949, 21.9598315256045 ], [ 69.215297277647309, 21.959560489724872 ], [ 69.215587832412609, 21.959560108412347 ], [ 69.215587424120372, 21.959289071633407 ], [ 69.215877977986338, 21.959288690320871 ], [ 69.215877158703961, 21.958746617662314 ], [ 69.216167711670622, 21.958746234551136 ], [ 69.216167301579787, 21.958475198671518 ], [ 69.216457855445739, 21.958474815560347 ], [ 69.216457443556223, 21.958203779680726 ], [ 69.21674799562355, 21.958203396569555 ], [ 69.216747584633353, 21.957932359790615 ], [ 69.217038135801374, 21.957931976679443 ], [ 69.217037724811235, 21.95766093990051 ], [ 69.217618826247872, 21.957660170980141 ], [ 69.217618412559787, 21.957389135100527 ], [ 69.217908963727723, 21.957388749291407 ], [ 69.217908550039624, 21.957117713411776 ], [ 69.218199100308311, 21.957117327602646 ], [ 69.218198272032694, 21.956575254044761 ], [ 69.218488821402033, 21.956574868235631 ], [ 69.218488406814572, 21.956303830557374 ], [ 69.218778954385314, 21.95630344474824 ], [ 69.218778539797825, 21.956032408868627 ], [ 69.219069087368553, 21.956032021260796 ], [ 69.219067840908153, 21.955218911823351 ] ] ], [ [ [ 69.170897829171494, 22.005959966579265 ], [ 69.170316529884019, 22.005960572722298 ], [ 69.170317177395873, 22.006502643582163 ], [ 69.169735875410367, 22.006503246127977 ], [ 69.169736197367698, 22.006774282007537 ], [ 69.169445546374902, 22.00677458238113 ], [ 69.169445868332218, 22.007045618260747 ], [ 69.169155216440117, 22.007045918634276 ], [ 69.169155536598794, 22.007316953614577 ], [ 69.168574232814649, 22.007317552563048 ], [ 69.168574552973354, 22.007588588442676 ], [ 69.168283900181891, 22.007588887017562 ], [ 69.168285179917163, 22.008673028737341 ], [ 69.167994524427783, 22.008673327312238 ], [ 69.167995482205797, 22.009486434051727 ], [ 69.168286138594453, 22.009486134577507 ], [ 69.168285499176463, 22.008944064616909 ], [ 69.168576155565177, 22.008943766042023 ], [ 69.168575835406557, 22.008672730162409 ], [ 69.16886648999656, 22.00867243158752 ], [ 69.168866168938607, 22.008401395707889 ], [ 69.169156824427944, 22.008401096233623 ], [ 69.169156501571365, 22.008130060354059 ], [ 69.169447157060688, 22.0081297608798 ], [ 69.169446512246779, 22.007587689120612 ], [ 69.169737165937534, 22.007587388747027 ], [ 69.169736843080884, 22.007316352867463 ], [ 69.170027495872318, 22.007316051594547 ], [ 69.170027172116363, 22.007045016614249 ], [ 69.170317824907741, 22.007044714442088 ], [ 69.170317501151843, 22.006773678562467 ], [ 69.170608152144553, 22.006773377289559 ], [ 69.170607826589944, 22.006502341409998 ], [ 69.170898477582725, 22.006502039237773 ], [ 69.170897829171494, 22.005959966579265 ] ] ], [ [ [ 69.163641226561438, 22.014369482965318 ], [ 69.163059892200309, 22.014370062128702 ], [ 69.163060201567092, 22.014641098008322 ], [ 69.162478867206005, 22.014641673574427 ], [ 69.162479175673468, 22.014912710353371 ], [ 69.161897840413076, 22.014913285020157 ], [ 69.161898147981219, 22.015184320899724 ], [ 69.161607479001972, 22.01518460778345 ], [ 69.16160778567081, 22.015455642763751 ], [ 69.16131711669162, 22.015455929647484 ], [ 69.161317423360458, 22.015726964627788 ], [ 69.161026752582657, 22.015727250612198 ], [ 69.161027365920233, 22.016269320572743 ], [ 69.160736695142432, 22.016269606557156 ], [ 69.160737306681426, 22.016811677417024 ], [ 69.160446634104915, 22.016811963401437 ], [ 69.160446939874419, 22.017082996583095 ], [ 69.160156267297964, 22.017083282567505 ], [ 69.160156571268828, 22.017354318447065 ], [ 69.159865898692331, 22.01735460173353 ], [ 69.159866202663181, 22.017625636713827 ], [ 69.159575528288045, 22.017625920000292 ], [ 69.159575832258895, 22.017896954980529 ], [ 69.159285157883801, 22.017897238266983 ], [ 69.159285764026833, 22.018439309126848 ], [ 69.1589950878531, 22.018439592413294 ], [ 69.158995390924588, 22.018710625594967 ], [ 69.159576742372792, 22.018710061720011 ], [ 69.159576135330425, 22.018167990860146 ], [ 69.160157484980004, 22.018167423387922 ], [ 69.160157181009126, 22.017896388407621 ], [ 69.160447855384277, 22.017896104221901 ], [ 69.160447549614787, 22.017625068342284 ], [ 69.160738223989867, 22.017624784156503 ], [ 69.160737918220377, 22.017353748276889 ], [ 69.161028590796889, 22.017353463191792 ], [ 69.161028285027371, 22.017082428211548 ], [ 69.161318957603825, 22.017082142227132 ], [ 69.161318344266263, 22.016540071367274 ], [ 69.161609015044064, 22.016539783584221 ], [ 69.161608708375255, 22.016268750402556 ], [ 69.161899379153041, 22.016268462619507 ], [ 69.161899071584969, 22.015997427639203 ], [ 69.162189740564131, 22.015997139856147 ], [ 69.162189432995987, 22.015726103976583 ], [ 69.162480102874511, 22.015725816193534 ], [ 69.16247979440702, 22.01545478121324 ], [ 69.162770463386209, 22.015454493430184 ], [ 69.162770154019427, 22.015183457550563 ], [ 69.163060822099339, 22.015183168868191 ], [ 69.163060512732542, 22.014912132988567 ], [ 69.163351180812413, 22.014911843406878 ], [ 69.16335086964699, 22.014640808426638 ], [ 69.163641537726846, 22.014640517945619 ], [ 69.163641226561438, 22.014369482965318 ] ] ] ] } },
{ "type": "Feature", "properties": { "receptor_type": "coral_reef", "source": "UNEP-WCMC Global Distribution of Coral Reefs 2018 v4.1", "source_year": 2018, "sensitivity_tier": "high", "protection_status": false, "ORIG_NAME": "Not Reported" }, "geometry": { "type": "MultiPolygon", "coordinates": [ [ [ [ 71.442872026822613, 20.872272321810279 ], [ 71.442583875945161, 20.872276438007251 ], [ 71.442588255643557, 20.872547264344799 ], [ 71.442876407420314, 20.872543148147823 ], [ 71.442872026822613, 20.872272321810279 ] ] ], [ [ [ 71.45539895429836, 20.880490382425254 ], [ 71.455110789931041, 20.880494521105334 ], [ 71.455115193911126, 20.88076534474493 ], [ 71.455119597891226, 20.881036166585886 ], [ 71.45540776225846, 20.881032028805123 ], [ 71.45539895429836, 20.880490382425254 ] ] ] ] } },
{ "type": "Feature", "properties": { "receptor_type": "coral_reef", "source": "UNEP-WCMC Global Distribution of Coral Reefs 2018 v4.1", "source_year": 2018, "sensitivity_tier": "high", "protection_status": false, "ORIG_NAME": "Not Reported" }, "geometry": { "type": "MultiPolygon", "coordinates": [ [ [ [ 71.477450329968804, 20.889382230405658 ], [ 71.477162153910342, 20.889386408655863 ], [ 71.477157708561435, 20.889115590412242 ], [ 71.476581357343818, 20.889123944214703 ], [ 71.476576912894245, 20.888853125971028 ], [ 71.476288737735103, 20.888857302422593 ], [ 71.476284294184907, 20.888586483279646 ], [ 71.475707943866553, 20.888594834384154 ], [ 71.475712387416806, 20.888865652627828 ], [ 71.474847860140699, 20.888878175687296 ], [ 71.474843418389128, 20.888607357443618 ], [ 71.474267068070773, 20.888615703152247 ], [ 71.474262628117856, 20.888344884009253 ], [ 71.473686278698835, 20.888353227919197 ], [ 71.473681839645238, 20.888082408776196 ], [ 71.47310549022626, 20.888090750887503 ], [ 71.473101052971288, 20.887819931744502 ], [ 71.47281287871148, 20.887824101900833 ], [ 71.472808440557117, 20.887553282757828 ], [ 71.472520268095934, 20.887557452014846 ], [ 71.472515830840962, 20.887286632871838 ], [ 71.472227658379779, 20.887290802128856 ], [ 71.472223222024127, 20.887019982086546 ], [ 71.471358703741259, 20.887032486260292 ], [ 71.471354269184246, 20.886761667117295 ], [ 71.47020157844014, 20.886778331554808 ], [ 71.470206011198513, 20.887049151597122 ], [ 71.470494183659696, 20.887044986836713 ], [ 71.470498617317389, 20.887315805979711 ], [ 71.470786790677877, 20.887311640319982 ], [ 71.470791224335571, 20.887582458563656 ], [ 71.471079398595407, 20.887578292903932 ], [ 71.471083832253086, 20.887849112946238 ], [ 71.471660181672121, 20.887840778029556 ], [ 71.47166461622912, 20.888111597172497 ], [ 71.471952791388276, 20.888107428814855 ], [ 71.471957226844609, 20.888378247957803 ], [ 71.47224540290307, 20.888374079600165 ], [ 71.472249838359389, 20.888644898743106 ], [ 71.47253801441785, 20.888640728586779 ], [ 71.472542451672837, 20.888911548629096 ], [ 71.473118803789831, 20.888903208316435 ], [ 71.473123241944108, 20.889174026560113 ], [ 71.474564124934489, 20.889153167684583 ], [ 71.474568564887406, 20.889423986827587 ], [ 71.476873977851881, 20.889390586006812 ], [ 71.476882867650261, 20.889932221594798 ], [ 71.477171044608113, 20.889928045143222 ], [ 71.477175489956949, 20.8901988633869 ], [ 71.47746366781405, 20.890194685136635 ], [ 71.477450329968804, 20.889382230405658 ] ] ], [ [ [ 71.482496354922887, 20.898248099670127 ], [ 71.482208163575919, 20.898252286913539 ], [ 71.48220370743519, 20.897981469569228 ], [ 71.481339131595703, 20.897994031299564 ], [ 71.481348042078537, 20.89853566598822 ], [ 71.481924426571084, 20.898527292400676 ], [ 71.481933338852556, 20.899068926190068 ], [ 71.481645145706977, 20.899073113433477 ], [ 71.481654057089131, 20.899614747222866 ], [ 71.48223044607829, 20.899606372735946 ], [ 71.482234903118368, 20.899877189180984 ], [ 71.482523098062586, 20.899873001038202 ], [ 71.482496354922887, 20.898248099670127 ] ] ] ] } },
{ "type": "Feature", "properties": { "receptor_type": "coral_reef", "source": "UNEP-WCMC Global Distribution of Coral Reefs 2018 v4.1", "source_year": 2018, "sensitivity_tier": "high", "protection_status": false, "ORIG_NAME": "Not Reported" }, "geometry": { "type": "MultiPolygon", "coordinates": [ [ [ [ 71.446107474580344, 20.87628938834467 ], [ 71.445819317407654, 20.876293510836891 ], [ 71.445823703401231, 20.876564336275116 ], [ 71.446111862372618, 20.876560213782906 ], [ 71.446107474580344, 20.87628938834467 ] ] ], [ [ [ 70.323625249405765, 20.926187047194507 ], [ 70.323048367588186, 20.926191520422378 ], [ 70.323050747194245, 20.926462519429776 ], [ 70.323627629011924, 20.926458046201898 ], [ 70.323625249405765, 20.926187047194507 ] ] ] ] } },
{ "type": "Feature", "properties": { "receptor_type": "coral_reef", "source": "UNEP-WCMC Global Distribution of Coral Reefs 2018 v4.1", "source_year": 2018, "sensitivity_tier": "high", "protection_status": false, "ORIG_NAME": "Not Reported" }, "geometry": { "type": "MultiPolygon", "coordinates": [ [ [ [ 70.337984657066315, 20.919028678430831 ], [ 70.337982251379842, 20.918757680322756 ], [ 70.338559099922563, 20.918753159430828 ], [ 70.338556693336784, 20.918482161322743 ], [ 70.339133540980185, 20.918477638632165 ], [ 70.339131132595767, 20.91820664142341 ], [ 70.339996402711847, 20.918199853340585 ], [ 70.339993993428081, 20.917928856131883 ], [ 70.340570838373537, 20.91792432894465 ], [ 70.340568429089771, 20.917653330836572 ], [ 70.341145272236588, 20.917648801850756 ], [ 70.341142861154196, 20.917377804642001 ], [ 70.339412334411747, 20.917391386203576 ], [ 70.339414740997526, 20.917662384311651 ], [ 70.338837896951404, 20.917666907901548 ], [ 70.338840304436545, 20.917937905110307 ], [ 70.338551881064532, 20.917940166005899 ], [ 70.338554287650311, 20.918211164113984 ], [ 70.337977440906229, 20.918215685005919 ], [ 70.337979846592702, 20.918486682214681 ], [ 70.337691422321313, 20.918488942210956 ], [ 70.337693827108467, 20.918759940319038 ], [ 70.337405402837135, 20.918762199416001 ], [ 70.337407807624274, 20.919033196624753 ], [ 70.337984657066315, 20.919028678430831 ] ] ] ] } },
{ "type": "Feature", "properties": { "receptor_type": "coral_reef", "source": "UNEP-WCMC Global Distribution of Coral Reefs 2018 v4.1", "source_year": 2018, "sensitivity_tier": "high", "protection_status": false, "ORIG_NAME": "Not Reported" }, "geometry": { "type": "MultiPolygon", "coordinates": [ [ [ [ 70.261975520753708, 20.970288434263864 ], [ 70.26139845727306, 20.970292706942924 ], [ 70.261400730759192, 20.970563711346255 ], [ 70.261112198569137, 20.9705658463368 ], [ 70.261114472055297, 20.970836850740113 ], [ 70.260825938965993, 20.970838985730662 ], [ 70.260828211552806, 20.971109990133989 ], [ 70.260251145374141, 20.971114259215764 ], [ 70.260253417061605, 20.971385263619087 ], [ 70.259964883072939, 20.971387396810933 ], [ 70.259967153861126, 20.971658401214313 ], [ 70.260544222737735, 20.971654133931168 ], [ 70.260541951050243, 20.971383130427167 ], [ 70.261119018128213, 20.971378860446123 ], [ 70.261116746440734, 20.97110785514343 ], [ 70.261693811720079, 20.971103584263059 ], [ 70.261691537334613, 20.970832579859749 ], [ 70.261980070424002, 20.970830443070554 ], [ 70.261975520753708, 20.970288434263864 ] ] ], [ [ [ 70.109133675978384, 21.099820085428625 ], [ 70.108844877589092, 21.099821974004957 ], [ 70.10884689117114, 21.100092989200164 ], [ 70.108558092781834, 21.100094876877108 ], [ 70.108560104565228, 21.100365892971634 ], [ 70.10827130617588, 21.100367780648583 ], [ 70.108273317959288, 21.100638795843793 ], [ 70.108850915637277, 21.100635019590531 ], [ 70.108848902954534, 21.100364004395313 ], [ 70.109137701343911, 21.100362115819046 ], [ 70.109133675978384, 21.099820085428625 ] ] ], [ [ [ 69.584730948274682, 21.637215175739811 ], [ 69.583861270581224, 21.637218233434794 ], [ 69.583862360559536, 21.637489268415038 ], [ 69.583572468594568, 21.637490286447587 ], [ 69.583573556774283, 21.637761321427892 ], [ 69.583574645853275, 21.638032356408186 ], [ 69.583864539616854, 21.638031336576944 ], [ 69.583863451437196, 21.637760301596703 ], [ 69.584443237165729, 21.637758264632279 ], [ 69.584442147187431, 21.637487229651981 ], [ 69.584732039152357, 21.637486209820793 ], [ 69.584730948274682, 21.637215175739811 ] ] ], [ [ [ 69.582995945606442, 21.638305425654949 ], [ 69.582706050943557, 21.638306441888858 ], [ 69.582416157179964, 21.638307458122757 ], [ 69.582417243561011, 21.638578493103012 ], [ 69.582997033786114, 21.638576459735873 ], [ 69.582995945606442, 21.638305425654949 ] ] ], [ [ [ 69.289248809185253, 21.890332470966818 ], [ 69.286925508705352, 21.890336535003144 ], [ 69.286926050996485, 21.8906075726814 ], [ 69.286345224752395, 21.890608584418718 ], [ 69.286345766144237, 21.890879621197598 ], [ 69.285764939000771, 21.890880630236946 ], [ 69.28576547859403, 21.891151667015883 ], [ 69.285475064122977, 21.891152170636186 ], [ 69.285476143309438, 21.891694245093394 ], [ 69.285185727939037, 21.891694748713757 ], [ 69.285186806226179, 21.892236823170887 ], [ 69.284896389956472, 21.89223732589193 ], [ 69.28489854383281, 21.893321474806271 ], [ 69.284899081627358, 21.893592511585215 ], [ 69.285189500595038, 21.893592008864168 ], [ 69.285188423207217, 21.893049934406971 ], [ 69.285478841275562, 21.893049431685998 ], [ 69.285478301682346, 21.892778394007731 ], [ 69.28576871885133, 21.892777890387375 ], [ 69.285768179258127, 21.892506853608438 ], [ 69.286058596427168, 21.892506349088755 ], [ 69.286058055035241, 21.892235311410559 ], [ 69.286638887574668, 21.892234300572561 ], [ 69.286638346182784, 21.891963264692944 ], [ 69.286928761553156, 21.891962758374632 ], [ 69.286928220161315, 21.891691721595748 ], [ 69.287218636430978, 21.891691215277433 ], [ 69.287218092341149, 21.891420177599173 ], [ 69.287798922182574, 21.891419164063226 ], [ 69.287798378092702, 21.891148126384959 ], [ 69.288088792563769, 21.891147618268011 ], [ 69.288088247574649, 21.890876580589744 ], [ 69.288669074718086, 21.890875564355827 ], [ 69.288668529728909, 21.890604526677631 ], [ 69.289249355973084, 21.890603507745706 ], [ 69.289248809185253, 21.890332470966818 ] ] ], [ [ [ 69.186861192989738, 21.988867280900365 ], [ 69.187442422130118, 21.988866617200699 ], [ 69.18744206599861, 21.988595581321086 ], [ 69.187151451878037, 21.988595913170911 ], [ 69.18715109664582, 21.988324877291287 ], [ 69.187732323987618, 21.988324213591621 ], [ 69.18773268011914, 21.988595248571926 ], [ 69.188023295139018, 21.988594916722096 ], [ 69.188022580177972, 21.988052844962855 ], [ 69.18831319339921, 21.988052511314379 ], [ 69.188312836368354, 21.987781475434815 ], [ 69.188603448690287, 21.987781141786343 ], [ 69.188603090760054, 21.987510105906711 ], [ 69.188893702182668, 21.98750977135893 ], [ 69.188893343353172, 21.987238734579989 ], [ 69.189183954775729, 21.987238400931524 ], [ 69.189183595946233, 21.986967364152576 ], [ 69.189474205570207, 21.986967029604788 ], [ 69.18947312728308, 21.986153921066659 ], [ 69.189763736007649, 21.986153585619547 ], [ 69.189763376278847, 21.985882549739927 ], [ 69.190053985003502, 21.985882213393495 ], [ 69.19005362257667, 21.98561117841319 ], [ 69.190925447851214, 21.985610164877247 ], [ 69.190925085424396, 21.985339128997669 ], [ 69.191506300175647, 21.985338451808161 ], [ 69.191505209298029, 21.984525344169359 ], [ 69.191795815324667, 21.984525004225588 ], [ 69.191795451099267, 21.984253968346028 ], [ 69.192086056226572, 21.984253628402257 ], [ 69.192085691101795, 21.983982593422009 ], [ 69.192666901356475, 21.983981910836569 ], [ 69.192666535332435, 21.983710874956955 ], [ 69.192957139560392, 21.983710533214602 ], [ 69.192956772636975, 21.983439497334981 ], [ 69.193828584421681, 21.983438470309185 ], [ 69.193828215699639, 21.983167434429618 ], [ 69.191793994197553, 21.983169823928279 ], [ 69.191794358422953, 21.983440859807896 ], [ 69.191503755094288, 21.983441199751603 ], [ 69.191504118420369, 21.983712235631224 ], [ 69.191213514192384, 21.983712574675621 ], [ 69.191214240844602, 21.984254646434859 ], [ 69.19063302969063, 21.984255322725005 ], [ 69.190633392117434, 21.984526358604622 ], [ 69.190342786090753, 21.98452669585037 ], [ 69.19034314761825, 21.984797732629321 ], [ 69.19005254069225, 21.984798068975749 ], [ 69.190052902219691, 21.985069104855366 ], [ 69.189762295293761, 21.985069441201794 ], [ 69.189762655022548, 21.985340477081419 ], [ 69.189472048096604, 21.985340813427854 ], [ 69.189472407825406, 21.985611849307475 ], [ 69.188891191275488, 21.985612519302371 ], [ 69.188891550104969, 21.985883555182003 ], [ 69.188310332655746, 21.985884223378264 ], [ 69.188310690585979, 21.986155259257888 ], [ 69.188020080962005, 21.986155592906353 ], [ 69.188020437992861, 21.986426628785921 ], [ 69.187729828368944, 21.986426962434397 ], [ 69.187730185399786, 21.986697997414687 ], [ 69.187439574876521, 21.986698329264527 ], [ 69.187439931008058, 21.986969366043468 ], [ 69.187149319585501, 21.986969696993977 ], [ 69.187149674817704, 21.987240733772914 ], [ 69.186859063395104, 21.987241064723431 ], [ 69.18685977296019, 21.987783135583292 ], [ 69.186569160638328, 21.987783467433129 ], [ 69.186570223636963, 21.988596575071938 ], [ 69.186279610415738, 21.988596905123121 ], [ 69.186279962949996, 21.988867941002752 ], [ 69.186570577969874, 21.988867610951559 ], [ 69.186570932302729, 21.989138646831119 ], [ 69.186861547322636, 21.989138316779929 ], [ 69.186861192989738, 21.988867280900365 ] ] ], [ [ [ 69.163931581677218, 22.014098156604689 ], [ 69.163640915396002, 22.014098447085701 ], [ 69.163641226561438, 22.014369482965318 ], [ 69.163931893741946, 22.014369191584983 ], [ 69.163931581677218, 22.014098156604689 ] ] ], [ [ [ 69.158705620368153, 22.019524014721529 ], [ 69.15812426532267, 22.019524575898522 ], [ 69.158124565696198, 22.019795611778136 ], [ 69.157833887723768, 22.019795890567934 ], [ 69.15783448757162, 22.020337962327172 ], [ 69.157543808699884, 22.020338242016287 ], [ 69.157544407648345, 22.020880312876216 ], [ 69.15725372787729, 22.020880591666014 ], [ 69.157254325926431, 22.021422663425248 ], [ 69.15754500659682, 22.021422383736081 ], [ 69.157544708021916, 22.021151347856456 ], [ 69.157835388692263, 22.021151068167285 ], [ 69.157835088318734, 22.020880033187041 ], [ 69.158125768989123, 22.020879752598546 ], [ 69.158124866069784, 22.020066646758377 ], [ 69.158706223813212, 22.020066084682128 ], [ 69.158705620368153, 22.019524014721529 ] ] ] ] } },
{ "type": "Feature", "properties": { "receptor_type": "coral_reef", "source": "UNEP-WCMC Global Distribution of Coral Reefs 2018 v4.1", "source_year": 2018, "sensitivity_tier": "high", "protection_status": false, "ORIG_NAME": "Not Reported" }, "geometry": { "type": "MultiPolygon", "coordinates": [ [ [ [ 69.454050478846554, 21.750105539738911 ], [ 69.454049626289304, 21.749834502959963 ], [ 69.453759503198569, 21.749835297960654 ], [ 69.453760354856556, 21.750106334739598 ], [ 69.45318010597714, 21.750107924740963 ], [ 69.453180955836515, 21.750378962419234 ], [ 69.45289083184646, 21.750379755621275 ], [ 69.452891680806488, 21.750650792400226 ], [ 69.452601555917099, 21.75065158740092 ], [ 69.452602404877155, 21.750922623280466 ], [ 69.45231227908846, 21.750923415583202 ], [ 69.452313977008487, 21.751465489141079 ], [ 69.452604103696501, 21.751464695939038 ], [ 69.452603254736459, 21.751193660059414 ], [ 69.452893381424474, 21.751192865958046 ], [ 69.452892530665778, 21.750921829179106 ], [ 69.453182657353793, 21.750921035077745 ], [ 69.453181806595182, 21.750649998298861 ], [ 69.45347193238382, 21.750649203298167 ], [ 69.453471080725876, 21.75037816741855 ], [ 69.454341455393902, 21.750375779718524 ], [ 69.454340602836623, 21.750104742939584 ], [ 69.454050478846554, 21.750105539738911 ] ] ] ] } },
{ "type": "Feature", "properties": { "receptor_type": "coral_reef", "source": "UNEP-WCMC Global Distribution of Coral Reefs 2018 v4.1", "source_year": 2018, "sensitivity_tier": "high", "protection_status": false, "ORIG_NAME": "Not Reported" }, "geometry": { "type": "MultiPolygon", "coordinates": [ [ [ [ 69.374088073905554, 22.400195273692987 ], [ 69.374168922058161, 22.400112291449144 ], [ 69.374294686850376, 22.399970730065199 ], [ 69.374402484087454, 22.399824288959788 ], [ 69.374501298895908, 22.399668085713635 ], [ 69.374600113704332, 22.399504559288001 ], [ 69.374680961856939, 22.399336153141004 ], [ 69.374752827581005, 22.399160423814575 ], [ 69.374815709077765, 22.398982254627409 ], [ 69.374869608145971, 22.398799204819511 ], [ 69.374905540558302, 22.398611272592234 ], [ 69.374932491441385, 22.398423342163536 ], [ 69.374950457197883, 22.398230529315519 ], [ 69.37495943962648, 22.398040158126825 ], [ 69.374950457197883, 22.397849786938192 ], [ 69.374932491441371, 22.397656975888754 ], [ 69.374905540558302, 22.397473926980179 ], [ 69.370153452719705, 22.37122475431903 ], [ 69.370117520307375, 22.371031979242499 ], [ 69.370063621239183, 22.3708489654075 ], [ 69.370000739742409, 22.370670831293861 ], [ 69.369928874018385, 22.370495137940335 ], [ 69.36984802586575, 22.370326765068224 ], [ 69.369749211057282, 22.37016327281685 ], [ 69.369650396248858, 22.370007101946264 ], [ 69.369542599011751, 22.369860691417834 ], [ 69.369416834219578, 22.369719162409467 ], [ 69.36929107032671, 22.369589832704662 ], [ 69.369156323105855, 22.369467822582013 ], [ 69.369012592557183, 22.369355576398789 ], [ 69.368859879579816, 22.369255530418457 ], [ 69.368707165703199, 22.369165243880953 ], [ 69.368635299979189, 22.369131081334388 ], [ 69.359077226133138, 22.36435576670533 ], [ 69.358987393753281, 22.364309405754508 ], [ 69.358816714120096, 22.364243523220072 ], [ 69.358655017814897, 22.364187401927094 ], [ 69.358529253022638, 22.364153240279848 ], [ 69.317979301303751, 22.354593345306679 ], [ 69.31775472260243, 22.354551866775292 ], [ 69.317584042969258, 22.354534787750307 ], [ 69.317404380008227, 22.354527468168151 ], [ 69.317224717047111, 22.354534787750307 ], [ 69.317054037413925, 22.354551866775292 ], [ 69.31687437355356, 22.354583585863843 ], [ 69.316703693920374, 22.354627504255976 ], [ 69.316541996715841, 22.354683621951661 ], [ 69.316371317082655, 22.354749499989502 ], [ 69.316209620777443, 22.354830017191603 ], [ 69.316056906900755, 22.354920293836528 ], [ 69.315904193024153, 22.35502033082366 ], [ 69.315760461576076, 22.355132567114307 ], [ 69.315625715254612, 22.355254562847847 ], [ 69.315580800413684, 22.355300922000023 ], [ 69.296473633351582, 22.374411687249616 ], [ 69.279764968978213, 22.391111304443204 ], [ 69.279684120825536, 22.39119428219044 ], [ 69.279558356932668, 22.391335833681804 ], [ 69.279450558796327, 22.391482266693281 ], [ 69.279351743987831, 22.39163846094624 ], [ 69.279252929179378, 22.39180197837862 ], [ 69.279172081026786, 22.3919703764318 ], [ 69.279100216202096, 22.392146095865655 ], [ 69.27903733380596, 22.39232425605962 ], [ 69.278983434737768, 22.39250729867296 ], [ 69.278947502325423, 22.392695221906987 ], [ 69.278920553240994, 22.392883145141063 ], [ 69.278902586585161, 22.393075950794518 ], [ 69.278893603257259, 22.393266314788658 ], [ 69.278902586585147, 22.393456679682057 ], [ 69.278920553240994, 22.393649485335509 ], [ 69.278938518997506, 22.393791040424219 ], [ 69.28134600411488, 22.408135070577089 ], [ 69.281381937426559, 22.408323013596259 ], [ 69.281435835595389, 22.40850607689395 ], [ 69.281498717991497, 22.408684257772332 ], [ 69.281570582816187, 22.408859998789975 ], [ 69.281651430968765, 22.409028416628189 ], [ 69.281750245777289, 22.409191953845664 ], [ 69.281849060585714, 22.409348167883692 ], [ 69.281956858722069, 22.409494618881581 ], [ 69.282082622615022, 22.40963618835945 ], [ 69.282208387407195, 22.409765554037165 ], [ 69.282343133728716, 22.409887597434704 ], [ 69.282486864277416, 22.409999875993538 ], [ 69.28263957815409, 22.410099951651489 ], [ 69.282792292030706, 22.410190263369998 ], [ 69.282953988335962, 22.410270812048388 ], [ 69.283124667969105, 22.410336715267245 ], [ 69.283286365173694, 22.410392855445988 ], [ 69.283457044806809, 22.410436790925182 ], [ 69.283636707767911, 22.410468522604276 ], [ 69.283807388300389, 22.410485608823819 ], [ 69.283987051261462, 22.410492931103928 ], [ 69.32424055855499, 22.410492931103928 ], [ 69.343024331207971, 22.41520388844873 ], [ 69.343096196931967, 22.415223415428329 ], [ 69.343275859893083, 22.415255148006743 ], [ 69.343446540425518, 22.415272234226279 ], [ 69.343626201587995, 22.415279557405714 ], [ 69.357954331727058, 22.415279557405714 ], [ 69.358133994688146, 22.415272234226279 ], [ 69.358304674321346, 22.415255148006743 ], [ 69.358484337282391, 22.415223415428329 ], [ 69.358655017814897, 22.415179478150439 ], [ 69.358816714120096, 22.415123336173053 ], [ 69.35898739375331, 22.41505743115556 ], [ 69.359149090957828, 22.4149768797792 ], [ 69.359301804834502, 22.414886563564082 ], [ 69.359454517811798, 22.414786486107516 ], [ 69.359598248360555, 22.414674202152749 ], [ 69.359732995581339, 22.414552155157871 ], [ 69.359777911321601, 22.414505778019304 ], [ 69.374088073905554, 22.400195273692987 ] ], [ [ 69.318203880005115, 22.360639575556032 ], [ 69.357091949334063, 22.369809448047643 ], [ 69.365131870439541, 22.373826028048832 ], [ 69.369327002739055, 22.396995561396064 ], [ 69.356903303045044, 22.409421393382672 ], [ 69.343931630240618, 22.409421393382672 ], [ 69.325147857587638, 22.404710627593431 ], [ 69.325075991863571, 22.404691102412468 ], [ 69.324896328902511, 22.40465937163275 ], [ 69.32472564926934, 22.404642286312537 ], [ 69.324545986308294, 22.404634964032422 ], [ 69.286232839174261, 22.404634964032422 ], [ 69.284508074388157, 22.394327968960624 ], [ 69.30012079343993, 22.378721235796434 ], [ 69.318203880005115, 22.360639575556032 ] ] ], [ [ [ 69.495432503107551, 22.441058348663894 ], [ 69.4952528392472, 22.441065672742631 ], [ 69.495082159614014, 22.44108276255951 ], [ 69.494902496652983, 22.441114501433159 ], [ 69.494731817019783, 22.441158445905614 ], [ 69.494570119815251, 22.44121459777551 ], [ 69.494399440182065, 22.441280516282852 ], [ 69.494237742977532, 22.441361082048331 ], [ 69.494085030000178, 22.441451413551931 ], [ 69.493932316123562, 22.441551511692971 ], [ 69.493788585574791, 22.441663816332092 ], [ 69.493653838354035, 22.441785886709336 ], [ 69.493528073561762, 22.441915281165333 ], [ 69.493402310568229, 22.442056883018772 ], [ 69.493294512431859, 22.442203367291597 ], [ 69.493195697623378, 22.442359618201859 ], [ 69.493096882814939, 22.442523193190876 ], [ 69.493016034662318, 22.442691650599269 ], [ 69.492944168938322, 22.442867433884995 ], [ 69.492881287441477, 22.443045657930835 ], [ 69.492827388373314, 22.443228765295313 ], [ 69.492791455960969, 22.443416755978543 ], [ 69.49276450597722, 22.44360474666178 ], [ 69.492746540220722, 22.443797620663691 ], [ 69.492737556892791, 22.443988053006308 ], [ 69.492746540220722, 22.444178485348857 ], [ 69.49276450597722, 22.444371360250098 ], [ 69.492791455960969, 22.444559351832645 ], [ 69.492827388373328, 22.444747344314511 ], [ 69.492881287441492, 22.444930454377008 ], [ 69.492944168938322, 22.445108681120807 ], [ 69.492998068006514, 22.445299115261999 ], [ 69.493096882814925, 22.445455368870235 ], [ 69.493213664279267, 22.445645803910793 ], [ 69.493258580019543, 22.445706840898026 ], [ 69.49330349575979, 22.445780085282763 ], [ 69.493348412399371, 22.445853329667496 ], [ 69.493456208737086, 22.445999818436913 ], [ 69.493581974428636, 22.446141423887628 ], [ 69.493707737422199, 22.446270822840226 ], [ 69.493842484642983, 22.446392896814807 ], [ 69.49398621519174, 22.446505205051217 ], [ 69.494138929068356, 22.446605306789532 ], [ 69.49429164204571, 22.446695641890415 ], [ 69.494453339250242, 22.446776211253223 ], [ 69.494615035555512, 22.446842131559144 ], [ 69.494785716087961, 22.446905610205814 ], [ 69.49494741239323, 22.446966647193054 ], [ 69.495136058682192, 22.446973972171115 ], [ 69.495306738315364, 22.446991062887321 ], [ 69.495486401276466, 22.446998386966015 ], [ 69.495666064237511, 22.446991062887321 ], [ 69.495836744770045, 22.446973972171115 ], [ 69.496016407731062, 22.44694223239815 ], [ 69.496187087364262, 22.44689828522775 ], [ 69.496348784568781, 22.446842131559144 ], [ 69.496519464201995, 22.446776211253223 ], [ 69.496681161406528, 22.446695641890415 ], [ 69.496833874383867, 22.446605306789532 ], [ 69.496986588260484, 22.446505205051217 ], [ 69.497130318809241, 22.446392896814807 ], [ 69.497265066030025, 22.446270822840226 ], [ 69.497390829922878, 22.446141423887628 ], [ 69.497516593815803, 22.445999818436913 ], [ 69.497624391952158, 22.445853329667496 ], [ 69.497723206760668, 22.445697075159959 ], [ 69.497822021569107, 22.445533496573653 ], [ 69.497902869721699, 22.445365034668658 ], [ 69.497974735445723, 22.445189248684922 ], [ 69.498037616942483, 22.445011021941184 ], [ 69.498091516010732, 22.44482791277801 ], [ 69.498127448423062, 22.444639920296137 ], [ 69.498154398406825, 22.44445192871359 ], [ 69.498172364163324, 22.444259053812338 ], [ 69.498181346591934, 22.444068620570409 ], [ 69.498172364163338, 22.44387818822787 ], [ 69.498154398406825, 22.443685314225942 ], [ 69.498127448423077, 22.443497324442031 ], [ 69.498091516010746, 22.443309332859485 ], [ 69.498037616942497, 22.443126224595623 ], [ 69.497974735445723, 22.442948001449164 ], [ 69.497902869721699, 22.442772218163373 ], [ 69.497822021569107, 22.442603759855672 ], [ 69.497723206760668, 22.442440184866712 ], [ 69.497669307692433, 22.442344970044356 ], [ 69.49761540862427, 22.442264403379564 ], [ 69.49757049288398, 22.442203367291597 ], [ 69.497462695646945, 22.442056883018772 ], [ 69.497336930854686, 22.441915281165333 ], [ 69.497211166961847, 22.441785886709336 ], [ 69.497076419740992, 22.441663816332092 ], [ 69.496932689192306, 22.441551511692971 ], [ 69.496779975315675, 22.441451413551931 ], [ 69.496627262338336, 22.441361082048331 ], [ 69.496465565133803, 22.441280516282852 ], [ 69.496294886399923, 22.44121459777551 ], [ 69.496133188296085, 22.441158445905614 ], [ 69.495962508662899, 22.441114501433159 ], [ 69.495782845701783, 22.44108276255951 ], [ 69.495612166068668, 22.441065672742631 ], [ 69.495432503107551, 22.441058348663894 ] ] ], [ [ [ 69.13620520330754, 22.515809147274354 ], [ 69.136025540346452, 22.515816474950388 ], [ 69.135854860713323, 22.51583357376046 ], [ 69.135675197752207, 22.515865328821917 ], [ 69.135504518119106, 22.515909297576055 ], [ 69.135342820914516, 22.515965479123619 ], [ 69.135172141281387, 22.516031431805175 ], [ 69.135010444076784, 22.516112040738161 ], [ 69.134857731099487, 22.516202419905817 ], [ 69.134705017222814, 22.516302570207472 ], [ 69.134561286674113, 22.516414934201915 ], [ 69.134426538553953, 22.516537068431031 ], [ 69.134300775560405, 22.516666532134817 ], [ 69.134175010768146, 22.516808208631968 ], [ 69.134067214430445, 22.516954770246514 ], [ 69.133968398722686, 22.517111102995045 ], [ 69.133842634829762, 22.517262552424878 ], [ 69.133779752433668, 22.517438427441508 ], [ 69.133698904281076, 22.517653385195612 ], [ 69.13364500521287, 22.517795062592139 ], [ 69.133582122816776, 22.517973381066728 ], [ 69.133519241319945, 22.518151700440679 ], [ 69.133519241319945, 22.518439941250335 ], [ 69.1333395783589, 22.518686657663178 ], [ 69.133123982086147, 22.518977342830162 ], [ 69.133025167277708, 22.519133678276663 ], [ 69.132926351569949, 22.519297341399234 ], [ 69.132845504316606, 22.51946589143779 ], [ 69.13277363859261, 22.519641769152368 ], [ 69.132710757095822, 22.519820089425647 ], [ 69.13265685802763, 22.520003296614899 ], [ 69.132620925615299, 22.520191388921482 ], [ 69.13259397743019, 22.520379481228126 ], [ 69.132576009875038, 22.520572459551428 ], [ 69.132567027446456, 22.520762995316034 ], [ 69.132576009875038, 22.520953531080632 ], [ 69.132593977430176, 22.52114651030325 ], [ 69.132620925615299, 22.521334604408537 ], [ 69.132656858027644, 22.521522699413087 ], [ 69.132710757095822, 22.521705908400971 ], [ 69.132773638592596, 22.521884229573562 ], [ 69.132845504316606, 22.522060111784747 ], [ 69.132926351569949, 22.522228665420638 ], [ 69.133025167277694, 22.522392331241118 ], [ 69.133123982086161, 22.522548670284952 ], [ 69.133231780222545, 22.522695238194721 ], [ 69.133357544115427, 22.522836920987174 ], [ 69.133483308008309, 22.522966390086875 ], [ 69.133618055229135, 22.523088530611233 ], [ 69.133761785777821, 22.523200899102275 ], [ 69.133914499654509, 22.523301054799905 ], [ 69.134067214430445, 22.523391437564836 ], [ 69.134228909836409, 22.523472051893744 ], [ 69.134399590368844, 22.523538008172572 ], [ 69.134561286674113, 22.523594192418106 ], [ 69.134731966307228, 22.52363816297088 ], [ 69.134911629268345, 22.523669919830979 ], [ 69.135082309800779, 22.523687020439695 ], [ 69.135261972761882, 22.523694348115722 ], [ 69.135441635722927, 22.523687020439695 ], [ 69.135612315356127, 22.523669919830979 ], [ 69.135791978317229, 22.52363816297088 ], [ 69.135962658849678, 22.523594192418106 ], [ 69.136124355154934, 22.523538008172572 ], [ 69.136295034788077, 22.523472051893744 ], [ 69.13648368107711, 22.523425637882951 ], [ 69.136618428297879, 22.523315711950598 ], [ 69.136762158846636, 22.523200899102275 ], [ 69.136851990327145, 22.523130057706044 ], [ 69.136905889395337, 22.523088530611233 ], [ 69.137049619944037, 22.522976161220924 ], [ 69.137130468096714, 22.52287844898126 ], [ 69.137166401408379, 22.522836920987174 ], [ 69.137283181973302, 22.522705009328767 ], [ 69.137373012554491, 22.522582869703736 ], [ 69.137732339376043, 22.522091867745523 ], [ 69.137938952320837, 22.521823161110031 ], [ 69.13805573288586, 22.521632624446109 ], [ 69.138154547694285, 22.521310177023111 ], [ 69.138702519905451, 22.519842074252384 ], [ 69.138810318041806, 22.519548944728054 ], [ 69.138900150421648, 22.519297341399234 ], [ 69.138873200437899, 22.519123907142664 ], [ 69.138891166194412, 22.518930930618005 ], [ 69.138900150421662, 22.518740397551365 ], [ 69.138891166194398, 22.518549863585399 ], [ 69.138873200437885, 22.51835688885938 ], [ 69.138846249554831, 22.518168799250759 ], [ 69.138810318041806, 22.517980709642075 ], [ 69.138756418973642, 22.517797505150778 ], [ 69.138693536577534, 22.517619186676203 ], [ 69.138621671752787, 22.517443311659576 ], [ 69.138540823600167, 22.517274765218296 ], [ 69.138442008791742, 22.517111102995045 ], [ 69.138343193983246, 22.516954770246514 ], [ 69.138235395846891, 22.516808208631968 ], [ 69.138109631954023, 22.516666532134817 ], [ 69.137983868061099, 22.516537068431031 ], [ 69.137849120840329, 22.516414934201915 ], [ 69.137705390291558, 22.516302570207472 ], [ 69.137552676414941, 22.516202419905817 ], [ 69.137399963437645, 22.516112040738161 ], [ 69.137238266233069, 22.516031431805175 ], [ 69.137067586599883, 22.515965479123619 ], [ 69.136905889395337, 22.515909297576055 ], [ 69.136735209762136, 22.515865328821917 ], [ 69.136555546801091, 22.51583357376046 ], [ 69.136384867167919, 22.515816474950388 ], [ 69.13620520330754, 22.515809147274354 ] ] ], [ [ [ 69.404702659200439, 22.550870881885722 ], [ 69.404792490680961, 22.550809799932388 ], [ 69.404936221229647, 22.550697408958285 ], [ 69.405070967551183, 22.550575245051558 ], [ 69.40519673234337, 22.550445750770844 ], [ 69.405322496236295, 22.55030404009943 ], [ 69.405403345288207, 22.550189206566696 ], [ 69.424483560567936, 22.523938630063746 ], [ 69.424609325360109, 22.523750533260564 ], [ 69.42470814016859, 22.523586863842752 ], [ 69.424788988321197, 22.523418310206914 ], [ 69.424860854045235, 22.523242427096367 ], [ 69.424923736441301, 22.523064102326483 ], [ 69.424977634610244, 22.522880892439272 ], [ 69.425013567921894, 22.522692795636033 ], [ 69.425040517006323, 22.522504699732167 ], [ 69.42505848366217, 22.522311718710906 ], [ 69.425067466090738, 22.522121181147664 ], [ 69.425058483662156, 22.521930643584362 ], [ 69.425040517006337, 22.521737662563112 ], [ 69.425013567921894, 22.521549569357198 ], [ 69.424977634610229, 22.521361475251915 ], [ 69.424923736441315, 22.52117826626403 ], [ 69.424860854045221, 22.520999944192113 ], [ 69.424788988321197, 22.520824064678884 ], [ 69.424708140168605, 22.520655513741016 ], [ 69.424609325360109, 22.520491847920482 ], [ 69.42451051055167, 22.520335511574672 ], [ 69.424456612382812, 22.520269557094426 ], [ 69.410155433126818, 22.501195330400208 ], [ 69.410101534058597, 22.501114728661832 ], [ 69.409975769266396, 22.50097306835249 ], [ 69.409850005373528, 22.500843619937136 ], [ 69.409715258152701, 22.500721498298553 ], [ 69.409571527603973, 22.500609146894643 ], [ 69.409418814626633, 22.500509008284144 ], [ 69.409266100750017, 22.500418638109693 ], [ 69.409104404444747, 22.500338039069277 ], [ 69.408933723912298, 22.500272093582279 ], [ 69.408772027607029, 22.500215918330014 ], [ 69.40860134707458, 22.500171954072474 ], [ 69.408421684113478, 22.500140204406932 ], [ 69.408251003581015, 22.500123105596906 ], [ 69.40807134241858, 22.500115778820195 ], [ 69.407891678558201, 22.500123105596906 ], [ 69.407801847077621, 22.500130433272947 ], [ 69.386332112437117, 22.502484938429234 ], [ 69.386251263385148, 22.502494708663907 ], [ 69.386071600424089, 22.502526460128074 ], [ 69.385900919891597, 22.502570424385617 ], [ 69.38573922358637, 22.502626601436525 ], [ 69.385568543053864, 22.50269254692352 ], [ 69.385406846748651, 22.502773148661959 ], [ 69.385254132871978, 22.502863519735687 ], [ 69.385101419894667, 22.502963660144861 ], [ 69.384957689345924, 22.503076013347364 ], [ 69.38482294212514, 22.503198136784647 ], [ 69.384697177332882, 22.50332758699858 ], [ 69.384571413440028, 22.503469250905248 ], [ 69.384463615303659, 22.503615799029944 ], [ 69.384364799595858, 22.503772117389353 ], [ 69.384265986586058, 22.503935763424792 ], [ 69.384185138433452, 22.504104294577576 ], [ 69.384131239365288, 22.504231303132197 ], [ 69.376270980321507, 22.523855574075522 ], [ 69.370207351787897, 22.516251273777296 ], [ 69.370207351787883, 22.505401257262225 ], [ 69.370198367560647, 22.50521074218204 ], [ 69.370180402703454, 22.505017785442472 ], [ 69.370171419375524, 22.504951837257519 ], [ 69.365401364881166, 22.471561973806089 ], [ 69.365383399124653, 22.471439878247839 ], [ 69.365347466712237, 22.471251850692394 ], [ 69.365293567644073, 22.471068707355002 ], [ 69.36523068524798, 22.47089044823565 ], [ 69.365158820423289, 22.470714630775657 ], [ 69.365077971371377, 22.470546139193001 ], [ 69.364979156562868, 22.470382531828417 ], [ 69.364880342653763, 22.47022625034122 ], [ 69.364772545416713, 22.470087062268135 ], [ 69.345656395026637, 22.446226875669822 ], [ 69.345530631133784, 22.446077945241026 ], [ 69.345404867240873, 22.445948547187758 ], [ 69.345270120020089, 22.445826473213231 ], [ 69.345126388572055, 22.445714164976774 ], [ 69.344973675594701, 22.445614065037145 ], [ 69.344928759854426, 22.445587208582875 ], [ 69.321060523424478, 22.431254044938271 ], [ 69.320952725288123, 22.431190572586893 ], [ 69.320791028083534, 22.431110013116658 ], [ 69.320620347551028, 22.431044100005234 ], [ 69.320458651245815, 22.430987951732618 ], [ 69.320287971612643, 22.430944009958118 ], [ 69.320108308651584, 22.430912273782432 ], [ 69.284310444771279, 22.426159297413665 ], [ 69.284166714222522, 22.426144650155543 ], [ 69.283987051261491, 22.426137326976111 ], [ 69.283807388300374, 22.426144650155543 ], [ 69.283636707767911, 22.426161738173725 ], [ 69.283457044806823, 22.426193472550779 ], [ 69.283286365173694, 22.426237413425948 ], [ 69.283124667969091, 22.426293559899925 ], [ 69.282953988335976, 22.426359470313344 ], [ 69.282792292030678, 22.426440027984942 ], [ 69.28263957815409, 22.426530349596021 ], [ 69.282486864277416, 22.426630437844487 ], [ 69.282343133728716, 22.426742729893139 ], [ 69.282208387407195, 22.426864787679847 ], [ 69.282082622614993, 22.426994168645987 ], [ 69.281956858722083, 22.427135756110314 ], [ 69.281849060585728, 22.427282225094636 ], [ 69.281732280020776, 22.427465311774768 ], [ 69.267395166553726, 22.451324786110028 ], [ 69.267314319300453, 22.451461513637973 ], [ 69.267233471147847, 22.451629982737586 ], [ 69.267161605423766, 22.451805775915876 ], [ 69.267098723927006, 22.451984011652872 ], [ 69.267044824858829, 22.452167130708567 ], [ 69.267008892446469, 22.45235513308296 ], [ 69.266981941563429, 22.452543134558081 ], [ 69.266963976706222, 22.452736021150475 ], [ 69.266954993378306, 22.452926466083561 ], [ 69.266963976706208, 22.453116911016703 ], [ 69.266981941563415, 22.453309797609109 ], [ 69.267008892446484, 22.453497800882868 ], [ 69.267044824858829, 22.453685805055898 ], [ 69.267062792413981, 22.453744403981087 ], [ 69.276584932948381, 22.489381783842305 ], [ 69.281328036559671, 22.517804833726125 ], [ 69.283708572592602, 22.536825111889467 ], [ 69.283735522576364, 22.537001011187776 ], [ 69.28377145498871, 22.53718912597742 ], [ 69.283825354056887, 22.537372354750403 ], [ 69.283888235553661, 22.537550698406047 ], [ 69.283960101277728, 22.53772659860368 ], [ 69.284040950329654, 22.537895169326642 ], [ 69.284139764238773, 22.538058854932267 ], [ 69.284238579047269, 22.538215211962488 ], [ 69.284346377183624, 22.538361796060084 ], [ 69.284472141076492, 22.538503494140965 ], [ 69.28459790586875, 22.538632977629842 ], [ 69.284732653089506, 22.538755130744732 ], [ 69.284876383638277, 22.538867512725563 ], [ 69.28502909661556, 22.538967679215094 ], [ 69.285181809592885, 22.539058073671182 ], [ 69.285253675316937, 22.53909227668726 ], [ 69.313891967140648, 22.553426586068149 ], [ 69.313981798621171, 22.553473009072142 ], [ 69.314134511598454, 22.553536536282195 ], [ 69.333232695332697, 22.560681029406052 ], [ 69.33339439163791, 22.56073722894001 ], [ 69.333609987011343, 22.560788541558001 ], [ 69.357469241012723, 22.565563144823326 ], [ 69.357603988233521, 22.565587580302626 ], [ 69.357774668766012, 22.565604685407941 ], [ 69.357954331727043, 22.565612015781934 ], [ 69.35813399468816, 22.565604685407941 ], [ 69.358304674321346, 22.565587580302626 ], [ 69.389368417018886, 22.560808089222004 ], [ 69.389521130895503, 22.560781211184004 ], [ 69.389691811427994, 22.56073722894001 ], [ 69.389853507733278, 22.560681029406052 ], [ 69.390024187366407, 22.560615056040032 ], [ 69.390185883671663, 22.560534421926089 ], [ 69.390338598447599, 22.560444013980089 ], [ 69.390401479944387, 22.560404918652118 ], [ 69.404702659200439, 22.550870881885722 ] ], [ [ 69.285325541040962, 22.43219636177275 ], [ 69.318913549420813, 22.436656581835845 ], [ 69.341910421029198, 22.450465355291946 ], [ 69.360200119639842, 22.473298189659765 ], [ 69.364817460257655, 22.505628410722633 ], [ 69.364817460257655, 22.517345603017187 ], [ 69.364826443585557, 22.517536135184503 ], [ 69.364844410241417, 22.517729109011206 ], [ 69.364871359325832, 22.517917198619898 ], [ 69.364907291738177, 22.518105288228526 ], [ 69.364961190806369, 22.518288492719815 ], [ 69.365024073202449, 22.518466811194457 ], [ 69.365095938027181, 22.51864268800972 ], [ 69.365176786179816, 22.518811236249572 ], [ 69.365275600988227, 22.518974900271466 ], [ 69.365374415796651, 22.519131235718021 ], [ 69.365473230605176, 22.519265586337788 ], [ 69.375004355366727, 22.531220875043395 ], [ 69.375130120158985, 22.531362565929726 ], [ 69.375255884051853, 22.531492042224041 ], [ 69.37539063127268, 22.531614189942946 ], [ 69.375534361821394, 22.53172656562856 ], [ 69.375687075698067, 22.531826727621418 ], [ 69.37583978867535, 22.531917116681647 ], [ 69.376001485879939, 22.531997734607845 ], [ 69.376172166412402, 22.532063693584636 ], [ 69.376333862717672, 22.532119883226073 ], [ 69.376504542350801, 22.532163855577551 ], [ 69.376684205311918, 22.532195615135606 ], [ 69.376854884945033, 22.532212715744258 ], [ 69.377034547906135, 22.532220044319608 ], [ 69.377214210867166, 22.532212715744258 ], [ 69.377384891399686, 22.532195615135606 ], [ 69.377564554360717, 22.532163855577551 ], [ 69.377735233993917, 22.532119883226073 ], [ 69.37789693119845, 22.532063693584636 ], [ 69.378067610831621, 22.531997734607845 ], [ 69.378229307136834, 22.531917116681647 ], [ 69.378382021013522, 22.531826727621418 ], [ 69.378534734890124, 22.53172656562856 ], [ 69.378678465438895, 22.531614189942946 ], [ 69.378813212659679, 22.531492042224041 ], [ 69.378938976552604, 22.531362565929726 ], [ 69.379064740445457, 22.531220875043395 ], [ 69.379172538581827, 22.531074298140418 ], [ 69.379271353390308, 22.53091794920401 ], [ 69.379370168198747, 22.530754271692327 ], [ 69.379451016351382, 22.530585709063242 ], [ 69.379504915419545, 22.530458676226999 ], [ 69.38844315222974, 22.508144215583108 ], [ 69.406903531372905, 22.506121797682837 ], [ 69.418914006975911, 22.522150495449065 ], [ 69.401477707430345, 22.546143197150851 ], [ 69.388056876323844, 22.555088061964508 ], [ 69.358008230795278, 22.559710979278297 ], [ 69.334777797157642, 22.555061185725204 ], [ 69.316020973589104, 22.548039138895199 ], [ 69.288846936337109, 22.534438275206295 ], [ 69.286655046593182, 22.516949885129119 ], [ 69.286637080836684, 22.516822864883355 ], [ 69.281858043913644, 22.4881875399231 ], [ 69.281813128173397, 22.487950646804965 ], [ 69.28179516241687, 22.487892032591276 ], [ 69.27258743026573, 22.453402577966632 ], [ 69.285325541040962, 22.43219636177275 ] ] ] ] } },
{ "type": "Feature", "properties": { "receptor_type": "coral_reef", "source": "UNEP-WCMC Global Distribution of Coral Reefs 2018 v4.1", "source_year": 2018, "sensitivity_tier": "high", "protection_status": false, "ORIG_NAME": "Not Reported" }, "geometry": { "type": "MultiPolygon", "coordinates": [ [ [ [ 69.589872388599915, 22.395990022221785 ], [ 69.589962220080437, 22.395946091239178 ], [ 69.590114933957054, 22.395855787614554 ], [ 69.590267646934436, 22.39575572274844 ], [ 69.590411376583788, 22.395643454082172 ], [ 69.590546124703977, 22.395521423275113 ], [ 69.590626973755889, 22.395440883589963 ], [ 69.593312935743427, 22.39266105396451 ], [ 69.593357850584354, 22.392612242361164 ], [ 69.593483616275918, 22.392470689970416 ], [ 69.593591414412302, 22.39232425605962 ], [ 69.593690228321464, 22.392168060907348 ], [ 69.593789043129902, 22.392004542575645 ], [ 69.593869891282509, 22.391836145421848 ], [ 69.593941757006533, 22.391660425987933 ], [ 69.594004639402684, 22.391482266693281 ], [ 69.594058537571527, 22.391299225878633 ], [ 69.594094469983872, 22.391111304443204 ], [ 69.594121419967621, 22.390923383007756 ], [ 69.594139385724134, 22.39073058095158 ], [ 69.594148369052036, 22.39054021965546 ], [ 69.594139385724134, 22.390349858359343 ], [ 69.594121419967621, 22.390157057202487 ], [ 69.594094469983872, 22.389969137565682 ], [ 69.594058537571513, 22.389781217928942 ], [ 69.594004639402655, 22.389598178912877 ], [ 69.593941757006519, 22.389420022316241 ], [ 69.593869891282509, 22.389244305580288 ], [ 69.593789043129888, 22.389075911124447 ], [ 69.593690228321464, 22.388912397289346 ], [ 69.593591414412288, 22.388756204835033 ], [ 69.593483616275932, 22.388609775420832 ], [ 69.593357850584383, 22.38846822662742 ], [ 69.593232087590806, 22.388338880734803 ], [ 69.593097340370036, 22.388216856222975 ], [ 69.592953609821265, 22.388104593851953 ], [ 69.592800895944677, 22.388004534381817 ], [ 69.592648182967309, 22.387914236153104 ], [ 69.592486485762777, 22.38783370006524 ], [ 69.592315806129605, 22.387767807638287 ], [ 69.592154108925044, 22.387711675553415 ], [ 69.591983429291872, 22.387667748168095 ], [ 69.591803766330841, 22.387636021884934 ], [ 69.591633086697627, 22.387618938363342 ], [ 69.591453423736596, 22.38761161698261 ], [ 69.591273759876159, 22.387618938363342 ], [ 69.591103080243002, 22.387636021884934 ], [ 69.590923417281942, 22.387667748168095 ], [ 69.590752737648756, 22.387711675553415 ], [ 69.590591040444224, 22.387767807638287 ], [ 69.590420360811038, 22.38783370006524 ], [ 69.590258663606505, 22.387914236153104 ], [ 69.590105950629152, 22.388004534381817 ], [ 69.589953236752535, 22.388104593851953 ], [ 69.589809506203778, 22.388216856222975 ], [ 69.58967475898298, 22.388338880734803 ], [ 69.589593910830388, 22.388419416822671 ], [ 69.587240324781177, 22.390855048022093 ], [ 69.579335149997235, 22.394725785866392 ], [ 69.570774205765019, 22.396500112290422 ], [ 69.567800781780704, 22.396534281132229 ], [ 69.567567219751439, 22.396534281132229 ], [ 69.567387556790379, 22.396541603412345 ], [ 69.567216877157193, 22.396558687833242 ], [ 69.567037214196148, 22.396590415915 ], [ 69.566866533663628, 22.396634347796972 ], [ 69.566704837358444, 22.396690481680427 ], [ 69.566534157725229, 22.396756378604035 ], [ 69.566372461420031, 22.396836920087811 ], [ 69.566219746644052, 22.396927223712449 ], [ 69.566067033666741, 22.397027288578553 ], [ 69.565923303117998, 22.397139559043467 ], [ 69.5657885558972, 22.397261591649166 ], [ 69.565662792004275, 22.397390945635664 ], [ 69.565537027212102, 22.397532503422322 ], [ 69.565429229975052, 22.397678941829724 ], [ 69.565330415166557, 22.39783514327728 ], [ 69.565231600358118, 22.397998667004909 ], [ 69.565150752205511, 22.398167072252647 ], [ 69.565078885582196, 22.39834279978043 ], [ 69.56501600498467, 22.398520968068279 ], [ 69.564962105916493, 22.398704018775504 ], [ 69.564926172604842, 22.398891950103458 ], [ 69.564899224419719, 22.399079881431415 ], [ 69.564881256864567, 22.399272695178812 ], [ 69.56487227443597, 22.399463068166085 ], [ 69.564881256864567, 22.399653441153404 ], [ 69.564899224419705, 22.399846255800121 ], [ 69.564926172604828, 22.400034188027401 ], [ 69.564962105916507, 22.400222122053318 ], [ 69.56501600498467, 22.400405173659866 ], [ 69.565078885582182, 22.400583344645668 ], [ 69.565150752205511, 22.400759074871473 ], [ 69.565231600358118, 22.400927483716426 ], [ 69.565330415166557, 22.401091011041384 ], [ 69.565429229975052, 22.401247216985553 ], [ 69.565537027212088, 22.401393659889543 ], [ 69.565662792004275, 22.401535221273488 ], [ 69.565788555897186, 22.401664578857257 ], [ 69.565923303117984, 22.401786615060296 ], [ 69.566067033666741, 22.401898888223172 ], [ 69.566219746644038, 22.401998957585871 ], [ 69.566372461420031, 22.402089264807781 ], [ 69.566534157725243, 22.4021698080902 ], [ 69.566704837358415, 22.402235708611101 ], [ 69.566866533663642, 22.402291845192565 ], [ 69.567037214196148, 22.402335777973796 ], [ 69.567216877157179, 22.402367507854247 ], [ 69.567387556790365, 22.402384592275155 ], [ 69.567567219751425, 22.402391914555267 ], [ 69.567818748436551, 22.402391914555267 ], [ 69.571070649291059, 22.402355304054073 ], [ 69.571223363167732, 22.402347981773968 ], [ 69.571394042800875, 22.402330895554421 ], [ 69.571546756677549, 22.402304048992729 ], [ 69.580655674020207, 22.400414936700031 ], [ 69.580853302737808, 22.400366122398669 ], [ 69.58101499994234, 22.400309986716536 ], [ 69.581185679575526, 22.400244087994338 ], [ 69.581257545299536, 22.400207476593831 ], [ 69.589872388599915, 22.395990022221785 ] ] ], [ [ [ 69.506275168564216, 22.446915375943885 ], [ 69.506338050061004, 22.446737147401507 ], [ 69.506391949129181, 22.446554036439689 ], [ 69.506427882440903, 22.446366040360541 ], [ 69.506454832424637, 22.446178046080032 ], [ 69.506472797281845, 22.445985169380087 ], [ 69.506481780609761, 22.445794734339582 ], [ 69.506472797281845, 22.445604299299017 ], [ 69.506454832424666, 22.445411422599133 ], [ 69.506427882440903, 22.445223429217947 ], [ 69.506391949129167, 22.445035436736077 ], [ 69.506338050061004, 22.444852327572896 ], [ 69.506275168564216, 22.444674100829161 ], [ 69.50620330284022, 22.444498315744728 ], [ 69.506122454687599, 22.44432985563839 ], [ 69.506023639879118, 22.444166278850723 ], [ 69.505924825070679, 22.444010026141815 ], [ 69.505817026934309, 22.443863539171041 ], [ 69.505691263041385, 22.443721936418282 ], [ 69.505565499148531, 22.443592539264326 ], [ 69.505430751927705, 22.443470467088442 ], [ 69.50528702137899, 22.443358162449268 ], [ 69.505134308401693, 22.443258063408958 ], [ 69.504981595424326, 22.443167729207403 ], [ 69.504819897320502, 22.44308716344187 ], [ 69.504649217687287, 22.443021244035201 ], [ 69.504487519583392, 22.442965091265989 ], [ 69.504316840849583, 22.442921144994894 ], [ 69.504137177888481, 22.442889407020569 ], [ 69.503966498255338, 22.442872317203747 ], [ 69.503903615859258, 22.442867433884995 ], [ 69.500103741894222, 22.442689209839212 ], [ 69.497202183633945, 22.441610105222253 ], [ 69.495495384604396, 22.438902612565585 ], [ 69.495288772558851, 22.436446628808934 ], [ 69.495270805903047, 22.436329445347667 ], [ 69.49524385681859, 22.436141464557007 ], [ 69.495207924406259, 22.435953483766291 ], [ 69.495154025338067, 22.435770385395017 ], [ 69.495091142941931, 22.435592170342428 ], [ 69.495019277217907, 22.435416396949222 ], [ 69.4949384290653, 22.435247947634711 ], [ 69.49483961425689, 22.435084380739625 ], [ 69.494740799448365, 22.43492813792329 ], [ 69.494633002211344, 22.434781660845033 ], [ 69.494507238318477, 22.434640066186148 ], [ 69.494381474425552, 22.434510678025443 ], [ 69.494246726305448, 22.43438861394344 ], [ 69.494102995756691, 22.434276315599561 ], [ 69.493950282779394, 22.434176222854429 ], [ 69.493797568902721, 22.434085895847485 ], [ 69.493635871698189, 22.434005333679242 ], [ 69.493465192064988, 22.43393941966854 ], [ 69.493303495759776, 22.433883269597285 ], [ 69.493132815227284, 22.433839326923476 ], [ 69.492953152266239, 22.433807590747783 ], [ 69.492782472633067, 22.433790501830224 ], [ 69.492602809671979, 22.433783177751472 ], [ 69.492423146710905, 22.433790501830224 ], [ 69.4922524661784, 22.433807590747783 ], [ 69.492072803217354, 22.433839326923476 ], [ 69.491902123584168, 22.433883269597285 ], [ 69.491740427278941, 22.43393941966854 ], [ 69.49156974674645, 22.434005333679242 ], [ 69.491408050441237, 22.434085895847485 ], [ 69.491255336564564, 22.434176222854429 ], [ 69.491102622687947, 22.434276315599561 ], [ 69.490958892139204, 22.43438861394344 ], [ 69.49082414491842, 22.434510678025443 ], [ 69.490698381025538, 22.434640066186148 ], [ 69.490572617132614, 22.434781660845033 ], [ 69.490464818996259, 22.43492813792329 ], [ 69.490366004187806, 22.435084380739625 ], [ 69.49026718937931, 22.435247947634711 ], [ 69.490186341226703, 22.435416396949222 ], [ 69.490114476402013, 22.435592170342428 ], [ 69.490051594005934, 22.435770385395017 ], [ 69.489997694937713, 22.435953483766291 ], [ 69.48996176342466, 22.436141464557007 ], [ 69.489934813440939, 22.436329445347667 ], [ 69.489916846785079, 22.436522308557755 ], [ 69.489907862557857, 22.4367127319071 ], [ 69.489916846785093, 22.436903155256459 ], [ 69.489916846785093, 22.436978836803913 ], [ 69.490186341226718, 22.440196539139027 ], [ 69.490204307882536, 22.440313725298211 ], [ 69.490231256966993, 22.440501710585522 ], [ 69.490267189379324, 22.44068969857079 ], [ 69.490321088447502, 22.440872803237312 ], [ 69.490383970843652, 22.441051024585192 ], [ 69.490455835668342, 22.44122680517296 ], [ 69.490536684720269, 22.441395261682032 ], [ 69.490653465285263, 22.441588132086679 ], [ 69.492998068006514, 22.445299115261999 ], [ 69.492944168938322, 22.445108681120807 ], [ 69.492881287441492, 22.444930454377008 ], [ 69.492827388373328, 22.444747344314511 ], [ 69.492791455960969, 22.444559351832645 ], [ 69.49276450597722, 22.444371360250098 ], [ 69.492746540220722, 22.444178485348857 ], [ 69.492737556892791, 22.443988053006308 ], [ 69.492746540220722, 22.443797620663691 ], [ 69.49276450597722, 22.44360474666178 ], [ 69.492791455960969, 22.443416755978543 ], [ 69.492827388373314, 22.443228765295313 ], [ 69.492881287441477, 22.443045657930835 ], [ 69.492944168938322, 22.442867433884995 ], [ 69.493016034662318, 22.442691650599269 ], [ 69.493096882814939, 22.442523193190876 ], [ 69.493195697623378, 22.442359618201859 ], [ 69.493294512431859, 22.442203367291597 ], [ 69.493402310568229, 22.442056883018772 ], [ 69.493528073561762, 22.441915281165333 ], [ 69.493653838354035, 22.441785886709336 ], [ 69.493788585574791, 22.441663816332092 ], [ 69.493932316123562, 22.441551511692971 ], [ 69.494085030000178, 22.441451413551931 ], [ 69.494237742977532, 22.441361082048331 ], [ 69.494399440182065, 22.441280516282852 ], [ 69.494570119815251, 22.44121459777551 ], [ 69.494731817019783, 22.441158445905614 ], [ 69.494902496652983, 22.441114501433159 ], [ 69.495082159614014, 22.44108276255951 ], [ 69.4952528392472, 22.441065672742631 ], [ 69.495432503107551, 22.441058348663894 ], [ 69.495612166068668, 22.441065672742631 ], [ 69.495782845701783, 22.44108276255951 ], [ 69.495962508662899, 22.441114501433159 ], [ 69.496133188296085, 22.441158445905614 ], [ 69.496294886399923, 22.44121459777551 ], [ 69.496465565133803, 22.441280516282852 ], [ 69.496627262338336, 22.441361082048331 ], [ 69.496779975315675, 22.441451413551931 ], [ 69.496932689192306, 22.441551511692971 ], [ 69.497076419740992, 22.441663816332092 ], [ 69.497211166961847, 22.441785886709336 ], [ 69.497336930854686, 22.441915281165333 ], [ 69.497462695646945, 22.442056883018772 ], [ 69.49757049288398, 22.442203367291597 ], [ 69.49761540862427, 22.442264403379564 ], [ 69.497669307692433, 22.442344970044356 ], [ 69.497723206760668, 22.442440184866712 ], [ 69.497822021569107, 22.442603759855672 ], [ 69.497902869721699, 22.442772218163373 ], [ 69.497974735445723, 22.442948001449164 ], [ 69.498037616942497, 22.443126224595623 ], [ 69.498091516010746, 22.443309332859485 ], [ 69.498127448423077, 22.443497324442031 ], [ 69.498154398406825, 22.443685314225942 ], [ 69.498172364163338, 22.44387818822787 ], [ 69.498181346591934, 22.444068620570409 ], [ 69.498172364163324, 22.444259053812338 ], [ 69.498154398406825, 22.44445192871359 ], [ 69.498127448423062, 22.444639920296137 ], [ 69.498091516010732, 22.44482791277801 ], [ 69.498037616942483, 22.445011021941184 ], [ 69.497974735445723, 22.445189248684922 ], [ 69.497902869721699, 22.445365034668658 ], [ 69.497822021569107, 22.445533496573653 ], [ 69.497723206760668, 22.445697075159959 ], [ 69.497624391952158, 22.445853329667496 ], [ 69.497516593815803, 22.445999818436913 ], [ 69.497390829922878, 22.446141423887628 ], [ 69.497265066030025, 22.446270822840226 ], [ 69.497130318809241, 22.446392896814807 ], [ 69.496986588260484, 22.446505205051217 ], [ 69.496833874383867, 22.446605306789532 ], [ 69.496681161406528, 22.446695641890415 ], [ 69.496519464201995, 22.446776211253223 ], [ 69.496348784568781, 22.446842131559144 ], [ 69.496187087364262, 22.44689828522775 ], [ 69.496016407731062, 22.44694223239815 ], [ 69.495836744770045, 22.446973972171115 ], [ 69.495666064237511, 22.446991062887321 ], [ 69.495486401276466, 22.446998386966015 ], [ 69.495306738315364, 22.446991062887321 ], [ 69.495136058682192, 22.446973972171115 ], [ 69.49494741239323, 22.446966647193054 ], [ 69.498729319702434, 22.448370514987349 ], [ 69.498899999335549, 22.4484266695552 ], [ 69.499070679868041, 22.448470617624935 ], [ 69.499250342829114, 22.448502357397896 ], [ 69.499421021562966, 22.448519448114094 ], [ 69.499483904858366, 22.448524331432793 ], [ 69.503670053829964, 22.448722094149385 ], [ 69.503966498255366, 22.448717211730013 ], [ 69.504137177888495, 22.448700121013804 ], [ 69.504316840849583, 22.448668381240847 ], [ 69.504487519583378, 22.448624433171116 ], [ 69.504649217687316, 22.448568278603201 ], [ 69.504819897320502, 22.448502357397896 ], [ 69.50498159542434, 22.448421787135825 ], [ 69.505134308401708, 22.448331450236303 ], [ 69.50528702137899, 22.448231347598664 ], [ 69.505430751927676, 22.448119037563572 ], [ 69.505565499148531, 22.447996962689725 ], [ 69.505691263041399, 22.447867562837811 ], [ 69.505817026934324, 22.447725954689137 ], [ 69.505924825070679, 22.447579464121016 ], [ 69.506023639879118, 22.447423207814836 ], [ 69.506122454687599, 22.447259627429901 ], [ 69.50620330284022, 22.447091163726267 ], [ 69.506275168564216, 22.446915375943885 ] ] ], [ [ [ 69.539530800106363, 22.443009036637754 ], [ 69.539539783434307, 22.442818605194532 ], [ 69.539530800106377, 22.442628174650562 ], [ 69.539512832551239, 22.442435302447276 ], [ 69.539485884366115, 22.442247312663419 ], [ 69.539458934382367, 22.442103270049927 ], [ 69.538713332554323, 22.438883082888022 ], [ 69.538650451057549, 22.43865603644695 ], [ 69.538596551989315, 22.438492465954592 ], [ 69.538093496417773, 22.437149729576387 ], [ 69.539369102901844, 22.434989170413928 ], [ 69.543097112042119, 22.433041033816721 ], [ 69.543276775003221, 22.432936059551537 ], [ 69.543357623155813, 22.432882352038966 ], [ 69.546079517555754, 22.431029452747108 ], [ 69.546151383279792, 22.430983069313243 ], [ 69.546295113828478, 22.430870772768003 ], [ 69.546429861049319, 22.430748712283272 ], [ 69.546555625841506, 22.430619327719842 ], [ 69.546681389734431, 22.43047773755756 ], [ 69.546789187870786, 22.430331264076649 ], [ 69.546888001779919, 22.430175026656229 ], [ 69.546986816588344, 22.430011466056381 ], [ 69.547022749000746, 22.429938229765519 ], [ 69.547714451760598, 22.428544309372445 ], [ 69.547759368400193, 22.428449104442684 ], [ 69.547831233224869, 22.428273339143349 ], [ 69.547894115620991, 22.428095133083961 ], [ 69.548837346166636, 22.424977790592603 ], [ 69.550732790585869, 22.420268951151225 ], [ 69.550750758141007, 22.420215248135261 ], [ 69.550813639637795, 22.420037052867766 ], [ 69.550867538706029, 22.419853975180846 ], [ 69.55090347111836, 22.419666015973917 ], [ 69.550930421102123, 22.419478056766931 ], [ 69.550939404430054, 22.41940482587205 ], [ 69.551388561832709, 22.414827981726035 ], [ 69.551424494245055, 22.414469163920835 ], [ 69.555655558956914, 22.415045225556749 ], [ 69.562491738403097, 22.416580590421969 ], [ 69.562671401364128, 22.416612323000383 ], [ 69.562842081896648, 22.416629410119238 ], [ 69.563021744857679, 22.416636733298667 ], [ 69.567252809569538, 22.416609882240319 ], [ 69.567414506774114, 22.416602559960207 ], [ 69.567585186407257, 22.416585472841348 ], [ 69.567764849368359, 22.416553740262938 ], [ 69.567935529001531, 22.416509802085727 ], [ 69.568097226206078, 22.416453660108402 ], [ 69.568267905839264, 22.416387754191533 ], [ 69.56842061971588, 22.416309642675909 ], [ 69.570612508560487, 22.41514042329197 ], [ 69.570774205765019, 22.415047667216125 ], [ 69.570926918742373, 22.414947587960853 ], [ 69.571070649291073, 22.414835304905463 ], [ 69.571205397411234, 22.414713257910591 ], [ 69.571331161304116, 22.414583887736281 ], [ 69.571456925196969, 22.414442313761803 ], [ 69.571501840937287, 22.414373967084941 ], [ 69.572723550151736, 22.4127629584438 ], [ 69.572786431648581, 22.412684848726819 ], [ 69.5728852455577, 22.412528631091501 ], [ 69.572984061265444, 22.412365090276754 ], [ 69.573064909418051, 22.412196668841261 ], [ 69.573136775142132, 22.41202092422634 ], [ 69.573199656638906, 22.411842738851366 ], [ 69.573253555707097, 22.411659671956333 ], [ 69.573289488119414, 22.411471724440556 ], [ 69.573316438103163, 22.411283775126144 ], [ 69.57333440385969, 22.411090945191006 ], [ 69.573343387187606, 22.410900556915234 ], [ 69.57333440385969, 22.410710168639412 ], [ 69.573316438103177, 22.410517339603583 ], [ 69.573289488119428, 22.410329392987133 ], [ 69.573253555707097, 22.410141446370684 ], [ 69.57319965663892, 22.409958381274347 ], [ 69.573136775142132, 22.409780198597328 ], [ 69.573064909418065, 22.409604457579686 ], [ 69.572984061265458, 22.409436037942832 ], [ 69.572885245557686, 22.409272501624685 ], [ 69.572786431648581, 22.409116287586642 ], [ 69.572678634411488, 22.408969836588707 ], [ 69.572552869619301, 22.408828268010211 ], [ 69.572427105726362, 22.408698903231819 ], [ 69.572292359404898, 22.408576860733593 ], [ 69.572148627956878, 22.408464583074075 ], [ 69.571995914080219, 22.408364508315458 ], [ 69.571843201102922, 22.408274196596945 ], [ 69.571681503898333, 22.408193650616504 ], [ 69.571510824265204, 22.408127748296977 ], [ 69.571349127060614, 22.408071609017604 ], [ 69.571178447427485, 22.408027674437669 ], [ 69.570998783567063, 22.407995942758589 ], [ 69.570828104833254, 22.407978857438366 ], [ 69.570648440972832, 22.407971535158254 ], [ 69.57046877801173, 22.407978857438366 ], [ 69.570298098378601, 22.407995942758589 ], [ 69.570118435417498, 22.408027674437669 ], [ 69.569947755784355, 22.408071609017604 ], [ 69.569786058579794, 22.408127748296977 ], [ 69.569615378946651, 22.408193650616504 ], [ 69.569453681742061, 22.408274196596945 ], [ 69.569300968764765, 22.408364508315458 ], [ 69.569148254888091, 22.408464583074075 ], [ 69.569004524339377, 22.408576860733593 ], [ 69.568869777118536, 22.408698903231819 ], [ 69.568744013225668, 22.408828268010211 ], [ 69.568618248433495, 22.408969836588707 ], [ 69.568573332693234, 22.4090381796683 ], [ 69.567719933628112, 22.41016097335028 ], [ 69.566606023449253, 22.410756544878662 ], [ 69.563291239299303, 22.410776071858269 ], [ 69.556643706142154, 22.409284705424852 ], [ 69.556446077424596, 22.409248093125029 ], [ 69.55172992109901, 22.408606151652634 ], [ 69.551577208121728, 22.40859150619309 ], [ 69.551397545160626, 22.408584183913035 ], [ 69.55121788219958, 22.40859150619309 ], [ 69.551146015576194, 22.408596387713153 ], [ 69.548684632290019, 22.408847794090484 ], [ 69.548585818380843, 22.408859998789975 ], [ 69.548406155419798, 22.408891729569685 ], [ 69.548235474887292, 22.40893566504894 ], [ 69.548073778582079, 22.408991804328362 ], [ 69.547903098049574, 22.4090577066479 ], [ 69.547741401744361, 22.409138254426974 ], [ 69.547588687867687, 22.409228566145483 ], [ 69.547435974890377, 22.409328640904103 ], [ 69.547292244341634, 22.409440920362215 ], [ 69.547157497120836, 22.409562962860488 ], [ 69.547031732328662, 22.409692327638876 ], [ 69.546905968435738, 22.409833898016014 ], [ 69.546798170299382, 22.409980349013942 ], [ 69.546699354591624, 22.410136564850632 ], [ 69.546600541581768, 22.410300102068103 ], [ 69.546519693429161, 22.410468522604276 ], [ 69.546447827705137, 22.410644265420554 ], [ 69.546384945309072, 22.410822448996896 ], [ 69.546331046240809, 22.411005514992546 ], [ 69.546295113828478, 22.411193463407638 ], [ 69.546268164744035, 22.411381410923408 ], [ 69.546250198088202, 22.411505895980387 ], [ 69.546025619386839, 22.414232393110524 ], [ 69.545630361052346, 22.418333220701637 ], [ 69.543842712970914, 22.42275883125512 ], [ 69.543824747214359, 22.422812535170408 ], [ 69.543752880591001, 22.423020026752909 ], [ 69.54285456668498, 22.425993299651111 ], [ 69.542621004655715, 22.426474204021357 ], [ 69.540626745428028, 22.427829045274279 ], [ 69.536314831664185, 22.430082261587131 ], [ 69.536162117787569, 22.430172585896166 ], [ 69.536009403910882, 22.430272675043962 ], [ 69.535865673362196, 22.430384970689882 ], [ 69.535730926141412, 22.43050703207393 ], [ 69.535605162248487, 22.430636415738032 ], [ 69.535479398355619, 22.430778006799635 ], [ 69.535371600219207, 22.430924480280563 ], [ 69.535272785410783, 22.431080717701036 ], [ 69.535245836326339, 22.431127101134848 ], [ 69.532802418796607, 22.435265036552263 ], [ 69.532730553072597, 22.435382219114157 ], [ 69.532649704920004, 22.435550668428668 ], [ 69.532577840095314, 22.435726441821885 ], [ 69.532514957699235, 22.435904657773786 ], [ 69.532461058630986, 22.436087755245747 ], [ 69.532425126218655, 22.43627573693578 ], [ 69.532398176234878, 22.436463717726436 ], [ 69.53238020957906, 22.436656581835845 ], [ 69.532371227150463, 22.436847005185196 ], [ 69.532380209579046, 22.437037429433872 ], [ 69.532398176234892, 22.437230292643957 ], [ 69.532425126218627, 22.437418275233252 ], [ 69.532461058631, 22.437606257822605 ], [ 69.532514957699206, 22.437789358891848 ], [ 69.532568856767398, 22.437952927585567 ], [ 69.533530053968903, 22.440513918882285 ], [ 69.533862430806622, 22.441944576581019 ], [ 69.532955131773988, 22.442957766287915 ], [ 69.531059685556102, 22.443067631066352 ], [ 69.528418640208159, 22.440130622430331 ], [ 69.528265926331471, 22.439976814978074 ], [ 69.528131179110687, 22.43985474639948 ], [ 69.52798744856193, 22.439742442659675 ], [ 69.527888633753506, 22.439678967610295 ], [ 69.525166737554969, 22.437872363618737 ], [ 69.525112839386111, 22.437835744124349 ], [ 69.524960126408743, 22.437745414419396 ], [ 69.524798429204225, 22.437664849553183 ], [ 69.524627749571039, 22.437598934643162 ], [ 69.524519951434698, 22.437559872590089 ], [ 69.518824633050428, 22.435760620556255 ], [ 69.518770733982237, 22.435743531638703 ], [ 69.51860005255044, 22.435699588065571 ], [ 69.518483272884808, 22.435677615829373 ], [ 69.512033369344579, 22.43459124109296 ], [ 69.511970486948485, 22.434581475354829 ], [ 69.511799807315299, 22.434564386437327 ], [ 69.511620144354239, 22.434557062358579 ], [ 69.511440481393151, 22.434564386437327 ], [ 69.511269800860703, 22.434581475354829 ], [ 69.5110901378996, 22.434613212429831 ], [ 69.510919458266414, 22.43465715510365 ], [ 69.510757761061882, 22.434713305174967 ], [ 69.510587081428696, 22.434779220084973 ], [ 69.510425385123469, 22.434859782253227 ], [ 69.51027267124681, 22.434950110159484 ], [ 69.510119957370193, 22.435050202904559 ], [ 69.509976226821479, 22.435162502147818 ], [ 69.509841479600667, 22.435284567129141 ], [ 69.50971571570777, 22.435413956189166 ], [ 69.50958995181486, 22.435555550848058 ], [ 69.509482153678491, 22.435702028825627 ], [ 69.509383338870052, 22.435858273440594 ], [ 69.509284524061556, 22.436021840335737 ], [ 69.50920367590895, 22.436190291448835 ], [ 69.509131811084274, 22.436366064842044 ], [ 69.50906892868818, 22.436544280793957 ], [ 69.509015029620002, 22.436727380064607 ], [ 69.5089790972076, 22.436915361754579 ], [ 69.508952148123171, 22.437103344343935 ], [ 69.508934180568005, 22.437296209352603 ], [ 69.508925198139423, 22.437486632701962 ], [ 69.508934180568033, 22.437677056950683 ], [ 69.508952148123171, 22.437869922858678 ], [ 69.5089790972076, 22.43805790634735 ], [ 69.509015029620002, 22.438245889836026 ], [ 69.509068928688166, 22.438428990905255 ], [ 69.509131811084274, 22.43860720955513 ], [ 69.509203675908964, 22.438782987444931 ], [ 69.509284524061556, 22.438951440356728 ], [ 69.509383338870052, 22.439115011748456 ], [ 69.509482153678491, 22.439271259061393 ], [ 69.50958995181486, 22.439417740636266 ], [ 69.509715715707785, 22.439559339791742 ], [ 69.509841479600681, 22.439688732449103 ], [ 69.509976226821493, 22.439810801027701 ], [ 69.510119957370208, 22.439923104767498 ], [ 69.51027267124681, 22.440023201109909 ], [ 69.510425385123483, 22.440113531714182 ], [ 69.51058708142871, 22.440194096580342 ], [ 69.510757761061882, 22.440260015087684 ], [ 69.510919458266414, 22.440316166957587 ], [ 69.5110901378996, 22.440360111430039 ], [ 69.511206919363872, 22.44038208366629 ], [ 69.517486143270958, 22.441439207053801 ], [ 69.522669421856378, 22.44307739680448 ], [ 69.524798429204225, 22.444488550006604 ], [ 69.52807728004251, 22.44813857083841 ], [ 69.528203043935378, 22.448267970690324 ], [ 69.528337791156204, 22.448390047362864 ], [ 69.528481521704933, 22.448502357397896 ], [ 69.528634235581521, 22.448602460035541 ], [ 69.528786948558903, 22.448692796035736 ], [ 69.528948645763407, 22.448773366297864 ], [ 69.529119325396607, 22.448839288402489 ], [ 69.52928102260114, 22.448895442970354 ], [ 69.529451702234326, 22.448939390140751 ], [ 69.529631365195414, 22.448971129913776 ], [ 69.529802045727877, 22.448988220629928 ], [ 69.529981708688993, 22.448995545608 ], [ 69.530125439237679, 22.448990662289297 ], [ 69.534293621553445, 22.448746509843602 ], [ 69.534500233598976, 22.448726976568764 ], [ 69.534679896560007, 22.448695237695119 ], [ 69.534850577092527, 22.448651291424024 ], [ 69.535012274297046, 22.448595135057474 ], [ 69.53518295393026, 22.448529213852161 ], [ 69.535344651134778, 22.448448643590094 ], [ 69.535497364112118, 22.448358307589899 ], [ 69.535650077988734, 22.448258204952246 ], [ 69.535793809436825, 22.448145894917154 ], [ 69.535928555758289, 22.448023819143994 ], [ 69.536054319651214, 22.447894419292087 ], [ 69.538776214950431, 22.444864534071026 ], [ 69.538875029758856, 22.444749785973887 ], [ 69.538982827895254, 22.444603298103797 ], [ 69.539081642703707, 22.444447045394895 ], [ 69.539180456612812, 22.444283467707919 ], [ 69.539261305664823, 22.44411500940021 ], [ 69.539333169590179, 22.443939224315784 ], [ 69.539396052885593, 22.443760997572049 ], [ 69.53944995195377, 22.443577891106827 ], [ 69.539485884366115, 22.4433899004236 ], [ 69.539512832551225, 22.443201909740363 ], [ 69.539530800106363, 22.443009036637754 ] ] ], [ [ [ 69.665815963436046, 22.443026125555313 ], [ 69.66563629957561, 22.443033451432708 ], [ 69.665465619942438, 22.44305054124953 ], [ 69.665285956981393, 22.443082279223855 ], [ 69.665115276448887, 22.443126224595623 ], [ 69.664953580143674, 22.443182378264169 ], [ 69.664782899611183, 22.443248296771515 ], [ 69.664621203305956, 22.44332886433568 ], [ 69.664468489429296, 22.443419197637915 ], [ 69.664315775552666, 22.443519295778913 ], [ 69.664172045903229, 22.443631602216726 ], [ 69.664037298682459, 22.443753674392607 ], [ 69.663911533890257, 22.443883070647246 ], [ 69.663785769997332, 22.444024674299321 ], [ 69.663677971860977, 22.444171161270106 ], [ 69.663579157951858, 22.444327413979007 ], [ 69.663480343143348, 22.444490991665987 ], [ 69.663399494091436, 22.444659451772328 ], [ 69.663327629266746, 22.444835236856754 ], [ 69.663264746870652, 22.445013463600493 ], [ 69.663210848701738, 22.445196573662997 ], [ 69.663174915390073, 22.445384566144863 ], [ 69.663147966305644, 22.445572560425372 ], [ 69.663129999649797, 22.44576543622593 ], [ 69.663121016321881, 22.445955871266499 ], [ 69.663129999649811, 22.44614630720638 ], [ 69.663147966305644, 22.446339183906272 ], [ 69.66315694963356, 22.446409988430275 ], [ 69.663651022776563, 22.449867174830331 ], [ 69.663704921844726, 22.456540078761687 ], [ 69.663713905172656, 22.456706111597839 ], [ 69.663731870929155, 22.456899002686892 ], [ 69.663758820912904, 22.457087011356524 ], [ 69.663794753325249, 22.457275020026199 ], [ 69.663848652393426, 22.457458146276505 ], [ 69.663875600578535, 22.457528954397787 ], [ 69.666435799572525, 22.46508370834653 ], [ 69.666471732884247, 22.465191148552719 ], [ 69.666543597708937, 22.465366958818141 ], [ 69.666624446760849, 22.465535444105509 ], [ 69.666723260669983, 22.465699046074178 ], [ 69.666822074579173, 22.465855322165442 ], [ 69.666929873614833, 22.466001831619277 ], [ 69.667055638407021, 22.466143457754413 ], [ 69.667172418972015, 22.466260664598053 ], [ 69.671403483683903, 22.470355670877552 ], [ 69.671538230904673, 22.470477766435796 ], [ 69.671681960554096, 22.470590093558023 ], [ 69.671834675330061, 22.470690210584785 ], [ 69.671987388307386, 22.470780561873479 ], [ 69.672095186443769, 22.470831842115896 ], [ 69.676820325197909, 22.473105276087665 ], [ 69.676874223366781, 22.473134579597232 ], [ 69.67704490389923, 22.473200511594367 ], [ 69.677206600204485, 22.473256676954122 ], [ 69.677368297409032, 22.473295748000396 ], [ 69.680638164919458, 22.474028334839829 ], [ 69.685264488865144, 22.475049078851946 ], [ 69.689980643392047, 22.476162625704653 ], [ 69.690160306353121, 22.476194371772856 ], [ 69.690330986885613, 22.476211466086337 ], [ 69.690510649846658, 22.476218791963728 ], [ 69.69069031280776, 22.476211466086337 ], [ 69.690860992440903, 22.476194371772856 ], [ 69.691040655401991, 22.476162625704653 ], [ 69.69121133593444, 22.476118670440307 ], [ 69.691373032239696, 22.476062504181296 ], [ 69.691543712772173, 22.475996570385455 ], [ 69.691705409077429, 22.475915983935579 ], [ 69.691858122954059, 22.475825630848238 ], [ 69.692010835931399, 22.475725508425509 ], [ 69.692154565580765, 22.475613177706009 ], [ 69.692289313700954, 22.475491077651149 ], [ 69.692415077593807, 22.475361652618229 ], [ 69.692540842386009, 22.475220016590526 ], [ 69.692648641421727, 22.475073498143498 ], [ 69.692747454431512, 22.474917212159649 ], [ 69.692846269239965, 22.47475359939914 ], [ 69.692927118291948, 22.474585103319892 ], [ 69.692998983116638, 22.4744092813633 ], [ 69.693061866412052, 22.474231017747336 ], [ 69.693115763681575, 22.474047870812626 ], [ 69.693151696993255, 22.473859839659895 ], [ 69.693178646077669, 22.473671809406536 ], [ 69.693196612733587, 22.473478894035793 ], [ 69.693205596061489, 22.473288422122994 ], [ 69.693196612733573, 22.473097950210271 ], [ 69.693178646077683, 22.472905036638164 ], [ 69.693151696993255, 22.472717007284132 ], [ 69.693115763681575, 22.472528977930036 ], [ 69.693061866412052, 22.472345832794012 ], [ 69.692998983116624, 22.47216757187601 ], [ 69.692927118291962, 22.471991752617324 ], [ 69.692846269239965, 22.471823260135405 ], [ 69.692747454431526, 22.471659650972189 ], [ 69.692648641421727, 22.471503368585616 ], [ 69.692540842385995, 22.471356852836543 ], [ 69.692415077593807, 22.471215222204826 ], [ 69.69228931370094, 22.47108580076911 ], [ 69.692154565580779, 22.47096370521086 ], [ 69.69201083593137, 22.470851377189376 ], [ 69.691858122954045, 22.470751259263238 ], [ 69.691705409077429, 22.470660908873864 ], [ 69.691543712772159, 22.47058032602126 ], [ 69.69137303223971, 22.470514394024114 ], [ 69.69121133593444, 22.470458229563683 ], [ 69.691085571142253, 22.47042404363475 ], [ 69.68639636569975, 22.469317867625534 ], [ 69.681716142685886, 22.468287397445465 ], [ 69.678733736272989, 22.467618327923564 ], [ 69.674655385437745, 22.465659976826544 ], [ 69.671259753135132, 22.462368443748741 ], [ 69.669094813374997, 22.455980938769351 ], [ 69.669040914306834, 22.449601046551098 ], [ 69.669031930978846, 22.449435021808881 ], [ 69.669013965222348, 22.449242140612338 ], [ 69.669004981894417, 22.449171336088341 ], [ 69.668474975439835, 22.445501756800692 ], [ 69.668457009683323, 22.445384566144863 ], [ 69.668421077270978, 22.445196573662997 ], [ 69.668367178202757, 22.445013463600493 ], [ 69.668304295806635, 22.444835236856754 ], [ 69.668232430981959, 22.444659451772328 ], [ 69.668151581930005, 22.444490991665987 ], [ 69.668052768020857, 22.444327413979007 ], [ 69.667953953212418, 22.444171161270106 ], [ 69.667846155076063, 22.444024674299321 ], [ 69.667720391183124, 22.443883070647246 ], [ 69.667594627290271, 22.443753674392607 ], [ 69.667459879170167, 22.443631602216726 ], [ 69.667316150420035, 22.443519295778913 ], [ 69.667163435644127, 22.443419197637915 ], [ 69.66701072176744, 22.44332886433568 ], [ 69.666849024562907, 22.443248296771515 ], [ 69.666678344929721, 22.443182378264169 ], [ 69.666516648624508, 22.443126224595623 ], [ 69.666345968991322, 22.443082279223855 ], [ 69.666166305130957, 22.44305054124953 ], [ 69.665995624598438, 22.443033451432708 ], [ 69.665815963436046, 22.443026125555313 ] ] ], [ [ [ 69.605727653008827, 22.405674735900391 ], [ 69.611773314886662, 22.406394770002695 ], [ 69.611890096350933, 22.406404533042799 ], [ 69.612069759312021, 22.406411855322911 ], [ 69.612249422273081, 22.406404533042799 ], [ 69.612420101906253, 22.40638744772258 ], [ 69.612599764867284, 22.406355716942809 ], [ 69.612770445399804, 22.406311782362931 ], [ 69.612932141705016, 22.406255643982835 ], [ 69.613102821338188, 22.406189742562614 ], [ 69.613264519442069, 22.406109196582179 ], [ 69.613417232419422, 22.406018886662366 ], [ 69.613569945396705, 22.405918814601648 ], [ 69.613713675945462, 22.405806537841489 ], [ 69.613848423166246, 22.405684498940506 ], [ 69.61397418795849, 22.405555136860123 ], [ 69.614099951851358, 22.405413571878899 ], [ 69.614207749088393, 22.405267123578938 ], [ 69.614306563896875, 22.405110914936813 ], [ 69.614351479637151, 22.405042572756599 ], [ 69.616651168416752, 22.401064163580319 ], [ 69.619732388738797, 22.399182389755541 ], [ 69.621502069265148, 22.398999339048316 ], [ 69.621627834057335, 22.398999339048316 ], [ 69.621807497018438, 22.398992017667521 ], [ 69.621978176651567, 22.398974932347297 ], [ 69.622157839612669, 22.398943204265493 ], [ 69.622328520145132, 22.398899272383566 ], [ 69.622490215551068, 22.398843136701426 ], [ 69.622660896083516, 22.398777238878495 ], [ 69.622822593288092, 22.398696695596069 ], [ 69.622975306265417, 22.398606391971434 ], [ 69.623128020142076, 22.398506324407375 ], [ 69.623271750690776, 22.398394053942472 ], [ 69.623406497911617, 22.398272021336766 ], [ 69.623532261804485, 22.398142665551632 ], [ 69.623658026596729, 22.398001107764959 ], [ 69.623765823833764, 22.397854667558924 ], [ 69.623864638642189, 22.397698467010684 ], [ 69.623963452551322, 22.397534943283059 ], [ 69.624044301603305, 22.397366538934641 ], [ 69.624116167327315, 22.397190812306178 ], [ 69.624179048824104, 22.397012645817032 ], [ 69.624232947892267, 22.396829597807763 ], [ 69.624268880304598, 22.396641669177765 ], [ 69.624295830288418, 22.396453741447029 ], [ 69.62431379604493, 22.396260931296982 ], [ 69.624322779372847, 22.396070562806301 ], [ 69.62431379604493, 22.395880194315563 ], [ 69.624295830288403, 22.395687385064832 ], [ 69.624268880304612, 22.39549945823347 ], [ 69.624232947892267, 22.395311531402115 ], [ 69.624179048824104, 22.395128485191488 ], [ 69.624116167327315, 22.394950321400248 ], [ 69.624044301603305, 22.39477459836905 ], [ 69.623963452551322, 22.394606196718655 ], [ 69.623864638642218, 22.394442676588312 ], [ 69.623765823833764, 22.394286478738078 ], [ 69.623658026596743, 22.394140043028589 ], [ 69.623532261804471, 22.393998488839255 ], [ 69.623406497911603, 22.393869137550723 ], [ 69.623271750690776, 22.39374710944162 ], [ 69.623128020142076, 22.393634842573981 ], [ 69.622975306265403, 22.393534778607204 ], [ 69.622822593288106, 22.393444476781212 ], [ 69.622660896083531, 22.393363937995385 ], [ 69.622490215551068, 22.393298042870406 ], [ 69.622328520145118, 22.393241908986965 ], [ 69.622157839612655, 22.393197978903629 ], [ 69.621978176651567, 22.39316625172119 ], [ 69.621807497018438, 22.393149167300294 ], [ 69.62162783405735, 22.393141845919502 ], [ 69.621376305372223, 22.393141845919502 ], [ 69.621196642411192, 22.393149167300294 ], [ 69.621124777586502, 22.393154048820342 ], [ 69.61865441007302, 22.393407868078718 ], [ 69.618555595264596, 22.393420070979516 ], [ 69.618375932303465, 22.393451799061324 ], [ 69.61820525267035, 22.393495729144654 ], [ 69.618043554566441, 22.393551862128778 ], [ 69.617872875832617, 22.393617758153074 ], [ 69.617711180426681, 22.393698296938904 ], [ 69.617585414735174, 22.393773955103992 ], [ 69.61339028243566, 22.396341471881492 ], [ 69.613237568558972, 22.396441537646922 ], [ 69.613093838909606, 22.396553806313133 ], [ 69.612959091688751, 22.396675838019572 ], [ 69.612833326896578, 22.39680519200606 ], [ 69.61270756300371, 22.396946748893409 ], [ 69.612599764867284, 22.397093187300811 ], [ 69.612500950058859, 22.397249387849001 ], [ 69.612456034318598, 22.397317726431989 ], [ 69.610686353792232, 22.400371003918728 ], [ 69.605197646554188, 22.399716899115671 ], [ 69.605080865989237, 22.399707136075502 ], [ 69.604901203028149, 22.399699814694767 ], [ 69.604721540067089, 22.399707136075502 ], [ 69.604550860433903, 22.399724221395719 ], [ 69.604371196573538, 22.399755950376861 ], [ 69.604200516940352, 22.399799882258829 ], [ 69.604038820635139, 22.399856017940909 ], [ 69.603868141001954, 22.399921916663168 ], [ 69.603706443797407, 22.40000245904627 ], [ 69.603553729920762, 22.400092765368868 ], [ 69.603401016943465, 22.40019283383225 ], [ 69.60325728639468, 22.400305105196473 ], [ 69.6031944039986, 22.40035880101788 ], [ 69.598532147640583, 22.404495840710517 ], [ 69.598460282815822, 22.404564181991475 ], [ 69.598334518023634, 22.404693542273208 ], [ 69.598208754130766, 22.404835107254424 ], [ 69.598100956893688, 22.404981553755761 ], [ 69.598002142085249, 22.405137763297201 ], [ 69.597903327276811, 22.405301296018024 ], [ 69.597822479124147, 22.405469709359632 ], [ 69.597750613400123, 22.40564544588068 ], [ 69.597723664315694, 22.405706465780835 ], [ 69.596178561591387, 22.410060897692336 ], [ 69.594076504227345, 22.410326952227127 ], [ 69.589656793226467, 22.410820008236833 ], [ 69.589584928401777, 22.410829771276944 ], [ 69.589405265440689, 22.410861502956035 ], [ 69.589234584908255, 22.410905438435293 ], [ 69.589072887703637, 22.410961578614035 ], [ 69.588902208070522, 22.411027482732205 ], [ 69.588713561781503, 22.411122676870086 ], [ 69.58404232209557, 22.413702711311149 ], [ 69.583916558202631, 22.413778380268059 ], [ 69.583763844326029, 22.413878457724707 ], [ 69.583584181364927, 22.414027354878549 ], [ 69.577403772266322, 22.419395061932619 ], [ 69.572642701099824, 22.422207148441203 ], [ 69.567118062348769, 22.424465156341967 ], [ 69.567037214196148, 22.424499332378325 ], [ 69.566857551235046, 22.424589653090091 ], [ 69.560461545863689, 22.428087809904579 ], [ 69.560326798642905, 22.42816836757618 ], [ 69.560174084766246, 22.428268456723966 ], [ 69.560030355116837, 22.42838075057125 ], [ 69.559895607896067, 22.428502809257282 ], [ 69.559769843103822, 22.428632192022121 ], [ 69.559644079210955, 22.428773780385708 ], [ 69.559536281074529, 22.428920252068046 ], [ 69.559437466266118, 22.429076487689823 ], [ 69.559338652356985, 22.429240047390348 ], [ 69.559257803305059, 22.429408490409571 ], [ 69.559185937580978, 22.4295842557089 ], [ 69.559123056084218, 22.42976246356687 ], [ 69.55906915701604, 22.429945553844274 ], [ 69.559033224603681, 22.430133527440375 ], [ 69.559015258847168, 22.430236057348221 ], [ 69.557883381113186, 22.437825978386229 ], [ 69.55787439778527, 22.437911425671814 ], [ 69.557856432028743, 22.438104291579862 ], [ 69.557847448700841, 22.438294716727853 ], [ 69.557856432028757, 22.438485141875834 ], [ 69.55787439778527, 22.438678008683205 ], [ 69.557901347769004, 22.43886599307115 ], [ 69.557937280181363, 22.439053976559812 ], [ 69.557991179249584, 22.439237079427688 ], [ 69.558054060746372, 22.439415299876252 ], [ 69.558125925571062, 22.439591077766071 ], [ 69.558152875554811, 22.439649670396015 ], [ 69.561656305094459, 22.446951998136221 ], [ 69.561728170818455, 22.447100928565078 ], [ 69.566246696627786, 22.455321694340796 ], [ 69.566327544780449, 22.455446218068573 ], [ 69.566426359588888, 22.455602483367954 ], [ 69.566534157725243, 22.455748982029938 ], [ 69.566659921618154, 22.455890598272561 ], [ 69.566803652166868, 22.456034655275175 ], [ 69.574780691775572, 22.46353561087977 ], [ 69.574897472340524, 22.463643049287324 ], [ 69.575041202889281, 22.46375537101363 ], [ 69.575193916765883, 22.463855484443116 ], [ 69.575346630642571, 22.463945830335835 ], [ 69.575508326947784, 22.464026409591149 ], [ 69.57567900658097, 22.464092337991069 ], [ 69.575777821389408, 22.464128964680011 ], [ 69.584195035972158, 22.466827170937218 ], [ 69.584257918368266, 22.466846705111379 ], [ 69.584428598001452, 22.466890658577082 ], [ 69.584590294306679, 22.46691996028801 ], [ 69.588830342346455, 22.467559723602392 ], [ 69.589018988635473, 22.467579258675926 ], [ 69.592172075580891, 22.467781932590178 ], [ 69.596241443987481, 22.469127401108718 ], [ 69.596681618062306, 22.470030898707087 ], [ 69.597894343948894, 22.472922130052329 ], [ 69.59793027636124, 22.473000272144873 ], [ 69.598011125413166, 22.473168766425484 ], [ 69.598109939322299, 22.473332377387347 ], [ 69.598208754130781, 22.473488661572496 ], [ 69.59831655226715, 22.473635179120262 ], [ 69.598460282815807, 22.473793906763429 ], [ 69.601460655884637, 22.476997791914634 ], [ 69.601568453121658, 22.477110125332047 ], [ 69.601703200342456, 22.477232225386942 ], [ 69.601846930891213, 22.477344558804415 ], [ 69.601999644767844, 22.477444681227087 ], [ 69.602152358644503, 22.477535036113068 ], [ 69.602314054949716, 22.477615622563004 ], [ 69.602484734582887, 22.477681557258105 ], [ 69.60264643178742, 22.477737724416492 ], [ 69.602817111420634, 22.477781680580161 ], [ 69.602933892884892, 22.477803659111661 ], [ 69.611854163039254, 22.479322608651497 ], [ 69.611917045435348, 22.479332376188278 ], [ 69.61208772506852, 22.479349471401008 ], [ 69.612267388928885, 22.479356797278395 ], [ 69.615204879601535, 22.479356797278395 ], [ 69.615384542562651, 22.479349471401008 ], [ 69.615555222195766, 22.479332376188278 ], [ 69.615734885156897, 22.479300630120008 ], [ 69.615905565689388, 22.47925667305708 ], [ 69.616067261994601, 22.479200505898682 ], [ 69.616237941627787, 22.479134570304208 ], [ 69.616399638832306, 22.479053982955005 ], [ 69.616552352708993, 22.478963627169716 ], [ 69.61670506568629, 22.478863502948343 ], [ 69.61684879623499, 22.478751168631558 ], [ 69.616983542556511, 22.478629066778069 ], [ 69.617109308248018, 22.478499638147802 ], [ 69.617235072140943, 22.478358000321521 ], [ 69.617342870277284, 22.47821147827716 ], [ 69.617441684186431, 22.478055187796709 ], [ 69.617540498994913, 22.477891572338251 ], [ 69.617621348046825, 22.477723071762398 ], [ 69.617693212871529, 22.47754724620847 ], [ 69.617756095267623, 22.477368978995226 ], [ 69.617809993436481, 22.477185827563911 ], [ 69.617845926748203, 22.476997791914634 ], [ 69.617872875832617, 22.476809757164627 ], [ 69.617890841589144, 22.476616838196545 ], [ 69.61789982491706, 22.476426361787215 ], [ 69.61789084158913, 22.476235886277152 ], [ 69.617872875832617, 22.476042968208439 ], [ 69.617845926748203, 22.475854934357802 ], [ 69.617809993436481, 22.475666901406434 ], [ 69.617756095267623, 22.475483751773762 ], [ 69.617693212871544, 22.475305487258474 ], [ 69.617621348046839, 22.475129664402516 ], [ 69.617540498994913, 22.474961167423992 ], [ 69.617441684186417, 22.474797554663436 ], [ 69.617342870277298, 22.474641268679648 ], [ 69.617235072140943, 22.474494750232555 ], [ 69.617109308248018, 22.474353116003556 ], [ 69.616983542556511, 22.474223691869948 ], [ 69.61684879623499, 22.474101593613678 ], [ 69.61670506568629, 22.473989263793545 ], [ 69.616552352708993, 22.473889143169455 ], [ 69.61639963883232, 22.473798790082125 ], [ 69.616237941627787, 22.473718206330194 ], [ 69.616067261994601, 22.473652273433729 ], [ 69.615905565689388, 22.473596108073991 ], [ 69.615734885156883, 22.473552152809642 ], [ 69.615555222195781, 22.473520407640759 ], [ 69.615384542562651, 22.473503314226608 ], [ 69.615204879601535, 22.47349598834921 ], [ 69.61247400097443, 22.47349598834921 ], [ 69.604622725258594, 22.47215780433924 ], [ 69.602592532719257, 22.469991828560065 ], [ 69.601550487365174, 22.467518212695438 ], [ 69.601514554952814, 22.467440073300789 ], [ 69.601478621641149, 22.467371701442911 ], [ 69.600481492027313, 22.465313238715051 ], [ 69.600436576287009, 22.465213124386249 ], [ 69.600337760579222, 22.465049523316907 ], [ 69.600238946670117, 22.464893248124948 ], [ 69.600131149433082, 22.46474673957044 ], [ 69.600005384640838, 22.464605115233955 ], [ 69.59987962074797, 22.464475699194224 ], [ 69.599744874426435, 22.464353609931205 ], [ 69.599601142978429, 22.46424128730564 ], [ 69.599448429101741, 22.464141173876101 ], [ 69.599295716124459, 22.464050827084066 ], [ 69.59913401891987, 22.463970248728057 ], [ 69.598963339286726, 22.463904320328194 ], [ 69.59888249113412, 22.463875018617262 ], [ 69.593429717207755, 22.462075432934903 ], [ 69.593348869055092, 22.462048572883361 ], [ 69.593178189421977, 22.462004622115678 ], [ 69.592998525561526, 22.461972878745428 ], [ 69.592827845928412, 22.46195578623059 ], [ 69.589450180281631, 22.461736028794746 ], [ 69.585524542423741, 22.461145127445715 ], [ 69.577861912996923, 22.458686315321241 ], [ 69.570657424300734, 22.451910764570183 ], [ 69.566399411403765, 22.444166278850723 ], [ 69.563345138367467, 22.437804006150021 ], [ 69.564117689279996, 22.4326504330711 ], [ 69.569157238216007, 22.429894287991029 ], [ 69.574717809379479, 22.427619105737165 ], [ 69.574798658431391, 22.427584928801476 ], [ 69.574960354736604, 22.427504371129885 ], [ 69.575050186217197, 22.427453106175953 ], [ 69.580188549961704, 22.42442121636611 ], [ 69.580251430559159, 22.424382158809628 ], [ 69.580404145335095, 22.424282073259121 ], [ 69.580547875883838, 22.424169783009116 ], [ 69.586728284982442, 22.418789689592533 ], [ 69.590707821908509, 22.41659279602078 ], [ 69.594651426422288, 22.416153421443308 ], [ 69.598415367075589, 22.415672551247269 ], [ 69.598630962449022, 22.415635937148803 ], [ 69.598801642082151, 22.415591999870966 ], [ 69.598963339286755, 22.415535857893587 ], [ 69.599134018919855, 22.415469951976768 ], [ 69.599295716124473, 22.415389400600407 ], [ 69.599448429101756, 22.415299085284627 ], [ 69.599601142978429, 22.415199006029354 ], [ 69.599744874426449, 22.415086722074584 ], [ 69.599879620747956, 22.414964675079709 ], [ 69.600005384640838, 22.414835304905463 ], [ 69.600131149433082, 22.414693730031669 ], [ 69.600238946670117, 22.414547273637822 ], [ 69.600337760579237, 22.414391053304541 ], [ 69.600436576286981, 22.414227510691092 ], [ 69.600517424439658, 22.414059086557639 ], [ 69.600589290163668, 22.413883340144078 ], [ 69.600616239248097, 22.413822316646637 ], [ 69.602493717910818, 22.408545129953836 ], [ 69.605727653008827, 22.405674735900391 ] ] ], [ [ [ 69.654542105433848, 22.450697303038158 ], [ 69.654362441573483, 22.45070462801624 ], [ 69.654191762839602, 22.450721718732382 ], [ 69.654012099878557, 22.450753459404662 ], [ 69.653841420245371, 22.450797406575074 ], [ 69.653679723040867, 22.450853562941631 ], [ 69.653509043407652, 22.450919485046253 ], [ 69.653347346203148, 22.45100005710702 ], [ 69.653194633225766, 22.451090394905854 ], [ 69.65304191934915, 22.451190499342147 ], [ 69.652898188800407, 22.451302812075138 ], [ 69.652763441579623, 22.451424891445633 ], [ 69.652637677686741, 22.451554293995514 ], [ 69.652511912894511, 22.451695904842207 ], [ 69.652404115657461, 22.451842399906866 ], [ 69.652305300849036, 22.451998660709648 ], [ 69.652206486040541, 22.452162247389879 ], [ 69.652125637887934, 22.452330715590104 ], [ 69.652053772163924, 22.452506510567041 ], [ 69.65199089066715, 22.452684747203364 ], [ 69.651936991598902, 22.452867867158371 ], [ 69.651901059186585, 22.453055870432134 ], [ 69.651874109202822, 22.453243873705841 ], [ 69.651856143446309, 22.453378162272426 ], [ 69.651649531400849, 22.456041980253243 ], [ 69.649242045384142, 22.461298955582379 ], [ 69.649170180559452, 22.461474761351205 ], [ 69.649107298163358, 22.461653009678681 ], [ 69.649053399095109, 22.461836140425582 ], [ 69.649017466682764, 22.462024155390509 ], [ 69.648990517598349, 22.462212171254745 ], [ 69.648972550942517, 22.46240507043769 ], [ 69.648963567614587, 22.46261261957676 ], [ 69.648972550942503, 22.464707670322749 ], [ 69.647463382429237, 22.46471743785952 ], [ 69.647292700997411, 22.464724762837584 ], [ 69.640160078025247, 22.465257076952579 ], [ 69.639998381719977, 22.465274168568097 ], [ 69.639818717859612, 22.465305913736973 ], [ 69.639648038226426, 22.465349866303306 ], [ 69.639486341921213, 22.465406028065775 ], [ 69.639405492869244, 22.465435329776707 ], [ 69.634213230955879, 22.467547514406309 ], [ 69.634123398576037, 22.467584141994614 ], [ 69.633961702270824, 22.467664723947902 ], [ 69.63380898929347, 22.467755073437957 ], [ 69.633656275416854, 22.467855187766759 ], [ 69.633512544868097, 22.467967513989606 ], [ 69.633377797647313, 22.468089606849901 ], [ 69.633323898579135, 22.468145770411013 ], [ 69.626272123759577, 22.475278625408293 ], [ 69.623846672885691, 22.477559456303936 ], [ 69.623720908093489, 22.477688884034816 ], [ 69.623595144200578, 22.477830520961845 ], [ 69.623487346064209, 22.477977043006199 ], [ 69.623388532155104, 22.478133332587273 ], [ 69.623289717346594, 22.478296949844431 ], [ 69.623208868294682, 22.478465450420224 ], [ 69.623137002570658, 22.478641276873471 ], [ 69.623074121073898, 22.478819545885354 ], [ 69.623020222905026, 22.479002699115309 ], [ 69.622984289593319, 22.479190736563275 ], [ 69.62295734140821, 22.479378775809884 ], [ 69.622939373853072, 22.47957169657661 ], [ 69.622930391424461, 22.479762178381858 ], [ 69.622939373853058, 22.479952659287843 ], [ 69.62295734140821, 22.480145582752467 ], [ 69.622984289593319, 22.48033362199908 ], [ 69.623020222905041, 22.480521661245746 ], [ 69.623074121073898, 22.480704817173599 ], [ 69.623137002570672, 22.480883088883498 ], [ 69.623208868294682, 22.481058918934021 ], [ 69.623289717346609, 22.481227423107153 ], [ 69.623388532155104, 22.481391043062214 ], [ 69.623487346064223, 22.481547336240624 ], [ 69.623595144200578, 22.481693861882256 ], [ 69.623720908093489, 22.481835503305884 ], [ 69.623846672885691, 22.481964934634046 ], [ 69.623981420106531, 22.482087040084885 ], [ 69.624125150655217, 22.482199376200295 ], [ 69.624277863632528, 22.482299503119638 ], [ 69.624430578408521, 22.482389860703556 ], [ 69.624592273814415, 22.482470450750725 ], [ 69.62476295434692, 22.482536387244519 ], [ 69.62492465065219, 22.482592556201549 ], [ 69.625095331184639, 22.48263651416385 ], [ 69.625274994145727, 22.482668261131376 ], [ 69.62544567377887, 22.482685356344174 ], [ 69.625625336739958, 22.482692682221565 ], [ 69.625804999701018, 22.482685356344174 ], [ 69.625975679334204, 22.482668261131376 ], [ 69.626155343194569, 22.48263651416385 ], [ 69.626326022827755, 22.482592556201549 ], [ 69.626487719132967, 22.482536387244519 ], [ 69.626658399665459, 22.482470450750725 ], [ 69.626820095970686, 22.482389860703556 ], [ 69.626972809847373, 22.482299503119638 ], [ 69.627125523723961, 22.482199376200295 ], [ 69.627269253373413, 22.482087040084885 ], [ 69.627386034837684, 22.481977145628839 ], [ 69.629829452367403, 22.479674264255944 ], [ 69.629901317192108, 22.479605887002148 ], [ 69.63660274941742, 22.472834220423003 ], [ 69.640923647408442, 22.471073590673711 ], [ 69.647580162094869, 22.470577882563301 ], [ 69.651703429569693, 22.470551023411073 ], [ 69.651865125874906, 22.470543698433001 ], [ 69.652035806407412, 22.470526604119517 ], [ 69.652215469368429, 22.470494858950637 ], [ 69.652386149001657, 22.470450904585615 ], [ 69.652547846206176, 22.470394741024506 ], [ 69.652718525839376, 22.470328809926681 ], [ 69.65288022214456, 22.47024822707408 ], [ 69.653032936021248, 22.470157877584022 ], [ 69.653185649897864, 22.470057759657944 ], [ 69.653329380446607, 22.46994543343504 ], [ 69.653464127667405, 22.469823337876779 ], [ 69.65358989156033, 22.469693917340464 ], [ 69.653715654553864, 22.469552289406693 ], [ 69.653823453589567, 22.469405774556883 ], [ 69.653922268398048, 22.469249494868333 ], [ 69.654021083206501, 22.469085889302391 ], [ 69.654101931359094, 22.468917400417748 ], [ 69.654173796183784, 22.468741584756405 ], [ 69.654236678579935, 22.468563328334994 ], [ 69.654290577648126, 22.468380188594892 ], [ 69.654326510060457, 22.468192164636715 ], [ 69.654353459144886, 22.468004141577918 ], [ 69.654371425800718, 22.467811235200372 ], [ 69.654380409128635, 22.467620769582876 ], [ 69.654353459144872, 22.463276780599006 ], [ 69.656707045194025, 22.45815402458862 ], [ 69.65677891091805, 22.457968457578318 ], [ 69.656841793314186, 22.457790214646767 ], [ 69.656895690583738, 22.457607088396447 ], [ 69.656931624794709, 22.457419078827456 ], [ 69.656958573879137, 22.457231070157828 ], [ 69.65697654143429, 22.457096777993968 ], [ 69.657228068320748, 22.453876250888296 ], [ 69.657228068320762, 22.453817651963103 ], [ 69.657237051648664, 22.453627206130694 ], [ 69.657228068320748, 22.453436761197619 ], [ 69.65721010256425, 22.453243873705841 ], [ 69.657183152580515, 22.453055870432134 ], [ 69.657147220168156, 22.452867867158371 ], [ 69.657093321099907, 22.452684747203364 ], [ 69.657030438703828, 22.452506510567041 ], [ 69.656958573879137, 22.452330715590104 ], [ 69.656877725726545, 22.452162247389879 ], [ 69.656778910918035, 22.451998660709648 ], [ 69.656680096109582, 22.451842399906866 ], [ 69.656572297973241, 22.451695904842207 ], [ 69.656446534080317, 22.451554293995514 ], [ 69.656320770187435, 22.451424891445633 ], [ 69.656186022966665, 22.451302812075138 ], [ 69.656042292417894, 22.451190499342147 ], [ 69.655889579440611, 22.451090394905854 ], [ 69.655736864664632, 22.45100005710702 ], [ 69.655575168359391, 22.450919485046253 ], [ 69.655404488726205, 22.450853562941631 ], [ 69.655242792420992, 22.450797406575074 ], [ 69.655072111888487, 22.450753459404662 ], [ 69.654892448927441, 22.450721718732382 ], [ 69.65472176839495, 22.45070462801624 ], [ 69.654542105433848, 22.450697303038158 ] ] ], [ [ [ 69.100928362553915, 22.470968589428931 ], [ 69.100748699592884, 22.470975914406946 ], [ 69.100578019959698, 22.470993007821107 ], [ 69.100398356099333, 22.47102475298998 ], [ 69.100227675566842, 22.471068707355002 ], [ 69.10006598016092, 22.471124870916132 ], [ 69.099895299628429, 22.471190802913263 ], [ 69.099733603323216, 22.471271385765871 ], [ 69.099580889446543, 22.471361737054565 ], [ 69.099428175569912, 22.471461855880023 ], [ 69.099284445920489, 22.471574183901502 ], [ 69.099149697800399, 22.471696278560437 ], [ 69.099023933907475, 22.471825701794724 ], [ 69.098898170014593, 22.471967333325832 ], [ 69.098790371878238, 22.472113849074898 ], [ 69.098691557069742, 22.472270132360787 ], [ 69.098592743160623, 22.472433742423334 ], [ 69.098511894108711, 22.472602235804576 ], [ 69.098440029284006, 22.472778055962568 ], [ 69.098377146887856, 22.4729563177799 ], [ 69.098323247819678, 22.473139462915917 ], [ 69.098287315407333, 22.473327493169329 ], [ 69.09826036632289, 22.473515523422684 ], [ 69.098242399667072, 22.473708437894114 ], [ 69.098233416339156, 22.473898910706225 ], [ 69.098242399667072, 22.474089384417592 ], [ 69.09826036632289, 22.474282298889023 ], [ 69.098287315407333, 22.47447033094107 ], [ 69.098323247819678, 22.474658362093809 ], [ 69.09837714688787, 22.474841510827101 ], [ 69.098440029284006, 22.475019775342389 ], [ 69.098511894108711, 22.475195597299031 ], [ 69.098592743160623, 22.475364094277545 ], [ 69.098691557069742, 22.475527707937434 ], [ 69.098790371878238, 22.475683994820542 ], [ 69.098898170014593, 22.475830514166944 ], [ 69.099023933907446, 22.47597215019465 ], [ 69.099149697800385, 22.476101576126894 ], [ 69.099284445920503, 22.476223676181746 ], [ 69.099428175569926, 22.476336007800565 ], [ 69.099580889446557, 22.476436130223298 ], [ 69.099733603323202, 22.476526484209952 ], [ 69.099895299628429, 22.476607070659831 ], [ 69.10006598016092, 22.476673003556293 ], [ 69.100119878329792, 22.476694982987102 ], [ 69.102635161583521, 22.477552130426552 ], [ 69.108186750318339, 22.480414210247659 ], [ 69.113387995559606, 22.483102957435555 ], [ 69.113513758553154, 22.483164010610654 ], [ 69.113684439085645, 22.483229948003721 ], [ 69.113846136290178, 22.483286116960755 ], [ 69.114016815923364, 22.483330074923057 ], [ 69.114196478884423, 22.483361822789956 ], [ 69.114367159416943, 22.48337891710338 ], [ 69.114546822378031, 22.483386243880087 ], [ 69.114726485339077, 22.48337891710338 ], [ 69.114897164972263, 22.483361822789956 ], [ 69.115076827933308, 22.483330074923057 ], [ 69.11524750756648, 22.483286116960755 ], [ 69.115409204771026, 22.483229948003721 ], [ 69.115579884404212, 22.483164010610654 ], [ 69.115741581608745, 22.483083420563439 ], [ 69.115894294586099, 22.482993062080201 ], [ 69.116047007563381, 22.482892936060182 ], [ 69.116190739011472, 22.482780598146118 ], [ 69.116325486232242, 22.482658492695347 ], [ 69.116451251024444, 22.482529061367124 ], [ 69.116577014917354, 22.482387419044183 ], [ 69.116684812154404, 22.482240893402547 ], [ 69.116783626962842, 22.482084598425505 ], [ 69.116882441771324, 22.481920977571122 ], [ 69.11696328992393, 22.481752471599354 ], [ 69.117035155647969, 22.48157664244814 ], [ 69.117098038044034, 22.481398368939612 ], [ 69.117151936212977, 22.481215212112375 ], [ 69.117187870423948, 22.481027171966442 ], [ 69.117214818609057, 22.480839131820513 ], [ 69.117232785264889, 22.480646206557253 ], [ 69.117241767693486, 22.480455725651264 ], [ 69.117232785264875, 22.480265243845956 ], [ 69.117214818609057, 22.480072320381339 ], [ 69.117187870423948, 22.479884282034046 ], [ 69.117151936212949, 22.479696242787433 ], [ 69.117098038044048, 22.479513088658162 ], [ 69.117035155647955, 22.47933481874696 ], [ 69.116963289923945, 22.479158989595756 ], [ 69.116882441771352, 22.478990489019903 ], [ 69.116783626962842, 22.478826871762745 ], [ 69.116684812154404, 22.478670581282355 ], [ 69.116577014917368, 22.478524059237991 ], [ 69.116451251024444, 22.478382421411649 ], [ 69.116325486232256, 22.478252992781442 ], [ 69.116190739011472, 22.478130890927901 ], [ 69.116047007563395, 22.478018558409811 ], [ 69.115894294586113, 22.477918434188428 ], [ 69.115741581608745, 22.477828079302462 ], [ 69.110504403055813, 22.475119895966483 ], [ 69.10478213468781, 22.472170014434653 ], [ 69.104656370794942, 22.472108965756206 ], [ 69.104485691161756, 22.472043032859741 ], [ 69.104431792093578, 22.472021056126891 ], [ 69.101736845878804, 22.471102894183272 ], [ 69.101629048641712, 22.471068707355002 ], [ 69.101458368109263, 22.47102475298998 ], [ 69.101278705148175, 22.470993007821107 ], [ 69.101108026414366, 22.470975914406946 ], [ 69.100928362553915, 22.470968589428931 ] ] ], [ [ [ 69.245476275409828, 22.456649953432642 ], [ 69.245431358770247, 22.45655228705845 ], [ 69.245332543961808, 22.456388695881678 ], [ 69.245233730052632, 22.456232429682927 ], [ 69.245125931916263, 22.45608593012161 ], [ 69.245000168023424, 22.455944314778382 ], [ 69.244874403231151, 22.455814906832526 ], [ 69.244739656010395, 22.455692824764128 ], [ 69.244595924562304, 22.455580508433734 ], [ 69.240068417223711, 22.452364898821081 ], [ 69.239942652431509, 22.452279443441629 ], [ 69.23978993855485, 22.452189104743461 ], [ 69.239628242249637, 22.452108532682693 ], [ 69.239457562616465, 22.452042609678752 ], [ 69.239295865411918, 22.451986453312198 ], [ 69.239125185778732, 22.451942504343148 ], [ 69.238945522817673, 22.451910764570183 ], [ 69.238774843184501, 22.451893672954668 ], [ 69.23859518022347, 22.451886347976654 ], [ 69.23841551636302, 22.451893672954668 ], [ 69.238244836729905, 22.451910764570183 ], [ 69.238065173768817, 22.451942504343148 ], [ 69.237894494135674, 22.451986453312198 ], [ 69.237732796931084, 22.452042609678752 ], [ 69.237562117297955, 22.452108532682693 ], [ 69.237499234901804, 22.452137831695605 ], [ 69.23408563684275, 22.453783469631443 ], [ 69.23398682203424, 22.453834743578625 ], [ 69.233834109056929, 22.453925083176095 ], [ 69.233681395180326, 22.45402518941102 ], [ 69.233537664631569, 22.454137503942718 ], [ 69.233402917410785, 22.454259585111807 ], [ 69.233277154417181, 22.454388991259005 ], [ 69.233151388725659, 22.454530605702924 ], [ 69.233043590589332, 22.454677102566283 ], [ 69.232944776680156, 22.454833367865668 ], [ 69.232908844267797, 22.454894407550903 ], [ 69.231435607267542, 22.457421519587509 ], [ 69.231372724871392, 22.457524071079085 ], [ 69.231291876718785, 22.457692547373192 ], [ 69.231220010994761, 22.457868348645427 ], [ 69.231157128598682, 22.458046591576981 ], [ 69.231103230429824, 22.458229717827297 ], [ 69.231067298017422, 22.458417728295547 ], [ 69.231040348033673, 22.458605738763875 ], [ 69.231022382277146, 22.458798632550888 ], [ 69.231013398949258, 22.458989085577905 ], [ 69.23102238227716, 22.459179538604872 ], [ 69.231040348033673, 22.459372434190527 ], [ 69.231067298017422, 22.459560445558168 ], [ 69.231103230429824, 22.459748457825128 ], [ 69.231157128598682, 22.459931586773337 ], [ 69.231220010994761, 22.460109832402907 ], [ 69.231291876718771, 22.460285636373044 ], [ 69.231372724871392, 22.460454115365163 ], [ 69.231471539679887, 22.460617711038587 ], [ 69.231570353589007, 22.46077398263327 ], [ 69.231678151725376, 22.460920486691183 ], [ 69.231803917416926, 22.461062107430333 ], [ 69.231929680410474, 22.461191519872784 ], [ 69.232064427631258, 22.461313606437844 ], [ 69.232208158180015, 22.461425927264767 ], [ 69.232360872056631, 22.461526037996293 ], [ 69.232513585033999, 22.461616382989746 ], [ 69.232675282238503, 22.461696960446424 ], [ 69.232845961871718, 22.461762887946975 ], [ 69.233007659076222, 22.461819048810124 ], [ 69.233178338709422, 22.461862999577811 ], [ 69.233358001670538, 22.461894742948054 ], [ 69.233528681303653, 22.461911834563576 ], [ 69.233708344264755, 22.461919160440964 ], [ 69.23388800812512, 22.461911834563576 ], [ 69.234058687758306, 22.461894742948054 ], [ 69.234238350719352, 22.461862999577811 ], [ 69.234409030352523, 22.461819048810124 ], [ 69.234570727557085, 22.461762887946975 ], [ 69.234741407190242, 22.461696960446424 ], [ 69.234903104394789, 22.461616382989746 ], [ 69.235055817372142, 22.461526037996293 ], [ 69.235208531248759, 22.461425927264767 ], [ 69.235352261797516, 22.461313606437844 ], [ 69.2354870090183, 22.461191519872784 ], [ 69.235612772911225, 22.461062107430333 ], [ 69.235738536804107, 22.460920486691183 ], [ 69.235846334940447, 22.46077398263327 ], [ 69.235945149748957, 22.460617711038587 ], [ 69.235981082161288, 22.460556667756066 ], [ 69.23702312841472, 22.45878154093543 ], [ 69.238343652437663, 22.458141817191176 ], [ 69.241038597753132, 22.46005367243907 ], [ 69.243194554185365, 22.464497675927074 ], [ 69.241272158883078, 22.471239640596984 ], [ 69.238307719126013, 22.475005123587604 ], [ 69.233762243332933, 22.479310397656771 ], [ 69.23086966840053, 22.480267686404662 ], [ 69.230788820247938, 22.480296990813542 ], [ 69.230618139715432, 22.480362927307286 ], [ 69.230456443410219, 22.480443515555862 ], [ 69.230303730432865, 22.480533872240461 ], [ 69.230151016556249, 22.480633997361171 ], [ 69.230007286007492, 22.480746332577212 ], [ 69.229872538786708, 22.480868436229393 ], [ 69.229746773994464, 22.480997866658239 ], [ 69.229621010101596, 22.481139508081867 ], [ 69.229513211965255, 22.481286032824183 ], [ 69.229414397156745, 22.481442326901909 ], [ 69.22931558324764, 22.48160594685703 ], [ 69.229234734195714, 22.481774451030159 ], [ 69.229162869370967, 22.481950281979998 ], [ 69.229099986974859, 22.482128554589167 ], [ 69.229046087906667, 22.482311713215037 ], [ 69.229010154595017, 22.482499756058925 ], [ 69.228983206409907, 22.482687798003557 ], [ 69.228965239754075, 22.482880725065453 ], [ 69.228956256426159, 22.483071209568717 ], [ 69.228965239754075, 22.48326169587062 ], [ 69.228983206409893, 22.483454622932523 ], [ 69.229010154595017, 22.483642666675788 ], [ 69.229046087906667, 22.483830711318316 ], [ 69.229099986974873, 22.484013870843512 ], [ 69.229162869370953, 22.484192147050003 ], [ 69.2292347341957, 22.484367980697812 ], [ 69.229315583247612, 22.484536487568896 ], [ 69.229414397156745, 22.484700112020612 ], [ 69.229513211965241, 22.48485640969562 ], [ 69.229621010101596, 22.485002938934539 ], [ 69.229746773994449, 22.485144583955442 ], [ 69.229872538786708, 22.485274017981563 ], [ 69.230007286007492, 22.48539612613035 ], [ 69.230151016556249, 22.485508464943731 ], [ 69.230303730432851, 22.485608593661709 ], [ 69.230456443410219, 22.485698953943601 ], [ 69.230618139715432, 22.485779544890136 ], [ 69.230788820247938, 22.485845484081889 ], [ 69.23095051655315, 22.485901653938239 ], [ 69.231121196186336, 22.485945612799863 ], [ 69.231300860046701, 22.485977360666702 ], [ 69.231471539679887, 22.485994455879506 ], [ 69.231651202640933, 22.486001782656214 ], [ 69.231830865602035, 22.485994455879506 ], [ 69.232001545235178, 22.485977360666702 ], [ 69.232181209095586, 22.485945612799863 ], [ 69.232351888728715, 22.485901653938239 ], [ 69.232432736881393, 22.485874789390092 ], [ 69.235882267352792, 22.48473430244616 ], [ 69.235963116404761, 22.484704997137953 ], [ 69.236133796037905, 22.48463905884552 ], [ 69.23629549234316, 22.484558467899028 ], [ 69.236448206219791, 22.484468109415783 ], [ 69.23660092009645, 22.484367980697812 ], [ 69.236744650645164, 22.484255642783747 ], [ 69.236870415437352, 22.484140862310984 ], [ 69.241999794954623, 22.479283535806584 ], [ 69.242134542175449, 22.479146780399674 ], [ 69.242260306068317, 22.479005141673998 ], [ 69.245727803195635, 22.474589988437284 ], [ 69.245817634676143, 22.47447033094107 ], [ 69.245916448585248, 22.474314044957271 ], [ 69.246015264293092, 22.474150433096046 ], [ 69.246096112445684, 22.473981937916164 ], [ 69.246167977270389, 22.473806115959508 ], [ 69.246230859666454, 22.473627853242867 ], [ 69.246257808750954, 22.473552152809642 ], [ 69.248674277196173, 22.465071499150447 ], [ 69.248701226280616, 22.46496405984351 ], [ 69.248737159592281, 22.464776041281315 ], [ 69.248764108676724, 22.464588022719109 ], [ 69.248782075332556, 22.464395119938896 ], [ 69.248791058660444, 22.464204660616641 ], [ 69.248782075332542, 22.464014200395066 ], [ 69.24876410867671, 22.463821299413489 ], [ 69.248737159592281, 22.463633281750617 ], [ 69.248701226280616, 22.463445264987055 ], [ 69.248647328111744, 22.463262132441514 ], [ 69.248584445715665, 22.463083881416019 ], [ 69.248512580890974, 22.462908073848553 ], [ 69.248476647579253, 22.462837263029314 ], [ 69.245476275409828, 22.456649953432642 ] ] ], [ [ [ 69.144927844744302, 22.477388514968027 ], [ 69.1447481817832, 22.477395840845414 ], [ 69.144577502150071, 22.477412935158892 ], [ 69.144397839188969, 22.477444681227087 ], [ 69.144227159555825, 22.477488637390756 ], [ 69.139286425428224, 22.478936764420212 ], [ 69.139124728223692, 22.478992931578599 ], [ 69.139052863399002, 22.479017351769411 ], [ 69.135603332028211, 22.48040200015225 ], [ 69.135504518119092, 22.480443515555862 ], [ 69.135342820914502, 22.480524103804381 ], [ 69.135190107037886, 22.48061445958967 ], [ 69.135037394060518, 22.480714585609689 ], [ 69.134893664411152, 22.480826920825784 ], [ 69.134758916290991, 22.480949025377239 ], [ 69.134633152398123, 22.481078455806138 ], [ 69.13450738760595, 22.48122009633045 ], [ 69.134399590368844, 22.481366621972079 ], [ 69.134300775560405, 22.481522916049812 ], [ 69.134201960751966, 22.481686536004865 ], [ 69.134121112599317, 22.481855040178001 ], [ 69.134049246875293, 22.482030872027163 ], [ 69.133986365378519, 22.482209144636382 ], [ 69.133932466310341, 22.482392303262259 ], [ 69.133896532998676, 22.482580345206827 ], [ 69.133869583914262, 22.482768388050708 ], [ 69.133851617258358, 22.482961315112661 ], [ 69.133842634829776, 22.483151801414579 ], [ 69.133851617258358, 22.483342285917775 ], [ 69.133869583914247, 22.483535212979742 ], [ 69.133896532998662, 22.483723257622266 ], [ 69.133932466310355, 22.483911301365534 ], [ 69.133986365378505, 22.48409446179005 ], [ 69.134049246875293, 22.484272737097164 ], [ 69.134121112599288, 22.484448571644293 ], [ 69.134201960751966, 22.484617079414761 ], [ 69.134300775560405, 22.484780702967097 ], [ 69.134399590368844, 22.484937000642095 ], [ 69.13450738760595, 22.485083529881017 ], [ 69.134633152398109, 22.48522517490192 ], [ 69.134758916290991, 22.485354608928102 ], [ 69.134893664411166, 22.485476717076885 ], [ 69.135037394060532, 22.485589056789589 ], [ 69.135190107037886, 22.485689186406887 ], [ 69.135342820914516, 22.485779544890136 ], [ 69.135504518119092, 22.485860136735997 ], [ 69.135675197752235, 22.48592607502837 ], [ 69.135836894057491, 22.48598224488472 ], [ 69.136007574589939, 22.486026203746341 ], [ 69.136187237551042, 22.486057953411883 ], [ 69.136357917184156, 22.486075047725304 ], [ 69.136537580145273, 22.486082373602695 ], [ 69.13671724310629, 22.486075047725304 ], [ 69.136887923638824, 22.486057953411883 ], [ 69.137067586599869, 22.486026203746341 ], [ 69.137238266233055, 22.48598224488472 ], [ 69.137399963437645, 22.48592607502837 ], [ 69.137471828262335, 22.485901653938239 ], [ 69.140804578168797, 22.484563352117046 ], [ 69.14562853083207, 22.483149357956556 ], [ 69.145790228036688, 22.483093188999529 ], [ 69.145960907669803, 22.483027251606408 ], [ 69.146122604874392, 22.482946661559257 ], [ 69.146275317851689, 22.482856303975325 ], [ 69.146428031728362, 22.48275617705599 ], [ 69.146571762277063, 22.482643840041248 ], [ 69.146706508598527, 22.482521734590414 ], [ 69.146832273390757, 22.482392303262259 ], [ 69.146958037283625, 22.482250660939307 ], [ 69.147065835420051, 22.482104134398352 ], [ 69.14716465022849, 22.481947840320633 ], [ 69.147263465036943, 22.481784218566869 ], [ 69.147344313189535, 22.481615715293056 ], [ 69.147416178014296, 22.48143988434321 ], [ 69.147479060410376, 22.481261611734052 ], [ 69.147532958579234, 22.481078455806138 ], [ 69.147568891890899, 22.480890415660213 ], [ 69.147595841874661, 22.480702376413596 ], [ 69.147613807631146, 22.480509451150279 ], [ 69.147622790959076, 22.480318969345035 ], [ 69.14761380763116, 22.480128488439046 ], [ 69.147595841874647, 22.479935564974369 ], [ 69.147568891890913, 22.479747526627072 ], [ 69.14753295857922, 22.479559487380467 ], [ 69.147479060410376, 22.479376333251249 ], [ 69.147416178014282, 22.479198063339989 ], [ 69.147344313189521, 22.479022235987429 ], [ 69.147263465036929, 22.478853735411633 ], [ 69.14716465022849, 22.478690118154468 ], [ 69.147065835420065, 22.478533826774708 ], [ 69.146958037283625, 22.478387304730397 ], [ 69.146832273390785, 22.478245666904055 ], [ 69.146706508598527, 22.478116239173172 ], [ 69.146571762277063, 22.477994137319619 ], [ 69.146428031728348, 22.477881803902161 ], [ 69.146275317851689, 22.477781680580161 ], [ 69.146122604874378, 22.477691325694192 ], [ 69.145960907669803, 22.477610739244252 ], [ 69.145790228036674, 22.477544805448467 ], [ 69.145628530832084, 22.477488637390756 ], [ 69.145457851198969, 22.477444681227087 ], [ 69.145278188237867, 22.477412935158892 ], [ 69.145107508604667, 22.477395840845414 ], [ 69.144927844744302, 22.477388514968027 ] ] ], [ [ [ 69.221518206600038, 22.479996616350828 ], [ 69.221338542739602, 22.480003943127546 ], [ 69.221167863106473, 22.480021037440959 ], [ 69.220988200145356, 22.480052784408535 ], [ 69.220817521411576, 22.480096740572151 ], [ 69.220655823307638, 22.480152908629858 ], [ 69.220485143674509, 22.480218845123662 ], [ 69.220350395554377, 22.480284780718076 ], [ 69.218131557625327, 22.481442326901909 ], [ 69.21797884374871, 22.481532683586519 ], [ 69.217826130771343, 22.481632809606538 ], [ 69.217691383550559, 22.481740262403264 ], [ 69.213226755910114, 22.485442526651347 ], [ 69.213092008689316, 22.485564634800074 ], [ 69.212966244796419, 22.485694069725575 ], [ 69.212840480903537, 22.485835714746482 ], [ 69.212714716111293, 22.486013993650939 ], [ 69.209696377286036, 22.490405081029738 ], [ 69.20770211715903, 22.492422389881423 ], [ 69.206228880158747, 22.492759424308016 ], [ 69.206085149610047, 22.492796059090885 ], [ 69.205923453304763, 22.492852231645209 ], [ 69.205752772772314, 22.492918174434237 ], [ 69.205591075567725, 22.492998768978051 ], [ 69.205438362590428, 22.493089133756541 ], [ 69.205285648713755, 22.493189267870491 ], [ 69.205141918165054, 22.493301612979106 ], [ 69.205007170944214, 22.493423727423128 ], [ 69.204881407051346, 22.493553170442514 ], [ 69.204755643158478, 22.493694822657964 ], [ 69.20464784502208, 22.493841360890144 ], [ 69.204549030213627, 22.493997667558343 ], [ 69.204450215405188, 22.494161303701265 ], [ 69.204369367252525, 22.494329823162843 ], [ 69.204297502427835, 22.494505669401175 ], [ 69.204234620031755, 22.494683958198149 ], [ 69.204180720963564, 22.494867132112518 ], [ 69.204144788551218, 22.49505519114421 ], [ 69.204117838567484, 22.495243250175918 ], [ 69.204099872810943, 22.495436194324949 ], [ 69.204090888583721, 22.495626696814668 ], [ 69.204099872810957, 22.495817198405 ], [ 69.20411783856747, 22.496010142554088 ], [ 69.204144788551204, 22.496198204283754 ], [ 69.204180720963564, 22.496386265114104 ], [ 69.204234620031741, 22.496569440827102 ], [ 69.204297502427821, 22.496747732322028 ], [ 69.204369367252511, 22.496923582157642 ], [ 69.204450215405188, 22.497092105216552 ], [ 69.204549030213627, 22.497255743158064 ], [ 69.20464784502208, 22.497412054322915 ], [ 69.204755643158478, 22.497558596152313 ], [ 69.204881407051346, 22.497700253763753 ], [ 69.205007170944199, 22.497829698581764 ], [ 69.205141918165054, 22.497951818421711 ], [ 69.205285648713755, 22.498064168026989 ], [ 69.205438362590428, 22.498164304838834 ], [ 69.205591075567725, 22.498254673214664 ], [ 69.205752772772314, 22.498335271355753 ], [ 69.205923453304763, 22.498401215943428 ], [ 69.206085149610047, 22.4984573911957 ], [ 69.206255829243162, 22.4985013536546 ], [ 69.206435492204264, 22.498533105118781 ], [ 69.206606172736713, 22.498550201230842 ], [ 69.206785835697815, 22.498557528906861 ], [ 69.206965498658931, 22.498550201230842 ], [ 69.207136178292046, 22.498533105118781 ], [ 69.207315841253134, 22.4985013536546 ], [ 69.20954366340942, 22.4979908966626 ], [ 69.209687393958106, 22.497954260980393 ], [ 69.209849090263319, 22.497898085728131 ], [ 69.210019770795839, 22.49783214203978 ], [ 69.210181467101094, 22.497751543898687 ], [ 69.210334180977725, 22.497661176422177 ], [ 69.210486894854398, 22.497561038711009 ], [ 69.210630625403098, 22.497448690005115 ], [ 69.210765372623882, 22.497326571963754 ], [ 69.210819270792783, 22.497270397610801 ], [ 69.213541166092, 22.494517881295213 ], [ 69.21361303181601, 22.494444611729463 ], [ 69.21373879570892, 22.494302957715373 ], [ 69.21384659384529, 22.494156418583881 ], [ 69.216802051173786, 22.489848249597113 ], [ 69.220736672359578, 22.486583019890528 ], [ 69.222686015846989, 22.485569519018156 ], [ 69.222865678808105, 22.48546450608216 ], [ 69.223018392684708, 22.485364377364188 ], [ 69.223162123233465, 22.485252038550804 ], [ 69.223296869554929, 22.485129930402024 ], [ 69.223422634347173, 22.485000496375843 ], [ 69.223548399139375, 22.484858852254259 ], [ 69.223656196376396, 22.484712323015348 ], [ 69.223755011184892, 22.484556026239659 ], [ 69.223853825993331, 22.484392402687259 ], [ 69.223934674145937, 22.484223894916855 ], [ 69.224006539869947, 22.48404806126905 ], [ 69.224069421366778, 22.483869785062609 ], [ 69.224123320434956, 22.483686626436732 ], [ 69.224159252847286, 22.483498581794152 ], [ 69.224186202831049, 22.48331053805094 ], [ 69.224204168587562, 22.483117610089664 ], [ 69.224213151915464, 22.4829271255864 ], [ 69.224204168587562, 22.48273664018387 ], [ 69.224186202831049, 22.482543714021229 ], [ 69.224159252847301, 22.482355671177338 ], [ 69.224123320434956, 22.482167629232773 ], [ 69.224069421366764, 22.481984472405539 ], [ 69.224006539869947, 22.481806198897001 ], [ 69.223934674145951, 22.481630367947162 ], [ 69.223853825993316, 22.48146186377403 ], [ 69.223755011184892, 22.481298243818969 ], [ 69.223656196376382, 22.481141949741236 ], [ 69.223548399139361, 22.480995424998923 ], [ 69.223422634347173, 22.480853783575295 ], [ 69.223296869554929, 22.480724354045776 ], [ 69.223162123233465, 22.480602250393588 ], [ 69.223018392684722, 22.480489914278163 ], [ 69.222865678808091, 22.480389790056787 ], [ 69.222712965830738, 22.480299433372174 ], [ 69.222551268626205, 22.480218845123662 ], [ 69.222380588993005, 22.480152908629858 ], [ 69.222218891788486, 22.480096740572151 ], [ 69.2220482121553, 22.480052784408535 ], [ 69.221868549194255, 22.480021037440959 ], [ 69.221697869561069, 22.480003943127546 ], [ 69.221518206600038, 22.479996616350828 ] ] ], [ [ [ 69.133519241319945, 22.518439941250335 ], [ 69.133519241319945, 22.518151700440679 ], [ 69.1333395783589, 22.518686657663178 ], [ 69.133519241319945, 22.518439941250335 ] ] ], [ [ [ 69.827943904587585, 22.513219927157987 ], [ 69.828069669379772, 22.513110008420195 ], [ 69.828195433272697, 22.512980548313688 ], [ 69.82832119716555, 22.51283887631314 ], [ 69.82842899530192, 22.512692318295876 ], [ 69.82852781011043, 22.512535990043943 ], [ 69.828626624918854, 22.512372334115973 ], [ 69.828707473071447, 22.512203793070622 ], [ 69.828779337896208, 22.51202792434929 ], [ 69.828842220292302, 22.511849613069217 ], [ 69.828896119360479, 22.511666417571174 ], [ 69.828923068444894, 22.511527189028577 ], [ 69.830342407276305, 22.504412047078347 ], [ 69.830378339688721, 22.504175126081233 ], [ 69.83039630544522, 22.503982170240985 ], [ 69.830405288773122, 22.503791656959432 ], [ 69.83039630544522, 22.503601143677884 ], [ 69.830378339688707, 22.503408188736952 ], [ 69.830351389704902, 22.503220118913411 ], [ 69.830315457292542, 22.503032049089825 ], [ 69.830261558224379, 22.502848864383623 ], [ 69.830198676727619, 22.502670564794752 ], [ 69.830126811003609, 22.502494708663907 ], [ 69.830045962850988, 22.502326179309758 ], [ 69.829947148042493, 22.502162535073012 ], [ 69.829848333234054, 22.502006219411552 ], [ 69.829740535997018, 22.501859672186182 ], [ 69.827153387918614, 22.498721168647076 ], [ 69.827099488850365, 22.498601491365772 ], [ 69.827018640697759, 22.498432967407549 ], [ 69.82691982588932, 22.498269327667398 ], [ 69.826821011080881, 22.4981130147039 ], [ 69.826713212944469, 22.497966472874445 ], [ 69.826587449051601, 22.497824815263066 ], [ 69.826461685158677, 22.497695370445054 ], [ 69.826326937937893, 22.497573250605058 ], [ 69.826183207389192, 22.49746090189916 ], [ 69.826030494411839, 22.497360765087304 ], [ 69.825877779635888, 22.497270397610801 ], [ 69.825716083330633, 22.497189798570389 ], [ 69.82554540369749, 22.49712385578135 ], [ 69.825383705593595, 22.497067681428401 ], [ 69.825213026859785, 22.497023718969501 ], [ 69.825033363898683, 22.496991968404643 ], [ 69.824862683366192, 22.496974871393267 ], [ 69.824683020405132, 22.496967544616549 ], [ 69.824503357444044, 22.496974871393267 ], [ 69.824332677810901, 22.496991968404643 ], [ 69.824153014849784, 22.497023718969501 ], [ 69.82398233431735, 22.497067681428401 ], [ 69.82382063801208, 22.49712385578135 ], [ 69.823649958378951, 22.497189798570389 ], [ 69.823488261174361, 22.497270397610801 ], [ 69.823335547297745, 22.497360765087304 ], [ 69.823182834320377, 22.49746090189916 ], [ 69.823039103771691, 22.497573250605058 ], [ 69.822904356550836, 22.497695370445054 ], [ 69.822778591758663, 22.497824815263066 ], [ 69.822652827865795, 22.497966472874445 ], [ 69.822545030628703, 22.4981130147039 ], [ 69.822446215820264, 22.498269327667398 ], [ 69.822347401011825, 22.498432967407549 ], [ 69.822266552859162, 22.498601491365772 ], [ 69.822194687135152, 22.498777343000029 ], [ 69.822131805638378, 22.498955638092298 ], [ 69.8220779065702, 22.499138817402532 ], [ 69.822041973258536, 22.4993268818302 ], [ 69.822015024174092, 22.499514947157135 ], [ 69.821997058417594, 22.499707896702144 ], [ 69.821988075089678, 22.499898404587729 ], [ 69.821997058417594, 22.500088911574036 ], [ 69.82200604084619, 22.500237899559465 ], [ 69.822041973258521, 22.500533432072295 ], [ 69.822068923242298, 22.500721498298553 ], [ 69.822104855654644, 22.500909565424131 ], [ 69.822158754722793, 22.501092747432377 ], [ 69.822221637118915, 22.501271044323286 ], [ 69.822293501943605, 22.501446899554821 ], [ 69.822374350096254, 22.501615428009643 ], [ 69.822473164904693, 22.501779071347123 ], [ 69.822571979713132, 22.501935387907849 ], [ 69.822706726933959, 22.502106358921363 ], [ 69.824781835213571, 22.504631871064017 ], [ 69.823865553752327, 22.509245810445858 ], [ 69.820469922349091, 22.51211830171831 ], [ 69.820425005709524, 22.512154940997785 ], [ 69.813615776247104, 22.513982032444908 ], [ 69.806249591245702, 22.51292681112346 ], [ 69.805036865359114, 22.511324452161762 ], [ 69.805405174609177, 22.509768520700735 ], [ 69.805432123693592, 22.509617081163409 ], [ 69.805459073677355, 22.509429003245938 ], [ 69.805477039433868, 22.509236040211128 ], [ 69.805486022761784, 22.509045519735025 ], [ 69.805477039433882, 22.508854999258858 ], [ 69.805459073677355, 22.508662037123369 ], [ 69.805432123693592, 22.508473960105217 ], [ 69.805396191281261, 22.508285883087066 ], [ 69.805342292213069, 22.508102692085622 ], [ 69.805279410716309, 22.50792438620152 ], [ 69.805207544992243, 22.50774852287606 ], [ 69.805126696839636, 22.507579987226681 ], [ 69.805027882031183, 22.507416337593948 ], [ 69.804929067222744, 22.507260014737938 ], [ 69.804821269985666, 22.507113463015965 ], [ 69.804695505193465, 22.506971796411335 ], [ 69.804569741300554, 22.506842341700743 ], [ 69.804434994079784, 22.506720215565561 ], [ 69.804291264430375, 22.506607859665046 ], [ 69.804138549654411, 22.506507715658586 ], [ 69.803985836677086, 22.506417342786161 ], [ 69.803824138573191, 22.506336739249146 ], [ 69.803653459839367, 22.506270791064193 ], [ 69.803491762634778, 22.506214614013288 ], [ 69.803321083001677, 22.506170647957102 ], [ 69.803141420040546, 22.506138895593601 ], [ 69.80297074040736, 22.506121797682837 ], [ 69.802791077446329, 22.506114470006814 ], [ 69.802611413585893, 22.506121797682837 ], [ 69.80244073395275, 22.506138895593601 ], [ 69.802261070991676, 22.506170647957102 ], [ 69.802090391358547, 22.506214614013288 ], [ 69.801928694153958, 22.506270791064193 ], [ 69.801758015420148, 22.506336739249146 ], [ 69.801596318215545, 22.506417342786161 ], [ 69.801443604338942, 22.506507715658586 ], [ 69.801290889562949, 22.506607859665046 ], [ 69.801147159913583, 22.506720215565561 ], [ 69.801012412692728, 22.506842341700743 ], [ 69.80088664879986, 22.506971796411335 ], [ 69.800760884906992, 22.507113463015965 ], [ 69.800653086770581, 22.507260014737938 ], [ 69.800554271962127, 22.507416337593948 ], [ 69.800455457153689, 22.507579987226681 ], [ 69.800374609001054, 22.50774852287606 ], [ 69.800302744176349, 22.50792438620152 ], [ 69.800239861780241, 22.508102692085622 ], [ 69.800176979384162, 22.508322520567901 ], [ 69.799476293296351, 22.511317123586423 ], [ 69.799449344211894, 22.511468565821705 ], [ 69.799422395127465, 22.511656647336455 ], [ 69.799404427572313, 22.511849613069217 ], [ 69.79939544514373, 22.512040137142655 ], [ 69.799404427572313, 22.512230662115424 ], [ 69.799422395127465, 22.512423628747516 ], [ 69.799449344211908, 22.512611711161586 ], [ 69.799485276624281, 22.512799793575653 ], [ 69.799539175692459, 22.512982990872384 ], [ 69.799602058088567, 22.513161303951048 ], [ 69.799673922913271, 22.513337173571752 ], [ 69.799754771065878, 22.513505716415747 ], [ 69.799853585874359, 22.513669373243026 ], [ 69.799952400682798, 22.513825702394286 ], [ 69.80000629975099, 22.513903866969933 ], [ 69.802764126563261, 22.51754590541924 ], [ 69.802818027430078, 22.517614301558808 ], [ 69.802943790423612, 22.517755978955336 ], [ 69.80306955521587, 22.517885443558438 ], [ 69.803204302436654, 22.51800757958619 ], [ 69.803348032985411, 22.518119943580579 ], [ 69.803500745962722, 22.518220095680931 ], [ 69.803653459839381, 22.518310476647223 ], [ 69.80381515614458, 22.518391085580159 ], [ 69.803985836677086, 22.518457040959728 ], [ 69.804147532982313, 22.518513223406554 ], [ 69.804318214414153, 22.518557192160749 ], [ 69.804497875576544, 22.518588948121529 ], [ 69.813418146630212, 22.519866503436443 ], [ 69.813588827162675, 22.519883601347139 ], [ 69.813768490123792, 22.519890929922557 ], [ 69.81394815308488, 22.519883601347139 ], [ 69.814118832717995, 22.519866503436443 ], [ 69.814298495679111, 22.519834746576347 ], [ 69.814415277143382, 22.51980543317427 ], [ 69.822302485271493, 22.517690025374407 ], [ 69.822356384339741, 22.517675369123026 ], [ 69.822518080644954, 22.517619186676203 ], [ 69.82268876027814, 22.517553233994587 ], [ 69.822850456583339, 22.517472624162338 ], [ 69.823003171359346, 22.517382244095351 ], [ 69.823155884336643, 22.51728209289433 ], [ 69.8232996148854, 22.517169728000621 ], [ 69.823353513953577, 22.517118431570388 ], [ 69.823802671356262, 22.516725156241023 ], [ 69.827943904587585, 22.513219927157987 ] ] ], [ [ [ 69.131048873806549, 22.520477191669102 ], [ 69.126961539643389, 22.522189579085865 ], [ 69.126898657247295, 22.522216449929257 ], [ 69.126736960942011, 22.522297061560206 ], [ 69.126584247065409, 22.522387446123787 ], [ 69.126431533188722, 22.522487600922087 ], [ 69.126287802640036, 22.522599969413125 ], [ 69.126153055419252, 22.522722109038167 ], [ 69.126027292425661, 22.522851578137871 ], [ 69.125901527633459, 22.522993260930317 ], [ 69.125793728597728, 22.523139828840101 ], [ 69.125694914688623, 22.523296168783187 ], [ 69.12559609988017, 22.523459837301687 ], [ 69.125515251727549, 22.523628391836834 ], [ 69.125443386902802, 22.523804274947395 ], [ 69.125380505406056, 22.523982600616581 ], [ 69.125326605438531, 22.524165813201762 ], [ 69.1252906730262, 22.524353910904317 ], [ 69.125263723941771, 22.524542008606879 ], [ 69.125245757285938, 22.524734993225426 ], [ 69.125236773958022, 22.524925534385936 ], [ 69.125245757285938, 22.525116076445833 ], [ 69.125263723941785, 22.525309061064373 ], [ 69.1252906730262, 22.525497160565575 ], [ 69.125326605438545, 22.525685260066719 ], [ 69.125380505406028, 22.525868473551267 ], [ 69.125443386902802, 22.526046802817742 ], [ 69.125515251727563, 22.526222688626202 ], [ 69.125596099880184, 22.526391245859372 ], [ 69.125694914688609, 22.526554917975147 ], [ 69.125793728597728, 22.526711262414892 ], [ 69.125901527633459, 22.526857834821268 ], [ 69.126027292425647, 22.526999521210996 ], [ 69.126153055419252, 22.527128993907976 ], [ 69.12628780264005, 22.527251138029669 ], [ 69.126431533188722, 22.527363510117933 ], [ 69.126584247065409, 22.527463669412835 ], [ 69.126736960942026, 22.527554054875797 ], [ 69.126898657247295, 22.527634670103957 ], [ 69.127069336880425, 22.527700628181485 ], [ 69.127231034085028, 22.527756815124967 ], [ 69.127401713718143, 22.527800786577075 ], [ 69.12758137667926, 22.527832544336491 ], [ 69.127752057211751, 22.527849644945199 ], [ 69.127931720172796, 22.527856974419876 ], [ 69.128111383133898, 22.527849644945199 ], [ 69.128282062767028, 22.527832544336491 ], [ 69.12846172572813, 22.527800786577075 ], [ 69.128632406260564, 22.527756815124967 ], [ 69.128794102565848, 22.527700628181485 ], [ 69.128901900702189, 22.527661541846726 ], [ 69.133321611703067, 22.525809845847725 ], [ 69.133384494099161, 22.525782974105024 ], [ 69.133546190404431, 22.525702359776115 ], [ 69.133698904281076, 22.525611974313222 ], [ 69.133851617258358, 22.525511817716286 ], [ 69.133941448738938, 22.525440975420729 ], [ 69.13648368107711, 22.523425637882951 ], [ 69.136295034788077, 22.523472051893744 ], [ 69.136124355154934, 22.523538008172572 ], [ 69.135962658849678, 22.523594192418106 ], [ 69.135791978317229, 22.52363816297088 ], [ 69.135612315356127, 22.523669919830979 ], [ 69.135441635722927, 22.523687020439695 ], [ 69.135261972761882, 22.523694348115722 ], [ 69.135082309800779, 22.523687020439695 ], [ 69.134911629268345, 22.523669919830979 ], [ 69.134731966307228, 22.52363816297088 ], [ 69.134561286674113, 22.523594192418106 ], [ 69.134399590368844, 22.523538008172572 ], [ 69.134228909836409, 22.523472051893744 ], [ 69.134067214430445, 22.523391437564836 ], [ 69.133914499654509, 22.523301054799905 ], [ 69.133761785777821, 22.523200899102275 ], [ 69.133618055229135, 22.523088530611233 ], [ 69.133483308008309, 22.522966390086875 ], [ 69.133357544115427, 22.522836920987174 ], [ 69.133231780222545, 22.522695238194721 ], [ 69.133123982086161, 22.522548670284952 ], [ 69.133025167277694, 22.522392331241118 ], [ 69.132926351569949, 22.522228665420638 ], [ 69.132845504316606, 22.522060111784747 ], [ 69.132773638592596, 22.521884229573562 ], [ 69.132710757095822, 22.521705908400971 ], [ 69.132656858027644, 22.521522699413087 ], [ 69.132620925615299, 22.521334604408537 ], [ 69.132593977430176, 22.52114651030325 ], [ 69.132576009875038, 22.520953531080632 ], [ 69.132567027446456, 22.520762995316034 ], [ 69.132576009875038, 22.520572459551428 ], [ 69.13259397743019, 22.520379481228126 ], [ 69.132620925615299, 22.520191388921482 ], [ 69.13265685802763, 22.520003296614899 ], [ 69.132710757095822, 22.519820089425647 ], [ 69.13277363859261, 22.519641769152368 ], [ 69.132845504316606, 22.51946589143779 ], [ 69.132926351569949, 22.519297341399234 ], [ 69.133025167277708, 22.519133678276663 ], [ 69.133123982086147, 22.518977342830162 ], [ 69.1333395783589, 22.518686657663178 ], [ 69.131048873806549, 22.520477191669102 ] ] ], [ [ [ 70.093719465181195, 22.57852429466049 ], [ 70.09378234667804, 22.578345899743514 ], [ 70.093836245746218, 22.578162617011227 ], [ 70.093854212402064, 22.578067309558715 ], [ 70.095031004976931, 22.572571401449068 ], [ 70.09504897163275, 22.57247854195122 ], [ 70.09507592071725, 22.572290380396787 ], [ 70.095093887373082, 22.572097331027067 ], [ 70.095102870700984, 22.57190672601461 ], [ 70.095093887373082, 22.571716121002222 ], [ 70.09507592071725, 22.571523073431131 ], [ 70.095048971632764, 22.571334911876693 ], [ 70.095013039220419, 22.571146752120967 ], [ 70.094959140152241, 22.570963479281193 ], [ 70.094896257756147, 22.570785093357411 ], [ 70.094824392931457, 22.570609151790961 ], [ 70.094743544778851, 22.570440540598497 ], [ 70.094644729970369, 22.570276818120703 ], [ 70.094545915161916, 22.570120426916215 ], [ 70.094438117025561, 22.569973810443059 ], [ 70.094312353132636, 22.569832079087231 ], [ 70.094186589239769, 22.569702567719386 ], [ 70.094051842018928, 22.56958038672553 ], [ 70.093908110570908, 22.569467981362319 ], [ 70.09375539759354, 22.569367793289071 ], [ 70.093602683716938, 22.569277379047826 ], [ 70.093440987411668, 22.569196740437285 ], [ 70.093270307778525, 22.569130762574666 ], [ 70.09310861057395, 22.569074560342756 ], [ 70.09293793094082, 22.569030575400799 ], [ 70.092758267979718, 22.568998808648129 ], [ 70.092587587447269, 22.568981704442134 ], [ 70.092407923586848, 22.568974372269508 ], [ 70.092228262424427, 22.568981704442134 ], [ 70.092057581891922, 22.568998808648129 ], [ 70.091877918930905, 22.569030575400799 ], [ 70.091707238398385, 22.569074560342756 ], [ 70.091545542093172, 22.569130762574666 ], [ 70.091374861560666, 22.569196740437285 ], [ 70.091213165255454, 22.569277379047826 ], [ 70.09106045137878, 22.569367793289071 ], [ 70.090907738401498, 22.569467981362319 ], [ 70.090764007852727, 22.56958038672553 ], [ 70.090629260631943, 22.569702567719386 ], [ 70.090503496739018, 22.569832079087231 ], [ 70.09037773194683, 22.569973810443059 ], [ 70.090269934709809, 22.570120426916215 ], [ 70.090171119901314, 22.570276818120703 ], [ 70.09007230509286, 22.570440540598497 ], [ 70.089991456940254, 22.570609151790961 ], [ 70.089919591216244, 22.570785093357411 ], [ 70.089856709719413, 22.570963479281193 ], [ 70.089802810651221, 22.571146752120967 ], [ 70.089784843995403, 22.571242054177496 ], [ 70.088913478274435, 22.575310775971555 ], [ 70.08409850803973, 22.577615215869564 ], [ 70.078385222999714, 22.578529181576528 ], [ 70.077909115613238, 22.577854704431104 ], [ 70.076552660077255, 22.575877717582667 ], [ 70.077540806363174, 22.573556201357633 ], [ 70.077585722103436, 22.573441348939117 ], [ 70.07764860360021, 22.573262960317436 ], [ 70.077702503567764, 22.57307968477965 ], [ 70.077738435980109, 22.572891521426641 ], [ 70.077765385963843, 22.572703358972884 ], [ 70.07778335172037, 22.57251030960316 ], [ 70.077792335048301, 22.572319703691445 ], [ 70.07778335172037, 22.572129098679003 ], [ 70.077765385963858, 22.571936049309269 ], [ 70.077738435980109, 22.571747888654212 ], [ 70.077702503567764, 22.571559727999102 ], [ 70.07764860360021, 22.571376454260008 ], [ 70.07758572210345, 22.571198068336223 ], [ 70.077513857278745, 22.57102212587046 ], [ 70.077433009126139, 22.570853515577298 ], [ 70.077334194317629, 22.570689792200199 ], [ 70.077235380408524, 22.570533399197071 ], [ 70.077127581372849, 22.570386781824592 ], [ 70.077001816580605, 22.570245051368076 ], [ 70.076876053587057, 22.570115539100929 ], [ 70.076741306366273, 22.569993358107062 ], [ 70.076597575817502, 22.569880951844475 ], [ 70.076444861940885, 22.569780763771284 ], [ 70.076292148963532, 22.569690350429362 ], [ 70.076130451759013, 22.569609710020124 ], [ 70.075959772125827, 22.569543733056889 ], [ 70.075798074921281, 22.569487529925588 ], [ 70.075627395288095, 22.569443544983638 ], [ 70.075447732327063, 22.569411778231029 ], [ 70.075277052693892, 22.569394672226395 ], [ 70.075097388833456, 22.569387341852405 ], [ 70.07491772587241, 22.569394672226395 ], [ 70.074747046239224, 22.569411778231029 ], [ 70.074567383278165, 22.569443544983638 ], [ 70.074396703644993, 22.569487529925588 ], [ 70.07423500644046, 22.569543733056889 ], [ 70.074064326807274, 22.569609710020124 ], [ 70.073902629602742, 22.569690350429362 ], [ 70.073749916625388, 22.569780763771284 ], [ 70.073597202748772, 22.569880951844475 ], [ 70.073453472200015, 22.569993358107062 ], [ 70.073318724979231, 22.570115539100929 ], [ 70.073192961086363, 22.570245051368076 ], [ 70.073067196294119, 22.570386781824592 ], [ 70.072959399057083, 22.570533399197071 ], [ 70.072860584248644, 22.570689792200199 ], [ 70.072761769440163, 22.570853515577298 ], [ 70.072680921287542, 22.57102212587046 ], [ 70.072653971303794, 22.571083216817044 ], [ 70.070983105585924, 22.574995538413415 ], [ 70.070938189845663, 22.575110391731243 ], [ 70.070875307449512, 22.575288783050944 ], [ 70.070821408381335, 22.575472061286632 ], [ 70.070785475968989, 22.575660227337657 ], [ 70.070758525985241, 22.575848393388689 ], [ 70.070740560228728, 22.576041448154335 ], [ 70.070731576900812, 22.576232058562709 ], [ 70.070740560228728, 22.576422669870386 ], [ 70.070758525985241, 22.576615724636039 ], [ 70.070785475968975, 22.57680389158639 ], [ 70.07082140838132, 22.576992060335382 ], [ 70.070875307449512, 22.577175341269022 ], [ 70.070938189845663, 22.577353734387366 ], [ 70.071010054670353, 22.577529684047708 ], [ 70.071090902822959, 22.577698303334103 ], [ 70.071189717631412, 22.577862034805094 ], [ 70.071270565784047, 22.577991554266877 ], [ 70.073624151833201, 22.58141041425926 ], [ 70.075070439749027, 22.583468123355257 ], [ 70.075178237885439, 22.583614755116905 ], [ 70.075304001778306, 22.583756499063206 ], [ 70.075429765671217, 22.583886023021588 ], [ 70.075564512892001, 22.584008216605977 ], [ 70.075708243440715, 22.584120634559664 ], [ 70.075860957317403, 22.584220833424748 ], [ 70.076013671193991, 22.584311255759875 ], [ 70.076175366599955, 22.584391903363716 ], [ 70.07634604713239, 22.584457888420843 ], [ 70.076507744336979, 22.584514096948052 ], [ 70.076678423970122, 22.584558086386608 ], [ 70.076858086931225, 22.58458985673655 ], [ 70.077028766564339, 22.584606965439143 ], [ 70.077208430424776, 22.58461429581314 ], [ 70.077388093385878, 22.584606965439143 ], [ 70.077558773018993, 22.58458985673655 ], [ 70.085248352429574, 22.583360594116183 ], [ 70.085383099650343, 22.583336155938916 ], [ 70.085553779283543, 22.583292167399634 ], [ 70.085715475588756, 22.583235957973159 ], [ 70.085886156121262, 22.583169973815298 ], [ 70.08594005429012, 22.5831430912807 ], [ 70.092318093005645, 22.58008587116608 ], [ 70.092425891142, 22.580032106996214 ], [ 70.092578605018673, 22.579941687359053 ], [ 70.092731317995955, 22.579841491191921 ], [ 70.092875049444032, 22.579729076835463 ], [ 70.093009795765511, 22.579606887747726 ], [ 70.093135559658421, 22.57947736738663 ], [ 70.093261323551289, 22.579335627936928 ], [ 70.093369121687644, 22.579189000671871 ], [ 70.093467935596834, 22.579032598675546 ], [ 70.093566751304593, 22.578868866305175 ], [ 70.09364759855788, 22.578700246119524 ], [ 70.093719465181195, 22.57852429466049 ] ] ], [ [ [ 70.020731348572951, 22.601394931131214 ], [ 70.020839145809987, 22.601248279584468 ], [ 70.020937960618426, 22.601091854205769 ], [ 70.021036775426921, 22.600928095755069 ], [ 70.021117623579528, 22.600759448589713 ], [ 70.021189489303524, 22.600583470151086 ], [ 70.021252370800298, 22.600405047355078 ], [ 70.021306269868489, 22.60022173674383 ], [ 70.021342202280891, 22.600033537417858 ], [ 70.021369152264626, 22.599845338991255 ], [ 70.021387118021153, 22.599652251849982 ], [ 70.021396101349069, 22.599461609965367 ], [ 70.021387118021153, 22.599270968080752 ], [ 70.02136915226464, 22.599077881838799 ], [ 70.021342202280891, 22.598889684311537 ], [ 70.021306269868489, 22.59870148678425 ], [ 70.021252370800312, 22.598518177971581 ], [ 70.021189489303524, 22.598339757873585 ], [ 70.021117623579528, 22.598163782132868 ], [ 70.021036775426921, 22.597995138564837 ], [ 70.020937960618426, 22.597831383711412 ], [ 70.020839145809987, 22.59767496103068 ], [ 70.020731348572937, 22.597528315779183 ], [ 70.020605583780693, 22.597386557443706 ], [ 70.020479819887854, 22.597257020894851 ], [ 70.020345072666998, 22.597134817417952 ], [ 70.020201342118298, 22.597022387773045 ], [ 70.020048628241668, 22.596922180814026 ], [ 70.019895915264314, 22.596831748586396 ], [ 70.019734218059781, 22.596751094687299 ], [ 70.019563538426624, 22.596685104234208 ], [ 70.019401841222077, 22.596628890311077 ], [ 70.019231161588877, 22.596584897275246 ], [ 70.019051498627789, 22.596553124227334 ], [ 70.01888081899466, 22.596536016424064 ], [ 70.018701156033558, 22.596528683352119 ], [ 70.018521492173193, 22.596536016424064 ], [ 70.018350813439312, 22.596553124227334 ], [ 70.018171149578947, 22.596584897275246 ], [ 70.018000469945775, 22.596628890311077 ], [ 70.017838772741243, 22.596685104234208 ], [ 70.017739957932747, 22.596721765097403 ], [ 70.01338312932802, 22.598532843216219 ], [ 70.007678826716543, 22.59989910855705 ], [ 70.001049260215282, 22.601470699912909 ], [ 70.000510271332018, 22.6013607128267 ], [ 69.995695301097328, 22.600277951566284 ], [ 69.995497670581074, 22.600241289803702 ], [ 69.99532699184725, 22.600224181101105 ], [ 69.995147328886162, 22.600216848029156 ], [ 69.994967665925103, 22.600224181101105 ], [ 69.994796986291917, 22.600241289803702 ], [ 69.994617323330885, 22.600273063750929 ], [ 69.99444664279838, 22.600317058585453 ], [ 69.994284945593833, 22.600373273407907 ], [ 69.994114265960675, 22.600439265659638 ], [ 69.993952569655448, 22.600519922256638 ], [ 69.993799855778775, 22.600610356282967 ], [ 69.993647142801478, 22.600710565939888 ], [ 69.993503412252721, 22.600822997383489 ], [ 69.993368665031923, 22.600945205356986 ], [ 69.993242900239707, 22.601074746402492 ], [ 69.993117136346825, 22.601216507435936 ], [ 69.99300933821047, 22.601363156284663 ], [ 69.992910524301294, 22.601519582562727 ], [ 69.992811708593536, 22.601683342812063 ], [ 69.992730860440929, 22.60185198997743 ], [ 69.992658995616239, 22.602027971114008 ], [ 69.992596113220088, 22.602206395708659 ], [ 69.992542214151896, 22.602389709017924 ], [ 69.992506281739566, 22.602577911041802 ], [ 69.992479332655137, 22.602766113965053 ], [ 69.992461365999318, 22.602959204703609 ], [ 69.992452382671388, 22.603149851984139 ], [ 69.99246136599929, 22.603340499264664 ], [ 69.992479332655137, 22.603533590902543 ], [ 69.99250628173958, 22.603721794725114 ], [ 69.992542214151911, 22.603909999446952 ], [ 69.992596113220074, 22.604093314554849 ], [ 69.992658995616239, 22.604271741847462 ], [ 69.992730860440929, 22.604447725682064 ], [ 69.992811708593521, 22.60461637644465 ], [ 69.992910524301294, 22.604780139391945 ], [ 69.99300933821047, 22.604936570166611 ], [ 69.993117136346825, 22.605083224411317 ], [ 69.993242900239693, 22.605224989042089 ], [ 69.993368665031937, 22.605354532785498 ], [ 69.993503412252721, 22.605476744356338 ], [ 69.993647142801493, 22.605589179397153 ], [ 69.993799855778775, 22.605689393550737 ], [ 69.993952569655448, 22.605779830275019 ], [ 69.994114265960661, 22.60586048956997 ], [ 69.994284945593861, 22.605926485418987 ], [ 69.994446642798366, 22.60598270204013 ], [ 69.994599356675039, 22.606021809958619 ], [ 69.999441275994187, 22.607109503101125 ], [ 69.99949517506235, 22.607121724887744 ], [ 70.000600102812555, 22.607346597667398 ], [ 70.000743833361298, 22.60737104034126 ], [ 70.000914512994413, 22.60738814994323 ], [ 70.001094175955515, 22.607395483015178 ], [ 70.001273838916561, 22.60738814994323 ], [ 70.00144451944908, 22.60737104034126 ], [ 70.00162418241014, 22.607339264595449 ], [ 70.008837654434274, 22.605630731672989 ], [ 70.014739584864003, 22.604215525226373 ], [ 70.014856366328289, 22.604183750379821 ], [ 70.015018062633544, 22.604127532859419 ], [ 70.015116877441983, 22.604090870197521 ], [ 70.019662353235049, 22.602201506993989 ], [ 70.01973421805981, 22.6021721774041 ], [ 70.019895915264328, 22.602091519008461 ], [ 70.020048628241682, 22.602001084982131 ], [ 70.020201342118298, 22.60190087442583 ], [ 70.020345072666998, 22.60178844208297 ], [ 70.020479819887839, 22.601666233210157 ], [ 70.020605583780707, 22.601536692164633 ], [ 70.020731348572951, 22.601394931131214 ] ] ] ] } },
{ "type": "Feature", "properties": { "receptor_type": "coral_reef", "source": "UNEP-WCMC Global Distribution of Coral Reefs 2018 v4.1", "source_year": 2018, "sensitivity_tier": "high", "protection_status": false, "ORIG_NAME": "Not Reported" }, "geometry": { "type": "MultiPolygon", "coordinates": [ [ [ [ 68.997927531930088, 22.445726372374217 ], [ 68.997747868969043, 22.445733697352296 ], [ 68.997577189335843, 22.445750787169114 ], [ 68.997397526374797, 22.445782526942143 ], [ 68.99722684584232, 22.445826473213231 ], [ 68.997065150436399, 22.445882626881765 ], [ 68.996894469004602, 22.445948547187758 ], [ 68.996732772699374, 22.446029115651246 ], [ 68.996580058822701, 22.446119450752118 ], [ 68.99642734584539, 22.446219551591067 ], [ 68.996283615296647, 22.446331859827527 ], [ 68.996148868075878, 22.446453933802044 ], [ 68.996023103283619, 22.446583332754642 ], [ 68.995897339390737, 22.44672493910468 ], [ 68.995789541254382, 22.446871428773473 ], [ 68.99569072734522, 22.447027685079661 ], [ 68.995591913436115, 22.447191264565276 ], [ 68.995511062585535, 22.44735972916822 ], [ 68.995439198660179, 22.447535516950609 ], [ 68.995376316264014, 22.447713747291626 ], [ 68.995322418095142, 22.447896860951403 ], [ 68.995286484783492, 22.448084857030544 ], [ 68.995259535699063, 22.448272854009076 ], [ 68.99524156904323, 22.448465734306229 ], [ 68.9952325857153, 22.44865617294408 ], [ 68.995241569043216, 22.448846611581928 ], [ 68.995259535699049, 22.449039492778404 ], [ 68.995250552371132, 22.449244582271717 ], [ 68.99531343476724, 22.449420372752058 ], [ 68.995376316264014, 22.449598604891772 ], [ 68.995421232004318, 22.449728007441649 ], [ 68.995502081056259, 22.449957512629165 ], [ 68.995564962553033, 22.450133304008826 ], [ 68.995690727345206, 22.450284679694274 ], [ 68.995789541254396, 22.450440939597737 ], [ 68.995897339390751, 22.450587432863809 ], [ 68.996023103283605, 22.450729043710449 ], [ 68.996148868075863, 22.45085844626032 ], [ 68.996283615296633, 22.450980524731502 ], [ 68.996427345845404, 22.451092836565174 ], [ 68.996580058822701, 22.451192941001466 ], [ 68.996678873631197, 22.451251539027332 ], [ 68.998924662443301, 22.452528486400581 ], [ 68.998978560612159, 22.452560226173542 ], [ 68.999140257816677, 22.452640799133633 ], [ 68.999310936550572, 22.452706722137574 ], [ 68.999472634654424, 22.452762879403394 ], [ 68.999643314287596, 22.452806826573866 ], [ 68.999822977248641, 22.452838568145467 ], [ 68.999993656881827, 22.452855659760925 ], [ 69.000173319842872, 22.452862983839665 ], [ 69.000361966131877, 22.452880074555818 ], [ 69.000523663336423, 22.452843450564849 ], [ 69.000676377213097, 22.452811710791874 ], [ 69.000874005930712, 22.452772645141525 ], [ 69.001044685563841, 22.452738462809862 ], [ 69.001116551287851, 22.452696956399446 ], [ 69.001206382768416, 22.452640799133633 ], [ 69.001368079972963, 22.452560226173542 ], [ 69.001520792950316, 22.452469886576072 ], [ 69.001673506826933, 22.45236978213978 ], [ 69.001817237375633, 22.452257469406728 ], [ 69.001951984596474, 22.452135390036286 ], [ 69.002077747590022, 22.45200598568772 ], [ 69.002203512382266, 22.45186437394176 ], [ 69.002311311417955, 22.451717879776361 ], [ 69.002410125327074, 22.451561618074265 ], [ 69.002508940135542, 22.451398033192724 ], [ 69.002589788288162, 22.451229564093182 ], [ 69.002661653112852, 22.451053771814145 ], [ 69.002724536408252, 22.450875536976522 ], [ 69.002778434577124, 22.450692419719417 ], [ 69.002814366989526, 22.450504420042989 ], [ 69.002841316973274, 22.450316420366562 ], [ 69.002859282729787, 22.450123537371375 ], [ 69.002868266057689, 22.449933096934895 ], [ 69.002859282729801, 22.449742655599149 ], [ 69.00284131697326, 22.449549774402612 ], [ 69.002814366989526, 22.449361775625501 ], [ 69.002778434577138, 22.44917377774771 ], [ 69.002724536408266, 22.448990662289297 ], [ 69.002661653112838, 22.448812431048911 ], [ 69.002589788288148, 22.448636640568559 ], [ 69.00250894013557, 22.448468175965612 ], [ 69.00241012532706, 22.448304593782044 ], [ 69.002311311417927, 22.448148336576537 ], [ 69.002203512382266, 22.448001846008424 ], [ 69.002077747590036, 22.447860237859743 ], [ 69.001951984596488, 22.447730838007828 ], [ 69.001817237375633, 22.447608762234658 ], [ 69.001673506826918, 22.447496453098886 ], [ 69.001520792950316, 22.447396351360556 ], [ 69.001421978141821, 22.447337755133326 ], [ 69.00059552816117, 22.446868988013421 ], [ 69.000056539277935, 22.44656380127844 ], [ 68.999176190229036, 22.446060855424204 ], [ 68.999122291160845, 22.446029115651246 ], [ 68.99896059485566, 22.445948547187758 ], [ 68.998789914323126, 22.445882626881765 ], [ 68.998628218017942, 22.445826473213231 ], [ 68.998457538384727, 22.445782526942143 ], [ 68.998277875423696, 22.445750787169114 ], [ 68.998107194891176, 22.445733697352296 ], [ 68.997927531930088, 22.445726372374217 ] ] ], [ [ [ 69.006650173366822, 22.450331069423381 ], [ 69.006919667808461, 22.450604523579951 ], [ 69.00799764557496, 22.451710554798296 ], [ 69.010216485302635, 22.452887400433212 ], [ 69.010378181607834, 22.452911816127482 ], [ 69.011213614916485, 22.453002155724963 ], [ 69.011069884367714, 22.452855659760925 ], [ 69.010917171390417, 22.452755554425323 ], [ 69.010818356581922, 22.452694513840807 ], [ 69.006650173366822, 22.450331069423381 ] ] ], [ [ [ 69.138810318041806, 22.519548944728054 ], [ 69.138702519905451, 22.519842074252384 ], [ 69.138154547694285, 22.521310177023111 ], [ 69.13805573288586, 22.521632624446109 ], [ 69.138172514350103, 22.521522699413087 ], [ 69.138271329158556, 22.52136636036931 ], [ 69.138370143967052, 22.521202695448086 ], [ 69.138450992119658, 22.521034142711585 ], [ 69.138522856944363, 22.520858263198352 ], [ 69.138585739340442, 22.520679941126442 ], [ 69.13863963840862, 22.520496733937186 ], [ 69.138675570820951, 22.520308640731223 ], [ 69.138810318041806, 22.519548944728054 ] ] ], [ [ [ 69.057557700727372, 22.674391731593168 ], [ 69.05753973407154, 22.674271905923771 ], [ 69.057503801659152, 22.674083608571717 ], [ 69.057449902590974, 22.673900200833657 ], [ 69.0573870210942, 22.673721685407482 ], [ 69.05731515537019, 22.673545615238019 ], [ 69.057234307217584, 22.673376880838415 ], [ 69.057135492409103, 22.673213038750816 ], [ 69.057036677600664, 22.673056532433058 ], [ 69.05692887856496, 22.672909807141924 ], [ 69.045169933445706, 22.658805402247587 ], [ 69.035809487417964, 22.640032699349653 ], [ 69.035773555005619, 22.639966688212148 ], [ 69.03567474019718, 22.639802884795355 ], [ 69.03562084112896, 22.639707535974065 ], [ 69.026053783955035, 22.625401118167133 ], [ 69.011752603799664, 22.603902664576363 ], [ 69.011707688059403, 22.603836672324626 ], [ 69.011599890822353, 22.603690019878567 ], [ 69.011474126929457, 22.603548256147171 ], [ 69.011348362137255, 22.603418713303018 ], [ 69.011213614916485, 22.603296504430201 ], [ 69.011069884367714, 22.603184070288645 ], [ 69.010917171390417, 22.603083858833081 ], [ 69.010764458413064, 22.602993423008115 ], [ 69.010602760309212, 22.602912766411059 ], [ 68.993831214439069, 22.595751467656154 ], [ 68.993705451445464, 22.595705030262987 ], [ 68.993543753341598, 22.595648817239177 ], [ 68.993373073708426, 22.595604823304026 ], [ 68.993193410747381, 22.595573051155441 ], [ 68.993022730214861, 22.595555941553524 ], [ 68.99284306725383, 22.595548610280211 ], [ 68.992663404292728, 22.595555941553524 ], [ 68.992492724659584, 22.595573051155441 ], [ 68.992313061698496, 22.595604823304026 ], [ 68.992142381165976, 22.595648817239177 ], [ 68.991980684860792, 22.595705030262987 ], [ 68.991810005227578, 22.595771019816763 ], [ 68.991648308023059, 22.595851674615115 ], [ 68.991495594146372, 22.59594210504417 ], [ 68.991342881169089, 22.596042312003128 ], [ 68.991199150620403, 22.596154738950073 ], [ 68.991064403399548, 22.596276943326298 ], [ 68.990938640406, 22.59640647897589 ], [ 68.990812874714436, 22.59654823641204 ], [ 68.990705076578067, 22.596694880764176 ], [ 68.990606262668962, 22.596851301646318 ], [ 68.990507447860466, 22.597015055600366 ], [ 68.990426599707845, 22.597183698269127 ], [ 68.990354733983835, 22.597359673110464 ], [ 68.990309818243588, 22.597481876587377 ], [ 68.985539764648479, 22.611790346647233 ], [ 68.985521797992646, 22.611846565966285 ], [ 68.985467898924469, 22.612029892765399 ], [ 68.985431967411429, 22.61221810737981 ], [ 68.985405017427695, 22.612406322893552 ], [ 68.985387050771806, 22.612599427121893 ], [ 68.985378067443875, 22.612790086992952 ], [ 68.985387050771806, 22.612980747763345 ], [ 68.985405017427709, 22.613173852891066 ], [ 68.985431967411444, 22.613362069304113 ], [ 68.985467898924455, 22.613550285717164 ], [ 68.985521797992646, 22.613733614314917 ], [ 68.985584680388726, 22.613912054198007 ], [ 68.985629596129016, 22.614031828606063 ], [ 68.992798152412831, 22.630723072212046 ], [ 68.999966707797384, 22.647448081763624 ], [ 68.999993656881827, 22.64750676072844 ], [ 69.000074505933753, 22.647675463651741 ], [ 69.00015535408636, 22.647812381835983 ], [ 69.014492465754742, 22.671699335855688 ], [ 69.014591280563195, 22.671855840374803 ], [ 69.01469907869955, 22.672002563867295 ], [ 69.014824842592461, 22.67214439684647 ], [ 69.014905690745081, 22.672229985325593 ], [ 69.033994890252004, 22.69131271061314 ], [ 69.034039805992336, 22.691356733326632 ], [ 69.03417455411244, 22.691479020440511 ], [ 69.034318283761834, 22.691591523829803 ], [ 69.034470997638493, 22.691691798237965 ], [ 69.03462371241443, 22.691782290720191 ], [ 69.03478540782038, 22.691863000377218 ], [ 69.034956088352843, 22.691929034897093 ], [ 69.035117784658098, 22.691985286591766 ], [ 69.035288464291227, 22.692029310204532 ], [ 69.035468128151649, 22.692061104836167 ], [ 69.035539992976339, 22.692070888560689 ], [ 69.057018711844137, 22.694465290340922 ], [ 69.057117525753256, 22.694472627909473 ], [ 69.057297188714358, 22.694479964578758 ], [ 69.057476852574723, 22.694472627909473 ], [ 69.057647532207909, 22.694455506616411 ], [ 69.05782719516894, 22.694423711984761 ], [ 69.05799787480214, 22.694379686573303 ], [ 69.058159572006673, 22.694323434878633 ], [ 69.058330251639859, 22.694257398560122 ], [ 69.058491948844392, 22.694176688003768 ], [ 69.058644661821759, 22.69408619462223 ], [ 69.058797375698362, 22.693985918415471 ], [ 69.058941106247119, 22.693873411428854 ], [ 69.059075852568569, 22.693751123415662 ], [ 69.059201617360841, 22.693621496934618 ], [ 69.059327381253681, 22.693479642371639 ], [ 69.05943517939005, 22.6933328963961 ], [ 69.059533994198532, 22.693176367595356 ], [ 69.059632809006985, 22.693012502125328 ], [ 69.059713657159591, 22.692843745242726 ], [ 69.059785522883658, 22.692667650791517 ], [ 69.059848404380432, 22.692489111083656 ], [ 69.059902303448609, 22.692305679963219 ], [ 69.059938235860969, 22.69211735743016 ], [ 69.059965185844717, 22.691929034897093 ], [ 69.059983151601216, 22.691735821850713 ], [ 69.059992134929132, 22.691545054960383 ], [ 69.059983151601202, 22.691354287170657 ], [ 69.059965185844703, 22.691161075023672 ], [ 69.059956203416107, 22.691092594347811 ], [ 69.057557700727372, 22.674391731593168 ] ], [ [ 68.994433085718413, 22.60231149497957 ], [ 69.007853915925523, 22.608040770864921 ], [ 69.021687971123029, 22.628850464277544 ], [ 69.031156214387863, 22.643003205933265 ], [ 69.040588525240295, 22.661918129418208 ], [ 69.040624457652669, 22.661984150448234 ], [ 69.04072327156176, 22.662147979046036 ], [ 69.040822087269589, 22.662304472773258 ], [ 69.040965816918984, 22.662487865222829 ], [ 69.052356454586729, 22.676164682953811 ], [ 69.054090203600083, 22.688238462734947 ], [ 69.036986280892222, 22.686330848689742 ], [ 69.018804380417848, 22.668156014188746 ], [ 69.004772694704172, 22.644778205050155 ], [ 68.997684986572949, 22.628241750056752 ], [ 68.990983555246956, 22.612648314268306 ], [ 68.994433085718413, 22.60231149497957 ] ] ], [ [ [ 70.168935403945795, 22.71733278907697 ], [ 70.169043201182816, 22.717190910232368 ], [ 70.169142015991326, 22.717034355351245 ], [ 70.169240830799765, 22.716870461102925 ], [ 70.169321678952372, 22.716701675442035 ], [ 70.169393544676367, 22.716525551313165 ], [ 70.169456427072532, 22.716346981028373 ], [ 70.16951032524139, 22.716163518431696 ], [ 70.169546258553041, 22.715975164422325 ], [ 70.169573207637484, 22.715786810413018 ], [ 70.169591174293316, 22.715593564091758 ], [ 70.169600156721913, 22.715402763926466 ], [ 70.169600156721913, 22.674844138246439 ], [ 70.169591174293302, 22.67465339383909 ], [ 70.16957320763747, 22.67446020507446 ], [ 70.169546258553041, 22.674271905923771 ], [ 70.169510325241376, 22.674083608571717 ], [ 70.169456427072532, 22.673900200833657 ], [ 70.169393544676367, 22.673721685407482 ], [ 70.169321678952372, 22.673545615238019 ], [ 70.169240830799765, 22.673376880838415 ], [ 70.169142015991341, 22.673213038750816 ], [ 70.169043201182831, 22.673056532433058 ], [ 70.168935403945781, 22.672909807141924 ], [ 70.168872522449036, 22.672841336358655 ], [ 70.15457134229365, 22.656159761363934 ], [ 70.14507614994443, 22.644281888098696 ], [ 70.144950386051505, 22.644132748127902 ], [ 70.144824621259318, 22.644003168411519 ], [ 70.144689874038534, 22.643880923565792 ], [ 70.144546142590443, 22.643768457947996 ], [ 70.144393431411785, 22.643668216814831 ], [ 70.144240716635807, 22.643577755808845 ], [ 70.14407901943126, 22.643497074030787 ], [ 70.143908339798102, 22.643431061993962 ], [ 70.143746642593541, 22.643374829185049 ], [ 70.127002046707162, 22.638595142951537 ], [ 70.126849332830488, 22.63855602603979 ], [ 70.126669669869429, 22.638524243099361 ], [ 70.126498989336952, 22.638507129900169 ], [ 70.126319326375878, 22.638499795029581 ], [ 70.126139663414804, 22.638507129900169 ], [ 70.12596898378159, 22.638524243099361 ], [ 70.125789320820573, 22.63855602603979 ], [ 70.125618641187359, 22.638600032565474 ], [ 70.125456943982826, 22.63865626267642 ], [ 70.125286264349654, 22.638722272914602 ], [ 70.125124567145136, 22.638802951994698 ], [ 70.124971854167782, 22.638893410302671 ], [ 70.124819140291166, 22.63899364783861 ], [ 70.12467540974238, 22.639106108959822 ], [ 70.12454066342093, 22.639228350208267 ], [ 70.124495746781349, 22.639272356733951 ], [ 70.107805049063799, 22.655964151624335 ], [ 70.107724200011873, 22.656049731110269 ], [ 70.107598436118948, 22.656191547901638 ], [ 70.107490637982607, 22.656338255206371 ], [ 70.107391824073474, 22.656494742638305 ], [ 70.107293009265064, 22.656658565840189 ], [ 70.107212160213052, 22.656827279555326 ], [ 70.107140295388376, 22.657003329040432 ], [ 70.107077412992282, 22.657181823782189 ], [ 70.107023514823425, 22.657365209037216 ], [ 70.106987582411065, 22.657553484805529 ], [ 70.10696063242726, 22.657741760573856 ], [ 70.106942665771456, 22.657934926855432 ], [ 70.106933682443511, 22.658125648779727 ], [ 70.106933682443525, 22.672066144137315 ], [ 70.102244477001079, 22.690784433554825 ], [ 70.102208544588734, 22.690972754289245 ], [ 70.102181594604971, 22.691161075023672 ], [ 70.102163628848459, 22.691354287170657 ], [ 70.102154646419862, 22.691545054960383 ], [ 70.102163628848473, 22.691735821850713 ], [ 70.102181594605, 22.691929034897093 ], [ 70.102208544588748, 22.69211735743016 ], [ 70.102244477001079, 22.692305679963219 ], [ 70.102298376069271, 22.692489111083656 ], [ 70.102379224221878, 22.692716565816905 ], [ 70.107158262044209, 22.704659687594578 ], [ 70.107212160213066, 22.704786877812236 ], [ 70.107293009265049, 22.704955649983329 ], [ 70.107391824073488, 22.70511952984247 ], [ 70.107499621310509, 22.705288302013571 ], [ 70.11941128210502, 22.721978167858197 ], [ 70.119510096913487, 22.722112712731526 ], [ 70.119635860806383, 22.722254596072776 ], [ 70.119761624699265, 22.722384248634224 ], [ 70.119896372819426, 22.722506561828425 ], [ 70.120040101569487, 22.722619090398773 ], [ 70.120192816345465, 22.722719388189258 ], [ 70.12034553022211, 22.722809899557259 ], [ 70.120507227426685, 22.722890627200734 ], [ 70.120659940403996, 22.722954230853134 ], [ 70.139794055651194, 22.730124464372576 ], [ 70.139955752855755, 22.730180732255061 ], [ 70.140126431589565, 22.730224767559029 ], [ 70.140306094550667, 22.730256570284549 ], [ 70.140476775982506, 22.730273695174951 ], [ 70.140656438943566, 22.730281035441461 ], [ 70.157347136661102, 22.730281035441461 ], [ 70.157526799622119, 22.730273695174951 ], [ 70.157697479255305, 22.730256570284549 ], [ 70.157877142216421, 22.730224767559029 ], [ 70.15804782274887, 22.730180732255061 ], [ 70.158209519054154, 22.730124464372576 ], [ 70.158380199586588, 22.730058411866249 ], [ 70.158541895891844, 22.729977680625492 ], [ 70.158694609768474, 22.729887163861569 ], [ 70.158847322745814, 22.729786860675112 ], [ 70.158991053294528, 22.729674326708846 ], [ 70.159125801414646, 22.72955200632008 ], [ 70.159251565307557, 22.729422346564089 ], [ 70.159377329200424, 22.729280456927594 ], [ 70.168935403945795, 22.71733278907697 ] ], [ [ 70.12705594487602, 22.644677963916923 ], [ 70.141554753748949, 22.648817268102501 ], [ 70.150537907198725, 22.660059775738084 ], [ 70.150600788695513, 22.660128241125499 ], [ 70.164210265191628, 22.67600083726887 ], [ 70.164210265191628, 22.714302000936634 ], [ 70.156125427446568, 22.724409774591489 ], [ 70.141105596346279, 22.724409774591489 ], [ 70.123175222758405, 22.717687486188591 ], [ 70.111964248051663, 22.70197649372027 ], [ 70.107697250927444, 22.691320047282431 ], [ 70.112224760064677, 22.673232601703258 ], [ 70.112269675804953, 22.673032078067987 ], [ 70.112296624889382, 22.672843781615253 ], [ 70.11231459244452, 22.672650594649269 ], [ 70.11232357487313, 22.672459852939934 ], [ 70.11232357487313, 22.659414248668664 ], [ 70.12705594487602, 22.644677963916923 ] ] ], [ [ [ 70.226391649654943, 22.855451370384447 ], [ 70.226490463564119, 22.855287314258188 ], [ 70.226571312616031, 22.855118360424058 ], [ 70.226643177440749, 22.854942060927435 ], [ 70.226706059836829, 22.854763314375528 ], [ 70.226759958905063, 22.854579669216427 ], [ 70.226795891317408, 22.854391128148105 ], [ 70.226822840401823, 22.854202587079776 ], [ 70.22684080705767, 22.854009149202902 ], [ 70.226849790385558, 22.853818160180023 ], [ 70.2268497903856, 22.846648914116138 ], [ 70.226840807057684, 22.846457934985771 ], [ 70.226822840401823, 22.846264507900738 ], [ 70.224460271924045, 22.827172855942592 ], [ 70.22443332194031, 22.826994143564942 ], [ 70.224397390427271, 22.826805640268162 ], [ 70.224343489560454, 22.82662203288055 ], [ 70.22428060806368, 22.826443322301536 ], [ 70.224208743238989, 22.826267059677086 ], [ 70.224127895086326, 22.826098140916532 ], [ 70.224029080277873, 22.825934118964476 ], [ 70.223930264570114, 22.825777441775582 ], [ 70.223822467333036, 22.825630557304397 ], [ 70.223696703440169, 22.825488568742507 ], [ 70.223570940446621, 22.825358819953628 ], [ 70.22343619232646, 22.825236416827234 ], [ 70.22329246177776, 22.825123806418556 ], [ 70.223139747901101, 22.82502343398431 ], [ 70.222987034024456, 22.824932856066475 ], [ 70.22291516919978, 22.824896134948737 ], [ 70.203799019709038, 22.81534410274821 ], [ 70.203709188228515, 22.815300039565212 ], [ 70.203538508595315, 22.815233946589377 ], [ 70.203376811390797, 22.815177645432009 ], [ 70.203206131757625, 22.815133583148398 ], [ 70.203026468796551, 22.815101760637788 ], [ 70.202855789163365, 22.815084625854858 ], [ 70.202676126202334, 22.815077281991012 ], [ 70.190764465407824, 22.815077281991012 ], [ 70.190584802446722, 22.815084625854858 ], [ 70.190414121914273, 22.815101760637788 ], [ 70.190234458953171, 22.815133583148398 ], [ 70.190063779320056, 22.815177645432009 ], [ 70.189902082115438, 22.815233946589377 ], [ 70.189731401582947, 22.815300039565212 ], [ 70.189569706177039, 22.815380821167988 ], [ 70.189416992300437, 22.815471393689901 ], [ 70.189264278423764, 22.81557175713095 ], [ 70.189120547875063, 22.81568436124433 ], [ 70.188985800654223, 22.815806756276853 ], [ 70.188860036761341, 22.815936496072482 ], [ 70.18873427286843, 22.816078474741854 ], [ 70.188626474732075, 22.816225349320455 ], [ 70.188527659923622, 22.816382015717519 ], [ 70.188428845115141, 22.816546026877685 ], [ 70.188347996962534, 22.816714933047756 ], [ 70.188276132137844, 22.816891183980992 ], [ 70.188213249741736, 22.817069882868847 ], [ 70.188159350673573, 22.817253477665925 ], [ 70.18814138491706, 22.817322018596315 ], [ 70.183362347094715, 22.838789611051762 ], [ 70.183344381338188, 22.838909578814075 ], [ 70.183317431354439, 22.839098099197994 ], [ 70.183299465597926, 22.8392915163904 ], [ 70.183290482270024, 22.839482484728926 ], [ 70.183299465597941, 22.839673454866102 ], [ 70.183317431354453, 22.839866872058561 ], [ 70.183344381338202, 22.840055394241112 ], [ 70.183380313750547, 22.840243916423663 ], [ 70.18343421281871, 22.840427541797677 ], [ 70.183497094315499, 22.840606270363125 ], [ 70.183568960039509, 22.840782550973977 ], [ 70.183649808192172, 22.840951486821719 ], [ 70.183730656344778, 22.841086146808262 ], [ 70.190890229300678, 22.853066449257252 ], [ 70.190989044109131, 22.853223157922447 ], [ 70.191096842245557, 22.85337007117192 ], [ 70.191222606138396, 22.853512089411417 ], [ 70.191348370031321, 22.853641863381306 ], [ 70.191483117252105, 22.853764291688766 ], [ 70.191626847800819, 22.85387692637908 ], [ 70.191779561677478, 22.853977317699101 ], [ 70.191932274654789, 22.854067915402016 ], [ 70.192093971859364, 22.854148718588526 ], [ 70.19214787092757, 22.854168307621357 ], [ 70.208865517729507, 22.861301210282701 ], [ 70.208982299193792, 22.861347735809424 ], [ 70.209143994599742, 22.861404056751887 ], [ 70.209314676031511, 22.86144813342468 ], [ 70.209494338992613, 22.861479966727124 ], [ 70.209665018625742, 22.861497106906025 ], [ 70.20984468158683, 22.86150445256845 ], [ 70.210024345447266, 22.861497106906025 ], [ 70.210195025080395, 22.861479966727124 ], [ 70.210374688041497, 22.86144813342468 ], [ 70.210545367674627, 22.861404056751887 ], [ 70.210626215827233, 22.861377120257941 ], [ 70.224936378411201, 22.856629154012285 ], [ 70.225017226563793, 22.856599769563779 ], [ 70.225187907096299, 22.856533657702183 ], [ 70.225349603401526, 22.85645285361635 ], [ 70.225502317278199, 22.856362254114796 ], [ 70.225655031154801, 22.856261860996135 ], [ 70.225798761703558, 22.856149225406444 ], [ 70.225933508924371, 22.856026794401082 ], [ 70.22605927281721, 22.855897016833914 ], [ 70.226185036710149, 22.85575499769504 ], [ 70.226292834846504, 22.855608080848299 ], [ 70.226391649654943, 22.855451370384447 ] ], [ [ 70.192884489427684, 22.82095235416784 ], [ 70.202092220679503, 22.82095235416784 ], [ 70.219321908179538, 22.829562229613259 ], [ 70.221459898855301, 22.846847238908992 ], [ 70.221459898855301, 22.85164139343561 ], [ 70.209952479723185, 22.855458716046936 ], [ 70.194914681967077, 22.849041070289207 ], [ 70.188878003417187, 22.838941406720604 ], [ 70.192884489427684, 22.82095235416784 ] ] ] ] } }
]
}
