MMSI,BaseDateTime,LAT,LON,SOG,COG,Heading,VesselName,IMO,CallSign,VesselType,Status,Length,Width,Draft,Cargo,TransceiverClass,IsTarget
372711000,2020-07-25T00:00:00,-19.737736,59.357730,11.5,245.0,246.4,MV WAKASHIO,9337119,3FYL2,Cargo,under way using engine,300,50,14.5,ballast,A,true
538005998,2020-07-25T00:00:00,-19.200000,59.500000,12.5,220.0,221.0,BOKA EXPEDITION,9479094,V7GE8,Other,under way using engine,94,20,5.5,,A,false
372711000,2020-07-25T00:02:00,-19.740436,59.351578,11.6,245.7,247.1,MV WAKASHIO,9337119,3FYL2,Cargo,under way using engine,300,50,14.5,ballast,A,true
372711000,2020-07-25T00:04:00,-19.743160,59.345373,11.6,246.4,247.6,MV WAKASHIO,9337119,3FYL2,Cargo,under way using engine,300,50,14.5,ballast,A,true
538005998,2020-07-25T00:04:00,-19.210640,59.490547,12.5,220.5,221.4,BOKA EXPEDITION,9479094,V7GE8,Other,under way using engine,94,20,5.5,,A,false
372711000,2020-07-25T00:06:00,-19.745883,59.339167,11.7,247.0,247.9,MV WAKASHIO,9337119,3FYL2,Cargo,under way using engine,300,50,14.5,ballast,A,true
372711000,2020-07-25T00:08:00,-19.748630,59.332908,11.7,247.5,248.0,MV WAKASHIO,9337119,3FYL2,Cargo,under way using engine,300,50,14.5,ballast,A,true
538005998,2020-07-25T00:08:00,-19.221279,59.481093,12.6,220.9,221.7,BOKA EXPEDITION,9479094,V7GE8,Other,under way using engine,94,20,5.5,,A,false
372711000,2020-07-25T00:10:00,-19.751377,59.326649,11.8,247.8,247.9,MV WAKASHIO,9337119,3FYL2,Cargo,under way using engine,300,50,14.5,ballast,A,true
372711000,2020-07-25T00:12:00,-19.754148,59.320336,11.8,248.0,247.6,MV WAKASHIO,9337119,3FYL2,Cargo,under way using engine,300,50,14.5,ballast,A,true
538005998,2020-07-25T00:12:00,-19.232004,59.471562,12.6,221.3,221.9,BOKA EXPEDITION,9479094,V7GE8,Other,under way using engine,94,20,5.5,,A,false
372711000,2020-07-25T00:14:00,-19.756918,59.314023,11.8,248.0,247.0,MV WAKASHIO,9337119,3FYL2,Cargo,under way using engine,300,50,14.5,ballast,A,true
372711000,2020-07-25T00:16:00,-19.759689,59.307710,11.9,247.8,246.4,MV WAKASHIO,9337119,3FYL2,Cargo,under way using engine,300,50,14.5,ballast,A,true
538005998,2020-07-25T00:16:00,-19.242728,59.462031,12.7,221.7,222.0,BOKA EXPEDITION,9479094,V7GE8,Other,under way using engine,94,20,5.5,,A,false
372711000,2020-07-25T00:18:00,-19.762483,59.301344,11.9,247.4,245.6,MV WAKASHIO,9337119,3FYL2,Cargo,under way using engine,300,50,14.5,ballast,A,true
372711000,2020-07-25T00:20:00,-19.765277,59.294977,11.9,246.9,244.8,MV WAKASHIO,9337119,3FYL2,Cargo,under way using engine,300,50,14.5,ballast,A,true
538005998,2020-07-25T00:20:00,-19.253538,59.452424,12.7,221.9,221.9,BOKA EXPEDITION,9479094,V7GE8,Other,under way using engine,94,20,5.5,,A,false
372711000,2020-07-25T00:22:00,-19.768071,59.288610,11.9,246.3,244.0,MV WAKASHIO,9337119,3FYL2,Cargo,under way using engine,300,50,14.5,ballast,A,true
372711000,2020-07-25T00:24:00,-19.770865,59.282243,11.9,245.6,243.3,MV WAKASHIO,9337119,3FYL2,Cargo,under way using engine,300,50,14.5,ballast,A,true
538005998,2020-07-25T00:24:00,-19.264348,59.442816,12.7,222.0,221.7,BOKA EXPEDITION,9479094,V7GE8,Other,under way using engine,94,20,5.5,,A,false
372711000,2020-07-25T00:26:00,-19.773659,59.275876,11.9,244.9,242.7,MV WAKASHIO,9337119,3FYL2,Cargo,under way using engine,300,50,14.5,ballast,A,true
372711000,2020-07-25T00:28:00,-19.776453,59.269509,11.9,244.2,242.3,MV WAKASHIO,9337119,3FYL2,Cargo,under way using engine,300,50,14.5,ballast,A,true
538005998,2020-07-25T00:28:00,-19.275157,59.433208,12.7,222.0,221.4,BOKA EXPEDITION,9479094,V7GE8,Other,under way using engine,94,20,5.5,,A,false
372711000,2020-07-25T00:30:00,-19.779247,59.263142,11.9,243.5,242.0,MV WAKASHIO,9337119,3FYL2,Cargo,under way using engine,300,50,14.5,ballast,A,true
372711000,2020-07-25T00:32:00,-19.782041,59.256775,11.8,242.9,242.0,MV WAKASHIO,9337119,3FYL2,Cargo,under way using engine,300,50,14.5,ballast,A,true
538005998,2020-07-25T00:32:00,-19.285967,59.423599,12.8,221.9,220.9,BOKA EXPEDITION,9479094,V7GE8,Other,under way using engine,94,20,5.5,,A,false
372711000,2020-07-25T00:34:00,-19.784811,59.250461,11.8,242.5,242.2,MV WAKASHIO,9337119,3FYL2,Cargo,under way using engine,300,50,14.5,ballast,A,true
372711000,2020-07-25T00:36:00,-19.787582,59.244147,11.8,242.2,242.6,MV WAKASHIO,9337119,3FYL2,Cargo,under way using engine,300,50,14.5,ballast,A,true
538005998,2020-07-25T00:36:00,-19.296862,59.413913,12.8,221.6,220.4,BOKA EXPEDITION,9479094,V7GE8,Other,under way using engine,94,20,5.5,,A,false
372711000,2020-07-25T00:38:00,-19.790352,59.237832,11.7,242.0,243.2,MV WAKASHIO,9337119,3FYL2,Cargo,under way using engine,300,50,14.5,ballast,A,true
372711000,2020-07-25T00:40:00,-19.793099,59.231572,11.7,242.0,243.9,MV WAKASHIO,9337119,3FYL2,Cargo,under way using engine,300,50,14.5,ballast,A,true
538005998,2020-07-25T00:40:00,-19.307757,59.404227,12.8,221.3,219.9,BOKA EXPEDITION,9479094,V7GE8,Other,under way using engine,94,20,5.5,,A,false
372711000,2020-07-25T00:42:00,-19.795846,59.225311,11.6,242.2,244.7,MV WAKASHIO,9337119,3FYL2,Cargo,under way using engine,300,50,14.5,ballast,A,true
372711000,2020-07-25T00:44:00,-19.798570,59.219103,11.6,242.6,245.5,MV WAKASHIO,9337119,3FYL2,Cargo,under way using engine,300,50,14.5,ballast,A,true
538005998,2020-07-25T00:44:00,-19.318652,59.394541,12.8,220.9,219.3,BOKA EXPEDITION,9479094,V7GE8,Other,under way using engine,94,20,5.5,,A,false
372711000,2020-07-25T00:46:00,-19.801293,59.212896,11.5,243.1,246.3,MV WAKASHIO,9337119,3FYL2,Cargo,under way using engine,300,50,14.5,ballast,A,true
372711000,2020-07-25T00:48:00,-19.803993,59.206742,11.4,243.8,246.9,MV WAKASHIO,9337119,3FYL2,Cargo,under way using engine,300,50,14.5,ballast,A,true
538005998,2020-07-25T00:48:00,-19.329547,59.384853,12.8,220.4,218.9,BOKA EXPEDITION,9479094,V7GE8,Other,under way using engine,94,20,5.5,,A,false
372711000,2020-07-25T00:50:00,-19.806670,59.200641,11.4,244.4,247.5,MV WAKASHIO,9337119,3FYL2,Cargo,under way using engine,300,50,14.5,ballast,A,true
372711000,2020-07-25T00:52:00,-19.809347,59.194540,11.3,245.2,247.8,MV WAKASHIO,9337119,3FYL2,Cargo,under way using engine,300,50,14.5,ballast,A,true
538005998,2020-07-25T00:52:00,-19.340441,59.375165,12.8,219.9,218.5,BOKA EXPEDITION,9479094,V7GE8,Other,under way using engine,94,20,5.5,,A,false
372711000,2020-07-25T00:54:00,-19.812000,59.188492,11.3,245.9,248.0,MV WAKASHIO,9337119,3FYL2,Cargo,under way using engine,300,50,14.5,ballast,A,true
372711000,2020-07-25T00:56:00,-19.814653,59.182445,11.2,246.6,247.9,MV WAKASHIO,9337119,3FYL2,Cargo,under way using engine,300,50,14.5,ballast,A,true
538005998,2020-07-25T00:56:00,-19.351336,59.365477,12.8,219.5,218.2,BOKA EXPEDITION,9479094,V7GE8,Other,under way using engine,94,20,5.5,,A,false
372711000,2020-07-25T00:58:00,-19.817282,59.176451,11.2,247.1,247.7,MV WAKASHIO,9337119,3FYL2,Cargo,under way using engine,300,50,14.5,ballast,A,true
372711000,2020-07-25T01:00:00,-19.819912,59.170457,11.2,247.6,247.2,MV WAKASHIO,9337119,3FYL2,Cargo,under way using engine,300,50,14.5,ballast,A,true
538005998,2020-07-25T01:00:00,-19.362231,59.355787,12.8,219.0,218.0,BOKA EXPEDITION,9479094,V7GE8,Other,under way using engine,94,20,5.5,,A,false
566878000,2020-07-25T01:00:00,-21.000000,57.200000,15.0,65.0,66.0,BW SUVARNA,9305159,9V9562,Tanker,under way using engine,228,36,11.0,,A,false
372711000,2020-07-25T01:02:00,-19.822542,59.164462,11.1,247.9,246.6,MV WAKASHIO,9337119,3FYL2,Cargo,under way using engine,300,50,14.5,ballast,A,true
566878000,2020-07-25T01:03:00,-20.994717,57.212135,15.0,65.5,66.4,BW SUVARNA,9305159,9V9562,Tanker,under way using engine,228,36,11.0,,A,false
372711000,2020-07-25T01:04:00,-19.825148,59.158521,11.1,248.0,245.8,MV WAKASHIO,9337119,3FYL2,Cargo,under way using engine,300,50,14.5,ballast,A,true
538005998,2020-07-25T01:04:00,-19.373126,59.346097,12.7,218.6,218.0,BOKA EXPEDITION,9479094,V7GE8,Other,under way using engine,94,20,5.5,,A,false
372711000,2020-07-25T01:06:00,-19.827754,59.152580,11.1,247.9,245.0,MV WAKASHIO,9337119,3FYL2,Cargo,under way using engine,300,50,14.5,ballast,A,true
566878000,2020-07-25T01:06:00,-20.989435,57.224269,15.1,65.9,66.7,BW SUVARNA,9305159,9V9562,Tanker,under way using engine,228,36,11.0,,A,false
372711000,2020-07-25T01:08:00,-19.830360,59.146639,11.1,247.7,244.2,MV WAKASHIO,9337119,3FYL2,Cargo,under way using engine,300,50,14.5,ballast,A,true
538005998,2020-07-25T01:08:00,-19.383936,59.336483,12.7,218.3,218.1,BOKA EXPEDITION,9479094,V7GE8,Other,under way using engine,94,20,5.5,,A,false
566878000,2020-07-25T01:09:00,-20.984117,57.236484,15.1,66.3,66.9,BW SUVARNA,9305159,9V9562,Tanker,under way using engine,228,36,11.0,,A,false
372711000,2020-07-25T01:10:00,-19.832966,59.140698,11.1,247.3,243.5,MV WAKASHIO,9337119,3FYL2,Cargo,under way using engine,300,50,14.5,ballast,A,true
372711000,2020-07-25T01:12:00,-19.835572,59.134757,11.1,246.8,242.8,MV WAKASHIO,9337119,3FYL2,Cargo,under way using engine,300,50,14.5,ballast,A,true
538005998,2020-07-25T01:12:00,-19.394746,59.326867,12.7,218.1,218.4,BOKA EXPEDITION,9479094,V7GE8,Other,under way using engine,94,20,5.5,,A,false
566878000,2020-07-25T01:12:00,-20.978799,57.248699,15.2,66.7,67.0,BW SUVARNA,9305159,9V9562,Tanker,under way using engine,228,36,11.0,,A,false
372711000,2020-07-25T01:14:00,-19.838179,59.128815,11.1,246.2,242.4,MV WAKASHIO,9337119,3FYL2,Cargo,under way using engine,300,50,14.5,ballast,A,true
566878000,2020-07-25T01:15:00,-20.973445,57.260993,15.2,66.9,66.9,BW SUVARNA,9305159,9V9562,Tanker,under way using engine,228,36,11.0,,A,false
372711000,2020-07-25T01:16:00,-19.840785,59.122874,11.1,245.5,242.1,MV WAKASHIO,9337119,3FYL2,Cargo,under way using engine,300,50,14.5,ballast,A,true
538005998,2020-07-25T01:16:00,-19.405555,59.317251,12.7,218.0,218.8,BOKA EXPEDITION,9479094,V7GE8,Other,under way using engine,94,20,5.5,,A,false
372711000,2020-07-25T01:18:00,-19.843391,59.116932,11.2,244.7,242.0,MV WAKASHIO,9337119,3FYL2,Cargo,under way using engine,300,50,14.5,ballast,A,true
566878000,2020-07-25T01:18:00,-20.968092,57.273288,15.2,67.0,66.7,BW SUVARNA,9305159,9V9562,Tanker,under way using engine,228,36,11.0,,A,false
372711000,2020-07-25T01:20:00,-19.846020,59.110937,11.2,244.0,242.1,MV WAKASHIO,9337119,3FYL2,Cargo,under way using engine,300,50,14.5,ballast,A,true
538005998,2020-07-25T01:20:00,-19.416365,59.307634,12.6,218.0,219.3,BOKA EXPEDITION,9479094,V7GE8,Other,under way using engine,94,20,5.5,,A,false
566878000,2020-07-25T01:21:00,-20.962739,57.285582,15.2,67.0,66.4,BW SUVARNA,9305159,9V9562,Tanker,under way using engine,228,36,11.0,,A,false
372711000,2020-07-25T01:22:00,-19.848650,59.104942,11.3,243.4,242.5,MV WAKASHIO,9337119,3FYL2,Cargo,under way using engine,300,50,14.5,ballast,A,true
372711000,2020-07-25T01:24:00,-19.851303,59.098893,11.3,242.8,243.0,MV WAKASHIO,9337119,3FYL2,Cargo,under way using engine,300,50,14.5,ballast,A,true
538005998,2020-07-25T01:24:00,-19.427090,59.298093,12.6,218.2,219.8,BOKA EXPEDITION,9479094,V7GE8,Other,under way using engine,94,20,5.5,,A,false
566878000,2020-07-25T01:24:00,-20.957386,57.297875,15.3,66.9,65.9,BW SUVARNA,9305159,9V9562,Tanker,under way using engine,228,36,11.0,,A,false
372711000,2020-07-25T01:26:00,-19.853956,59.092844,11.3,242.4,243.7,MV WAKASHIO,9337119,3FYL2,Cargo,under way using engine,300,50,14.5,ballast,A,true
566878000,2020-07-25T01:27:00,-20.951998,57.310249,15.3,66.6,65.4,BW SUVARNA,9305159,9V9562,Tanker,under way using engine,228,36,11.0,,A,false
372711000,2020-07-25T01:28:00,-19.856609,59.086794,11.4,242.1,244.5,MV WAKASHIO,9337119,3FYL2,Cargo,under way using engine,300,50,14.5,ballast,A,true
538005998,2020-07-25T01:28:00,-19.437814,59.288550,12.5,218.4,220.3,BOKA EXPEDITION,9479094,V7GE8,Other,under way using engine,94,20,5.5,,A,false
372711000,2020-07-25T01:30:00,-19.859286,59.080692,11.5,242.0,245.3,MV WAKASHIO,9337119,3FYL2,Cargo,under way using engine,300,50,14.5,ballast,A,true
566878000,2020-07-25T01:30:00,-20.946609,57.322623,15.3,66.3,64.9,BW SUVARNA,9305159,9V9562,Tanker,under way using engine,228,36,11.0,,A,false
372711000,2020-07-25T01:32:00,-19.861986,59.074535,11.5,242.1,246.1,MV WAKASHIO,9337119,3FYL2,Cargo,under way using engine,300,50,14.5,ballast,A,true
538005998,2020-07-25T01:32:00,-19.448454,59.279083,12.5,218.8,220.8,BOKA EXPEDITION,9479094,V7GE8,Other,under way using engine,94,20,5.5,,A,false
566878000,2020-07-25T01:33:00,-20.941221,57.334996,15.3,65.9,64.3,BW SUVARNA,9305159,9V9562,Tanker,under way using engine,228,36,11.0,,A,false
372711000,2020-07-25T01:34:00,-19.864686,59.068379,11.6,242.3,246.8,MV WAKASHIO,9337119,3FYL2,Cargo,under way using engine,300,50,14.5,ballast,A,true
372711000,2020-07-25T01:36:00,-19.867410,59.062169,11.6,242.7,247.4,MV WAKASHIO,9337119,3FYL2,Cargo,under way using engine,300,50,14.5,ballast,A,true
538005998,2020-07-25T01:36:00,-19.459093,59.269615,12.5,219.2,221.3,BOKA EXPEDITION,9479094,V7GE8,Other,under way using engine,94,20,5.5,,A,false
566878000,2020-07-25T01:36:00,-20.935832,57.347369,15.3,65.4,63.9,BW SUVARNA,9305159,9V9562,Tanker,under way using engine,228,36,11.0,,A,false
372711000,2020-07-25T01:38:00,-19.870133,59.055958,11.7,243.3,247.8,MV WAKASHIO,9337119,3FYL2,Cargo,under way using engine,300,50,14.5,ballast,A,true
566878000,2020-07-25T01:39:00,-20.930444,57.359741,15.3,64.9,63.5,BW SUVARNA,9305159,9V9562,Tanker,under way using engine,228,36,11.0,,A,false
372711000,2020-07-25T01:40:00,-19.872880,59.049694,11.7,243.9,248.0,MV WAKASHIO,9337119,3FYL2,Cargo,under way using engine,300,50,14.5,ballast,A,true
538005998,2020-07-25T01:40:00,-19.469733,59.260147,12.4,219.6,221.7,BOKA EXPEDITION,9479094,V7GE8,Other,under way using engine,94,20,5.5,,A,false
372711000,2020-07-25T01:42:00,-19.875627,59.043430,11.8,244.6,248.0,MV WAKASHIO,9337119,3FYL2,Cargo,under way using engine,300,50,14.5,ballast,A,true
566878000,2020-07-25T01:42:00,-20.925056,57.372113,15.3,64.5,63.2,BW SUVARNA,9305159,9V9562,Tanker,under way using engine,228,36,11.0,,A,false
372711000,2020-07-25T01:44:00,-19.878398,59.037113,11.8,245.3,247.7,MV WAKASHIO,9337119,3FYL2,Cargo,under way using engine,300,50,14.5,ballast,A,true
538005998,2020-07-25T01:44:00,-19.480287,59.250753,12.4,220.1,221.9,BOKA EXPEDITION,9479094,V7GE8,Other,under way using engine,94,20,5.5,,A,false
566878000,2020-07-25T01:45:00,-20.919667,57.384484,15.3,64.0,63.0,BW SUVARNA,9305159,9V9562,Tanker,under way using engine,228,36,11.0,,A,false
372711000,2020-07-25T01:46:00,-19.881168,59.030795,11.8,246.1,247.3,MV WAKASHIO,9337119,3FYL2,Cargo,under way using engine,300,50,14.5,ballast,A,true
372711000,2020-07-25T01:48:00,-19.883939,59.024477,11.9,246.7,246.7,MV WAKASHIO,9337119,3FYL2,Cargo,under way using engine,300,50,14.5,ballast,A,true
538005998,2020-07-25T01:48:00,-19.490842,59.241360,12.3,220.6,222.0,BOKA EXPEDITION,9479094,V7GE8,Other,under way using engine,94,20,5.5,,A,false
566878000,2020-07-25T01:48:00,-20.914279,57.396855,15.2,63.6,63.0,BW SUVARNA,9305159,9V9562,Tanker,under way using engine,228,36,11.0,,A,false
372711000,2020-07-25T01:50:00,-19.886733,59.018105,11.9,247.3,246.0,MV WAKASHIO,9337119,3FYL2,Cargo,under way using engine,300,50,14.5,ballast,A,true
566878000,2020-07-25T01:51:00,-20.908926,57.409145,15.2,63.3,63.1,BW SUVARNA,9305159,9V9562,Tanker,under way using engine,228,36,11.0,,A,false
372711000,2020-07-25T01:52:00,-19.889527,59.011734,11.9,247.7,245.2,MV WAKASHIO,9337119,3FYL2,Cargo,under way using engine,300,50,14.5,ballast,A,true
538005998,2020-07-25T01:52:00,-19.501311,59.232041,12.3,221.0,222.0,BOKA EXPEDITION,9479094,V7GE8,Other,under way using engine,94,20,5.5,,A,false
372711000,2020-07-25T01:54:00,-19.892321,59.005362,11.9,247.9,244.4,MV WAKASHIO,9337119,3FYL2,Cargo,under way using engine,300,50,14.5,ballast,A,true
566878000,2020-07-25T01:54:00,-20.903573,57.421434,15.2,63.1,63.4,BW SUVARNA,9305159,9V9562,Tanker,under way using engine,228,36,11.0,,A,false
372711000,2020-07-25T01:56:00,-19.895115,58.998990,11.9,248.0,243.6,MV WAKASHIO,9337119,3FYL2,Cargo,under way using engine,300,50,14.5,ballast,A,true
538005998,2020-07-25T01:56:00,-19.511780,59.222721,12.3,221.4,221.8,BOKA EXPEDITION,9479094,V7GE8,Other,under way using engine,94,20,5.5,,A,false
566878000,2020-07-25T01:57:00,-20.898219,57.433723,15.2,63.0,63.8,BW SUVARNA,9305159,9V9562,Tanker,under way using engine,228,36,11.0,,A,false
372711000,2020-07-25T01:58:00,-19.897909,58.992618,11.9,247.9,243.0,MV WAKASHIO,9337119,3FYL2,Cargo,under way using engine,300,50,14.5,ballast,A,true
372711000,2020-07-25T02:00:00,-19.900703,58.986246,11.9,247.6,242.5,MV WAKASHIO,9337119,3FYL2,Cargo,under way using engine,300,50,14.5,ballast,A,true
538005998,2020-07-25T02:00:00,-19.522249,59.213401,12.3,221.7,221.5,BOKA EXPEDITION,9479094,V7GE8,Other,under way using engine,94,20,5.5,,A,false
215768000,2020-07-25T02:00:00,-20.300000,59.500000,18.0,270.0,271.0,MSC IMOGEN,9367044,9HA2849,Cargo,under way using engine,294,32,13.0,,A,false
566878000,2020-07-25T02:00:00,-20.892866,57.446011,15.1,63.0,64.3,BW SUVARNA,9305159,9V9562,Tanker,under way using engine,228,36,11.0,,A,false
372711000,2020-07-25T02:02:00,-19.903497,58.979874,11.9,247.2,242.1,MV WAKASHIO,9337119,3FYL2,Cargo,under way using engine,300,50,14.5,ballast,A,true
215768000,2020-07-25T02:02:00,-20.300000,59.489338,18.0,270.5,271.4,MSC IMOGEN,9367044,9HA2849,Cargo,under way using engine,294,32,13.0,,A,false
566878000,2020-07-25T02:03:00,-20.887548,57.458218,15.1,63.2,64.8,BW SUVARNA,9305159,9V9562,Tanker,under way using engine,228,36,11.0,,A,false
372711000,2020-07-25T02:04:00,-19.906290,58.973501,11.8,246.7,242.0,MV WAKASHIO,9337119,3FYL2,Cargo,under way using engine,300,50,14.5,ballast,A,true
538005998,2020-07-25T02:04:00,-19.532719,59.204081,12.2,221.9,221.0,BOKA EXPEDITION,9479094,V7GE8,Other,under way using engine,94,20,5.5,,A,false
215768000,2020-07-25T02:04:00,-20.300000,59.478676,18.1,270.9,271.7,MSC IMOGEN,9367044,9HA2849,Cargo,under way using engine,294,32,13.0,,A,false
372711000,2020-07-25T02:06:00,-19.909061,58.967183,11.8,246.0,242.1,MV WAKASHIO,9337119,3FYL2,Cargo,under way using engine,300,50,14.5,ballast,A,true
215768000,2020-07-25T02:06:00,-20.300000,59.467954,18.1,271.3,271.9,MSC IMOGEN,9367044,9HA2849,Cargo,under way using engine,294,32,13.0,,A,false
566878000,2020-07-25T02:06:00,-20.882230,57.470424,15.0,63.4,65.3,BW SUVARNA,9305159,9V9562,Tanker,under way using engine,228,36,11.0,,A,false
372711000,2020-07-25T02:08:00,-19.911831,58.960864,11.7,245.3,242.4,MV WAKASHIO,9337119,3FYL2,Cargo,under way using engine,300,50,14.5,ballast,A,true
538005998,2020-07-25T02:08:00,-19.543103,59.194835,12.2,222.0,220.5,BOKA EXPEDITION,9479094,V7GE8,Other,under way using engine,94,20,5.5,,A,false
215768000,2020-07-25T02:08:00,-20.300000,59.457233,18.2,271.7,272.0,MSC IMOGEN,9367044,9HA2849,Cargo,under way using engine,294,32,13.0,,A,false
566878000,2020-07-25T02:09:00,-20.876948,57.482550,15.0,63.8,65.8,BW SUVARNA,9305159,9V9562,Tanker,under way using engine,228,36,11.0,,A,false
372711000,2020-07-25T02:10:00,-19.914578,58.954598,11.7,244.6,242.9,MV WAKASHIO,9337119,3FYL2,Cargo,under way using engine,300,50,14.5,ballast,A,true
215768000,2020-07-25T02:10:00,-20.300000,59.446452,18.2,271.9,271.9,MSC IMOGEN,9367044,9HA2849,Cargo,under way using engine,294,32,13.0,,A,false
372711000,2020-07-25T02:12:00,-19.917326,58.948332,11.6,243.9,243.5,MV WAKASHIO,9337119,3FYL2,Cargo,under way using engine,300,50,14.5,ballast,A,true
538005998,2020-07-25T02:12:00,-19.553487,59.185589,12.2,222.0,220.0,BOKA EXPEDITION,9479094,V7GE8,Other,under way using engine,94,20,5.5,,A,false
215768000,2020-07-25T02:12:00,-20.300000,59.435671,18.2,272.0,271.7,MSC IMOGEN,9367044,9HA2849,Cargo,under way using engine,294,32,13.0,,A,false
566878000,2020-07-25T02:12:00,-20.871665,57.494675,15.0,64.2,66.3,BW SUVARNA,9305159,9V9562,Tanker,under way using engine,228,36,11.0,,A,false
372711000,2020-07-25T02:14:00,-19.920049,58.942120,11.6,243.2,244.3,MV WAKASHIO,9337119,3FYL2,Cargo,under way using engine,300,50,14.5,ballast,A,true
215768000,2020-07-25T02:14:00,-20.300000,59.424890,18.2,272.0,271.4,MSC IMOGEN,9367044,9HA2849,Cargo,under way using engine,294,32,13.0,,A,false
566878000,2020-07-25T02:15:00,-20.866382,57.506799,14.9,64.6,66.7,BW SUVARNA,9305159,9V9562,Tanker,under way using engine,228,36,11.0,,A,false
372711000,2020-07-25T02:16:00,-19.922773,58.935908,11.5,242.7,245.1,MV WAKASHIO,9337119,3FYL2,Cargo,under way using engine,300,50,14.5,ballast,A,true
538005998,2020-07-25T02:16:00,-19.563871,59.176343,12.2,221.8,219.5,BOKA EXPEDITION,9479094,V7GE8,Other,under way using engine,94,20,5.5,,A,false
215768000,2020-07-25T02:16:00,-20.300000,59.414110,18.3,271.9,270.9,MSC IMOGEN,9367044,9HA2849,Cargo,under way using engine,294,32,13.0,,A,false
372711000,2020-07-25T02:18:00,-19.925473,58.929749,11.5,242.3,245.9,MV WAKASHIO,9337119,3FYL2,Cargo,under way using engine,300,50,14.5,ballast,A,true
215768000,2020-07-25T02:18:00,-20.300000,59.403270,18.3,271.6,270.4,MSC IMOGEN,9367044,9HA2849,Cargo,under way using engine,294,32,13.0,,A,false
566878000,2020-07-25T02:18:00,-20.861135,57.518842,14.9,65.1,66.9,BW SUVARNA,9305159,9V9562,Tanker,under way using engine,228,36,11.0,,A,false
372711000,2020-07-25T02:20:00,-19.928173,58.923590,11.4,242.1,246.6,MV WAKASHIO,9337119,3FYL2,Cargo,under way using engine,300,50,14.5,ballast,A,true
538005998,2020-07-25T02:20:00,-19.574255,59.167096,12.2,221.6,219.0,BOKA EXPEDITION,9479094,V7GE8,Other,under way using engine,94,20,5.5,,A,false
215768000,2020-07-25T02:20:00,-20.300000,59.392430,18.3,271.3,269.9,MSC IMOGEN,9367044,9HA2849,Cargo,under way using engine,294,32,13.0,,A,false
566878000,2020-07-25T02:21:00,-20.855887,57.530885,14.8,65.6,67.0,BW SUVARNA,9305159,9V9562,Tanker,under way using engine,228,36,11.0,,A,false
372711000,2020-07-25T02:22:00,-19.930849,58.917484,11.4,242.0,247.2,MV WAKASHIO,9337119,3FYL2,Cargo,under way using engine,300,50,14.5,ballast,A,true
215768000,2020-07-25T02:22:00,-20.300000,59.381590,18.3,270.9,269.3,MSC IMOGEN,9367044,9HA2849,Cargo,under way using engine,294,32,13.0,,A,false
372711000,2020-07-25T02:24:00,-19.933526,58.911379,11.3,242.1,247.7,MV WAKASHIO,9337119,3FYL2,Cargo,under way using engine,300,50,14.5,ballast,A,true
538005998,2020-07-25T02:24:00,-19.584639,59.157848,12.2,221.2,218.6,BOKA EXPEDITION,9479094,V7GE8,Other,under way using engine,94,20,5.5,,A,false
215768000,2020-07-25T02:24:00,-20.300000,59.370750,18.3,270.4,268.9,MSC IMOGEN,9367044,9HA2849,Cargo,under way using engine,294,32,13.0,,A,false
566878000,2020-07-25T02:24:00,-20.850675,57.542846,14.8,66.0,67.0,BW SUVARNA,9305159,9V9562,Tanker,under way using engine,228,36,11.0,,A,false
372711000,2020-07-25T02:26:00,-19.936179,58.905326,11.3,242.4,247.9,MV WAKASHIO,9337119,3FYL2,Cargo,under way using engine,300,50,14.5,ballast,A,true
215768000,2020-07-25T02:26:00,-20.300000,59.359910,18.3,269.9,268.5,MSC IMOGEN,9367044,9HA2849,Cargo,under way using engine,294,32,13.0,,A,false
566878000,2020-07-25T02:27:00,-20.845463,57.554808,14.8,66.4,66.8,BW SUVARNA,9305159,9V9562,Tanker,under way using engine,228,36,11.0,,A,false
372711000,2020-07-25T02:28:00,-19.938832,58.899274,11.2,242.8,248.0,MV WAKASHIO,9337119,3FYL2,Cargo,under way using engine,300,50,14.5,ballast,A,true
538005998,2020-07-25T02:28:00,-19.595024,59.148599,12.2,220.8,218.2,BOKA EXPEDITION,9479094,V7GE8,Other,under way using engine,94,20,5.5,,A,false
215768000,2020-07-25T02:28:00,-20.300000,59.349070,18.3,269.5,268.2,MSC IMOGEN,9367044,9HA2849,Cargo,under way using engine,294,32,13.0,,A,false
372711000,2020-07-25T02:30:00,-19.941462,58.893275,11.2,243.4,247.8,MV WAKASHIO,9337119,3FYL2,Cargo,under way using engine,300,50,14.5,ballast,A,true
215768000,2020-07-25T02:30:00,-20.300000,59.338230,18.3,269.0,268.0,MSC IMOGEN,9367044,9HA2849,Cargo,under way using engine,294,32,13.0,,A,false
566878000,2020-07-25T02:30:00,-20.840250,57.566768,14.8,66.7,66.5,BW SUVARNA,9305159,9V9562,Tanker,under way using engine,228,36,11.0,,A,false
372711000,2020-07-25T02:32:00,-19.944091,58.887276,11.2,244.1,247.4,MV WAKASHIO,9337119,3FYL2,Cargo,under way using engine,300,50,14.5,ballast,A,true
538005998,2020-07-25T02:32:00,-19.605408,59.139350,12.2,220.3,218.1,BOKA EXPEDITION,9479094,V7GE8,Other,under way using engine,94,20,5.5,,A,false
215768000,2020-07-25T02:32:00,-20.300000,59.327390,18.2,268.6,268.0,MSC IMOGEN,9367044,9HA2849,Cargo,under way using engine,294,32,13.0,,A,false
566878000,2020-07-25T02:33:00,-20.835038,57.578729,14.7,66.9,66.0,BW SUVARNA,9305159,9V9562,Tanker,under way using engine,228,36,11.0,,A,false
372711000,2020-07-25T02:34:00,-19.946721,58.881277,11.1,244.8,246.9,MV WAKASHIO,9337119,3FYL2,Cargo,under way using engine,300,50,14.5,ballast,A,true
215768000,2020-07-25T02:34:00,-20.300000,59.316609,18.2,268.3,268.1,MSC IMOGEN,9367044,9HA2849,Cargo,under way using engine,294,32,13.0,,A,false
372711000,2020-07-25T02:36:00,-19.949327,58.875332,11.1,245.5,246.2,MV WAKASHIO,9337119,3FYL2,Cargo,under way using engine,300,50,14.5,ballast,A,true
538005998,2020-07-25T02:36:00,-19.615792,59.130101,12.3,219.8,218.0,BOKA EXPEDITION,9479094,V7GE8,Other,under way using engine,94,20,5.5,,A,false
215768000,2020-07-25T02:36:00,-20.300000,59.305829,18.2,268.1,268.4,MSC IMOGEN,9367044,9HA2849,Cargo,under way using engine,294,32,13.0,,A,false
566878000,2020-07-25T02:36:00,-20.829861,57.590608,14.7,67.0,65.5,BW SUVARNA,9305159,9V9562,Tanker,under way using engine,228,36,11.0,,A,false
372711000,2020-07-25T02:38:00,-19.951933,58.869386,11.1,246.2,245.4,MV WAKASHIO,9337119,3FYL2,Cargo,under way using engine,300,50,14.5,ballast,A,true
215768000,2020-07-25T02:38:00,-20.300000,59.295048,18.2,268.0,268.8,MSC IMOGEN,9367044,9HA2849,Cargo,under way using engine,294,32,13.0,,A,false
566878000,2020-07-25T02:39:00,-20.824684,57.602486,14.7,67.0,65.0,BW SUVARNA,9305159,9V9562,Tanker,under way using engine,228,36,11.0,,A,false
372711000,2020-07-25T02:40:00,-19.954539,58.863440,11.1,246.8,244.6,MV WAKASHIO,9337119,3FYL2,Cargo,under way using engine,300,50,14.5,ballast,A,true
538005998,2020-07-25T02:40:00,-19.626261,59.120775,12.3,219.3,218.1,BOKA EXPEDITION,9479094,V7GE8,Other,under way using engine,94,20,5.5,,A,false
215768000,2020-07-25T02:40:00,-20.300000,59.284267,18.1,268.0,269.3,MSC IMOGEN,9367044,9HA2849,Cargo,under way using engine,294,32,13.0,,A,false
372711000,2020-07-25T02:42:00,-19.957146,58.857494,11.1,247.4,243.8,MV WAKASHIO,9337119,3FYL2,Cargo,under way using engine,300,50,14.5,ballast,A,true
215768000,2020-07-25T02:42:00,-20.300000,59.273546,18.1,268.2,269.8,MSC IMOGEN,9367044,9HA2849,Cargo,under way using engine,294,32,13.0,,A,false
566878000,2020-07-25T02:42:00,-20.819507,57.614365,14.7,66.8,64.5,BW SUVARNA,9305159,9V9562,Tanker,under way using engine,228,36,11.0,,A,false
372711000,2020-07-25T02:44:00,-19.959752,58.851548,11.1,247.7,243.1,MV WAKASHIO,9337119,3FYL2,Cargo,under way using engine,300,50,14.5,ballast,A,true
538005998,2020-07-25T02:44:00,-19.636730,59.111448,12.3,218.9,218.3,BOKA EXPEDITION,9479094,V7GE8,Other,under way using engine,94,20,5.5,,A,false
215768000,2020-07-25T02:44:00,-20.300000,59.262824,18.0,268.4,270.3,MSC IMOGEN,9367044,9HA2849,Cargo,under way using engine,294,32,13.0,,A,false
566878000,2020-07-25T02:45:00,-20.814330,57.626242,14.7,66.6,64.0,BW SUVARNA,9305159,9V9562,Tanker,under way using engine,228,36,11.0,,A,false
372711000,2020-07-25T02:46:00,-19.962358,58.845602,11.1,248.0,242.6,MV WAKASHIO,9337119,3FYL2,Cargo,under way using engine,300,50,14.5,ballast,A,true
215768000,2020-07-25T02:46:00,-20.300000,59.252162,18.0,268.8,270.8,MSC IMOGEN,9367044,9HA2849,Cargo,under way using engine,294,32,13.0,,A,false
372711000,2020-07-25T02:48:00,-19.964964,58.839656,11.2,248.0,242.2,MV WAKASHIO,9337119,3FYL2,Cargo,under way using engine,300,50,14.5,ballast,A,true
538005998,2020-07-25T02:48:00,-19.647200,59.102121,12.3,218.5,218.7,BOKA EXPEDITION,9479094,V7GE8,Other,under way using engine,94,20,5.5,,A,false
215768000,2020-07-25T02:48:00,-20.300000,59.241500,18.0,269.2,271.3,MSC IMOGEN,9367044,9HA2849,Cargo,under way using engine,294,32,13.0,,A,false
566878000,2020-07-25T02:48:00,-20.809153,57.638120,14.7,66.2,63.6,BW SUVARNA,9305159,9V9562,Tanker,under way using engine,228,36,11.0,,A,false
372711000,2020-07-25T02:50:00,-19.967594,58.833656,11.2,247.9,242.0,MV WAKASHIO,9337119,3FYL2,Cargo,under way using engine,300,50,14.5,ballast,A,true
215768000,2020-07-25T02:50:00,-20.300000,59.230838,17.9,269.6,271.7,MSC IMOGEN,9367044,9HA2849,Cargo,under way using engine,294,32,13.0,,A,false
566878000,2020-07-25T02:51:00,-20.803976,57.649997,14.7,65.8,63.2,BW SUVARNA,9305159,9V9562,Tanker,under way using engine,228,36,11.0,,A,false
372711000,2020-07-25T02:52:00,-19.970223,58.827656,11.2,247.5,242.0,MV WAKASHIO,9337119,3FYL2,Cargo,under way using engine,300,50,14.5,ballast,A,true
538005998,2020-07-25T02:52:00,-19.657669,59.092793,12.4,218.3,219.1,BOKA EXPEDITION,9479094,V7GE8,Other,under way using engine,94,20,5.5,,A,false
215768000,2020-07-25T02:52:00,-20.300000,59.220235,17.9,270.1,271.9,MSC IMOGEN,9367044,9HA2849,Cargo,under way using engine,294,32,13.0,,A,false
372711000,2020-07-25T02:54:00,-19.972853,58.821656,11.3,247.1,242.3,MV WAKASHIO,9337119,3FYL2,Cargo,under way using engine,300,50,14.5,ballast,A,true
215768000,2020-07-25T02:54:00,-20.300000,59.209632,17.8,270.6,272.0,MSC IMOGEN,9367044,9HA2849,Cargo,under way using engine,294,32,13.0,,A,false
566878000,2020-07-25T02:54:00,-20.798798,57.661873,14.7,65.3,63.1,BW SUVARNA,9305159,9V9562,Tanker,under way using engine,228,36,11.0,,A,false
372711000,2020-07-25T02:56:00,-19.975506,58.815603,11.3,246.5,242.7,MV WAKASHIO,9337119,3FYL2,Cargo,under way using engine,300,50,14.5,ballast,A,true
538005998,2020-07-25T02:56:00,-19.668223,59.083389,12.4,218.1,219.7,BOKA EXPEDITION,9479094,V7GE8,Other,under way using engine,94,20,5.5,,A,false
215768000,2020-07-25T02:56:00,-20.300000,59.199088,17.8,271.0,272.0,MSC IMOGEN,9367044,9HA2849,Cargo,under way using engine,294,32,13.0,,A,false
566878000,2020-07-25T02:57:00,-20.793621,57.673750,14.8,64.8,63.0,BW SUVARNA,9305159,9V9562,Tanker,under way using engine,228,36,11.0,,A,false
372711000,2020-07-25T02:58:00,-19.978159,58.809549,11.4,245.8,243.4,MV WAKASHIO,9337119,3FYL2,Cargo,under way using engine,300,50,14.5,ballast,A,true
215768000,2020-07-25T02:58:00,-20.300000,59.188544,17.8,271.4,271.8,MSC IMOGEN,9367044,9HA2849,Cargo,under way using engine,294,32,13.0,,A,false
372711000,2020-07-25T03:00:00,-19.980836,58.803441,11.4,245.1,244.1,MV WAKASHIO,9337119,3FYL2,Cargo,under way using engine,300,50,14.5,ballast,A,true
538005998,2020-07-25T03:00:00,-19.678778,59.073984,12.5,218.0,220.2,BOKA EXPEDITION,9479094,V7GE8,Other,under way using engine,94,20,5.5,,A,false
215768000,2020-07-25T03:00:00,-20.300000,59.178000,17.8,271.7,271.5,MSC IMOGEN,9367044,9HA2849,Cargo,under way using engine,294,32,13.0,,A,false
566878000,2020-07-25T03:00:00,-20.788409,57.685706,14.8,64.3,63.1,BW SUVARNA,9305159,9V9562,Tanker,under way using engine,228,36,11.0,,A,false
372711000,2020-07-25T03:02:00,-19.983512,58.797334,11.5,244.4,244.9,MV WAKASHIO,9337119,3FYL2,Cargo,under way using engine,300,50,14.5,ballast,A,true
215768000,2020-07-25T03:02:00,-20.300000,59.167456,17.7,271.9,271.0,MSC IMOGEN,9367044,9HA2849,Cargo,under way using engine,294,32,13.0,,A,false
566878000,2020-07-25T03:03:00,-20.783197,57.697662,14.8,63.9,63.3,BW SUVARNA,9305159,9V9562,Tanker,under way using engine,228,36,11.0,,A,false
372711000,2020-07-25T03:04:00,-19.986212,58.791173,11.5,243.7,245.7,MV WAKASHIO,9337119,3FYL2,Cargo,under way using engine,300,50,14.5,ballast,A,true
538005998,2020-07-25T03:04:00,-19.689417,59.064503,12.5,218.0,220.7,BOKA EXPEDITION,9479094,V7GE8,Other,under way using engine,94,20,5.5,,A,false
215768000,2020-07-25T03:04:00,-20.300000,59.156972,17.7,272.0,270.5,MSC IMOGEN,9367044,9HA2849,Cargo,under way using engine,294,32,13.0,,A,false
372711000,2020-07-25T03:06:00,-19.988912,58.785011,11.6,243.1,246.4,MV WAKASHIO,9337119,3FYL2,Cargo,under way using engine,300,50,14.5,ballast,A,true
215768000,2020-07-25T03:06:00,-20.300000,59.146487,17.7,272.0,270.0,MSC IMOGEN,9367044,9HA2849,Cargo,under way using engine,294,32,13.0,,A,false
566878000,2020-07-25T03:06:00,-20.777985,57.709618,14.8,63.5,63.7,BW SUVARNA,9305159,9V9562,Tanker,under way using engine,228,36,11.0,,A,false
372711000,2020-07-25T03:08:00,-19.991636,58.778796,11.6,242.6,247.1,MV WAKASHIO,9337119,3FYL2,Cargo,under way using engine,300,50,14.5,ballast,A,true
538005998,2020-07-25T03:08:00,-19.700057,59.055021,12.5,218.2,221.2,BOKA EXPEDITION,9479094,V7GE8,Other,under way using engine,94,20,5.5,,A,false
215768000,2020-07-25T03:08:00,-20.300000,59.136003,17.7,271.8,269.5,MSC IMOGEN,9367044,9HA2849,Cargo,under way using engine,294,32,13.0,,A,false
566878000,2020-07-25T03:09:00,-20.772772,57.721573,14.9,63.3,64.1,BW SUVARNA,9305159,9V9562,Tanker,under way using engine,228,36,11.0,,A,false
372711000,2020-07-25T03:10:00,-19.994359,58.772581,11.7,242.2,247.6,MV WAKASHIO,9337119,3FYL2,Cargo,under way using engine,300,50,14.5,ballast,A,true
215768000,2020-07-25T03:10:00,-20.300000,59.125518,17.7,271.6,269.0,MSC IMOGEN,9367044,9HA2849,Cargo,under way using engine,294,32,13.0,,A,false
372711000,2020-07-25T03:12:00,-19.997106,58.766312,11.7,242.0,247.9,MV WAKASHIO,9337119,3FYL2,Cargo,under way using engine,300,50,14.5,ballast,A,true
538005998,2020-07-25T03:12:00,-19.710696,59.045538,12.6,218.5,221.6,BOKA EXPEDITION,9479094,V7GE8,Other,under way using engine,94,20,5.5,,A,false
215768000,2020-07-25T03:12:00,-20.300000,59.115034,17.7,271.2,268.6,MSC IMOGEN,9367044,9HA2849,Cargo,under way using engine,294,32,13.0,,A,false
566878000,2020-07-25T03:12:00,-20.767525,57.733609,14.9,63.1,64.7,BW SUVARNA,9305159,9V9562,Tanker,under way using engine,228,36,11.0,,A,false
372711000,2020-07-25T03:14:00,-19.999853,58.760043,11.8,242.0,248.0,MV WAKASHIO,9337119,3FYL2,Cargo,under way using engine,300,50,14.5,ballast,A,true
215768000,2020-07-25T03:14:00,-20.300000,59.104549,17.7,270.8,268.2,MSC IMOGEN,9367044,9HA2849,Cargo,under way using engine,294,32,13.0,,A,false
566878000,2020-07-25T03:15:00,-20.762277,57.745644,15.0,63.0,65.2,BW SUVARNA,9305159,9V9562,Tanker,under way using engine,228,36,11.0,,A,false
372711000,2020-07-25T03:16:00,-20.002624,58.753721,11.8,242.2,247.9,MV WAKASHIO,9337119,3FYL2,Cargo,under way using engine,300,50,14.5,ballast,A,true
538005998,2020-07-25T03:16:00,-19.721421,59.035979,12.6,218.8,221.8,BOKA EXPEDITION,9479094,V7GE8,Other,under way using engine,94,20,5.5,,A,false
215768000,2020-07-25T03:16:00,-20.300000,59.094065,17.7,270.3,268.1,MSC IMOGEN,9367044,9HA2849,Cargo,under way using engine,294,32,13.0,,A,false
372711000,2020-07-25T03:18:00,-20.005394,58.747398,11.8,242.5,247.6,MV WAKASHIO,9337119,3FYL2,Cargo,under way using engine,300,50,14.5,ballast,A,true
215768000,2020-07-25T03:18:00,-20.300000,59.083580,17.8,269.8,268.0,MSC IMOGEN,9367044,9HA2849,Cargo,under way using engine,294,32,13.0,,A,false
566878000,2020-07-25T03:18:00,-20.756994,57.757760,15.0,63.0,65.7,BW SUVARNA,9305159,9V9562,Tanker,under way using engine,228,36,11.0,,A,false
372711000,2020-07-25T03:20:00,-20.008165,58.741075,11.9,243.0,247.0,MV WAKASHIO,9337119,3FYL2,Cargo,under way using engine,300,50,14.5,ballast,A,true
538005998,2020-07-25T03:20:00,-19.732146,59.026419,12.7,219.3,222.0,BOKA EXPEDITION,9479094,V7GE8,Other,under way using engine,94,20,5.5,,A,false
215768000,2020-07-25T03:20:00,-20.300000,59.073036,17.8,269.3,268.1,MSC IMOGEN,9367044,9HA2849,Cargo,under way using engine,294,32,13.0,,A,false
566878000,2020-07-25T03:21:00,-20.751712,57.769875,15.0,63.2,66.2,BW SUVARNA,9305159,9V9562,Tanker,under way using engine,228,36,11.0,,A,false
372711000,2020-07-25T03:22:00,-20.010959,58.734698,11.9,243.6,246.4,MV WAKASHIO,9337119,3FYL2,Cargo,under way using engine,300,50,14.5,ballast,A,true
215768000,2020-07-25T03:22:00,-20.300000,59.062493,17.8,268.9,268.3,MSC IMOGEN,9367044,9HA2849,Cargo,under way using engine,294,32,13.0,,A,false
372711000,2020-07-25T03:24:00,-20.013753,58.728322,11.9,244.2,245.6,MV WAKASHIO,9337119,3FYL2,Cargo,under way using engine,300,50,14.5,ballast,A,true
538005998,2020-07-25T03:24:00,-19.742955,59.016783,12.7,219.7,222.0,BOKA EXPEDITION,9479094,V7GE8,Other,under way using engine,94,20,5.5,,A,false
215768000,2020-07-25T03:24:00,-20.300000,59.051949,17.8,268.5,268.7,MSC IMOGEN,9367044,9HA2849,Cargo,under way using engine,294,32,13.0,,A,false
566878000,2020-07-25T03:24:00,-20.746429,57.781990,15.1,63.5,66.6,BW SUVARNA,9305159,9V9562,Tanker,under way using engine,228,36,11.0,,A,false
372711000,2020-07-25T03:26:00,-20.016547,58.721945,11.9,245.0,244.8,MV WAKASHIO,9337119,3FYL2,Cargo,under way using engine,300,50,14.5,ballast,A,true
215768000,2020-07-25T03:26:00,-20.300000,59.041405,17.9,268.3,269.1,MSC IMOGEN,9367044,9HA2849,Cargo,under way using engine,294,32,13.0,,A,false
566878000,2020-07-25T03:27:00,-20.741111,57.794185,15.1,63.8,66.8,BW SUVARNA,9305159,9V9562,Tanker,under way using engine,228,36,11.0,,A,false
372711000,2020-07-25T03:28:00,-20.019341,58.715568,11.9,245.7,244.0,MV WAKASHIO,9337119,3FYL2,Cargo,under way using engine,300,50,14.5,ballast,A,true
538005998,2020-07-25T03:28:00,-19.753765,59.007146,12.7,220.2,221.8,BOKA EXPEDITION,9479094,V7GE8,Other,under way using engine,94,20,5.5,,A,false
215768000,2020-07-25T03:28:00,-20.300000,59.030802,17.9,268.1,269.7,MSC IMOGEN,9367044,9HA2849,Cargo,under way using engine,294,32,13.0,,A,false
372711000,2020-07-25T03:30:00,-20.022135,58.709191,11.9,246.4,243.3,MV WAKASHIO,9337119,3FYL2,Cargo,under way using engine,300,50,14.5,ballast,A,true
215768000,2020-07-25T03:30:00,-20.300000,59.020199,18.0,268.0,270.2,MSC IMOGEN,9367044,9HA2849,Cargo,under way using engine,294,32,13.0,,A,false
566878000,2020-07-25T03:30:00,-20.735793,57.806380,15.2,64.3,67.0,BW SUVARNA,9305159,9V9562,Tanker,under way using engine,228,36,11.0,,A,false
372711000,2020-07-25T03:32:00,-20.024929,58.702814,11.9,247.0,242.7,MV WAKASHIO,9337119,3FYL2,Cargo,under way using engine,300,50,14.5,ballast,A,true
538005998,2020-07-25T03:32:00,-19.764575,58.997508,12.7,220.7,221.5,BOKA EXPEDITION,9479094,V7GE8,Other,under way using engine,94,20,5.5,,A,false
215768000,2020-07-25T03:32:00,-20.300000,59.009537,18.0,268.0,270.7,MSC IMOGEN,9367044,9HA2849,Cargo,under way using engine,294,32,13.0,,A,false
566878000,2020-07-25T03:33:00,-20.730440,57.818655,15.2,64.7,67.0,BW SUVARNA,9305159,9V9562,Tanker,under way using engine,228,36,11.0,,A,false
372711000,2020-07-25T03:34:00,-20.027723,58.696437,11.8,247.5,242.3,MV WAKASHIO,9337119,3FYL2,Cargo,under way using engine,300,50,14.5,ballast,A,true
215768000,2020-07-25T03:34:00,-20.300000,58.998875,18.0,268.2,271.2,MSC IMOGEN,9367044,9HA2849,Cargo,under way using engine,294,32,13.0,,A,false
372711000,2020-07-25T03:36:00,-20.030493,58.690113,11.8,247.8,242.0,MV WAKASHIO,9337119,3FYL2,Cargo,under way using engine,300,50,14.5,ballast,A,true
538005998,2020-07-25T03:36:00,-19.775384,58.987870,12.8,221.1,221.2,BOKA EXPEDITION,9479094,V7GE8,Other,under way using engine,94,20,5.5,,A,false
215768000,2020-07-25T03:36:00,-20.300000,58.988212,18.1,268.5,271.6,MSC IMOGEN,9367044,9HA2849,Cargo,under way using engine,294,32,13.0,,A,false
566878000,2020-07-25T03:36:00,-20.725087,57.830930,15.2,65.2,66.8,BW SUVARNA,9305159,9V9562,Tanker,under way using engine,228,36,11.0,,A,false
372711000,2020-07-25T03:38:00,-20.033264,58.683789,11.8,248.0,242.0,MV WAKASHIO,9337119,3FYL2,Cargo,under way using engine,300,50,14.5,ballast,A,true
215768000,2020-07-25T03:38:00,-20.300000,58.977491,18.1,268.8,271.8,MSC IMOGEN,9367044,9HA2849,Cargo,under way using engine,294,32,13.0,,A,false
566878000,2020-07-25T03:39:00,-20.719734,57.843204,15.2,65.7,66.5,BW SUVARNA,9305159,9V9562,Tanker,under way using engine,228,36,11.0,,A,false
372711000,2020-07-25T03:40:00,-20.036034,58.677465,11.7,248.0,242.2,MV WAKASHIO,9337119,3FYL2,Cargo,under way using engine,300,50,14.5,ballast,A,true
538005998,2020-07-25T03:40:00,-19.786279,58.978155,12.8,221.5,220.7,BOKA EXPEDITION,9479094,V7GE8,Other,under way using engine,94,20,5.5,,A,false
215768000,2020-07-25T03:40:00,-20.300000,58.966769,18.2,269.3,272.0,MSC IMOGEN,9367044,9HA2849,Cargo,under way using engine,294,32,13.0,,A,false
372711000,2020-07-25T03:42:00,-20.038781,58.671194,11.7,247.8,242.6,MV WAKASHIO,9337119,3FYL2,Cargo,under way using engine,300,50,14.5,ballast,A,true
215768000,2020-07-25T03:42:00,-20.300000,58.955989,18.2,269.7,272.0,MSC IMOGEN,9367044,9HA2849,Cargo,under way using engine,294,32,13.0,,A,false
566878000,2020-07-25T03:42:00,-20.714380,57.855478,15.3,66.1,66.2,BW SUVARNA,9305159,9V9562,Tanker,under way using engine,228,36,11.0,,A,false
372711000,2020-07-25T03:44:00,-20.041528,58.664924,11.6,247.5,243.2,MV WAKASHIO,9337119,3FYL2,Cargo,under way using engine,300,50,14.5,ballast,A,true
538005998,2020-07-25T03:44:00,-19.797174,58.968440,12.8,221.8,220.1,BOKA EXPEDITION,9479094,V7GE8,Other,under way using engine,94,20,5.5,,A,false
215768000,2020-07-25T03:44:00,-20.300000,58.945208,18.2,270.2,271.8,MSC IMOGEN,9367044,9HA2849,Cargo,under way using engine,294,32,13.0,,A,false
566878000,2020-07-25T03:45:00,-20.708992,57.867832,15.3,66.5,65.7,BW SUVARNA,9305159,9V9562,Tanker,under way using engine,228,36,11.0,,A,false
372711000,2020-07-25T03:46:00,-20.044252,58.658707,11.6,247.0,243.9,MV WAKASHIO,9337119,3FYL2,Cargo,under way using engine,300,50,14.5,ballast,A,true
215768000,2020-07-25T03:46:00,-20.300000,58.934427,18.2,270.7,271.5,MSC IMOGEN,9367044,9HA2849,Cargo,under way using engine,294,32,13.0,,A,false
372711000,2020-07-25T03:48:00,-20.046975,58.652489,11.5,246.4,244.7,MV WAKASHIO,9337119,3FYL2,Cargo,under way using engine,300,50,14.5,ballast,A,true
538005998,2020-07-25T03:48:00,-19.808069,58.958724,12.8,221.9,219.6,BOKA EXPEDITION,9479094,V7GE8,Other,under way using engine,94,20,5.5,,A,false
215768000,2020-07-25T03:48:00,-20.300000,58.923647,18.3,271.1,271.2,MSC IMOGEN,9367044,9HA2849,Cargo,under way using engine,294,32,13.0,,A,false
566878000,2020-07-25T03:48:00,-20.703604,57.880185,15.3,66.8,65.1,BW SUVARNA,9305159,9V9562,Tanker,under way using engine,228,36,11.0,,A,false
372711000,2020-07-25T03:50:00,-20.049675,58.646326,11.5,245.7,245.5,MV WAKASHIO,9337119,3FYL2,Cargo,under way using engine,300,50,14.5,ballast,A,true
215768000,2020-07-25T03:50:00,-20.300000,58.912807,18.3,271.5,270.7,MSC IMOGEN,9367044,9HA2849,Cargo,under way using engine,294,32,13.0,,A,false
566878000,2020-07-25T03:51:00,-20.698215,57.892538,15.3,66.9,64.6,BW SUVARNA,9305159,9V9562,Tanker,under way using engine,228,36,11.0,,A,false
372711000,2020-07-25T03:52:00,-20.052376,58.640162,11.4,244.9,246.3,MV WAKASHIO,9337119,3FYL2,Cargo,under way using engine,300,50,14.5,ballast,A,true
538005998,2020-07-25T03:52:00,-19.818964,58.949007,12.8,222.0,219.1,BOKA EXPEDITION,9479094,V7GE8,Other,under way using engine,94,20,5.5,,A,false
215768000,2020-07-25T03:52:00,-20.300000,58.901967,18.3,271.8,270.1,MSC IMOGEN,9367044,9HA2849,Cargo,under way using engine,294,32,13.0,,A,false
372711000,2020-07-25T03:54:00,-20.055052,58.634052,11.4,244.2,246.9,MV WAKASHIO,9337119,3FYL2,Cargo,under way using engine,300,50,14.5,ballast,A,true
215768000,2020-07-25T03:54:00,-20.300000,58.891127,18.3,271.9,269.6,MSC IMOGEN,9367044,9HA2849,Cargo,under way using engine,294,32,13.0,,A,false
566878000,2020-07-25T03:54:00,-20.692827,57.904891,15.3,67.0,64.1,BW SUVARNA,9305159,9V9562,Tanker,under way using engine,228,36,11.0,,A,false
372711000,2020-07-25T03:56:00,-20.057729,58.627941,11.3,243.5,247.5,MV WAKASHIO,9337119,3FYL2,Cargo,under way using engine,300,50,14.5,ballast,A,true
538005998,2020-07-25T03:56:00,-19.829859,58.939290,12.8,221.9,218.7,BOKA EXPEDITION,9479094,V7GE8,Other,under way using engine,94,20,5.5,,A,false
215768000,2020-07-25T03:56:00,-20.300000,58.880287,18.3,272.0,269.1,MSC IMOGEN,9367044,9HA2849,Cargo,under way using engine,294,32,13.0,,A,false
566878000,2020-07-25T03:57:00,-20.687439,57.917243,15.3,66.9,63.7,BW SUVARNA,9305159,9V9562,Tanker,under way using engine,228,36,11.0,,A,false
372711000,2020-07-25T03:58:00,-20.060382,58.621884,11.3,243.0,247.8,MV WAKASHIO,9337119,3FYL2,Cargo,under way using engine,300,50,14.5,ballast,A,true
215768000,2020-07-25T03:58:00,-20.300000,58.869447,18.3,271.9,268.7,MSC IMOGEN,9367044,9HA2849,Cargo,under way using engine,294,32,13.0,,A,false
372711000,2020-07-25T04:00:00,-20.063035,58.615827,11.2,242.5,248.0,MV WAKASHIO,9337119,3FYL2,Cargo,under way using engine,300,50,14.5,ballast,A,true
538005998,2020-07-25T04:00:00,-19.840754,58.929571,12.8,221.8,218.3,BOKA EXPEDITION,9479094,V7GE8,Other,under way using engine,94,20,5.5,,A,false
215768000,2020-07-25T04:00:00,-20.300000,58.858607,18.3,271.8,268.3,MSC IMOGEN,9367044,9HA2849,Cargo,under way using engine,294,32,13.0,,A,false
477553400,2020-07-25T04:00:00,-19.500000,58.800000,14.5,220.0,221.0,NORD COURAGE,9384726,VRMT9,Cargo,under way using engine,180,30,11.5,,A,false
566878000,2020-07-25T04:00:00,-20.682050,57.929595,15.3,66.8,63.3,BW SUVARNA,9305159,9V9562,Tanker,under way using engine,228,36,11.0,,A,false
372711000,2020-07-25T04:02:00,-20.065665,58.609823,11.2,242.2,247.9,MV WAKASHIO,9337119,3FYL2,Cargo,under way using engine,300,50,14.5,ballast,A,true
215768000,2020-07-25T04:02:00,-20.300000,58.847767,18.3,271.5,268.1,MSC IMOGEN,9367044,9HA2849,Cargo,under way using engine,294,32,13.0,,A,false
477553400,2020-07-25T04:03:00,-19.509256,58.791760,14.5,220.5,221.4,NORD COURAGE,9384726,VRMT9,Cargo,under way using engine,180,30,11.5,,A,false
566878000,2020-07-25T04:03:00,-20.676662,57.941947,15.3,66.5,63.1,BW SUVARNA,9305159,9V9562,Tanker,under way using engine,228,36,11.0,,A,false
372711000,2020-07-25T04:04:00,-20.068294,58.603820,11.2,242.0,247.7,MV WAKASHIO,9337119,3FYL2,Cargo,under way using engine,300,50,14.5,ballast,A,true
538005998,2020-07-25T04:04:00,-19.851648,58.919853,12.8,221.5,218.1,BOKA EXPEDITION,9479094,V7GE8,Other,under way using engine,94,20,5.5,,A,false
215768000,2020-07-25T04:04:00,-20.300000,58.836927,18.2,271.1,268.0,MSC IMOGEN,9367044,9HA2849,Cargo,under way using engine,294,32,13.0,,A,false
372711000,2020-07-25T04:06:00,-20.070924,58.597816,11.1,242.0,247.2,MV WAKASHIO,9337119,3FYL2,Cargo,under way using engine,300,50,14.5,ballast,A,true
215768000,2020-07-25T04:06:00,-20.300000,58.826146,18.2,270.7,268.1,MSC IMOGEN,9367044,9HA2849,Cargo,under way using engine,294,32,13.0,,A,false
477553400,2020-07-25T04:06:00,-19.518513,58.783520,14.6,220.9,221.7,NORD COURAGE,9384726,VRMT9,Cargo,under way using engine,180,30,11.5,,A,false
566878000,2020-07-25T04:06:00,-20.671273,57.954298,15.2,66.1,63.0,BW SUVARNA,9305159,9V9562,Tanker,under way using engine,228,36,11.0,,A,false
372711000,2020-07-25T04:08:00,-20.073530,58.591866,11.1,242.2,246.6,MV WAKASHIO,9337119,3FYL2,Cargo,under way using engine,300,50,14.5,ballast,A,true
538005998,2020-07-25T04:08:00,-19.862543,58.910133,12.7,221.1,218.0,BOKA EXPEDITION,9479094,V7GE8,Other,under way using engine,94,20,5.5,,A,false
215768000,2020-07-25T04:08:00,-20.300000,58.815366,18.2,270.2,268.3,MSC IMOGEN,9367044,9HA2849,Cargo,under way using engine,294,32,13.0,,A,false
477553400,2020-07-25T04:09:00,-19.527833,58.775223,14.6,221.3,221.9,NORD COURAGE,9384726,VRMT9,Cargo,under way using engine,180,30,11.5,,A,false
566878000,2020-07-25T04:09:00,-20.665920,57.966567,15.2,65.7,63.1,BW SUVARNA,9305159,9V9562,Tanker,under way using engine,228,36,11.0,,A,false
372711000,2020-07-25T04:10:00,-20.076136,58.585915,11.1,242.6,245.8,MV WAKASHIO,9337119,3FYL2,Cargo,under way using engine,300,50,14.5,ballast,A,true
215768000,2020-07-25T04:10:00,-20.300000,58.804585,18.1,269.7,268.6,MSC IMOGEN,9367044,9HA2849,Cargo,under way using engine,294,32,13.0,,A,false
372711000,2020-07-25T04:12:00,-20.078742,58.579965,11.1,243.1,245.0,MV WAKASHIO,9337119,3FYL2,Cargo,under way using engine,300,50,14.5,ballast,A,true
538005998,2020-07-25T04:12:00,-19.873353,58.900489,12.7,220.7,218.1,BOKA EXPEDITION,9479094,V7GE8,Other,under way using engine,94,20,5.5,,A,false
215768000,2020-07-25T04:12:00,-20.300000,58.793863,18.1,269.2,269.0,MSC IMOGEN,9367044,9HA2849,Cargo,under way using engine,294,32,13.0,,A,false
477553400,2020-07-25T04:12:00,-19.537153,58.766925,14.7,221.7,222.0,NORD COURAGE,9384726,VRMT9,Cargo,under way using engine,180,30,11.5,,A,false
566878000,2020-07-25T04:12:00,-20.660567,57.978837,15.2,65.2,63.3,BW SUVARNA,9305159,9V9562,Tanker,under way using engine,228,36,11.0,,A,false
372711000,2020-07-25T04:14:00,-20.081348,58.574014,11.1,243.7,244.2,MV WAKASHIO,9337119,3FYL2,Cargo,under way using engine,300,50,14.5,ballast,A,true
215768000,2020-07-25T04:14:00,-20.300000,58.783142,18.1,268.8,269.5,MSC IMOGEN,9367044,9HA2849,Cargo,under way using engine,294,32,13.0,,A,false
477553400,2020-07-25T04:15:00,-19.546537,58.758570,14.7,221.9,221.9,NORD COURAGE,9384726,VRMT9,Cargo,under way using engine,180,30,11.5,,A,false
566878000,2020-07-25T04:15:00,-20.655214,57.991106,15.1,64.7,63.6,BW SUVARNA,9305159,9V9562,Tanker,under way using engine,228,36,11.0,,A,false
372711000,2020-07-25T04:16:00,-20.083955,58.568064,11.1,244.4,243.5,MV WAKASHIO,9337119,3FYL2,Cargo,under way using engine,300,50,14.5,ballast,A,true
538005998,2020-07-25T04:16:00,-19.884163,58.890844,12.7,220.2,218.3,BOKA EXPEDITION,9479094,V7GE8,Other,under way using engine,94,20,5.5,,A,false
215768000,2020-07-25T04:16:00,-20.300000,58.772420,18.0,268.5,270.1,MSC IMOGEN,9367044,9HA2849,Cargo,under way using engine,294,32,13.0,,A,false
372711000,2020-07-25T04:18:00,-20.086561,58.562113,11.1,245.1,242.8,MV WAKASHIO,9337119,3FYL2,Cargo,under way using engine,300,50,14.5,ballast,A,true
215768000,2020-07-25T04:18:00,-20.300000,58.761758,18.0,268.2,270.6,MSC IMOGEN,9367044,9HA2849,Cargo,under way using engine,294,32,13.0,,A,false
477553400,2020-07-25T04:18:00,-19.555921,58.750214,14.7,222.0,221.7,NORD COURAGE,9384726,VRMT9,Cargo,under way using engine,180,30,11.5,,A,false
566878000,2020-07-25T04:18:00,-20.649896,58.003294,15.1,64.2,64.0,BW SUVARNA,9305159,9V9562,Tanker,under way using engine,228,36,11.0,,A,false
372711000,2020-07-25T04:20:00,-20.089167,58.556162,11.2,245.9,242.4,MV WAKASHIO,9337119,3FYL2,Cargo,under way using engine,300,50,14.5,ballast,A,true
538005998,2020-07-25T04:20:00,-19.894973,58.881199,12.6,219.7,218.6,BOKA EXPEDITION,9479094,V7GE8,Other,under way using engine,94,20,5.5,,A,false
215768000,2020-07-25T04:20:00,-20.300000,58.751096,18.0,268.0,271.1,MSC IMOGEN,9367044,9HA2849,Cargo,under way using engine,294,32,13.0,,A,false
477553400,2020-07-25T04:21:00,-19.565305,58.741858,14.7,222.0,221.4,NORD COURAGE,9384726,VRMT9,Cargo,under way using engine,180,30,11.5,,A,false
566878000,2020-07-25T04:21:00,-20.644578,58.015481,15.1,63.8,64.5,BW SUVARNA,9305159,9V9562,Tanker,under way using engine,228,36,11.0,,A,false
372711000,2020-07-25T04:22:00,-20.091796,58.550157,11.2,246.5,242.1,MV WAKASHIO,9337119,3FYL2,Cargo,under way using engine,300,50,14.5,ballast,A,true
215768000,2020-07-25T04:22:00,-20.300000,58.740434,17.9,268.0,271.5,MSC IMOGEN,9367044,9HA2849,Cargo,under way using engine,294,32,13.0,,A,false
372711000,2020-07-25T04:24:00,-20.094426,58.544153,11.2,247.1,242.0,MV WAKASHIO,9337119,3FYL2,Cargo,under way using engine,300,50,14.5,ballast,A,true
538005998,2020-07-25T04:24:00,-19.905697,58.871629,12.6,219.2,219.0,BOKA EXPEDITION,9479094,V7GE8,Other,under way using engine,94,20,5.5,,A,false
215768000,2020-07-25T04:24:00,-20.300000,58.729831,17.9,268.1,271.8,MSC IMOGEN,9367044,9HA2849,Cargo,under way using engine,294,32,13.0,,A,false
477553400,2020-07-25T04:24:00,-19.574689,58.733501,14.8,221.9,220.9,NORD COURAGE,9384726,VRMT9,Cargo,under way using engine,180,30,11.5,,A,false
566878000,2020-07-25T04:24:00,-20.639260,58.027668,15.0,63.5,65.1,BW SUVARNA,9305159,9V9562,Tanker,under way using engine,228,36,11.0,,A,false
372711000,2020-07-25T04:26:00,-20.097056,58.538148,11.3,247.6,242.2,MV WAKASHIO,9337119,3FYL2,Cargo,under way using engine,300,50,14.5,ballast,A,true
215768000,2020-07-25T04:26:00,-20.300000,58.719228,17.8,268.3,272.0,MSC IMOGEN,9367044,9HA2849,Cargo,under way using engine,294,32,13.0,,A,false
477553400,2020-07-25T04:27:00,-19.584137,58.725087,14.8,221.6,220.4,NORD COURAGE,9384726,VRMT9,Cargo,under way using engine,180,30,11.5,,A,false
566878000,2020-07-25T04:27:00,-20.633977,58.039774,15.0,63.2,65.6,BW SUVARNA,9305159,9V9562,Tanker,under way using engine,228,36,11.0,,A,false
372711000,2020-07-25T04:28:00,-20.099709,58.532090,11.3,247.9,242.5,MV WAKASHIO,9337119,3FYL2,Cargo,under way using engine,300,50,14.5,ballast,A,true
538005998,2020-07-25T04:28:00,-19.916422,58.862058,12.6,218.8,219.5,BOKA EXPEDITION,9479094,V7GE8,Other,under way using engine,94,20,5.5,,A,false
215768000,2020-07-25T04:28:00,-20.300000,58.708684,17.8,268.6,272.0,MSC IMOGEN,9367044,9HA2849,Cargo,under way using engine,294,32,13.0,,A,false
372711000,2020-07-25T04:30:00,-20.102362,58.526031,11.4,248.0,243.0,MV WAKASHIO,9337119,3FYL2,Cargo,under way using engine,300,50,14.5,ballast,A,true
215768000,2020-07-25T04:30:00,-20.300000,58.698140,17.8,268.9,271.9,MSC IMOGEN,9367044,9HA2849,Cargo,under way using engine,294,32,13.0,,A,false
477553400,2020-07-25T04:30:00,-19.593585,58.716673,14.8,221.3,219.9,NORD COURAGE,9384726,VRMT9,Cargo,under way using engine,180,30,11.5,,A,false
566878000,2020-07-25T04:30:00,-20.628695,58.051879,15.0,63.0,66.1,BW SUVARNA,9305159,9V9562,Tanker,under way using engine,228,36,11.0,,A,false
645113333,2020-07-25T04:30:00,-20.203982,57.912760,3.0,147.3,157.3,FV SHENANDOAH,,3BFS2,Fishing,under way using engine,15,4,1.8,,A,false
372711000,2020-07-25T04:32:00,-20.105038,58.519919,11.4,247.9,243.7,MV WAKASHIO,9337119,3FYL2,Cargo,under way using engine,300,50,14.5,ballast,A,true
538005998,2020-07-25T04:32:00,-19.927146,58.852486,12.5,218.5,220.1,BOKA EXPEDITION,9479094,V7GE8,Other,under way using engine,94,20,5.5,,A,false
215768000,2020-07-25T04:32:00,-20.300000,58.687596,17.7,269.4,271.6,MSC IMOGEN,9367044,9HA2849,Cargo,under way using engine,294,32,13.0,,A,false
645113333,2020-07-25T04:32:00,-20.205291,57.914260,3.0,150.0,160.0,FV SHENANDOAH,,3BFS2,Fishing,under way using engine,15,4,1.8,,A,false
477553400,2020-07-25T04:33:00,-19.603033,58.708258,14.8,220.9,219.3,NORD COURAGE,9384726,VRMT9,Cargo,under way using engine,180,30,11.5,,A,false
566878000,2020-07-25T04:33:00,-20.623412,58.063984,14.9,63.0,66.5,BW SUVARNA,9305159,9V9562,Tanker,under way using engine,228,36,11.0,,A,false
372711000,2020-07-25T04:34:00,-20.107715,58.513806,11.5,247.7,244.5,MV WAKASHIO,9337119,3FYL2,Cargo,under way using engine,300,50,14.5,ballast,A,true
215768000,2020-07-25T04:34:00,-20.300000,58.677112,17.7,269.9,271.3,MSC IMOGEN,9367044,9HA2849,Cargo,under way using engine,294,32,13.0,,A,false
645113333,2020-07-25T04:34:00,-20.206695,57.915709,3.0,152.7,162.7,FV SHENANDOAH,,3BFS2,Fishing,under way using engine,15,4,1.8,,A,false
372711000,2020-07-25T04:36:00,-20.110415,58.507640,11.5,247.3,245.3,MV WAKASHIO,9337119,3FYL2,Cargo,under way using engine,300,50,14.5,ballast,A,true
538005998,2020-07-25T04:36:00,-19.937786,58.842990,12.5,218.2,220.6,BOKA EXPEDITION,9479094,V7GE8,Other,under way using engine,94,20,5.5,,A,false
215768000,2020-07-25T04:36:00,-20.300000,58.666627,17.7,270.3,270.8,MSC IMOGEN,9367044,9HA2849,Cargo,under way using engine,294,32,13.0,,A,false
477553400,2020-07-25T04:36:00,-19.612481,58.699842,14.8,220.4,218.9,NORD COURAGE,9384726,VRMT9,Cargo,under way using engine,180,30,11.5,,A,false
566878000,2020-07-25T04:36:00,-20.618164,58.076008,14.9,63.1,66.8,BW SUVARNA,9305159,9V9562,Tanker,under way using engine,228,36,11.0,,A,false
645113333,2020-07-25T04:36:00,-20.208192,57.917102,3.0,155.4,165.4,FV SHENANDOAH,,3BFS2,Fishing,under way using engine,15,4,1.8,,A,false
372711000,2020-07-25T04:38:00,-20.113115,58.501474,11.6,246.8,246.1,MV WAKASHIO,9337119,3FYL2,Cargo,under way using engine,300,50,14.5,ballast,A,true
215768000,2020-07-25T04:38:00,-20.300000,58.656143,17.7,270.8,270.3,MSC IMOGEN,9367044,9HA2849,Cargo,under way using engine,294,32,13.0,,A,false
645113333,2020-07-25T04:38:00,-20.209780,57.918430,2.9,158.1,168.1,FV SHENANDOAH,,3BFS2,Fishing,under way using engine,15,4,1.8,,A,false
477553400,2020-07-25T04:39:00,-19.621929,58.691426,14.8,219.9,218.5,NORD COURAGE,9384726,VRMT9,Cargo,under way using engine,180,30,11.5,,A,false
566878000,2020-07-25T04:39:00,-20.612917,58.088031,14.8,63.3,67.0,BW SUVARNA,9305159,9V9562,Tanker,under way using engine,228,36,11.0,,A,false
372711000,2020-07-25T04:40:00,-20.115839,58.495254,11.6,246.2,246.8,MV WAKASHIO,9337119,3FYL2,Cargo,under way using engine,300,50,14.5,ballast,A,true
538005998,2020-07-25T04:40:00,-19.948425,58.833493,12.5,218.0,221.1,BOKA EXPEDITION,9479094,V7GE8,Other,under way using engine,94,20,5.5,,A,false
215768000,2020-07-25T04:40:00,-20.300000,58.645658,17.7,271.2,269.7,MSC IMOGEN,9367044,9HA2849,Cargo,under way using engine,294,32,13.0,,A,false
645113333,2020-07-25T04:40:00,-20.211456,57.919689,2.9,160.8,170.8,FV SHENANDOAH,,3BFS2,Fishing,under way using engine,15,4,1.8,,A,false
372711000,2020-07-25T04:42:00,-20.118562,58.489034,11.7,245.5,247.4,MV WAKASHIO,9337119,3FYL2,Cargo,under way using engine,300,50,14.5,ballast,A,true
215768000,2020-07-25T04:42:00,-20.300000,58.635174,17.7,271.6,269.2,MSC IMOGEN,9367044,9HA2849,Cargo,under way using engine,294,32,13.0,,A,false
477553400,2020-07-25T04:42:00,-19.631377,58.683010,14.8,219.5,218.2,NORD COURAGE,9384726,VRMT9,Cargo,under way using engine,180,30,11.5,,A,false
566878000,2020-07-25T04:42:00,-20.607705,58.099974,14.8,63.6,67.0,BW SUVARNA,9305159,9V9562,Tanker,under way using engine,228,36,11.0,,A,false
645113333,2020-07-25T04:42:00,-20.213217,57.920871,2.9,163.5,173.5,FV SHENANDOAH,,3BFS2,Fishing,under way using engine,15,4,1.8,,A,false
372711000,2020-07-25T04:44:00,-20.121309,58.482760,11.7,244.8,247.8,MV WAKASHIO,9337119,3FYL2,Cargo,under way using engine,300,50,14.5,ballast,A,true
538005998,2020-07-25T04:44:00,-19.959065,58.823996,12.4,218.0,221.5,BOKA EXPEDITION,9479094,V7GE8,Other,under way using engine,94,20,5.5,,A,false
215768000,2020-07-25T04:44:00,-20.300000,58.624689,17.7,271.8,268.8,MSC IMOGEN,9367044,9HA2849,Cargo,under way using engine,294,32,13.0,,A,false
645113333,2020-07-25T04:44:00,-20.215060,57.921971,2.8,166.2,176.2,FV SHENANDOAH,,3BFS2,Fishing,under way using engine,15,4,1.8,,A,false
477553400,2020-07-25T04:45:00,-19.640825,58.674593,14.8,219.0,218.0,NORD COURAGE,9384726,VRMT9,Cargo,under way using engine,180,30,11.5,,A,false
566878000,2020-07-25T04:45:00,-20.602492,58.111916,14.8,63.9,66.9,BW SUVARNA,9305159,9V9562,Tanker,under way using engine,228,36,11.0,,A,false
372711000,2020-07-25T04:46:00,-20.124056,58.476486,11.8,244.1,248.0,MV WAKASHIO,9337119,3FYL2,Cargo,under way using engine,300,50,14.5,ballast,A,true
215768000,2020-07-25T04:46:00,-20.300000,58.614205,17.7,272.0,268.4,MSC IMOGEN,9367044,9HA2849,Cargo,under way using engine,294,32,13.0,,A,false
645113333,2020-07-25T04:46:00,-20.216981,57.922982,2.7,168.9,178.9,FV SHENANDOAH,,3BFS2,Fishing,under way using engine,15,4,1.8,,A,false
372711000,2020-07-25T04:48:00,-20.126827,58.470158,11.8,243.4,248.0,MV WAKASHIO,9337119,3FYL2,Cargo,under way using engine,300,50,14.5,ballast,A,true
538005998,2020-07-25T04:48:00,-19.969619,58.814574,12.4,218.1,221.8,BOKA EXPEDITION,9479094,V7GE8,Other,under way using engine,94,20,5.5,,A,false
215768000,2020-07-25T04:48:00,-20.300000,58.603720,17.7,272.0,268.1,MSC IMOGEN,9367044,9HA2849,Cargo,under way using engine,294,32,13.0,,A,false
477553400,2020-07-25T04:48:00,-19.650272,58.666175,14.7,218.6,218.0,NORD COURAGE,9384726,VRMT9,Cargo,under way using engine,180,30,11.5,,A,false
566878000,2020-07-25T04:48:00,-20.597280,58.123857,14.7,64.4,66.6,BW SUVARNA,9305159,9V9562,Tanker,under way using engine,228,36,11.0,,A,false
645113333,2020-07-25T04:48:00,-20.218975,57.923899,2.7,171.6,181.6,FV SHENANDOAH,,3BFS2,Fishing,under way using engine,15,4,1.8,,A,false
372711000,2020-07-25T04:50:00,-20.129597,58.463831,11.8,242.8,247.7,MV WAKASHIO,9337119,3FYL2,Cargo,under way using engine,300,50,14.5,ballast,A,true
215768000,2020-07-25T04:50:00,-20.300000,58.593235,17.8,271.9,268.0,MSC IMOGEN,9367044,9HA2849,Cargo,under way using engine,294,32,13.0,,A,false
645113333,2020-07-25T04:50:00,-20.221037,57.924715,2.6,174.3,184.3,FV SHENANDOAH,,3BFS2,Fishing,under way using engine,15,4,1.8,,A,false
477553400,2020-07-25T04:51:00,-19.659656,58.657814,14.7,218.3,218.1,NORD COURAGE,9384726,VRMT9,Cargo,under way using engine,180,30,11.5,,A,false
566878000,2020-07-25T04:51:00,-20.592103,58.135718,14.7,64.9,66.3,BW SUVARNA,9305159,9V9562,Tanker,under way using engine,228,36,11.0,,A,false
372711000,2020-07-25T04:52:00,-20.132368,58.457503,11.9,242.4,247.3,MV WAKASHIO,9337119,3FYL2,Cargo,under way using engine,300,50,14.5,ballast,A,true
538005998,2020-07-25T04:52:00,-19.980174,58.805151,12.3,218.3,222.0,BOKA EXPEDITION,9479094,V7GE8,Other,under way using engine,94,20,5.5,,A,false
215768000,2020-07-25T04:52:00,-20.300000,58.582692,17.8,271.7,268.0,MSC IMOGEN,9367044,9HA2849,Cargo,under way using engine,294,32,13.0,,A,false
645113333,2020-07-25T04:52:00,-20.223162,57.925426,2.5,177.0,187.0,FV SHENANDOAH,,3BFS2,Fishing,under way using engine,15,4,1.8,,A,false
372711000,2020-07-25T04:54:00,-20.135162,58.451121,11.9,242.1,246.7,MV WAKASHIO,9337119,3FYL2,Cargo,under way using engine,300,50,14.5,ballast,A,true
215768000,2020-07-25T04:54:00,-20.300000,58.572148,17.8,271.4,268.2,MSC IMOGEN,9367044,9HA2849,Cargo,under way using engine,294,32,13.0,,A,false
477553400,2020-07-25T04:54:00,-19.669040,58.649453,14.7,218.1,218.4,NORD COURAGE,9384726,VRMT9,Cargo,under way using engine,180,30,11.5,,A,false
566878000,2020-07-25T04:54:00,-20.586926,58.147578,14.7,65.3,65.8,BW SUVARNA,9305159,9V9562,Tanker,under way using engine,228,36,11.0,,A,false
645113333,2020-07-25T04:54:00,-20.225344,57.926027,2.4,179.7,189.7,FV SHENANDOAH,,3BFS2,Fishing,under way using engine,15,4,1.8,,A,false
372711000,2020-07-25T04:56:00,-20.137956,58.444739,11.9,242.0,246.0,MV WAKASHIO,9337119,3FYL2,Cargo,under way using engine,300,50,14.5,ballast,A,true
538005998,2020-07-25T04:56:00,-19.990643,58.795804,12.3,218.6,222.0,BOKA EXPEDITION,9479094,V7GE8,Other,under way using engine,94,20,5.5,,A,false
215768000,2020-07-25T04:56:00,-20.300000,58.561604,17.9,271.0,268.5,MSC IMOGEN,9367044,9HA2849,Cargo,under way using engine,294,32,13.0,,A,false
645113333,2020-07-25T04:56:00,-20.227577,57.926513,2.4,182.4,192.4,FV SHENANDOAH,,3BFS2,Fishing,under way using engine,15,4,1.8,,A,false
477553400,2020-07-25T04:57:00,-19.678425,58.641091,14.7,218.0,218.8,NORD COURAGE,9384726,VRMT9,Cargo,under way using engine,180,30,11.5,,A,false
566878000,2020-07-25T04:57:00,-20.581749,58.159437,14.7,65.8,65.3,BW SUVARNA,9305159,9V9562,Tanker,under way using engine,228,36,11.0,,A,false
372711000,2020-07-25T04:58:00,-20.140750,58.438358,11.9,242.1,245.2,MV WAKASHIO,9337119,3FYL2,Cargo,under way using engine,300,50,14.5,ballast,A,true
215768000,2020-07-25T04:58:00,-20.300000,58.551001,17.9,270.6,268.9,MSC IMOGEN,9367044,9HA2849,Cargo,under way using engine,294,32,13.0,,A,false
645113333,2020-07-25T04:58:00,-20.229854,57.926879,2.3,185.1,195.1,FV SHENANDOAH,,3BFS2,Fishing,under way using engine,15,4,1.8,,A,false
372711000,2020-07-25T05:00:00,-20.143544,58.431976,11.9,242.3,244.4,MV WAKASHIO,9337119,3FYL2,Cargo,under way using engine,300,50,14.5,ballast,A,true
538005998,2020-07-25T05:00:00,-20.001112,58.786456,12.3,218.9,221.9,BOKA EXPEDITION,9479094,V7GE8,Other,under way using engine,94,20,5.5,,A,false
215768000,2020-07-25T05:00:00,-20.300000,58.540398,17.9,270.1,269.4,MSC IMOGEN,9367044,9HA2849,Cargo,under way using engine,294,32,13.0,,A,false
477553400,2020-07-25T05:00:00,-19.687809,58.632728,14.6,218.0,219.3,NORD COURAGE,9384726,VRMT9,Cargo,under way using engine,180,30,11.5,,A,false
566878000,2020-07-25T05:00:00,-20.576572,58.171297,14.7,66.2,64.7,BW SUVARNA,9305159,9V9562,Tanker,under way using engine,228,36,11.0,,A,false
645112222,2020-07-25T05:00:00,-20.195138,57.708636,2.5,90.0,95.0,FV NARASIMHA,,3BFS1,Fishing,under way using engine,18,5,2.0,,A,false
645113333,2020-07-25T05:00:00,-20.232168,57.927123,2.2,187.8,197.8,FV SHENANDOAH,,3BFS2,Fishing,under way using engine,15,4,1.8,,A,false
372711000,2020-07-25T05:02:00,-20.146338,58.425594,11.9,242.7,243.6,MV WAKASHIO,9337119,3FYL2,Cargo,under way using engine,300,50,14.5,ballast,A,true
215768000,2020-07-25T05:02:00,-20.300000,58.529795,18.0,269.6,269.9,MSC IMOGEN,9367044,9HA2849,Cargo,under way using engine,294,32,13.0,,A,false
645112222,2020-07-25T05:02:00,-20.194263,57.712194,2.6,94.0,99.0,FV NARASIMHA,,3BFS1,Fishing,under way using engine,18,5,2.0,,A,false
645113333,2020-07-25T05:02:00,-20.234512,57.927240,2.1,190.5,200.5,FV SHENANDOAH,,3BFS2,Fishing,under way using engine,15,4,1.8,,A,false
477553400,2020-07-25T05:03:00,-19.697129,58.624422,14.6,218.2,219.8,NORD COURAGE,9384726,VRMT9,Cargo,under way using engine,180,30,11.5,,A,false
566878000,2020-07-25T05:03:00,-20.571395,58.183155,14.7,66.6,64.2,BW SUVARNA,9305159,9V9562,Tanker,under way using engine,228,36,11.0,,A,false
372711000,2020-07-25T05:04:00,-20.149132,58.419211,11.9,243.2,243.0,MV WAKASHIO,9337119,3FYL2,Cargo,under way using engine,300,50,14.5,ballast,A,true
538005998,2020-07-25T05:04:00,-20.011582,58.777107,12.2,219.4,221.6,BOKA EXPEDITION,9479094,V7GE8,Other,under way using engine,94,20,5.5,,A,false
215768000,2020-07-25T05:04:00,-20.300000,58.519133,18.0,269.1,270.5,MSC IMOGEN,9367044,9HA2849,Cargo,under way using engine,294,32,13.0,,A,false
645112222,2020-07-25T05:04:00,-20.193648,57.715873,2.7,98.0,103.0,FV NARASIMHA,,3BFS1,Fishing,under way using engine,18,5,2.0,,A,false
645113333,2020-07-25T05:04:00,-20.236878,57.927228,2.0,193.2,203.2,FV SHENANDOAH,,3BFS2,Fishing,under way using engine,15,4,1.8,,A,false
372711000,2020-07-25T05:06:00,-20.151926,58.412829,11.8,243.9,242.5,MV WAKASHIO,9337119,3FYL2,Cargo,under way using engine,300,50,14.5,ballast,A,true
215768000,2020-07-25T05:06:00,-20.300000,58.508471,18.1,268.7,271.0,MSC IMOGEN,9367044,9HA2849,Cargo,under way using engine,294,32,13.0,,A,false
477553400,2020-07-25T05:06:00,-19.706449,58.616115,14.5,218.4,220.3,NORD COURAGE,9384726,VRMT9,Cargo,under way using engine,180,30,11.5,,A,false
566878000,2020-07-25T05:06:00,-20.566218,58.195014,14.7,66.8,63.8,BW SUVARNA,9305159,9V9562,Tanker,under way using engine,228,36,11.0,,A,false
645112222,2020-07-25T05:06:00,-20.193308,57.719653,2.8,102.0,107.0,FV NARASIMHA,,3BFS1,Fishing,under way using engine,18,5,2.0,,A,false
645113333,2020-07-25T05:06:00,-20.239258,57.927084,1.9,195.9,205.9,FV SHENANDOAH,,3BFS2,Fishing,under way using engine,15,4,1.8,,A,false
372711000,2020-07-25T05:08:00,-20.154696,58.406500,11.8,244.6,242.1,MV WAKASHIO,9337119,3FYL2,Cargo,under way using engine,300,50,14.5,ballast,A,true
538005998,2020-07-25T05:08:00,-20.021966,58.767834,12.2,219.9,221.3,BOKA EXPEDITION,9479094,V7GE8,Other,under way using engine,94,20,5.5,,A,false
215768000,2020-07-25T05:08:00,-20.300000,58.497749,18.1,268.4,271.4,MSC IMOGEN,9367044,9HA2849,Cargo,under way using engine,294,32,13.0,,A,false
645112222,2020-07-25T05:08:00,-20.193256,57.723513,2.9,106.0,111.0,FV NARASIMHA,,3BFS1,Fishing,under way using engine,18,5,2.0,,A,false
645113333,2020-07-25T05:08:00,-20.241645,57.926807,1.8,198.6,208.6,FV SHENANDOAH,,3BFS2,Fishing,under way using engine,15,4,1.8,,A,false
477553400,2020-07-25T05:09:00,-19.715705,58.607865,14.5,218.8,220.8,NORD COURAGE,9384726,VRMT9,Cargo,under way using engine,180,30,11.5,,A,false
566878000,2020-07-25T05:09:00,-20.561040,58.206872,14.7,67.0,63.4,BW SUVARNA,9305159,9V9562,Tanker,under way using engine,228,36,11.0,,A,false
372711000,2020-07-25T05:10:00,-20.157467,58.400171,11.8,245.3,242.0,MV WAKASHIO,9337119,3FYL2,Cargo,under way using engine,300,50,14.5,ballast,A,true
215768000,2020-07-25T05:10:00,-20.300000,58.487028,18.1,268.2,271.7,MSC IMOGEN,9367044,9HA2849,Cargo,under way using engine,294,32,13.0,,A,false
645112222,2020-07-25T05:10:00,-20.193504,57.727430,3.0,110.0,115.0,FV NARASIMHA,,3BFS1,Fishing,under way using engine,18,5,2.0,,A,false
645113333,2020-07-25T05:10:00,-20.244029,57.926395,1.9,201.3,211.3,FV SHENANDOAH,,3BFS2,Fishing,under way using engine,15,4,1.8,,A,false
372711000,2020-07-25T05:12:00,-20.160237,58.393842,11.7,246.0,242.1,MV WAKASHIO,9337119,3FYL2,Cargo,under way using engine,300,50,14.5,ballast,A,true
538005998,2020-07-25T05:12:00,-20.032350,58.758560,12.2,220.3,220.8,BOKA EXPEDITION,9479094,V7GE8,Other,under way using engine,94,20,5.5,,A,false
215768000,2020-07-25T05:12:00,-20.300000,58.476306,18.2,268.0,271.9,MSC IMOGEN,9367044,9HA2849,Cargo,under way using engine,294,32,13.0,,A,false
477553400,2020-07-25T05:12:00,-19.724962,58.599615,14.5,219.2,221.3,NORD COURAGE,9384726,VRMT9,Cargo,under way using engine,180,30,11.5,,A,false
566878000,2020-07-25T05:12:00,-20.555863,58.218729,14.7,67.0,63.1,BW SUVARNA,9305159,9V9562,Tanker,under way using engine,228,36,11.0,,A,false
645112222,2020-07-25T05:12:00,-20.194062,57.731377,3.1,114.0,119.0,FV NARASIMHA,,3BFS1,Fishing,under way using engine,18,5,2.0,,A,false
645113333,2020-07-25T05:12:00,-20.246403,57.925848,2.0,204.0,214.0,FV SHENANDOAH,,3BFS2,Fishing,under way using engine,15,4,1.8,,A,false
372711000,2020-07-25T05:14:00,-20.162984,58.387567,11.7,246.7,242.4,MV WAKASHIO,9337119,3FYL2,Cargo,under way using engine,300,50,14.5,ballast,A,true
215768000,2020-07-25T05:14:00,-20.300000,58.465525,18.2,268.0,272.0,MSC IMOGEN,9367044,9HA2849,Cargo,under way using engine,294,32,13.0,,A,false
645112222,2020-07-25T05:14:00,-20.194936,57.735329,3.2,118.0,123.0,FV NARASIMHA,,3BFS1,Fishing,under way using engine,18,5,2.0,,A,false
645113333,2020-07-25T05:14:00,-20.248758,57.925166,2.1,206.7,216.7,FV SHENANDOAH,,3BFS2,Fishing,under way using engine,15,4,1.8,,A,false
477553400,2020-07-25T05:15:00,-19.734218,58.591363,14.4,219.6,221.7,NORD COURAGE,9384726,VRMT9,Cargo,under way using engine,180,30,11.5,,A,false
566878000,2020-07-25T05:15:00,-20.550686,58.230587,14.8,66.9,63.0,BW SUVARNA,9305159,9V9562,Tanker,under way using engine,228,36,11.0,,A,false
372711000,2020-07-25T05:16:00,-20.165731,58.381291,11.6,247.2,242.9,MV WAKASHIO,9337119,3FYL2,Cargo,under way using engine,300,50,14.5,ballast,A,true
538005998,2020-07-25T05:16:00,-20.042734,58.749285,12.2,220.8,220.3,BOKA EXPEDITION,9479094,V7GE8,Other,under way using engine,94,20,5.5,,A,false
215768000,2020-07-25T05:16:00,-20.300000,58.454745,18.2,268.1,271.9,MSC IMOGEN,9367044,9HA2849,Cargo,under way using engine,294,32,13.0,,A,false
645112222,2020-07-25T05:16:00,-20.196131,57.739259,3.3,122.0,127.0,FV NARASIMHA,,3BFS1,Fishing,under way using engine,18,5,2.0,,A,false
645113333,2020-07-25T05:16:00,-20.251085,57.924348,2.2,209.4,219.4,FV SHENANDOAH,,3BFS2,Fishing,under way using engine,15,4,1.8,,A,false
372711000,2020-07-25T05:18:00,-20.168455,58.375069,11.6,247.6,243.5,MV WAKASHIO,9337119,3FYL2,Cargo,under way using engine,300,50,14.5,ballast,A,true
215768000,2020-07-25T05:18:00,-20.300000,58.443964,18.3,268.3,271.7,MSC IMOGEN,9367044,9HA2849,Cargo,under way using engine,294,32,13.0,,A,false
477553400,2020-07-25T05:18:00,-19.743411,58.583169,14.4,220.1,221.9,NORD COURAGE,9384726,VRMT9,Cargo,under way using engine,180,30,11.5,,A,false
566878000,2020-07-25T05:18:00,-20.545474,58.242524,14.8,66.7,63.0,BW SUVARNA,9305159,9V9562,Tanker,under way using engine,228,36,11.0,,A,false
645112222,2020-07-25T05:18:00,-20.197650,57.743139,3.3,126.0,131.0,FV NARASIMHA,,3BFS1,Fishing,under way using engine,18,5,2.0,,A,false
645113333,2020-07-25T05:18:00,-20.253376,57.923397,2.3,212.1,222.1,FV SHENANDOAH,,3BFS2,Fishing,under way using engine,15,4,1.8,,A,false
372711000,2020-07-25T05:20:00,-20.171178,58.368847,11.5,247.9,244.3,MV WAKASHIO,9337119,3FYL2,Cargo,under way using engine,300,50,14.5,ballast,A,true
538005998,2020-07-25T05:20:00,-20.053118,58.740010,12.2,221.2,219.7,BOKA EXPEDITION,9479094,V7GE8,Other,under way using engine,94,20,5.5,,A,false
215768000,2020-07-25T05:20:00,-20.300000,58.433124,18.3,268.6,271.4,MSC IMOGEN,9367044,9HA2849,Cargo,under way using engine,294,32,13.0,,A,false
645112222,2020-07-25T05:20:00,-20.199491,57.746939,3.4,130.0,135.0,FV NARASIMHA,,3BFS1,Fishing,under way using engine,18,5,2.0,,A,false
645113333,2020-07-25T05:20:00,-20.255623,57.922314,2.4,214.8,224.8,FV SHENANDOAH,,3BFS2,Fishing,under way using engine,15,4,1.8,,A,false
477553400,2020-07-25T05:21:00,-19.752603,58.574973,14.3,220.6,222.0,NORD COURAGE,9384726,VRMT9,Cargo,under way using engine,180,30,11.5,,A,false
566878000,2020-07-25T05:21:00,-20.540262,58.254461,14.8,66.4,63.2,BW SUVARNA,9305159,9V9562,Tanker,under way using engine,228,36,11.0,,A,false
372711000,2020-07-25T05:22:00,-20.173878,58.362678,11.5,248.0,245.1,MV WAKASHIO,9337119,3FYL2,Cargo,under way using engine,300,50,14.5,ballast,A,true
215768000,2020-07-25T05:22:00,-20.300000,58.422284,18.3,269.0,270.9,MSC IMOGEN,9367044,9HA2849,Cargo,under way using engine,294,32,13.0,,A,false
645112222,2020-07-25T05:22:00,-20.201652,57.750631,3.5,134.0,139.0,FV NARASIMHA,,3BFS1,Fishing,under way using engine,18,5,2.0,,A,false
645113333,2020-07-25T05:22:00,-20.257816,57.921100,2.5,217.5,227.5,FV SHENANDOAH,,3BFS2,Fishing,under way using engine,15,4,1.8,,A,false
372711000,2020-07-25T05:24:00,-20.176578,58.356510,11.4,247.9,245.9,MV WAKASHIO,9337119,3FYL2,Cargo,under way using engine,300,50,14.5,ballast,A,true
538005998,2020-07-25T05:24:00,-20.063502,58.730735,12.2,221.6,219.2,BOKA EXPEDITION,9479094,V7GE8,Other,under way using engine,94,20,5.5,,A,false
215768000,2020-07-25T05:24:00,-20.300000,58.411444,18.3,269.5,270.4,MSC IMOGEN,9367044,9HA2849,Cargo,under way using engine,294,32,13.0,,A,false
477553400,2020-07-25T05:24:00,-19.761732,58.566835,14.3,221.0,222.0,NORD COURAGE,9384726,VRMT9,Cargo,under way using engine,180,30,11.5,,A,false
566878000,2020-07-25T05:24:00,-20.535049,58.266398,14.9,66.0,63.5,BW SUVARNA,9305159,9V9562,Tanker,under way using engine,228,36,11.0,,A,false
645112222,2020-07-25T05:24:00,-20.204126,57.754186,3.6,138.0,143.0,FV NARASIMHA,,3BFS1,Fishing,under way using engine,18,5,2.0,,A,false
645113333,2020-07-25T05:24:00,-20.259948,57.919760,2.6,220.2,230.2,FV SHENANDOAH,,3BFS2,Fishing,under way using engine,15,4,1.8,,A,false
372711000,2020-07-25T05:26:00,-20.179255,58.350394,11.4,247.7,246.6,MV WAKASHIO,9337119,3FYL2,Cargo,under way using engine,300,50,14.5,ballast,A,true
215768000,2020-07-25T05:26:00,-20.300000,58.400604,18.3,270.0,269.9,MSC IMOGEN,9367044,9HA2849,Cargo,under way using engine,294,32,13.0,,A,false
645112222,2020-07-25T05:26:00,-20.206904,57.757575,3.6,142.0,147.0,FV NARASIMHA,,3BFS1,Fishing,under way using engine,18,5,2.0,,A,false
645113333,2020-07-25T05:26:00,-20.262010,57.918296,2.6,222.9,232.9,FV SHENANDOAH,,3BFS2,Fishing,under way using engine,15,4,1.8,,A,false
477553400,2020-07-25T05:27:00,-19.770861,58.558695,14.3,221.4,221.8,NORD COURAGE,9384726,VRMT9,Cargo,under way using engine,180,30,11.5,,A,false
566878000,2020-07-25T05:27:00,-20.529802,58.278415,14.9,65.6,63.9,BW SUVARNA,9305159,9V9562,Tanker,under way using engine,228,36,11.0,,A,false
372711000,2020-07-25T05:28:00,-20.181932,58.344279,11.3,247.2,247.2,MV WAKASHIO,9337119,3FYL2,Cargo,under way using engine,300,50,14.5,ballast,A,true
538005998,2020-07-25T05:28:00,-20.073886,58.721458,12.2,221.8,218.8,BOKA EXPEDITION,9479094,V7GE8,Other,under way using engine,94,20,5.5,,A,false
215768000,2020-07-25T05:28:00,-20.300000,58.389764,18.3,270.5,269.3,MSC IMOGEN,9367044,9HA2849,Cargo,under way using engine,294,32,13.0,,A,false
645112222,2020-07-25T05:28:00,-20.209974,57.760770,3.7,146.0,151.0,FV NARASIMHA,,3BFS1,Fishing,under way using engine,18,5,2.0,,A,false
645113333,2020-07-25T05:28:00,-20.263995,57.916712,2.7,225.6,235.6,FV SHENANDOAH,,3BFS2,Fishing,under way using engine,15,4,1.8,,A,false
372711000,2020-07-25T05:30:00,-20.184585,58.338217,11.3,246.7,247.7,MV WAKASHIO,9337119,3FYL2,Cargo,under way using engine,300,50,14.5,ballast,A,true
215768000,2020-07-25T05:30:00,-20.300000,58.378924,18.3,270.9,268.9,MSC IMOGEN,9367044,9HA2849,Cargo,under way using engine,294,32,13.0,,A,false
477553400,2020-07-25T05:30:00,-19.779989,58.550556,14.3,221.7,221.5,NORD COURAGE,9384726,VRMT9,Cargo,under way using engine,180,30,11.5,,A,false
566878000,2020-07-25T05:30:00,-20.524554,58.290431,14.9,65.1,64.4,BW SUVARNA,9305159,9V9562,Tanker,under way using engine,228,36,11.0,,A,false
645112222,2020-07-25T05:30:00,-20.213322,57.763744,3.8,150.0,155.0,FV NARASIMHA,,3BFS1,Fishing,under way using engine,18,5,2.0,,A,false
645113333,2020-07-25T05:30:00,-20.265895,57.915013,2.8,228.3,238.3,FV SHENANDOAH,,3BFS2,Fishing,under way using engine,15,4,1.8,,A,false
372711000,2020-07-25T05:32:00,-20.187238,58.332155,11.2,246.0,247.9,MV WAKASHIO,9337119,3FYL2,Cargo,under way using engine,300,50,14.5,ballast,A,true
538005998,2020-07-25T05:32:00,-20.084271,58.712181,12.2,222.0,218.4,BOKA EXPEDITION,9479094,V7GE8,Other,under way using engine,94,20,5.5,,A,false
215768000,2020-07-25T05:32:00,-20.300000,58.368084,18.3,271.3,268.5,MSC IMOGEN,9367044,9HA2849,Cargo,under way using engine,294,32,13.0,,A,false
645112222,2020-07-25T05:32:00,-20.216931,57.766471,3.8,154.0,159.0,FV NARASIMHA,,3BFS1,Fishing,under way using engine,18,5,2.0,,A,false
645113333,2020-07-25T05:32:00,-20.267702,57.913205,2.8,231.0,241.0,FV SHENANDOAH,,3BFS2,Fishing,under way using engine,15,4,1.8,,A,false
477553400,2020-07-25T05:33:00,-19.789118,58.542416,14.2,221.9,221.0,NORD COURAGE,9384726,VRMT9,Cargo,under way using engine,180,30,11.5,,A,false
566878000,2020-07-25T05:33:00,-20.519307,58.302447,15.0,64.6,64.9,BW SUVARNA,9305159,9V9562,Tanker,under way using engine,228,36,11.0,,A,false
372711000,2020-07-25T05:34:00,-20.189867,58.326147,11.2,245.3,248.0,MV WAKASHIO,9337119,3FYL2,Cargo,under way using engine,300,50,14.5,ballast,A,true
215768000,2020-07-25T05:34:00,-20.300000,58.357244,18.3,271.6,268.2,MSC IMOGEN,9367044,9HA2849,Cargo,under way using engine,294,32,13.0,,A,false
645112222,2020-07-25T05:34:00,-20.220779,57.768927,3.9,158.0,163.0,FV NARASIMHA,,3BFS1,Fishing,under way using engine,18,5,2.0,,A,false
645113333,2020-07-25T05:34:00,-20.269410,57.911292,2.9,233.7,243.7,FV SHENANDOAH,,3BFS2,Fishing,under way using engine,15,4,1.8,,A,false
372711000,2020-07-25T05:36:00,-20.192497,58.320139,11.2,244.6,247.8,MV WAKASHIO,9337119,3FYL2,Cargo,under way using engine,300,50,14.5,ballast,A,true
538005998,2020-07-25T05:36:00,-20.094655,58.702904,12.2,222.0,218.1,BOKA EXPEDITION,9479094,V7GE8,Other,under way using engine,94,20,5.5,,A,false
215768000,2020-07-25T05:36:00,-20.300000,58.346405,18.2,271.9,268.0,MSC IMOGEN,9367044,9HA2849,Cargo,under way using engine,294,32,13.0,,A,false
477553400,2020-07-25T05:36:00,-19.798183,58.534332,14.2,222.0,220.5,NORD COURAGE,9384726,VRMT9,Cargo,under way using engine,180,30,11.5,,A,false
566878000,2020-07-25T05:36:00,-20.514024,58.314544,15.0,64.1,65.5,BW SUVARNA,9305159,9V9562,Tanker,under way using engine,228,36,11.0,,A,false
645112222,2020-07-25T05:36:00,-20.224846,57.771089,3.9,162.0,167.0,FV NARASIMHA,,3BFS1,Fishing,under way using engine,18,5,2.0,,A,false
645113333,2020-07-25T05:36:00,-20.271011,57.909281,2.9,236.4,246.4,FV SHENANDOAH,,3BFS2,Fishing,under way using engine,15,4,1.8,,A,false
372711000,2020-07-25T05:38:00,-20.195127,58.314130,11.1,243.9,247.4,MV WAKASHIO,9337119,3FYL2,Cargo,under way using engine,300,50,14.5,ballast,A,true
215768000,2020-07-25T05:38:00,-20.300000,58.335624,18.2,272.0,268.0,MSC IMOGEN,9367044,9HA2849,Cargo,under way using engine,294,32,13.0,,A,false
645112222,2020-07-25T05:38:00,-20.229107,57.772936,3.9,166.0,171.0,FV NARASIMHA,,3BFS1,Fishing,under way using engine,18,5,2.0,,A,false
645113333,2020-07-25T05:38:00,-20.272500,57.907179,2.9,239.1,249.1,FV SHENANDOAH,,3BFS2,Fishing,under way using engine,15,4,1.8,,A,false
477553400,2020-07-25T05:39:00,-19.807248,58.526248,14.2,222.0,220.0,NORD COURAGE,9384726,VRMT9,Cargo,under way using engine,180,30,11.5,,A,false
566878000,2020-07-25T05:39:00,-20.508741,58.326640,15.1,63.7,66.0,BW SUVARNA,9305159,9V9562,Tanker,under way using engine,228,36,11.0,,A,false
372711000,2020-07-25T05:40:00,-20.197733,58.308175,11.1,243.3,246.9,MV WAKASHIO,9337119,3FYL2,Cargo,under way using engine,300,50,14.5,ballast,A,true
538005998,2020-07-25T05:40:00,-20.105039,58.693626,12.3,221.9,218.0,BOKA EXPEDITION,9479094,V7GE8,Other,under way using engine,94,20,5.5,,A,false
215768000,2020-07-25T05:40:00,-20.300000,58.324843,18.2,272.0,268.1,MSC IMOGEN,9367044,9HA2849,Cargo,under way using engine,294,32,13.0,,A,false
645112222,2020-07-25T05:40:00,-20.233534,57.774450,4.0,170.0,175.0,FV NARASIMHA,,3BFS1,Fishing,under way using engine,18,5,2.0,,A,false
645113333,2020-07-25T05:40:00,-20.273871,57.904992,3.0,241.8,251.8,FV SHENANDOAH,,3BFS2,Fishing,under way using engine,15,4,1.8,,A,false
372711000,2020-07-25T05:42:00,-20.200339,58.302220,11.1,242.7,246.2,MV WAKASHIO,9337119,3FYL2,Cargo,under way using engine,300,50,14.5,ballast,A,true
215768000,2020-07-25T05:42:00,-20.300000,58.314062,18.1,271.9,268.4,MSC IMOGEN,9367044,9HA2849,Cargo,under way using engine,294,32,13.0,,A,false
477553400,2020-07-25T05:42:00,-19.816313,58.518163,14.2,221.8,219.5,NORD COURAGE,9384726,VRMT9,Cargo,under way using engine,180,30,11.5,,A,false
566878000,2020-07-25T05:42:00,-20.503424,58.338816,15.1,63.4,66.4,BW SUVARNA,9305159,9V9562,Tanker,under way using engine,228,36,11.0,,A,false
645112222,2020-07-25T05:42:00,-20.238099,57.775616,4.0,174.0,179.0,FV NARASIMHA,,3BFS1,Fishing,under way using engine,18,5,2.0,,A,false
645113333,2020-07-25T05:42:00,-20.275118,57.902727,3.0,244.5,254.5,FV SHENANDOAH,,3BFS2,Fishing,under way using engine,15,4,1.8,,A,false
372711000,2020-07-25T05:44:00,-20.202945,58.296265,11.1,242.3,245.4,MV WAKASHIO,9337119,3FYL2,Cargo,under way using engine,300,50,14.5,ballast,A,true
538005998,2020-07-25T05:44:00,-20.115508,58.684271,12.3,221.7,218.0,BOKA EXPEDITION,9479094,V7GE8,Other,under way using engine,94,20,5.5,,A,false
215768000,2020-07-25T05:44:00,-20.300000,58.303341,18.1,271.6,268.8,MSC IMOGEN,9367044,9HA2849,Cargo,under way using engine,294,32,13.0,,A,false
645112222,2020-07-25T05:44:00,-20.242771,57.776419,4.0,178.0,183.0,FV NARASIMHA,,3BFS1,Fishing,under way using engine,18,5,2.0,,A,false
645113333,2020-07-25T05:44:00,-20.276238,57.900394,3.0,247.2,257.2,FV SHENANDOAH,,3BFS2,Fishing,under way using engine,15,4,1.8,,A,false
477553400,2020-07-25T05:45:00,-19.825377,58.510078,14.2,221.6,219.0,NORD COURAGE,9384726,VRMT9,Cargo,under way using engine,180,30,11.5,,A,false
566878000,2020-07-25T05:45:00,-20.498106,58.350991,15.1,63.2,66.7,BW SUVARNA,9305159,9V9562,Tanker,under way using engine,228,36,11.0,,A,false
372711000,2020-07-25T05:46:00,-20.205551,58.290310,11.1,242.1,244.6,MV WAKASHIO,9337119,3FYL2,Cargo,under way using engine,300,50,14.5,ballast,A,true
215768000,2020-07-25T05:46:00,-20.300000,58.292619,18.1,271.3,269.3,MSC IMOGEN,9367044,9HA2849,Cargo,under way using engine,294,32,13.0,,A,false
645112222,2020-07-25T05:46:00,-20.247521,57.776850,4.0,182.0,187.0,FV NARASIMHA,,3BFS1,Fishing,under way using engine,18,5,2.0,,A,false
645113333,2020-07-25T05:46:00,-20.277224,57.897999,3.0,249.9,259.9,FV SHENANDOAH,,3BFS2,Fishing,under way using engine,15,4,1.8,,A,false
372711000,2020-07-25T05:48:00,-20.208157,58.284354,11.1,242.0,243.8,MV WAKASHIO,9337119,3FYL2,Cargo,under way using engine,300,50,14.5,ballast,A,true
538005998,2020-07-25T05:48:00,-20.125977,58.674916,12.3,221.4,218.2,BOKA EXPEDITION,9479094,V7GE8,Other,under way using engine,94,20,5.5,,A,false
215768000,2020-07-25T05:48:00,-20.300000,58.281898,18.0,270.9,269.8,MSC IMOGEN,9367044,9HA2849,Cargo,under way using engine,294,32,13.0,,A,false
477553400,2020-07-25T05:48:00,-19.834442,58.501992,14.2,221.2,218.6,NORD COURAGE,9384726,VRMT9,Cargo,under way using engine,180,30,11.5,,A,false
566878000,2020-07-25T05:48:00,-20.492788,58.363167,15.2,63.0,66.9,BW SUVARNA,9305159,9V9562,Tanker,under way using engine,228,36,11.0,,A,false
645112222,2020-07-25T05:48:00,-20.252313,57.776901,4.0,186.0,191.0,FV NARASIMHA,,3BFS1,Fishing,under way using engine,18,5,2.0,,A,false
645113333,2020-07-25T05:48:00,-20.278075,57.895552,3.0,252.6,262.6,FV SHENANDOAH,,3BFS2,Fishing,under way using engine,15,4,1.8,,A,false
372711000,2020-07-25T05:50:00,-20.210763,58.278399,11.1,242.1,243.1,MV WAKASHIO,9337119,3FYL2,Cargo,under way using engine,300,50,14.5,ballast,A,true
215768000,2020-07-25T05:50:00,-20.300000,58.271236,18.0,270.4,270.3,MSC IMOGEN,9367044,9HA2849,Cargo,under way using engine,294,32,13.0,,A,false
645112222,2020-07-25T05:50:00,-20.257117,57.776568,4.0,190.0,195.0,FV NARASIMHA,,3BFS1,Fishing,under way using engine,18,5,2.0,,A,false
645113333,2020-07-25T05:50:00,-20.278786,57.893060,3.0,255.3,265.3,FV SHENANDOAH,,3BFS2,Fishing,under way using engine,15,4,1.8,,A,false
477553400,2020-07-25T05:51:00,-19.843507,58.493906,14.2,220.8,218.2,NORD COURAGE,9384726,VRMT9,Cargo,under way using engine,180,30,11.5,,A,false
566878000,2020-07-25T05:51:00,-20.487434,58.375422,15.2,63.0,67.0,BW SUVARNA,9305159,9V9562,Tanker,under way using engine,228,36,11.0,,A,false
372711000,2020-07-25T05:52:00,-20.213370,58.272443,11.2,242.4,242.6,MV WAKASHIO,9337119,3FYL2,Cargo,under way using engine,300,50,14.5,ballast,A,true
538005998,2020-07-25T05:52:00,-20.136447,58.665559,12.4,221.0,218.5,BOKA EXPEDITION,9479094,V7GE8,Other,under way using engine,94,20,5.5,,A,false
215768000,2020-07-25T05:52:00,-20.300000,58.260573,17.9,270.0,270.8,MSC IMOGEN,9367044,9HA2849,Cargo,under way using engine,294,32,13.0,,A,false
645112222,2020-07-25T05:52:00,-20.261897,57.775850,4.0,194.0,199.0,FV NARASIMHA,,3BFS1,Fishing,under way using engine,18,5,2.0,,A,false
645113333,2020-07-25T05:52:00,-20.279356,57.890532,3.0,258.0,268.0,FV SHENANDOAH,,3BFS2,Fishing,under way using engine,15,4,1.8,,A,false
372711000,2020-07-25T05:54:00,-20.215999,58.266434,11.2,242.8,242.2,MV WAKASHIO,9337119,3FYL2,Cargo,under way using engine,300,50,14.5,ballast,A,true
215768000,2020-07-25T05:54:00,-20.300000,58.249970,17.9,269.5,271.3,MSC IMOGEN,9367044,9HA2849,Cargo,under way using engine,294,32,13.0,,A,false
477553400,2020-07-25T05:54:00,-19.852572,58.485820,14.2,220.3,218.1,NORD COURAGE,9384726,VRMT9,Cargo,under way using engine,180,30,11.5,,A,false
566878000,2020-07-25T05:54:00,-20.482081,58.387677,15.2,63.1,66.9,BW SUVARNA,9305159,9V9562,Tanker,under way using engine,228,36,11.0,,A,false
645112222,2020-07-25T05:54:00,-20.266620,57.774748,4.0,198.0,203.0,FV NARASIMHA,,3BFS1,Fishing,under way using engine,18,5,2.0,,A,false
645113333,2020-07-25T05:54:00,-20.279782,57.887979,2.9,260.7,270.7,FV SHENANDOAH,,3BFS2,Fishing,under way using engine,15,4,1.8,,A,false
372711000,2020-07-25T05:56:00,-20.218629,58.260424,11.2,243.4,242.0,MV WAKASHIO,9337119,3FYL2,Cargo,under way using engine,300,50,14.5,ballast,A,true
538005998,2020-07-25T05:56:00,-20.147001,58.656127,12.4,220.6,218.9,BOKA EXPEDITION,9479094,V7GE8,Other,under way using engine,94,20,5.5,,A,false
215768000,2020-07-25T05:56:00,-20.300000,58.239367,17.9,269.0,271.7,MSC IMOGEN,9367044,9HA2849,Cargo,under way using engine,294,32,13.0,,A,false
645112222,2020-07-25T05:56:00,-20.271252,57.773269,3.9,202.0,207.0,FV NARASIMHA,,3BFS1,Fishing,under way using engine,18,5,2.0,,A,false
645113333,2020-07-25T05:56:00,-20.280063,57.885407,2.9,263.4,273.4,FV SHENANDOAH,,3BFS2,Fishing,under way using engine,15,4,1.8,,A,false
477553400,2020-07-25T05:57:00,-19.861637,58.477733,14.3,219.8,218.0,NORD COURAGE,9384726,VRMT9,Cargo,under way using engine,180,30,11.5,,A,false
566878000,2020-07-25T05:57:00,-20.476728,58.399932,15.3,63.3,66.7,BW SUVARNA,9305159,9V9562,Tanker,under way using engine,228,36,11.0,,A,false
372711000,2020-07-25T05:58:00,-20.221258,58.254415,11.3,244.0,242.1,MV WAKASHIO,9337119,3FYL2,Cargo,under way using engine,300,50,14.5,ballast,A,true
215768000,2020-07-25T05:58:00,-20.300000,58.228764,17.8,268.6,271.9,MSC IMOGEN,9367044,9HA2849,Cargo,under way using engine,294,32,13.0,,A,false
645112222,2020-07-25T05:58:00,-20.275761,57.771421,3.9,206.0,211.0,FV NARASIMHA,,3BFS1,Fishing,under way using engine,18,5,2.0,,A,false
645113333,2020-07-25T05:58:00,-20.280199,57.882827,2.8,266.1,276.1,FV SHENANDOAH,,3BFS2,Fishing,under way using engine,15,4,1.8,,A,false
372711000,2020-07-25T06:00:00,-20.223912,58.248351,11.3,244.8,242.3,MV WAKASHIO,9337119,3FYL2,Cargo,under way using engine,300,50,14.5,ballast,A,true
636015860,2020-07-25T06:00:00,-20.180000,57.520000,9.0,100.0,101.0,STANFORD HAWK,8814937,V7IM9,Tug,under way using engine,42,12,4.5,,A,false
538005998,2020-07-25T06:00:00,-20.157556,58.646693,12.4,220.1,219.4,BOKA EXPEDITION,9479094,V7GE8,Other,under way using engine,94,20,5.5,,A,false
215768000,2020-07-25T06:00:00,-20.300000,58.218221,17.8,268.3,272.0,MSC IMOGEN,9367044,9HA2849,Cargo,under way using engine,294,32,13.0,,A,false
477553400,2020-07-25T06:00:00,-19.870766,58.469589,14.3,219.3,218.1,NORD COURAGE,9384726,VRMT9,Cargo,under way using engine,180,30,11.5,,A,false
566878000,2020-07-25T06:00:00,-20.471340,58.412267,15.3,63.6,66.4,BW SUVARNA,9305159,9V9562,Tanker,under way using engine,228,36,11.0,,A,false
645112222,2020-07-25T06:00:00,-20.280113,57.769215,3.9,210.0,215.0,FV NARASIMHA,,3BFS1,Fishing,under way using engine,18,5,2.0,,A,false
645113333,2020-07-25T06:00:00,-20.280189,57.880248,2.8,268.8,278.8,FV SHENANDOAH,,3BFS2,Fishing,under way using engine,15,4,1.8,,A,false
372711000,2020-07-25T06:02:00,-20.226565,58.242288,11.4,245.5,242.8,MV WAKASHIO,9337119,3FYL2,Cargo,under way using engine,300,50,14.5,ballast,A,true
215768000,2020-07-25T06:02:00,-20.300000,58.207677,17.8,268.1,272.0,MSC IMOGEN,9367044,9HA2849,Cargo,under way using engine,294,32,13.0,,A,false
645112222,2020-07-25T06:02:00,-20.284280,57.766665,3.8,214.0,219.0,FV NARASIMHA,,3BFS1,Fishing,under way using engine,18,5,2.0,,A,false
645113333,2020-07-25T06:02:00,-20.280035,57.877679,2.7,271.5,281.5,FV SHENANDOAH,,3BFS2,Fishing,under way using engine,15,4,1.8,,A,false
636015860,2020-07-25T06:03:00,-20.181302,57.527869,9.0,100.5,101.4,STANFORD HAWK,8814937,V7IM9,Tug,under way using engine,42,12,4.5,,A,false
477553400,2020-07-25T06:03:00,-19.879894,58.461444,14.3,218.9,218.3,NORD COURAGE,9384726,VRMT9,Cargo,under way using engine,180,30,11.5,,A,false
566878000,2020-07-25T06:03:00,-20.465951,58.424601,15.3,64.0,65.9,BW SUVARNA,9305159,9V9562,Tanker,under way using engine,228,36,11.0,,A,false
372711000,2020-07-25T06:04:00,-20.229241,58.236171,11.4,246.2,243.4,MV WAKASHIO,9337119,3FYL2,Cargo,under way using engine,300,50,14.5,ballast,A,true
538005998,2020-07-25T06:04:00,-20.168110,58.637259,12.5,219.6,219.9,BOKA EXPEDITION,9479094,V7GE8,Other,under way using engine,94,20,5.5,,A,false
215768000,2020-07-25T06:04:00,-20.300000,58.197133,17.7,268.0,271.8,MSC IMOGEN,9367044,9HA2849,Cargo,under way using engine,294,32,13.0,,A,false
645112222,2020-07-25T06:04:00,-20.288230,57.763790,3.8,218.0,223.0,FV NARASIMHA,,3BFS1,Fishing,under way using engine,18,5,2.0,,A,false
645113333,2020-07-25T06:04:00,-20.279737,57.875129,2.7,274.2,284.2,FV SHENANDOAH,,3BFS2,Fishing,under way using engine,15,4,1.8,,A,false
372711000,2020-07-25T06:06:00,-20.231918,58.230053,11.5,246.8,244.1,MV WAKASHIO,9337119,3FYL2,Cargo,under way using engine,300,50,14.5,ballast,A,true
636015860,2020-07-25T06:06:00,-20.182605,57.535738,9.1,100.9,101.7,STANFORD HAWK,8814937,V7IM9,Tug,under way using engine,42,12,4.5,,A,false
215768000,2020-07-25T06:06:00,-20.300000,58.186649,17.7,268.0,271.5,MSC IMOGEN,9367044,9HA2849,Cargo,under way using engine,294,32,13.0,,A,false
477553400,2020-07-25T06:06:00,-19.889023,58.453299,14.3,218.5,218.7,NORD COURAGE,9384726,VRMT9,Cargo,under way using engine,180,30,11.5,,A,false
566878000,2020-07-25T06:06:00,-20.460563,58.436935,15.3,64.5,65.4,BW SUVARNA,9305159,9V9562,Tanker,under way using engine,228,36,11.0,,A,false
645112222,2020-07-25T06:06:00,-20.291936,57.760610,3.7,222.0,227.0,FV NARASIMHA,,3BFS1,Fishing,under way using engine,18,5,2.0,,A,false
645113333,2020-07-25T06:06:00,-20.279297,57.872606,2.6,276.9,286.9,FV SHENANDOAH,,3BFS2,Fishing,under way using engine,15,4,1.8,,A,false
372711000,2020-07-25T06:08:00,-20.234618,58.223882,11.5,247.3,244.9,MV WAKASHIO,9337119,3FYL2,Cargo,under way using engine,300,50,14.5,ballast,A,true
538005998,2020-07-25T06:08:00,-20.178749,58.627749,12.5,219.1,220.5,BOKA EXPEDITION,9479094,V7GE8,Other,under way using engine,94,20,5.5,,A,false
215768000,2020-07-25T06:08:00,-20.300000,58.176164,17.7,268.2,271.0,MSC IMOGEN,9367044,9HA2849,Cargo,under way using engine,294,32,13.0,,A,false
645112222,2020-07-25T06:08:00,-20.295372,57.757147,3.7,226.0,231.0,FV NARASIMHA,,3BFS1,Fishing,under way using engine,18,5,2.0,,A,false
645113333,2020-07-25T06:08:00,-20.278718,57.870120,2.5,279.6,289.6,FV SHENANDOAH,,3BFS2,Fishing,under way using engine,15,4,1.8,,A,false
636015860,2020-07-25T06:09:00,-20.183922,57.543695,9.1,101.3,101.9,STANFORD HAWK,8814937,V7IM9,Tug,under way using engine,42,12,4.5,,A,false
477553400,2020-07-25T06:09:00,-19.898152,58.445153,14.4,218.3,219.1,NORD COURAGE,9384726,VRMT9,Cargo,under way using engine,180,30,11.5,,A,false
566878000,2020-07-25T06:09:00,-20.455175,58.449268,15.3,65.0,64.9,BW SUVARNA,9305159,9V9562,Tanker,under way using engine,228,36,11.0,,A,false
372711000,2020-07-25T06:10:00,-20.237318,58.217711,11.6,247.7,245.7,MV WAKASHIO,9337119,3FYL2,Cargo,under way using engine,300,50,14.5,ballast,A,true
215768000,2020-07-25T06:10:00,-20.300000,58.165679,17.7,268.4,270.5,MSC IMOGEN,9367044,9HA2849,Cargo,under way using engine,294,32,13.0,,A,false
645112222,2020-07-25T06:10:00,-20.298516,57.753426,3.6,230.0,235.0,FV NARASIMHA,,3BFS1,Fishing,under way using engine,18,5,2.0,,A,false
645113333,2020-07-25T06:10:00,-20.278003,57.867678,2.4,282.3,292.3,FV SHENANDOAH,,3BFS2,Fishing,under way using engine,15,4,1.8,,A,false
372711000,2020-07-25T06:12:00,-20.240042,58.211486,11.6,247.9,246.5,MV WAKASHIO,9337119,3FYL2,Cargo,under way using engine,300,50,14.5,ballast,A,true
636015860,2020-07-25T06:12:00,-20.185238,57.551652,9.2,101.7,102.0,STANFORD HAWK,8814937,V7IM9,Tug,under way using engine,42,12,4.5,,A,false
538005998,2020-07-25T06:12:00,-20.189389,58.618237,12.6,218.7,221.0,BOKA EXPEDITION,9479094,V7GE8,Other,under way using engine,94,20,5.5,,A,false
215768000,2020-07-25T06:12:00,-20.300000,58.155195,17.7,268.7,270.0,MSC IMOGEN,9367044,9HA2849,Cargo,under way using engine,294,32,13.0,,A,false
477553400,2020-07-25T06:12:00,-19.907344,58.436950,14.4,218.1,219.7,NORD COURAGE,9384726,VRMT9,Cargo,under way using engine,180,30,11.5,,A,false
566878000,2020-07-25T06:12:00,-20.449786,58.461601,15.3,65.5,64.3,BW SUVARNA,9305159,9V9562,Tanker,under way using engine,228,36,11.0,,A,false
645112222,2020-07-25T06:12:00,-20.301346,57.749474,3.5,234.0,239.0,FV NARASIMHA,,3BFS1,Fishing,under way using engine,18,5,2.0,,A,false
645113333,2020-07-25T06:12:00,-20.277155,57.865289,2.3,285.0,295.0,FV SHENANDOAH,,3BFS2,Fishing,under way using engine,15,4,1.8,,A,false
372711000,2020-07-25T06:14:00,-20.242765,58.205261,11.7,248.0,247.1,MV WAKASHIO,9337119,3FYL2,Cargo,under way using engine,300,50,14.5,ballast,A,true
215768000,2020-07-25T06:14:00,-20.300000,58.144710,17.7,269.1,269.5,MSC IMOGEN,9367044,9HA2849,Cargo,under way using engine,294,32,13.0,,A,false
645112222,2020-07-25T06:14:00,-20.303845,57.745320,3.4,238.0,243.0,FV NARASIMHA,,3BFS1,Fishing,under way using engine,18,5,2.0,,A,false
645113333,2020-07-25T06:14:00,-20.276178,57.862961,2.2,287.7,297.7,FV SHENANDOAH,,3BFS2,Fishing,under way using engine,15,4,1.8,,A,false
636015860,2020-07-25T06:15:00,-20.186570,57.559696,9.2,101.9,101.9,STANFORD HAWK,8814937,V7IM9,Tug,under way using engine,42,12,4.5,,A,false
477553400,2020-07-25T06:15:00,-19.916537,58.428746,14.5,218.0,220.2,NORD COURAGE,9384726,VRMT9,Cargo,under way using engine,180,30,11.5,,A,false
566878000,2020-07-25T06:15:00,-20.444398,58.473934,15.3,65.9,63.9,BW SUVARNA,9305159,9V9562,Tanker,under way using engine,228,36,11.0,,A,false
372711000,2020-07-25T06:16:00,-20.245512,58.198983,11.7,247.9,247.6,MV WAKASHIO,9337119,3FYL2,Cargo,under way using engine,300,50,14.5,ballast,A,true
538005998,2020-07-25T06:16:00,-20.200114,58.608649,12.6,218.4,221.4,BOKA EXPEDITION,9479094,V7GE8,Other,under way using engine,94,20,5.5,,A,false
215768000,2020-07-25T06:16:00,-20.300000,58.134226,17.7,269.6,269.0,MSC IMOGEN,9367044,9HA2849,Cargo,under way using engine,294,32,13.0,,A,false
645112222,2020-07-25T06:16:00,-20.305996,57.740995,3.4,242.0,247.0,FV NARASIMHA,,3BFS1,Fishing,under way using engine,18,5,2.0,,A,false
645113333,2020-07-25T06:16:00,-20.275078,57.860702,2.1,290.4,300.4,FV SHENANDOAH,,3BFS2,Fishing,under way using engine,15,4,1.8,,A,false
372711000,2020-07-25T06:18:00,-20.248259,58.192704,11.8,247.6,247.9,MV WAKASHIO,9337119,3FYL2,Cargo,under way using engine,300,50,14.5,ballast,A,true
636015860,2020-07-25T06:18:00,-20.187901,57.567740,9.2,102.0,101.7,STANFORD HAWK,8814937,V7IM9,Tug,under way using engine,42,12,4.5,,A,false
215768000,2020-07-25T06:18:00,-20.300000,58.123741,17.7,270.1,268.6,MSC IMOGEN,9367044,9HA2849,Cargo,under way using engine,294,32,13.0,,A,false
477553400,2020-07-25T06:18:00,-19.925793,58.420485,14.5,218.0,220.7,NORD COURAGE,9384726,VRMT9,Cargo,under way using engine,180,30,11.5,,A,false
566878000,2020-07-25T06:18:00,-20.439009,58.486266,15.3,66.3,63.5,BW SUVARNA,9305159,9V9562,Tanker,under way using engine,228,36,11.0,,A,false
645112222,2020-07-25T06:18:00,-20.307789,57.736530,3.3,246.0,251.0,FV NARASIMHA,,3BFS1,Fishing,under way using engine,18,5,2.0,,A,false
645113333,2020-07-25T06:18:00,-20.273859,57.858518,2.1,293.1,303.1,FV SHENANDOAH,,3BFS2,Fishing,under way using engine,15,4,1.8,,A,false
372711000,2020-07-25T06:20:00,-20.251030,58.186371,11.8,247.1,248.0,MV WAKASHIO,9337119,3FYL2,Cargo,under way using engine,300,50,14.5,ballast,A,true
538005998,2020-07-25T06:20:00,-20.210838,58.599060,12.6,218.2,221.7,BOKA EXPEDITION,9479094,V7GE8,Other,under way using engine,94,20,5.5,,A,false
215768000,2020-07-25T06:20:00,-20.300000,58.113257,17.7,270.6,268.2,MSC IMOGEN,9367044,9HA2849,Cargo,under way using engine,294,32,13.0,,A,false
645112222,2020-07-25T06:20:00,-20.309212,57.731957,3.2,250.0,255.0,FV NARASIMHA,,3BFS1,Fishing,under way using engine,18,5,2.0,,A,false
645113333,2020-07-25T06:20:00,-20.272527,57.856417,2.0,295.8,305.8,FV SHENANDOAH,,3BFS2,Fishing,under way using engine,15,4,1.8,,A,false
636015860,2020-07-25T06:21:00,-20.189232,57.575785,9.2,102.0,101.4,STANFORD HAWK,8814937,V7IM9,Tug,under way using engine,42,12,4.5,,A,false
477553400,2020-07-25T06:21:00,-19.935049,58.412223,14.5,218.2,221.2,NORD COURAGE,9384726,VRMT9,Cargo,under way using engine,180,30,11.5,,A,false
566878000,2020-07-25T06:21:00,-20.433621,58.498598,15.3,66.6,63.2,BW SUVARNA,9305159,9V9562,Tanker,under way using engine,228,36,11.0,,A,false
372711000,2020-07-25T06:22:00,-20.253800,58.180038,11.8,246.5,247.9,MV WAKASHIO,9337119,3FYL2,Cargo,under way using engine,300,50,14.5,ballast,A,true
215768000,2020-07-25T06:22:00,-20.300000,58.102772,17.8,271.0,268.0,MSC IMOGEN,9367044,9HA2849,Cargo,under way using engine,294,32,13.0,,A,false
645112222,2020-07-25T06:22:00,-20.310261,57.727310,3.1,254.0,259.0,FV NARASIMHA,,3BFS1,Fishing,under way using engine,18,5,2.0,,A,false
645113333,2020-07-25T06:22:00,-20.271087,57.854404,1.9,298.5,308.5,FV SHENANDOAH,,3BFS2,Fishing,under way using engine,15,4,1.8,,A,false
372711000,2020-07-25T06:24:00,-20.256571,58.173705,11.9,245.9,247.5,MV WAKASHIO,9337119,3FYL2,Cargo,under way using engine,300,50,14.5,ballast,A,true
636015860,2020-07-25T06:24:00,-20.190564,57.583829,9.3,101.9,100.9,STANFORD HAWK,8814937,V7IM9,Tug,under way using engine,42,12,4.5,,A,false
538005998,2020-07-25T06:24:00,-20.221563,58.589471,12.7,218.0,221.9,BOKA EXPEDITION,9479094,V7GE8,Other,under way using engine,94,20,5.5,,A,false
215768000,2020-07-25T06:24:00,-20.300000,58.092228,17.8,271.4,268.0,MSC IMOGEN,9367044,9HA2849,Cargo,under way using engine,294,32,13.0,,A,false
477553400,2020-07-25T06:24:00,-19.944306,58.403961,14.6,218.5,221.6,NORD COURAGE,9384726,VRMT9,Cargo,under way using engine,180,30,11.5,,A,false
566878000,2020-07-25T06:24:00,-20.428233,58.510929,15.2,66.9,63.0,BW SUVARNA,9305159,9V9562,Tanker,under way using engine,228,36,11.0,,A,false
645112222,2020-07-25T06:24:00,-20.310933,57.722621,3.0,258.0,263.0,FV NARASIMHA,,3BFS1,Fishing,under way using engine,18,5,2.0,,A,false
645113333,2020-07-25T06:24:00,-20.269547,57.852486,1.8,301.2,311.2,FV SHENANDOAH,,3BFS2,Fishing,under way using engine,15,4,1.8,,A,false
372711000,2020-07-25T06:26:00,-20.259365,58.167318,11.9,245.2,247.0,MV WAKASHIO,9337119,3FYL2,Cargo,under way using engine,300,50,14.5,ballast,A,true
215768000,2020-07-25T06:26:00,-20.300000,58.081685,17.8,271.7,268.1,MSC IMOGEN,9367044,9HA2849,Cargo,under way using engine,294,32,13.0,,A,false
645112222,2020-07-25T06:26:00,-20.311227,57.717924,2.9,262.0,267.0,FV NARASIMHA,,3BFS1,Fishing,under way using engine,18,5,2.0,,A,false
645113333,2020-07-25T06:26:00,-20.267913,57.850668,1.9,303.9,313.9,FV SHENANDOAH,,3BFS2,Fishing,under way using engine,15,4,1.8,,A,false
636015860,2020-07-25T06:27:00,-20.191909,57.591961,9.3,101.6,100.4,STANFORD HAWK,8814937,V7IM9,Tug,under way using engine,42,12,4.5,,A,false
477553400,2020-07-25T06:27:00,-19.953626,58.395642,14.6,218.8,221.8,NORD COURAGE,9384726,VRMT9,Cargo,under way using engine,180,30,11.5,,A,false
566878000,2020-07-25T06:27:00,-20.422880,58.523180,15.2,67.0,63.0,BW SUVARNA,9305159,9V9562,Tanker,under way using engine,228,36,11.0,,A,false
372711000,2020-07-25T06:28:00,-20.262159,58.160932,11.9,244.4,246.4,MV WAKASHIO,9337119,3FYL2,Cargo,under way using engine,300,50,14.5,ballast,A,true
538005998,2020-07-25T06:28:00,-20.232373,58.579804,12.7,218.0,222.0,BOKA EXPEDITION,9479094,V7GE8,Other,under way using engine,94,20,5.5,,A,false
215768000,2020-07-25T06:28:00,-20.300000,58.071141,17.9,271.9,268.3,MSC IMOGEN,9367044,9HA2849,Cargo,under way using engine,294,32,13.0,,A,false
645112222,2020-07-25T06:28:00,-20.311147,57.713252,2.8,266.0,271.0,FV NARASIMHA,,3BFS1,Fishing,under way using engine,18,5,2.0,,A,false
645113333,2020-07-25T06:28:00,-20.266191,57.848955,2.0,306.6,316.6,FV SHENANDOAH,,3BFS2,Fishing,under way using engine,15,4,1.8,,A,false
372711000,2020-07-25T06:30:00,-20.264953,58.154545,11.9,243.7,245.6,MV WAKASHIO,9337119,3FYL2,Cargo,under way using engine,300,50,14.5,ballast,A,true
636015860,2020-07-25T06:30:00,-20.193255,57.600093,9.3,101.3,99.9,STANFORD HAWK,8814937,V7IM9,Tug,under way using engine,42,12,4.5,,A,false
215768000,2020-07-25T06:30:00,-20.300000,58.060538,17.9,272.0,268.7,MSC IMOGEN,9367044,9HA2849,Cargo,under way using engine,294,32,13.0,,A,false
477553400,2020-07-25T06:30:00,-19.962946,58.387322,14.7,219.3,222.0,NORD COURAGE,9384726,VRMT9,Cargo,under way using engine,180,30,11.5,,A,false
566878000,2020-07-25T06:30:00,-20.417526,58.535430,15.2,67.0,63.1,BW SUVARNA,9305159,9V9562,Tanker,under way using engine,228,36,11.0,,A,false
645112222,2020-07-25T06:30:00,-20.310700,57.708636,2.7,270.0,275.0,FV NARASIMHA,,3BFS1,Fishing,under way using engine,18,5,2.0,,A,false
645113333,2020-07-25T06:30:00,-20.264390,57.847351,2.1,309.3,319.3,FV SHENANDOAH,,3BFS2,Fishing,under way using engine,15,4,1.8,,A,false
372711000,2020-07-25T06:32:00,-20.267746,58.148158,11.9,243.1,244.8,MV WAKASHIO,9337119,3FYL2,Cargo,under way using engine,300,50,14.5,ballast,A,true
538005998,2020-07-25T06:32:00,-20.243182,58.570138,12.7,218.1,221.9,BOKA EXPEDITION,9479094,V7GE8,Other,under way using engine,94,20,5.5,,A,false
215768000,2020-07-25T06:32:00,-20.300000,58.049935,17.9,272.0,269.1,MSC IMOGEN,9367044,9HA2849,Cargo,under way using engine,294,32,13.0,,A,false
645112222,2020-07-25T06:32:00,-20.309894,57.704108,2.6,274.0,279.0,FV NARASIMHA,,3BFS1,Fishing,under way using engine,18,5,2.0,,A,false
645113333,2020-07-25T06:32:00,-20.262517,57.845860,2.2,312.0,322.0,FV SHENANDOAH,,3BFS2,Fishing,under way using engine,15,4,1.8,,A,false
636015860,2020-07-25T06:33:00,-20.194601,57.608225,9.3,100.9,99.3,STANFORD HAWK,8814937,V7IM9,Tug,under way using engine,42,12,4.5,,A,false
477553400,2020-07-25T06:33:00,-19.972330,58.378944,14.7,219.7,222.0,NORD COURAGE,9384726,VRMT9,Cargo,under way using engine,180,30,11.5,,A,false
566878000,2020-07-25T06:33:00,-20.412173,58.547679,15.1,66.9,63.4,BW SUVARNA,9305159,9V9562,Tanker,under way using engine,228,36,11.0,,A,false
372711000,2020-07-25T06:34:00,-20.270540,58.141770,11.9,242.6,244.0,MV WAKASHIO,9337119,3FYL2,Cargo,under way using engine,300,50,14.5,ballast,A,true
215768000,2020-07-25T06:34:00,-20.300000,58.039332,18.0,271.8,269.7,MSC IMOGEN,9367044,9HA2849,Cargo,under way using engine,294,32,13.0,,A,false
645112222,2020-07-25T06:34:00,-20.308743,57.699697,2.5,278.0,283.0,FV NARASIMHA,,3BFS1,Fishing,under way using engine,18,5,2.0,,A,false
645113333,2020-07-25T06:34:00,-20.260579,57.844485,2.3,314.7,324.7,FV SHENANDOAH,,3BFS2,Fishing,under way using engine,15,4,1.8,,A,false
372711000,2020-07-25T06:36:00,-20.273334,58.135383,11.9,242.2,243.3,MV WAKASHIO,9337119,3FYL2,Cargo,under way using engine,300,50,14.5,ballast,A,true
636015860,2020-07-25T06:36:00,-20.195947,57.616357,9.3,100.4,98.9,STANFORD HAWK,8814937,V7IM9,Tug,under way using engine,42,12,4.5,,A,false
538005998,2020-07-25T06:36:00,-20.253992,58.560470,12.8,218.3,221.7,BOKA EXPEDITION,9479094,V7GE8,Other,under way using engine,94,20,5.5,,A,false
215768000,2020-07-25T06:36:00,-20.300000,58.028670,18.0,271.6,270.2,MSC IMOGEN,9367044,9HA2849,Cargo,under way using engine,294,32,13.0,,A,false
477553400,2020-07-25T06:36:00,-19.981714,58.370566,14.7,220.2,221.8,NORD COURAGE,9384726,VRMT9,Cargo,under way using engine,180,30,11.5,,A,false
566878000,2020-07-25T06:36:00,-20.406855,58.559848,15.1,66.6,63.8,BW SUVARNA,9305159,9V9562,Tanker,under way using engine,228,36,11.0,,A,false
645112222,2020-07-25T06:36:00,-20.307260,57.695432,2.6,282.0,287.0,FV NARASIMHA,,3BFS1,Fishing,under way using engine,18,5,2.0,,A,false
645113333,2020-07-25T06:36:00,-20.258584,57.843230,2.4,317.4,327.4,FV SHENANDOAH,,3BFS2,Fishing,under way using engine,15,4,1.8,,A,false
372711000,2020-07-25T06:38:00,-20.276128,58.128996,11.8,242.0,242.7,MV WAKASHIO,9337119,3FYL2,Cargo,under way using engine,300,50,14.5,ballast,A,true
215768000,2020-07-25T06:38:00,-20.300000,58.018007,18.1,271.2,270.7,MSC IMOGEN,9367044,9HA2849,Cargo,under way using engine,294,32,13.0,,A,false
645112222,2020-07-25T06:38:00,-20.305463,57.691339,2.7,286.0,291.0,FV NARASIMHA,,3BFS1,Fishing,under way using engine,18,5,2.0,,A,false
645113333,2020-07-25T06:38:00,-20.256540,57.842095,2.5,320.1,330.1,FV SHENANDOAH,,3BFS2,Fishing,under way using engine,15,4,1.8,,A,false
636015860,2020-07-25T06:39:00,-20.197292,57.624490,9.3,99.9,98.5,STANFORD HAWK,8814937,V7IM9,Tug,under way using engine,42,12,4.5,,A,false
477553400,2020-07-25T06:39:00,-19.991098,58.362188,14.7,220.7,221.5,NORD COURAGE,9384726,VRMT9,Cargo,under way using engine,180,30,11.5,,A,false
566878000,2020-07-25T06:39:00,-20.401537,58.572016,15.1,66.3,64.3,BW SUVARNA,9305159,9V9562,Tanker,under way using engine,228,36,11.0,,A,false
372711000,2020-07-25T06:40:00,-20.278899,58.122662,11.8,242.0,242.3,MV WAKASHIO,9337119,3FYL2,Cargo,under way using engine,300,50,14.5,ballast,A,true
538005998,2020-07-25T06:40:00,-20.264887,58.550726,12.8,218.6,221.4,BOKA EXPEDITION,9479094,V7GE8,Other,under way using engine,94,20,5.5,,A,false
215768000,2020-07-25T06:40:00,-20.300000,58.007286,18.1,270.8,271.2,MSC IMOGEN,9367044,9HA2849,Cargo,under way using engine,294,32,13.0,,A,false
645112222,2020-07-25T06:40:00,-20.303371,57.687442,2.8,290.0,295.0,FV NARASIMHA,,3BFS1,Fishing,under way using engine,18,5,2.0,,A,false
645113333,2020-07-25T06:40:00,-20.254455,57.841083,2.6,322.8,332.8,FV SHENANDOAH,,3BFS2,Fishing,under way using engine,15,4,1.8,,A,false
372711000,2020-07-25T06:42:00,-20.281669,58.116328,11.8,242.2,242.0,MV WAKASHIO,9337119,3FYL2,Cargo,under way using engine,300,50,14.5,ballast,A,true
636015860,2020-07-25T06:42:00,-20.198638,57.632622,9.3,99.5,98.2,STANFORD HAWK,8814937,V7IM9,Tug,under way using engine,42,12,4.5,,A,false
215768000,2020-07-25T06:42:00,-20.300000,57.996564,18.1,270.3,271.6,MSC IMOGEN,9367044,9HA2849,Cargo,under way using engine,294,32,13.0,,A,false
477553400,2020-07-25T06:42:00,-20.000482,58.353809,14.8,221.1,221.2,NORD COURAGE,9384726,VRMT9,Cargo,under way using engine,180,30,11.5,,A,false
566878000,2020-07-25T06:42:00,-20.396219,58.584183,15.0,65.9,64.8,BW SUVARNA,9305159,9V9562,Tanker,under way using engine,228,36,11.0,,A,false
645112222,2020-07-25T06:42:00,-20.301005,57.683763,2.9,294.0,299.0,FV NARASIMHA,,3BFS1,Fishing,under way using engine,18,5,2.0,,A,false
645113333,2020-07-25T06:42:00,-20.252338,57.840194,2.7,325.5,335.5,FV SHENANDOAH,,3BFS2,Fishing,under way using engine,15,4,1.8,,A,false
372711000,2020-07-25T06:44:00,-20.284440,58.109994,11.7,242.5,242.0,MV WAKASHIO,9337119,3FYL2,Cargo,under way using engine,300,50,14.5,ballast,A,true
538005998,2020-07-25T06:44:00,-20.275782,58.540980,12.8,219.0,220.9,BOKA EXPEDITION,9479094,V7GE8,Other,under way using engine,94,20,5.5,,A,false
215768000,2020-07-25T06:44:00,-20.300000,57.985843,18.2,269.8,271.8,MSC IMOGEN,9367044,9HA2849,Cargo,under way using engine,294,32,13.0,,A,false
645112222,2020-07-25T06:44:00,-20.298389,57.680322,3.0,298.0,303.0,FV NARASIMHA,,3BFS1,Fishing,under way using engine,18,5,2.0,,A,false
645113333,2020-07-25T06:44:00,-20.250195,57.839429,2.7,328.2,338.2,FV SHENANDOAH,,3BFS2,Fishing,under way using engine,15,4,1.8,,A,false
636015860,2020-07-25T06:45:00,-20.199984,57.640754,9.3,99.0,98.0,STANFORD HAWK,8814937,V7IM9,Tug,under way using engine,42,12,4.5,,A,false
477553400,2020-07-25T06:45:00,-20.009930,58.345372,14.8,221.5,220.7,NORD COURAGE,9384726,VRMT9,Cargo,under way using engine,180,30,11.5,,A,false
566878000,2020-07-25T06:45:00,-20.390937,58.596270,15.0,65.4,65.3,BW SUVARNA,9305159,9V9562,Tanker,under way using engine,228,36,11.0,,A,false
372711000,2020-07-25T06:46:00,-20.287187,58.103713,11.7,242.9,242.2,MV WAKASHIO,9337119,3FYL2,Cargo,under way using engine,300,50,14.5,ballast,A,true
215768000,2020-07-25T06:46:00,-20.300000,57.975062,18.2,269.4,272.0,MSC IMOGEN,9367044,9HA2849,Cargo,under way using engine,294,32,13.0,,A,false
645112222,2020-07-25T06:46:00,-20.295547,57.677138,3.1,302.0,307.0,FV NARASIMHA,,3BFS1,Fishing,under way using engine,18,5,2.0,,A,false
645113333,2020-07-25T06:46:00,-20.248035,57.838788,2.8,330.9,340.9,FV SHENANDOAH,,3BFS2,Fishing,under way using engine,15,4,1.8,,A,false
372711000,2020-07-25T06:48:00,-20.289934,58.097433,11.6,243.5,242.6,MV WAKASHIO,9337119,3FYL2,Cargo,under way using engine,300,50,14.5,ballast,A,true
636015860,2020-07-25T06:48:00,-20.201330,57.648887,9.2,98.6,98.0,STANFORD HAWK,8814937,V7IM9,Tug,under way using engine,42,12,4.5,,A,false
538005998,2020-07-25T06:48:00,-20.286677,58.531235,12.8,219.5,220.4,BOKA EXPEDITION,9479094,V7GE8,Other,under way using engine,94,20,5.5,,A,false
215768000,2020-07-25T06:48:00,-20.300000,57.964282,18.2,268.9,272.0,MSC IMOGEN,9367044,9HA2849,Cargo,under way using engine,294,32,13.0,,A,false
477553400,2020-07-25T06:48:00,-20.019378,58.336935,14.8,221.8,220.1,NORD COURAGE,9384726,VRMT9,Cargo,under way using engine,180,30,11.5,,A,false
566878000,2020-07-25T06:48:00,-20.385654,58.608356,14.9,65.0,65.8,BW SUVARNA,9305159,9V9562,Tanker,under way using engine,228,36,11.0,,A,false
645112222,2020-07-25T06:48:00,-20.292504,57.674223,3.2,306.0,311.0,FV NARASIMHA,,3BFS1,Fishing,under way using engine,18,5,2.0,,A,false
645113333,2020-07-25T06:48:00,-20.245866,57.838270,2.8,333.6,343.6,FV SHENANDOAH,,3BFS2,Fishing,under way using engine,15,4,1.8,,A,false
372711000,2020-07-25T06:50:00,-20.292657,58.091206,11.6,244.2,243.2,MV WAKASHIO,9337119,3FYL2,Cargo,under way using engine,300,50,14.5,ballast,A,true
215768000,2020-07-25T06:50:00,-20.300000,57.953501,18.3,268.6,271.8,MSC IMOGEN,9367044,9HA2849,Cargo,under way using engine,294,32,13.0,,A,false
645112222,2020-07-25T06:50:00,-20.289288,57.671590,3.3,310.0,315.0,FV NARASIMHA,,3BFS1,Fishing,under way using engine,18,5,2.0,,A,false
645113333,2020-07-25T06:50:00,-20.243694,57.837875,2.9,336.3,346.3,FV SHENANDOAH,,3BFS2,Fishing,under way using engine,15,4,1.8,,A,false
636015860,2020-07-25T06:51:00,-20.202661,57.656932,9.2,98.3,98.1,STANFORD HAWK,8814937,V7IM9,Tug,under way using engine,42,12,4.5,,A,false
477553400,2020-07-25T06:51:00,-20.028826,58.328497,14.8,221.9,219.6,NORD COURAGE,9384726,VRMT9,Cargo,under way using engine,180,30,11.5,,A,false
566878000,2020-07-25T06:51:00,-20.380406,58.620361,14.9,64.5,66.3,BW SUVARNA,9305159,9V9562,Tanker,under way using engine,228,36,11.0,,A,false
372711000,2020-07-25T06:52:00,-20.295381,58.084979,11.5,244.9,243.9,MV WAKASHIO,9337119,3FYL2,Cargo,under way using engine,300,50,14.5,ballast,A,true
538005998,2020-07-25T06:52:00,-20.297571,58.521488,12.8,220.0,219.9,BOKA EXPEDITION,9479094,V7GE8,Other,under way using engine,94,20,5.5,,A,false
215768000,2020-07-25T06:52:00,-20.300000,57.942661,18.3,268.3,271.5,MSC IMOGEN,9367044,9HA2849,Cargo,under way using engine,294,32,13.0,,A,false
645112222,2020-07-25T06:52:00,-20.285925,57.669249,3.3,314.0,319.0,FV NARASIMHA,,3BFS1,Fishing,under way using engine,18,5,2.0,,A,false
645113333,2020-07-25T06:52:00,-20.241528,57.837599,2.9,339.0,349.0,FV SHENANDOAH,,3BFS2,Fishing,under way using engine,15,4,1.8,,A,false
372711000,2020-07-25T06:54:00,-20.298081,58.078805,11.5,245.7,244.7,MV WAKASHIO,9337119,3FYL2,Cargo,under way using engine,300,50,14.5,ballast,A,true
636015860,2020-07-25T06:54:00,-20.203992,57.664977,9.2,98.1,98.4,STANFORD HAWK,8814937,V7IM9,Tug,under way using engine,42,12,4.5,,A,false
215768000,2020-07-25T06:54:00,-20.300000,57.931821,18.3,268.1,271.1,MSC IMOGEN,9367044,9HA2849,Cargo,under way using engine,294,32,13.0,,A,false
477553400,2020-07-25T06:54:00,-20.038274,58.320059,14.8,222.0,219.1,NORD COURAGE,9384726,VRMT9,Cargo,under way using engine,180,30,11.5,,A,false
566878000,2020-07-25T06:54:00,-20.375159,58.632366,14.9,64.0,66.7,BW SUVARNA,9305159,9V9562,Tanker,under way using engine,228,36,11.0,,A,false
645112222,2020-07-25T06:54:00,-20.282442,57.667206,3.4,318.0,323.0,FV NARASIMHA,,3BFS1,Fishing,under way using engine,18,5,2.0,,A,false
645113333,2020-07-25T06:54:00,-20.239374,57.837442,3.0,341.7,351.7,FV SHENANDOAH,,3BFS2,Fishing,under way using engine,15,4,1.8,,A,false
372711000,2020-07-25T06:56:00,-20.300781,58.072631,11.4,246.3,245.5,MV WAKASHIO,9337119,3FYL2,Cargo,under way using engine,300,50,14.5,ballast,A,true
538005998,2020-07-25T06:56:00,-20.308466,58.511741,12.8,220.5,219.3,BOKA EXPEDITION,9479094,V7GE8,Other,under way using engine,94,20,5.5,,A,false
215768000,2020-07-25T06:56:00,-20.300000,57.920981,18.3,268.0,270.7,MSC IMOGEN,9367044,9HA2849,Cargo,under way using engine,294,32,13.0,,A,false
645112222,2020-07-25T06:56:00,-20.278867,57.665465,3.5,322.0,327.0,FV NARASIMHA,,3BFS1,Fishing,under way using engine,18,5,2.0,,A,false
645113333,2020-07-25T06:56:00,-20.237240,57.837400,3.0,344.4,354.4,FV SHENANDOAH,,3BFS2,Fishing,under way using engine,15,4,1.8,,A,false
636015860,2020-07-25T06:57:00,-20.205324,57.673022,9.2,98.0,98.8,STANFORD HAWK,8814937,V7IM9,Tug,under way using engine,42,12,4.5,,A,false
477553400,2020-07-25T06:57:00,-20.047722,58.311621,14.8,221.9,218.7,NORD COURAGE,9384726,VRMT9,Cargo,under way using engine,180,30,11.5,,A,false
566878000,2020-07-25T06:57:00,-20.369911,58.644370,14.8,63.6,66.9,BW SUVARNA,9305159,9V9562,Tanker,under way using engine,228,36,11.0,,A,false
372711000,2020-07-25T06:58:00,-20.303458,58.066511,11.4,247.0,246.3,MV WAKASHIO,9337119,3FYL2,Cargo,under way using engine,300,50,14.5,ballast,A,true
215768000,2020-07-25T06:58:00,-20.300000,57.910141,18.3,268.0,270.1,MSC IMOGEN,9367044,9HA2849,Cargo,under way using engine,294,32,13.0,,A,false
645112222,2020-07-25T06:58:00,-20.275228,57.664027,3.6,326.0,331.0,FV NARASIMHA,,3BFS1,Fishing,under way using engine,18,5,2.0,,A,false
645113333,2020-07-25T06:58:00,-20.235131,57.837471,3.0,347.1,357.1,FV SHENANDOAH,,3BFS2,Fishing,under way using engine,15,4,1.8,,A,false
372711000,2020-07-25T07:00:00,-20.306134,58.060391,11.3,247.4,247.0,MV WAKASHIO,9337119,3FYL2,Cargo,under way using engine,300,50,14.5,ballast,A,true
636015860,2020-07-25T07:00:00,-20.206655,57.681068,9.1,98.0,99.3,STANFORD HAWK,8814937,V7IM9,Tug,under way using engine,42,12,4.5,,A,false
538005998,2020-07-25T07:00:00,-20.319361,58.501993,12.8,220.9,218.9,BOKA EXPEDITION,9479094,V7GE8,Other,under way using engine,94,20,5.5,,A,false
215768000,2020-07-25T07:00:00,-20.300000,57.899301,18.3,268.2,269.6,MSC IMOGEN,9367044,9HA2849,Cargo,under way using engine,294,32,13.0,,A,false
477553400,2020-07-25T07:00:00,-20.057170,58.303182,14.8,221.8,218.3,NORD COURAGE,9384726,VRMT9,Cargo,under way using engine,180,30,11.5,,A,false
566878000,2020-07-25T07:00:00,-20.364699,58.656294,14.8,63.3,67.0,BW SUVARNA,9305159,9V9562,Tanker,under way using engine,228,36,11.0,,A,false
645112222,2020-07-25T07:00:00,-20.271550,57.662891,3.6,330.0,335.0,FV NARASIMHA,,3BFS1,Fishing,under way using engine,18,5,2.0,,A,false
645113333,2020-07-25T07:00:00,-20.233055,57.837650,3.0,349.8,359.8,FV SHENANDOAH,,3BFS2,Fishing,under way using engine,15,4,1.8,,A,false
645101010,2020-07-25T07:00:00,-20.300000,57.850000,12.0,10.0,11.0,MAURITIUS PRIDE,,3BCP1,Other,under way using engine,60,10,3.0,,A,false
372711000,2020-07-25T07:02:00,-20.308787,58.054324,11.3,247.8,247.5,MV WAKASHIO,9337119,3FYL2,Cargo,under way using engine,300,50,14.5,ballast,A,true
215768000,2020-07-25T07:02:00,-20.300000,57.888461,18.3,268.5,269.1,MSC IMOGEN,9367044,9HA2849,Cargo,under way using engine,294,32,13.0,,A,false
645112222,2020-07-25T07:02:00,-20.267859,57.662052,3.7,334.0,339.0,FV NARASIMHA,,3BFS1,Fishing,under way using engine,18,5,2.0,,A,false
645113333,2020-07-25T07:02:00,-20.231016,57.837935,3.0,352.5,2.5,FV SHENANDOAH,,3BFS2,Fishing,under way using engine,15,4,1.8,,A,false
645101010,2020-07-25T07:02:00,-20.293435,57.851234,12.0,10.5,11.4,MAURITIUS PRIDE,,3BCP1,Other,under way using engine,60,10,3.0,,A,false
636015860,2020-07-25T07:03:00,-20.207972,57.689026,9.1,98.2,99.8,STANFORD HAWK,8814937,V7IM9,Tug,under way using engine,42,12,4.5,,A,false
477553400,2020-07-25T07:03:00,-20.066618,58.294742,14.8,221.5,218.1,NORD COURAGE,9384726,VRMT9,Cargo,under way using engine,180,30,11.5,,A,false
566878000,2020-07-25T07:03:00,-20.359487,58.668217,14.8,63.1,67.0,BW SUVARNA,9305159,9V9562,Tanker,under way using engine,228,36,11.0,,A,false
372711000,2020-07-25T07:04:00,-20.311441,58.048258,11.2,248.0,247.8,MV WAKASHIO,9337119,3FYL2,Cargo,under way using engine,300,50,14.5,ballast,A,true
538005998,2020-07-25T07:04:00,-20.330256,58.492245,12.8,221.3,218.5,BOKA EXPEDITION,9479094,V7GE8,Other,under way using engine,94,20,5.5,,A,false
215768000,2020-07-25T07:04:00,-20.300000,57.877621,18.3,268.8,268.7,MSC IMOGEN,9367044,9HA2849,Cargo,under way using engine,294,32,13.0,,A,false
645112222,2020-07-25T07:04:00,-20.264180,57.661506,3.8,338.0,343.0,FV NARASIMHA,,3BFS1,Fishing,under way using engine,18,5,2.0,,A,false
645113333,2020-07-25T07:04:00,-20.229021,57.838321,3.0,355.2,5.2,FV SHENANDOAH,,3BFS2,Fishing,under way using engine,15,4,1.8,,A,false
645101010,2020-07-25T07:04:00,-20.286869,57.852469,12.1,10.9,11.7,MAURITIUS PRIDE,,3BCP1,Other,under way using engine,60,10,3.0,,A,false
372711000,2020-07-25T07:06:00,-20.314070,58.042245,11.2,248.0,248.0,MV WAKASHIO,9337119,3FYL2,Cargo,under way using engine,300,50,14.5,ballast,A,true
636015860,2020-07-25T07:06:00,-20.209289,57.696984,9.0,98.4,100.3,STANFORD HAWK,8814937,V7IM9,Tug,under way using engine,42,12,4.5,,A,false
215768000,2020-07-25T07:06:00,-20.300000,57.866781,18.3,269.3,268.3,MSC IMOGEN,9367044,9HA2849,Cargo,under way using engine,294,32,13.0,,A,false
477553400,2020-07-25T07:06:00,-20.076065,58.286302,14.7,221.1,218.0,NORD COURAGE,9384726,VRMT9,Cargo,under way using engine,180,30,11.5,,A,false
566878000,2020-07-25T07:06:00,-20.354275,58.680140,14.7,63.0,66.8,BW SUVARNA,9305159,9V9562,Tanker,under way using engine,228,36,11.0,,A,false
645112222,2020-07-25T07:06:00,-20.260537,57.661243,3.8,342.0,347.0,FV NARASIMHA,,3BFS1,Fishing,under way using engine,18,5,2.0,,A,false
645113333,2020-07-25T07:06:00,-20.227074,57.838804,3.0,357.9,7.9,FV SHENANDOAH,,3BFS2,Fishing,under way using engine,15,4,1.8,,A,false
645101010,2020-07-25T07:06:00,-20.280249,57.853713,12.1,11.3,11.9,MAURITIUS PRIDE,,3BCP1,Other,under way using engine,60,10,3.0,,A,false
372711000,2020-07-25T07:08:00,-20.316700,58.036231,11.2,247.8,247.9,MV WAKASHIO,9337119,3FYL2,Cargo,under way using engine,300,50,14.5,ballast,A,true
538005998,2020-07-25T07:08:00,-20.341151,58.482496,12.8,221.6,218.2,BOKA EXPEDITION,9479094,V7GE8,Other,under way using engine,94,20,5.5,,A,false
215768000,2020-07-25T07:08:00,-20.300000,57.855941,18.2,269.7,268.1,MSC IMOGEN,9367044,9HA2849,Cargo,under way using engine,294,32,13.0,,A,false
645112222,2020-07-25T07:08:00,-20.256952,57.661254,3.9,346.0,351.0,FV NARASIMHA,,3BFS1,Fishing,under way using engine,18,5,2.0,,A,false
645113333,2020-07-25T07:08:00,-20.225181,57.839379,2.9,0.6,10.6,FV SHENANDOAH,,3BFS2,Fishing,under way using engine,15,4,1.8,,A,false
645101010,2020-07-25T07:08:00,-20.273629,57.854958,12.2,11.7,12.0,MAURITIUS PRIDE,,3BCP1,Other,under way using engine,60,10,3.0,,A,false
636015860,2020-07-25T07:09:00,-20.210591,57.704854,9.0,98.8,100.8,STANFORD HAWK,8814937,V7IM9,Tug,under way using engine,42,12,4.5,,A,false
477553400,2020-07-25T07:09:00,-20.085449,58.277919,14.7,220.7,218.1,NORD COURAGE,9384726,VRMT9,Cargo,under way using engine,180,30,11.5,,A,false
566878000,2020-07-25T07:09:00,-20.349097,58.691981,14.7,63.0,66.5,BW SUVARNA,9305159,9V9562,Tanker,under way using engine,228,36,11.0,,A,false
372711000,2020-07-25T07:10:00,-20.319329,58.030218,11.1,247.5,247.6,MV WAKASHIO,9337119,3FYL2,Cargo,under way using engine,300,50,14.5,ballast,A,true
215768000,2020-07-25T07:10:00,-20.300000,57.845161,18.2,270.2,268.0,MSC IMOGEN,9367044,9HA2849,Cargo,under way using engine,294,32,13.0,,A,false
645112222,2020-07-25T07:10:00,-20.253445,57.661527,3.9,350.0,355.0,FV NARASIMHA,,3BFS1,Fishing,under way using engine,18,5,2.0,,A,false
645113333,2020-07-25T07:10:00,-20.223344,57.840041,2.9,3.3,13.3,FV SHENANDOAH,,3BFS2,Fishing,under way using engine,15,4,1.8,,A,false
645101010,2020-07-25T07:10:00,-20.266954,57.856212,12.2,11.9,11.9,MAURITIUS PRIDE,,3BCP1,Other,under way using engine,60,10,3.0,,A,false
372711000,2020-07-25T07:12:00,-20.321936,58.024258,11.1,247.0,247.2,MV WAKASHIO,9337119,3FYL2,Cargo,under way using engine,300,50,14.5,ballast,A,true
636015860,2020-07-25T07:12:00,-20.211893,57.712725,9.0,99.2,101.3,STANFORD HAWK,8814937,V7IM9,Tug,under way using engine,42,12,4.5,,A,false
538005998,2020-07-25T07:12:00,-20.352046,58.472746,12.7,221.9,218.0,BOKA EXPEDITION,9479094,V7GE8,Other,under way using engine,94,20,5.5,,A,false
215768000,2020-07-25T07:12:00,-20.300000,57.834380,18.2,270.7,268.1,MSC IMOGEN,9367044,9HA2849,Cargo,under way using engine,294,32,13.0,,A,false
477553400,2020-07-25T07:12:00,-20.094834,58.269535,14.7,220.2,218.3,NORD COURAGE,9384726,VRMT9,Cargo,under way using engine,180,30,11.5,,A,false
566878000,2020-07-25T07:12:00,-20.343920,58.703822,14.7,63.2,66.0,BW SUVARNA,9305159,9V9562,Tanker,under way using engine,228,36,11.0,,A,false
645112222,2020-07-25T07:12:00,-20.250035,57.662048,3.9,354.0,359.0,FV NARASIMHA,,3BFS1,Fishing,under way using engine,18,5,2.0,,A,false
645113333,2020-07-25T07:12:00,-20.221569,57.840785,2.9,6.0,16.0,FV SHENANDOAH,,3BFS2,Fishing,under way using engine,15,4,1.8,,A,false
645101010,2020-07-25T07:12:00,-20.260279,57.857467,12.2,12.0,11.7,MAURITIUS PRIDE,,3BCP1,Other,under way using engine,60,10,3.0,,A,false
372711000,2020-07-25T07:14:00,-20.324542,58.018298,11.1,246.4,246.5,MV WAKASHIO,9337119,3FYL2,Cargo,under way using engine,300,50,14.5,ballast,A,true
215768000,2020-07-25T07:14:00,-20.300000,57.823599,18.1,271.1,268.3,MSC IMOGEN,9367044,9HA2849,Cargo,under way using engine,294,32,13.0,,A,false
645112222,2020-07-25T07:14:00,-20.246739,57.662802,4.0,358.0,3.0,FV NARASIMHA,,3BFS1,Fishing,under way using engine,18,5,2.0,,A,false
645113333,2020-07-25T07:14:00,-20.219859,57.841606,2.8,8.7,18.7,FV SHENANDOAH,,3BFS2,Fishing,under way using engine,15,4,1.8,,A,false
645101010,2020-07-25T07:14:00,-20.253605,57.858721,12.2,12.0,11.4,MAURITIUS PRIDE,,3BCP1,Other,under way using engine,60,10,3.0,,A,false
636015860,2020-07-25T07:15:00,-20.213196,57.720596,8.9,99.6,101.7,STANFORD HAWK,8814937,V7IM9,Tug,under way using engine,42,12,4.5,,A,false
477553400,2020-07-25T07:15:00,-20.104218,58.261150,14.6,219.7,218.6,NORD COURAGE,9384726,VRMT9,Cargo,under way using engine,180,30,11.5,,A,false
566878000,2020-07-25T07:15:00,-20.338743,58.715663,14.7,63.4,65.5,BW SUVARNA,9305159,9V9562,Tanker,under way using engine,228,36,11.0,,A,false
372711000,2020-07-25T07:16:00,-20.327148,58.012338,11.1,245.7,245.8,MV WAKASHIO,9337119,3FYL2,Cargo,under way using engine,300,50,14.5,ballast,A,true
538005998,2020-07-25T07:16:00,-20.362855,58.463071,12.7,222.0,218.0,BOKA EXPEDITION,9479094,V7GE8,Other,under way using engine,94,20,5.5,,A,false
215768000,2020-07-25T07:16:00,-20.300000,57.812878,18.1,271.5,268.6,MSC IMOGEN,9367044,9HA2849,Cargo,under way using engine,294,32,13.0,,A,false
645112222,2020-07-25T07:16:00,-20.243572,57.663774,4.0,2.0,7.0,FV NARASIMHA,,3BFS1,Fishing,under way using engine,18,5,2.0,,A,false
645113333,2020-07-25T07:16:00,-20.218216,57.842499,2.8,11.4,21.4,FV SHENANDOAH,,3BFS2,Fishing,under way using engine,15,4,1.8,,A,false
645101010,2020-07-25T07:16:00,-20.246930,57.859976,12.3,11.9,10.9,MAURITIUS PRIDE,,3BCP1,Other,under way using engine,60,10,3.0,,A,false
372711000,2020-07-25T07:18:00,-20.329754,58.006378,11.1,245.0,245.0,MV WAKASHIO,9337119,3FYL2,Cargo,under way using engine,300,50,14.5,ballast,A,true
636015860,2020-07-25T07:18:00,-20.214484,57.728379,8.9,100.1,101.9,STANFORD HAWK,8814937,V7IM9,Tug,under way using engine,42,12,4.5,,A,false
215768000,2020-07-25T07:18:00,-20.300000,57.802156,18.1,271.8,269.0,MSC IMOGEN,9367044,9HA2849,Cargo,under way using engine,294,32,13.0,,A,false
477553400,2020-07-25T07:18:00,-20.113538,58.252822,14.6,219.2,219.0,NORD COURAGE,9384726,VRMT9,Cargo,under way using engine,180,30,11.5,,A,false
566878000,2020-07-25T07:18:00,-20.333566,58.727504,14.7,63.7,65.0,BW SUVARNA,9305159,9V9562,Tanker,under way using engine,228,36,11.0,,A,false
645112222,2020-07-25T07:18:00,-20.240547,57.664948,4.0,6.0,11.0,FV NARASIMHA,,3BFS1,Fishing,under way using engine,18,5,2.0,,A,false
645113333,2020-07-25T07:18:00,-20.216643,57.843458,2.7,14.1,24.1,FV SHENANDOAH,,3BFS2,Fishing,under way using engine,15,4,1.8,,A,false
645101010,2020-07-25T07:18:00,-20.240200,57.861241,12.3,11.6,10.4,MAURITIUS PRIDE,,3BCP1,Other,under way using engine,60,10,3.0,,A,false
372711000,2020-07-25T07:20:00,-20.332360,58.000418,11.1,244.3,244.2,MV WAKASHIO,9337119,3FYL2,Cargo,under way using engine,300,50,14.5,ballast,A,true
538005998,2020-07-25T07:20:00,-20.373665,58.453396,12.7,222.0,218.1,BOKA EXPEDITION,9479094,V7GE8,Other,under way using engine,94,20,5.5,,A,false
215768000,2020-07-25T07:20:00,-20.300000,57.791435,18.0,271.9,269.5,MSC IMOGEN,9367044,9HA2849,Cargo,under way using engine,294,32,13.0,,A,false
645112222,2020-07-25T07:20:00,-20.237674,57.666305,4.0,10.0,15.0,FV NARASIMHA,,3BFS1,Fishing,under way using engine,18,5,2.0,,A,false
645113333,2020-07-25T07:20:00,-20.215143,57.844477,2.6,16.8,26.8,FV SHENANDOAH,,3BFS2,Fishing,under way using engine,15,4,1.8,,A,false
645101010,2020-07-25T07:20:00,-20.233471,57.862505,12.3,11.3,9.9,MAURITIUS PRIDE,,3BCP1,Other,under way using engine,60,10,3.0,,A,false
636015860,2020-07-25T07:21:00,-20.215772,57.736162,8.8,100.6,102.0,STANFORD HAWK,8814937,V7IM9,Tug,under way using engine,42,12,4.5,,A,false
477553400,2020-07-25T07:21:00,-20.122858,58.244493,14.6,218.8,219.5,NORD COURAGE,9384726,VRMT9,Cargo,under way using engine,180,30,11.5,,A,false
566878000,2020-07-25T07:21:00,-20.328389,58.739344,14.7,64.1,64.5,BW SUVARNA,9305159,9V9562,Tanker,under way using engine,228,36,11.0,,A,false
372711000,2020-07-25T07:22:00,-20.334966,57.994458,11.1,243.6,243.5,MV WAKASHIO,9337119,3FYL2,Cargo,under way using engine,300,50,14.5,ballast,A,true
215768000,2020-07-25T07:22:00,-20.300000,57.780773,18.0,272.0,270.1,MSC IMOGEN,9367044,9HA2849,Cargo,under way using engine,294,32,13.0,,A,false
645112222,2020-07-25T07:22:00,-20.234964,57.667829,4.0,14.0,19.0,FV NARASIMHA,,3BFS1,Fishing,under way using engine,18,5,2.0,,A,false
645113333,2020-07-25T07:22:00,-20.213716,57.845551,2.6,19.5,29.5,FV SHENANDOAH,,3BFS2,Fishing,under way using engine,15,4,1.8,,A,false
645101010,2020-07-25T07:22:00,-20.226741,57.863770,12.3,10.9,9.3,MAURITIUS PRIDE,,3BCP1,Other,under way using engine,60,10,3.0,,A,false
372711000,2020-07-25T07:24:00,-20.337572,57.988497,11.2,243.0,242.8,MV WAKASHIO,9337119,3FYL2,Cargo,under way using engine,300,50,14.5,ballast,A,true
636015860,2020-07-25T07:24:00,-20.217045,57.743858,8.8,101.0,102.0,STANFORD HAWK,8814937,V7IM9,Tug,under way using engine,42,12,4.5,,A,false
538005998,2020-07-25T07:24:00,-20.384475,58.443721,12.6,221.9,218.4,BOKA EXPEDITION,9479094,V7GE8,Other,under way using engine,94,20,5.5,,A,false
215768000,2020-07-25T07:24:00,-20.300000,57.770110,17.9,271.9,270.6,MSC IMOGEN,9367044,9HA2849,Cargo,under way using engine,294,32,13.0,,A,false
477553400,2020-07-25T07:24:00,-20.132178,58.236164,14.5,218.5,220.1,NORD COURAGE,9384726,VRMT9,Cargo,under way using engine,180,30,11.5,,A,false
566878000,2020-07-25T07:24:00,-20.323212,58.751184,14.7,64.6,64.0,BW SUVARNA,9305159,9V9562,Tanker,under way using engine,228,36,11.0,,A,false
645112222,2020-07-25T07:24:00,-20.232423,57.669501,4.0,18.0,23.0,FV NARASIMHA,,3BFS1,Fishing,under way using engine,18,5,2.0,,A,false
645113333,2020-07-25T07:24:00,-20.212364,57.846676,2.5,22.2,32.2,FV SHENANDOAH,,3BFS2,Fishing,under way using engine,15,4,1.8,,A,false
645101010,2020-07-25T07:24:00,-20.220012,57.865035,12.3,10.4,8.9,MAURITIUS PRIDE,,3BCP1,Other,under way using engine,60,10,3.0,,A,false
372711000,2020-07-25T07:26:00,-20.340202,57.982483,11.2,242.5,242.4,MV WAKASHIO,9337119,3FYL2,Cargo,under way using engine,300,50,14.5,ballast,A,true
215768000,2020-07-25T07:26:00,-20.300000,57.759507,17.9,271.8,271.1,MSC IMOGEN,9367044,9HA2849,Cargo,under way using engine,294,32,13.0,,A,false
645112222,2020-07-25T07:26:00,-20.230055,57.671304,4.0,22.0,27.0,FV NARASIMHA,,3BFS1,Fishing,under way using engine,18,5,2.0,,A,false
645113333,2020-07-25T07:26:00,-20.211088,57.847844,2.4,24.9,34.9,FV SHENANDOAH,,3BFS2,Fishing,under way using engine,15,4,1.8,,A,false
645101010,2020-07-25T07:26:00,-20.213282,57.866299,12.3,9.9,8.5,MAURITIUS PRIDE,,3BCP1,Other,under way using engine,60,10,3.0,,A,false
636015860,2020-07-25T07:27:00,-20.218318,57.751554,8.8,101.4,101.8,STANFORD HAWK,8814937,V7IM9,Tug,under way using engine,42,12,4.5,,A,false
477553400,2020-07-25T07:27:00,-20.141435,58.227892,14.5,218.2,220.6,NORD COURAGE,9384726,VRMT9,Cargo,under way using engine,180,30,11.5,,A,false
566878000,2020-07-25T07:27:00,-20.318035,58.763023,14.7,65.1,63.6,BW SUVARNA,9305159,9V9562,Tanker,under way using engine,228,36,11.0,,A,false
372711000,2020-07-25T07:28:00,-20.342832,57.976469,11.2,242.2,242.1,MV WAKASHIO,9337119,3FYL2,Cargo,under way using engine,300,50,14.5,ballast,A,true
538005998,2020-07-25T07:28:00,-20.395200,58.434120,12.6,221.6,218.8,BOKA EXPEDITION,9479094,V7GE8,Other,under way using engine,94,20,5.5,,A,false
215768000,2020-07-25T07:28:00,-20.300000,57.748904,17.9,271.5,271.5,MSC IMOGEN,9367044,9HA2849,Cargo,under way using engine,294,32,13.0,,A,false
645112222,2020-07-25T07:28:00,-20.227865,57.673221,4.0,26.0,31.0,FV NARASIMHA,,3BFS1,Fishing,under way using engine,18,5,2.0,,A,false
645113333,2020-07-25T07:28:00,-20.209888,57.849053,2.3,27.6,37.6,FV SHENANDOAH,,3BFS2,Fishing,under way using engine,15,4,1.8,,A,false
645101010,2020-07-25T07:28:00,-20.206553,57.867564,12.3,9.5,8.2,MAURITIUS PRIDE,,3BCP1,Other,under way using engine,60,10,3.0,,A,false
372711000,2020-07-25T07:30:00,-20.345461,57.970455,11.3,242.0,242.0,MV WAKASHIO,9337119,3FYL2,Cargo,under way using engine,300,50,14.5,ballast,A,true
636015860,2020-07-25T07:30:00,-20.219592,57.759251,8.8,101.7,101.5,STANFORD HAWK,8814937,V7IM9,Tug,under way using engine,42,12,4.5,,A,false
215768000,2020-07-25T07:30:00,-20.300000,57.738301,17.8,271.1,271.8,MSC IMOGEN,9367044,9HA2849,Cargo,under way using engine,294,32,13.0,,A,false
477553400,2020-07-25T07:30:00,-20.150691,58.219619,14.5,218.0,221.1,NORD COURAGE,9384726,VRMT9,Cargo,under way using engine,180,30,11.5,,A,false
566878000,2020-07-25T07:30:00,-20.312858,58.774862,14.7,65.6,63.2,BW SUVARNA,9305159,9V9562,Tanker,under way using engine,228,36,11.0,,A,false
645112222,2020-07-25T07:30:00,-20.225854,57.675235,3.9,30.0,35.0,FV NARASIMHA,,3BFS1,Fishing,under way using engine,18,5,2.0,,A,false
645113333,2020-07-25T07:30:00,-20.208764,57.850295,2.2,30.3,40.3,FV SHENANDOAH,,3BFS2,Fishing,under way using engine,15,4,1.8,,A,false
645101010,2020-07-25T07:30:00,-20.199823,57.868828,12.3,9.0,8.0,MAURITIUS PRIDE,,3BCP1,Other,under way using engine,60,10,3.0,,A,false
372711000,2020-07-25T07:32:00,-20.348114,57.964387,11.3,242.0,242.2,MV WAKASHIO,9337119,3FYL2,Cargo,under way using engine,300,50,14.5,ballast,A,true
538005998,2020-07-25T07:32:00,-20.405924,58.424519,12.6,221.3,219.3,BOKA EXPEDITION,9479094,V7GE8,Other,under way using engine,94,20,5.5,,A,false
215768000,2020-07-25T07:32:00,-20.300000,57.727757,17.8,270.7,272.0,MSC IMOGEN,9367044,9HA2849,Cargo,under way using engine,294,32,13.0,,A,false
645112222,2020-07-25T07:32:00,-20.224022,57.677329,3.9,34.0,39.0,FV NARASIMHA,,3BFS1,Fishing,under way using engine,18,5,2.0,,A,false
645113333,2020-07-25T07:32:00,-20.207715,57.851566,2.1,33.0,43.0,FV SHENANDOAH,,3BFS2,Fishing,under way using engine,15,4,1.8,,A,false
645101010,2020-07-25T07:32:00,-20.193094,57.870092,12.2,8.6,8.0,MAURITIUS PRIDE,,3BCP1,Other,under way using engine,60,10,3.0,,A,false
636015860,2020-07-25T07:33:00,-20.220865,57.766947,8.7,101.9,101.0,STANFORD HAWK,8814937,V7IM9,Tug,under way using engine,42,12,4.5,,A,false
477553400,2020-07-25T07:33:00,-20.159947,58.211346,14.4,218.0,221.5,NORD COURAGE,9384726,VRMT9,Cargo,under way using engine,180,30,11.5,,A,false
566878000,2020-07-25T07:33:00,-20.307681,58.786700,14.8,66.0,63.0,BW SUVARNA,9305159,9V9562,Tanker,under way using engine,228,36,11.0,,A,false
372711000,2020-07-25T07:34:00,-20.350767,57.958318,11.4,242.2,242.5,MV WAKASHIO,9337119,3FYL2,Cargo,under way using engine,300,50,14.5,ballast,A,true
215768000,2020-07-25T07:34:00,-20.300000,57.717214,17.8,270.2,272.0,MSC IMOGEN,9367044,9HA2849,Cargo,under way using engine,294,32,13.0,,A,false
645112222,2020-07-25T07:34:00,-20.222367,57.679490,3.9,38.0,43.0,FV NARASIMHA,,3BFS1,Fishing,under way using engine,18,5,2.0,,A,false
645113333,2020-07-25T07:34:00,-20.206742,57.852862,2.0,35.7,45.7,FV SHENANDOAH,,3BFS2,Fishing,under way using engine,15,4,1.8,,A,false
645101010,2020-07-25T07:34:00,-20.186419,57.871346,12.2,8.3,8.1,MAURITIUS PRIDE,,3BCP1,Other,under way using engine,60,10,3.0,,A,false
372711000,2020-07-25T07:36:00,-20.353444,57.952196,11.4,242.6,243.0,MV WAKASHIO,9337119,3FYL2,Cargo,under way using engine,300,50,14.5,ballast,A,true
636015860,2020-07-25T07:36:00,-20.222124,57.774556,8.7,102.0,100.5,STANFORD HAWK,8814937,V7IM9,Tug,under way using engine,42,12,4.5,,A,false
538005998,2020-07-25T07:36:00,-20.416649,58.414918,12.5,220.9,219.8,BOKA EXPEDITION,9479094,V7GE8,Other,under way using engine,94,20,5.5,,A,false
215768000,2020-07-25T07:36:00,-20.300000,57.706670,17.7,269.7,271.9,MSC IMOGEN,9367044,9HA2849,Cargo,under way using engine,294,32,13.0,,A,false
477553400,2020-07-25T07:36:00,-20.169140,58.203129,14.4,218.1,221.8,NORD COURAGE,9384726,VRMT9,Cargo,under way using engine,180,30,11.5,,A,false
566878000,2020-07-25T07:36:00,-20.302469,58.798619,14.8,66.4,63.0,BW SUVARNA,9305159,9V9562,Tanker,under way using engine,228,36,11.0,,A,false
645112222,2020-07-25T07:36:00,-20.220886,57.681701,3.8,42.0,47.0,FV NARASIMHA,,3BFS1,Fishing,under way using engine,18,5,2.0,,A,false
645113333,2020-07-25T07:36:00,-20.205843,57.854178,1.9,38.4,48.4,FV SHENANDOAH,,3BFS2,Fishing,under way using engine,15,4,1.8,,A,false
645101010,2020-07-25T07:36:00,-20.179744,57.872600,12.2,8.1,8.4,MAURITIUS PRIDE,,3BCP1,Other,under way using engine,60,10,3.0,,A,false
372711000,2020-07-25T07:38:00,-20.356121,57.946074,11.5,243.1,243.7,MV WAKASHIO,9337119,3FYL2,Cargo,under way using engine,300,50,14.5,ballast,A,true
215768000,2020-07-25T07:38:00,-20.300000,57.696185,17.7,269.3,271.6,MSC IMOGEN,9367044,9HA2849,Cargo,under way using engine,294,32,13.0,,A,false
645112222,2020-07-25T07:38:00,-20.219576,57.683951,3.8,46.0,51.0,FV NARASIMHA,,3BFS1,Fishing,under way using engine,18,5,2.0,,A,false
645113333,2020-07-25T07:38:00,-20.205017,57.855510,1.8,41.1,51.1,FV SHENANDOAH,,3BFS2,Fishing,under way using engine,15,4,1.8,,A,false
645101010,2020-07-25T07:38:00,-20.173069,57.873854,12.2,8.0,8.8,MAURITIUS PRIDE,,3BCP1,Other,under way using engine,60,10,3.0,,A,false
636015860,2020-07-25T07:39:00,-20.223383,57.782164,8.7,102.0,100.0,STANFORD HAWK,8814937,V7IM9,Tug,under way using engine,42,12,4.5,,A,false
477553400,2020-07-25T07:39:00,-20.178332,58.194911,14.3,218.3,222.0,NORD COURAGE,9384726,VRMT9,Cargo,under way using engine,180,30,11.5,,A,false
566878000,2020-07-25T07:39:00,-20.297256,58.810537,14.8,66.7,63.1,BW SUVARNA,9305159,9V9562,Tanker,under way using engine,228,36,11.0,,A,false
372711000,2020-07-25T07:40:00,-20.358821,57.939898,11.5,243.7,244.5,MV WAKASHIO,9337119,3FYL2,Cargo,under way using engine,300,50,14.5,ballast,A,true
538005998,2020-07-25T07:40:00,-20.427288,58.405392,12.5,220.4,220.3,BOKA EXPEDITION,9479094,V7GE8,Other,under way using engine,94,20,5.5,,A,false
215768000,2020-07-25T07:40:00,-20.300000,57.685701,17.7,268.8,271.3,MSC IMOGEN,9367044,9HA2849,Cargo,under way using engine,294,32,13.0,,A,false
645112222,2020-07-25T07:40:00,-20.218431,57.686226,3.7,50.0,55.0,FV NARASIMHA,,3BFS1,Fishing,under way using engine,18,5,2.0,,A,false
645113333,2020-07-25T07:40:00,-20.204262,57.856853,1.9,43.8,53.8,FV SHENANDOAH,,3BFS2,Fishing,under way using engine,15,4,1.8,,A,false
645101010,2020-07-25T07:40:00,-20.166394,57.875108,12.1,8.0,9.3,MAURITIUS PRIDE,,3BCP1,Other,under way using engine,60,10,3.0,,A,false
372711000,2020-07-25T07:42:00,-20.361521,57.933722,11.6,244.4,245.3,MV WAKASHIO,9337119,3FYL2,Cargo,under way using engine,300,50,14.5,ballast,A,true
636015860,2020-07-25T07:42:00,-20.224642,57.789773,8.7,101.8,99.5,STANFORD HAWK,8814937,V7IM9,Tug,under way using engine,42,12,4.5,,A,false
215768000,2020-07-25T07:42:00,-20.300000,57.675216,17.7,268.5,270.8,MSC IMOGEN,9367044,9HA2849,Cargo,under way using engine,294,32,13.0,,A,false
477553400,2020-07-25T07:42:00,-20.187461,58.186751,14.3,218.6,222.0,NORD COURAGE,9384726,VRMT9,Cargo,under way using engine,180,30,11.5,,A,false
566878000,2020-07-25T07:42:00,-20.292044,58.822455,14.9,66.9,63.3,BW SUVARNA,9305159,9V9562,Tanker,under way using engine,228,36,11.0,,A,false
645112222,2020-07-25T07:42:00,-20.217446,57.688517,3.7,54.0,59.0,FV NARASIMHA,,3BFS1,Fishing,under way using engine,18,5,2.0,,A,false
645113333,2020-07-25T07:42:00,-20.203576,57.858204,2.0,46.5,56.5,FV SHENANDOAH,,3BFS2,Fishing,under way using engine,15,4,1.8,,A,false
645101010,2020-07-25T07:42:00,-20.159774,57.876352,12.1,8.2,9.8,MAURITIUS PRIDE,,3BCP1,Other,under way using engine,60,10,3.0,,A,false
372711000,2020-07-25T07:44:00,-20.364244,57.927492,11.6,245.1,246.1,MV WAKASHIO,9337119,3FYL2,Cargo,under way using engine,300,50,14.5,ballast,A,true
538005998,2020-07-25T07:44:00,-20.437928,58.395865,12.4,220.0,220.8,BOKA EXPEDITION,9479094,V7GE8,Other,under way using engine,94,20,5.5,,A,false
215768000,2020-07-25T07:44:00,-20.300000,57.664732,17.7,268.2,270.3,MSC IMOGEN,9367044,9HA2849,Cargo,under way using engine,294,32,13.0,,A,false
645112222,2020-07-25T07:44:00,-20.216615,57.690813,3.6,58.0,63.0,FV NARASIMHA,,3BFS1,Fishing,under way using engine,18,5,2.0,,A,false
645113333,2020-07-25T07:44:00,-20.202958,57.859560,2.1,49.2,59.2,FV SHENANDOAH,,3BFS2,Fishing,under way using engine,15,4,1.8,,A,false
645101010,2020-07-25T07:44:00,-20.153154,57.877595,12.0,8.4,10.3,MAURITIUS PRIDE,,3BCP1,Other,under way using engine,60,10,3.0,,A,false
636015860,2020-07-25T07:45:00,-20.225901,57.797382,8.7,101.6,99.0,STANFORD HAWK,8814937,V7IM9,Tug,under way using engine,42,12,4.5,,A,false
477553400,2020-07-25T07:45:00,-20.196590,58.178589,14.3,218.9,221.9,NORD COURAGE,9384726,VRMT9,Cargo,under way using engine,180,30,11.5,,A,false
566878000,2020-07-25T07:45:00,-20.286796,58.834453,14.9,67.0,63.7,BW SUVARNA,9305159,9V9562,Tanker,under way using engine,228,36,11.0,,A,false
372711000,2020-07-25T07:46:00,-20.366968,57.921262,11.7,245.8,246.8,MV WAKASHIO,9337119,3FYL2,Cargo,under way using engine,300,50,14.5,ballast,A,true
215768000,2020-07-25T07:46:00,-20.300000,57.654247,17.7,268.0,269.7,MSC IMOGEN,9367044,9HA2849,Cargo,under way using engine,294,32,13.0,,A,false
645112222,2020-07-25T07:46:00,-20.215930,57.693106,3.5,62.0,67.0,FV NARASIMHA,,3BFS1,Fishing,under way using engine,18,5,2.0,,A,false
645113333,2020-07-25T07:46:00,-20.202406,57.860916,2.2,51.9,61.9,FV SHENANDOAH,,3BFS2,Fishing,under way using engine,15,4,1.8,,A,false
645101010,2020-07-25T07:46:00,-20.146589,57.878828,12.0,8.8,10.8,MAURITIUS PRIDE,,3BCP1,Other,under way using engine,60,10,3.0,,A,false
372711000,2020-07-25T07:48:00,-20.369715,57.914978,11.7,246.5,247.4,MV WAKASHIO,9337119,3FYL2,Cargo,under way using engine,300,50,14.5,ballast,A,true
636015860,2020-07-25T07:48:00,-20.227160,57.804991,8.7,101.2,98.6,STANFORD HAWK,8814937,V7IM9,Tug,under way using engine,42,12,4.5,,A,false
538005998,2020-07-25T07:48:00,-20.448482,58.386414,12.4,219.5,221.3,BOKA EXPEDITION,9479094,V7GE8,Other,under way using engine,94,20,5.5,,A,false
215768000,2020-07-25T07:48:00,-20.300000,57.643763,17.7,268.0,269.2,MSC IMOGEN,9367044,9HA2849,Cargo,under way using engine,294,32,13.0,,A,false
477553400,2020-07-25T07:48:00,-20.205718,58.170428,14.2,219.4,221.6,NORD COURAGE,9384726,VRMT9,Cargo,under way using engine,180,30,11.5,,A,false
566878000,2020-07-25T07:48:00,-20.281549,58.846450,14.9,67.0,64.1,BW SUVARNA,9305159,9V9562,Tanker,under way using engine,228,36,11.0,,A,false
645112222,2020-07-25T07:48:00,-20.215386,57.695390,3.4,66.0,71.0,FV NARASIMHA,,3BFS1,Fishing,under way using engine,18,5,2.0,,A,false
645113333,2020-07-25T07:48:00,-20.201916,57.862271,2.3,54.6,64.6,FV SHENANDOAH,,3BFS2,Fishing,under way using engine,15,4,1.8,,A,false
645101010,2020-07-25T07:48:00,-20.140023,57.880061,12.0,9.2,11.3,MAURITIUS PRIDE,,3BCP1,Other,under way using engine,60,10,3.0,,A,false
372711000,2020-07-25T07:50:00,-20.372462,57.908694,11.8,247.1,247.8,MV WAKASHIO,9337119,3FYL2,Cargo,under way using engine,300,50,14.5,ballast,A,true
215768000,2020-07-25T07:50:00,-20.300000,57.633278,17.7,268.1,268.8,MSC IMOGEN,9367044,9HA2849,Cargo,under way using engine,294,32,13.0,,A,false
645112222,2020-07-25T07:50:00,-20.214974,57.697657,3.4,70.0,75.0,FV NARASIMHA,,3BFS1,Fishing,under way using engine,18,5,2.0,,A,false
645113333,2020-07-25T07:50:00,-20.201487,57.863622,2.4,57.3,67.3,FV SHENANDOAH,,3BFS2,Fishing,under way using engine,15,4,1.8,,A,false
645101010,2020-07-25T07:50:00,-20.133458,57.881294,11.9,9.6,11.7,MAURITIUS PRIDE,,3BCP1,Other,under way using engine,60,10,3.0,,A,false
636015860,2020-07-25T07:51:00,-20.228419,57.812600,8.7,100.8,98.2,STANFORD HAWK,8814937,V7IM9,Tug,under way using engine,42,12,4.5,,A,false
477553400,2020-07-25T07:51:00,-20.214783,58.162323,14.2,219.9,221.3,NORD COURAGE,9384726,VRMT9,Cargo,under way using engine,180,30,11.5,,A,false
566878000,2020-07-25T07:51:00,-20.276301,58.858448,15.0,66.8,64.7,BW SUVARNA,9305159,9V9562,Tanker,under way using engine,228,36,11.0,,A,false
372711000,2020-07-25T07:52:00,-20.375232,57.902356,11.8,247.5,248.0,MV WAKASHIO,9337119,3FYL2,Cargo,under way using engine,300,50,14.5,ballast,A,true
538005998,2020-07-25T07:52:00,-20.459037,58.376962,12.4,219.0,221.7,BOKA EXPEDITION,9479094,V7GE8,Other,under way using engine,94,20,5.5,,A,false
215768000,2020-07-25T07:52:00,-20.300000,57.622794,17.7,268.3,268.4,MSC IMOGEN,9367044,9HA2849,Cargo,under way using engine,294,32,13.0,,A,false
645112222,2020-07-25T07:52:00,-20.214689,57.699905,3.3,74.0,79.0,FV NARASIMHA,,3BFS1,Fishing,under way using engine,18,5,2.0,,A,false
645113333,2020-07-25T07:52:00,-20.201117,57.864967,2.4,60.0,70.0,FV SHENANDOAH,,3BFS2,Fishing,under way using engine,15,4,1.8,,A,false
645101010,2020-07-25T07:52:00,-20.126947,57.882517,11.9,10.1,11.9,MAURITIUS PRIDE,,3BCP1,Other,under way using engine,60,10,3.0,,A,false
372711000,2020-07-25T07:54:00,-20.378003,57.896018,11.8,247.9,248.0,MV WAKASHIO,9337119,3FYL2,Cargo,under way using engine,300,50,14.5,ballast,A,true
636015860,2020-07-25T07:54:00,-20.229678,57.820210,8.7,100.3,98.1,STANFORD HAWK,8814937,V7IM9,Tug,under way using engine,42,12,4.5,,A,false
215768000,2020-07-25T07:54:00,-20.300000,57.612309,17.8,268.5,268.1,MSC IMOGEN,9367044,9HA2849,Cargo,under way using engine,294,32,13.0,,A,false
477553400,2020-07-25T07:54:00,-20.223848,58.154217,14.2,220.3,220.8,NORD COURAGE,9384726,VRMT9,Cargo,under way using engine,180,30,11.5,,A,false
566878000,2020-07-25T07:54:00,-20.271019,58.870525,15.0,66.6,65.2,BW SUVARNA,9305159,9V9562,Tanker,under way using engine,228,36,11.0,,A,false
645112222,2020-07-25T07:54:00,-20.214523,57.702129,3.2,78.0,83.0,FV NARASIMHA,,3BFS1,Fishing,under way using engine,18,5,2.0,,A,false
645113333,2020-07-25T07:54:00,-20.200802,57.866302,2.5,62.7,72.7,FV SHENANDOAH,,3BFS2,Fishing,under way using engine,15,4,1.8,,A,false
645101010,2020-07-25T07:54:00,-20.120437,57.883740,11.8,10.6,12.0,MAURITIUS PRIDE,,3BCP1,Other,under way using engine,60,10,3.0,,A,false
372711000,2020-07-25T07:56:00,-20.380773,57.889680,11.9,248.0,247.7,MV WAKASHIO,9337119,3FYL2,Cargo,under way using engine,300,50,14.5,ballast,A,true
538005998,2020-07-25T07:56:00,-20.469591,58.367510,12.3,218.6,221.9,BOKA EXPEDITION,9479094,V7GE8,Other,under way using engine,94,20,5.5,,A,false
215768000,2020-07-25T07:56:00,-20.300000,57.601765,17.8,268.9,268.0,MSC IMOGEN,9367044,9HA2849,Cargo,under way using engine,294,32,13.0,,A,false
645112222,2020-07-25T07:56:00,-20.214472,57.704326,3.1,82.0,87.0,FV NARASIMHA,,3BFS1,Fishing,under way using engine,18,5,2.0,,A,false
645113333,2020-07-25T07:56:00,-20.200540,57.867628,2.6,65.4,75.4,FV SHENANDOAH,,3BFS2,Fishing,under way using engine,15,4,1.8,,A,false
645101010,2020-07-25T07:56:00,-20.113981,57.884952,11.8,11.0,12.0,MAURITIUS PRIDE,,3BCP1,Other,under way using engine,60,10,3.0,,A,false
636015860,2020-07-25T07:57:00,-20.230937,57.827819,8.8,99.8,98.0,STANFORD HAWK,8814937,V7IM9,Tug,under way using engine,42,12,4.5,,A,false
477553400,2020-07-25T07:57:00,-20.232913,58.146111,14.2,220.8,220.3,NORD COURAGE,9384726,VRMT9,Cargo,under way using engine,180,30,11.5,,A,false
566878000,2020-07-25T07:57:00,-20.265736,58.882602,15.1,66.2,65.7,BW SUVARNA,9305159,9V9562,Tanker,under way using engine,228,36,11.0,,A,false
372711000,2020-07-25T07:58:00,-20.383567,57.883289,11.9,248.0,247.3,MV WAKASHIO,9337119,3FYL2,Cargo,under way using engine,300,50,14.5,ballast,A,true
215768000,2020-07-25T07:58:00,-20.300000,57.591222,17.8,269.4,268.0,MSC IMOGEN,9367044,9HA2849,Cargo,under way using engine,294,32,13.0,,A,false
645112222,2020-07-25T07:58:00,-20.214529,57.706496,3.0,86.0,91.0,FV NARASIMHA,,3BFS1,Fishing,under way using engine,18,5,2.0,,A,false
645113333,2020-07-25T07:58:00,-20.200329,57.868942,2.7,68.1,78.1,FV SHENANDOAH,,3BFS2,Fishing,under way using engine,15,4,1.8,,A,false
645101010,2020-07-25T07:58:00,-20.107525,57.886165,11.8,11.4,11.8,MAURITIUS PRIDE,,3BCP1,Other,under way using engine,60,10,3.0,,A,false
372711000,2020-07-25T08:00:00,-20.386361,57.876897,11.9,247.7,246.7,MV WAKASHIO,9337119,3FYL2,Cargo,under way using engine,300,50,14.5,ballast,A,true
636015860,2020-07-25T08:00:00,-20.232210,57.835516,8.8,99.3,98.1,STANFORD HAWK,8814937,V7IM9,Tug,under way using engine,42,12,4.5,,A,false
538005998,2020-07-25T08:00:00,-20.480060,58.358133,12.3,218.3,222.0,BOKA EXPEDITION,9479094,V7GE8,Other,under way using engine,94,20,5.5,,A,false
645136000,2020-07-25T08:00:00,-20.550000,57.680000,5.0,350.0,351.0,TRESTA STAR,8606572,3BRQ,Tanker,under way using engine,55,14,3.8,,A,false
215768000,2020-07-25T08:00:00,-20.300000,57.580678,17.9,269.8,268.2,MSC IMOGEN,9367044,9HA2849,Cargo,under way using engine,294,32,13.0,,A,false
477553400,2020-07-25T08:00:00,-20.241978,58.138004,14.2,221.2,219.7,NORD COURAGE,9384726,VRMT9,Cargo,under way using engine,180,30,11.5,,A,false
566878000,2020-07-25T08:00:00,-20.260418,58.894759,15.1,65.8,66.2,BW SUVARNA,9305159,9V9562,Tanker,under way using engine,228,36,11.0,,A,false
645112222,2020-07-25T08:00:00,-20.214689,57.708636,2.9,90.0,95.0,FV NARASIMHA,,3BFS1,Fishing,under way using engine,18,5,2.0,,A,false
645113333,2020-07-25T08:00:00,-20.200166,57.870244,2.7,70.8,80.8,FV SHENANDOAH,,3BFS2,Fishing,under way using engine,15,4,1.8,,A,false
645101010,2020-07-25T08:00:00,-20.101069,57.887377,11.8,11.7,11.5,MAURITIUS PRIDE,,3BCP1,Other,under way using engine,60,10,3.0,,A,false
372711000,2020-07-25T08:02:00,-20.389155,57.870505,11.9,247.4,246.0,MV WAKASHIO,9337119,3FYL2,Cargo,under way using engine,300,50,14.5,ballast,A,true
215768000,2020-07-25T08:02:00,-20.300000,57.570075,17.9,270.3,268.5,MSC IMOGEN,9367044,9HA2849,Cargo,under way using engine,294,32,13.0,,A,false
645112222,2020-07-25T08:02:00,-20.214949,57.710747,2.8,94.0,99.0,FV NARASIMHA,,3BFS1,Fishing,under way using engine,18,5,2.0,,A,false
645113333,2020-07-25T08:02:00,-20.200049,57.871532,2.8,73.5,83.5,FV SHENANDOAH,,3BFS2,Fishing,under way using engine,15,4,1.8,,A,false
645101010,2020-07-25T08:02:00,-20.094613,57.888589,11.7,11.9,11.0,MAURITIUS PRIDE,,3BCP1,Other,under way using engine,60,10,3.0,,A,false
636015860,2020-07-25T08:03:00,-20.233484,57.843212,8.8,98.9,98.3,STANFORD HAWK,8814937,V7IM9,Tug,under way using engine,42,12,4.5,,A,false
477553400,2020-07-25T08:03:00,-20.251043,58.129897,14.2,221.6,219.2,NORD COURAGE,9384726,VRMT9,Cargo,under way using engine,180,30,11.5,,A,false
566878000,2020-07-25T08:03:00,-20.255100,58.906915,15.1,65.3,66.6,BW SUVARNA,9305159,9V9562,Tanker,under way using engine,228,36,11.0,,A,false
372711000,2020-07-25T08:04:00,-20.391949,57.864112,11.9,246.9,245.2,MV WAKASHIO,9337119,3FYL2,Cargo,under way using engine,300,50,14.5,ballast,A,true
538005998,2020-07-25T08:04:00,-20.490530,58.348756,12.3,218.1,222.0,BOKA EXPEDITION,9479094,V7GE8,Other,under way using engine,94,20,5.5,,A,false
215768000,2020-07-25T08:04:00,-20.300000,57.559472,17.9,270.8,268.9,MSC IMOGEN,9367044,9HA2849,Cargo,under way using engine,294,32,13.0,,A,false
645112222,2020-07-25T08:04:00,-20.215305,57.712829,2.7,98.0,103.0,FV NARASIMHA,,3BFS1,Fishing,under way using engine,18,5,2.0,,A,false
645113333,2020-07-25T08:04:00,-20.199975,57.872806,2.8,76.2,86.2,FV SHENANDOAH,,3BFS2,Fishing,under way using engine,15,4,1.8,,A,false
645101010,2020-07-25T08:04:00,-20.088212,57.889791,11.7,12.0,10.5,MAURITIUS PRIDE,,3BCP1,Other,under way using engine,60,10,3.0,,A,false
645136000,2020-07-25T08:05:00,-20.543161,57.678712,5.0,350.5,351.4,TRESTA STAR,8606572,3BRQ,Tanker,under way using engine,55,14,3.8,,A,false
372711000,2020-07-25T08:06:00,-20.394743,57.857720,11.9,246.2,244.4,MV WAKASHIO,9337119,3FYL2,Cargo,under way using engine,300,50,14.5,ballast,A,true
636015860,2020-07-25T08:06:00,-20.234757,57.850909,8.8,98.5,98.7,STANFORD HAWK,8814937,V7IM9,Tug,under way using engine,42,12,4.5,,A,false
215768000,2020-07-25T08:06:00,-20.300000,57.548869,18.0,271.2,269.4,MSC IMOGEN,9367044,9HA2849,Cargo,under way using engine,294,32,13.0,,A,false
477553400,2020-07-25T08:06:00,-20.260108,58.121790,14.2,221.8,218.8,NORD COURAGE,9384726,VRMT9,Cargo,under way using engine,180,30,11.5,,A,false
566878000,2020-07-25T08:06:00,-20.249782,58.919071,15.2,64.8,66.8,BW SUVARNA,9305159,9V9562,Tanker,under way using engine,228,36,11.0,,A,false
645112222,2020-07-25T08:06:00,-20.215756,57.714882,2.6,102.0,107.0,FV NARASIMHA,,3BFS1,Fishing,under way using engine,18,5,2.0,,A,false
645113333,2020-07-25T08:06:00,-20.199943,57.874066,2.9,78.9,88.9,FV SHENANDOAH,,3BFS2,Fishing,under way using engine,15,4,1.8,,A,false
645101010,2020-07-25T08:06:00,-20.081810,57.890993,11.7,12.0,10.0,MAURITIUS PRIDE,,3BCP1,Other,under way using engine,60,10,3.0,,A,false
372711000,2020-07-25T08:08:00,-20.397537,57.851328,11.9,245.5,243.6,MV WAKASHIO,9337119,3FYL2,Cargo,under way using engine,300,50,14.5,ballast,A,true
538005998,2020-07-25T08:08:00,-20.500999,58.339377,12.2,218.0,221.8,BOKA EXPEDITION,9479094,V7GE8,Other,under way using engine,94,20,5.5,,A,false
215768000,2020-07-25T08:08:00,-20.300000,57.538206,18.0,271.6,269.9,MSC IMOGEN,9367044,9HA2849,Cargo,under way using engine,294,32,13.0,,A,false
645112222,2020-07-25T08:08:00,-20.216299,57.716906,2.5,106.0,111.0,FV NARASIMHA,,3BFS1,Fishing,under way using engine,18,5,2.0,,A,false
645113333,2020-07-25T08:08:00,-20.199950,57.875312,2.9,81.6,91.6,FV SHENANDOAH,,3BFS2,Fishing,under way using engine,15,4,1.8,,A,false
645101010,2020-07-25T08:08:00,-20.075409,57.892194,11.7,11.8,9.5,MAURITIUS PRIDE,,3BCP1,Other,under way using engine,60,10,3.0,,A,false
636015860,2020-07-25T08:09:00,-20.236030,57.858606,8.9,98.3,99.1,STANFORD HAWK,8814937,V7IM9,Tug,under way using engine,42,12,4.5,,A,false
477553400,2020-07-25T08:09:00,-20.269172,58.113682,14.2,222.0,218.4,NORD COURAGE,9384726,VRMT9,Cargo,under way using engine,180,30,11.5,,A,false
566878000,2020-07-25T08:09:00,-20.244429,58.931307,15.2,64.4,67.0,BW SUVARNA,9305159,9V9562,Tanker,under way using engine,228,36,11.0,,A,false
372711000,2020-07-25T08:10:00,-20.400331,57.844935,11.8,244.8,243.0,MV WAKASHIO,9337119,3FYL2,Cargo,under way using engine,300,50,14.5,ballast,A,true
645136000,2020-07-25T08:10:00,-20.536322,57.677424,5.1,350.9,351.7,TRESTA STAR,8606572,3BRQ,Tanker,under way using engine,55,14,3.8,,A,false
215768000,2020-07-25T08:10:00,-20.300000,57.527544,18.1,271.8,270.5,MSC IMOGEN,9367044,9HA2849,Cargo,under way using engine,294,32,13.0,,A,false
645112222,2020-07-25T08:10:00,-20.216934,57.718902,2.6,110.0,115.0,FV NARASIMHA,,3BFS1,Fishing,under way using engine,18,5,2.0,,A,false
645113333,2020-07-25T08:10:00,-20.199995,57.876544,3.0,84.3,94.3,FV SHENANDOAH,,3BFS2,Fishing,under way using engine,15,4,1.8,,A,false
645101010,2020-07-25T08:10:00,-20.069008,57.893396,11.7,11.6,9.0,MAURITIUS PRIDE,,3BCP1,Other,under way using engine,60,10,3.0,,A,false
372711000,2020-07-25T08:12:00,-20.403102,57.838596,11.8,244.1,242.5,MV WAKASHIO,9337119,3FYL2,Cargo,under way using engine,300,50,14.5,ballast,A,true
636015860,2020-07-25T08:12:00,-20.237318,57.866391,8.9,98.1,99.7,STANFORD HAWK,8814937,V7IM9,Tug,under way using engine,42,12,4.5,,A,false
538005998,2020-07-25T08:12:00,-20.511383,58.330075,12.2,218.0,221.5,BOKA EXPEDITION,9479094,V7GE8,Other,under way using engine,94,20,5.5,,A,false
215768000,2020-07-25T08:12:00,-20.300000,57.516823,18.1,272.0,271.0,MSC IMOGEN,9367044,9HA2849,Cargo,under way using engine,294,32,13.0,,A,false
477553400,2020-07-25T08:12:00,-20.278237,58.105573,14.2,222.0,218.1,NORD COURAGE,9384726,VRMT9,Cargo,under way using engine,180,30,11.5,,A,false
566878000,2020-07-25T08:12:00,-20.239076,58.943543,15.2,63.9,67.0,BW SUVARNA,9305159,9V9562,Tanker,under way using engine,228,36,11.0,,A,false
645112222,2020-07-25T08:12:00,-20.217662,57.720870,2.7,114.0,119.0,FV NARASIMHA,,3BFS1,Fishing,under way using engine,18,5,2.0,,A,false
645113333,2020-07-25T08:12:00,-20.200076,57.877762,3.0,87.0,97.0,FV SHENANDOAH,,3BFS2,Fishing,under way using engine,15,4,1.8,,A,false
645101010,2020-07-25T08:12:00,-20.062607,57.894598,11.7,11.2,8.6,MAURITIUS PRIDE,,3BCP1,Other,under way using engine,60,10,3.0,,A,false
372711000,2020-07-25T08:14:00,-20.405872,57.832257,11.8,243.4,242.1,MV WAKASHIO,9337119,3FYL2,Cargo,under way using engine,300,50,14.5,ballast,A,true
215768000,2020-07-25T08:14:00,-20.300000,57.506101,18.1,272.0,271.4,MSC IMOGEN,9367044,9HA2849,Cargo,under way using engine,294,32,13.0,,A,false
645112222,2020-07-25T08:14:00,-20.218483,57.722809,2.8,118.0,123.0,FV NARASIMHA,,3BFS1,Fishing,under way using engine,18,5,2.0,,A,false
645113333,2020-07-25T08:14:00,-20.200191,57.878966,3.0,89.7,99.7,FV SHENANDOAH,,3BFS2,Fishing,under way using engine,15,4,1.8,,A,false
645101010,2020-07-25T08:14:00,-20.056205,57.895799,11.7,10.8,8.2,MAURITIUS PRIDE,,3BCP1,Other,under way using engine,60,10,3.0,,A,false
636015860,2020-07-25T08:15:00,-20.238606,57.874175,9.0,98.0,100.2,STANFORD HAWK,8814937,V7IM9,Tug,under way using engine,42,12,4.5,,A,false
645136000,2020-07-25T08:15:00,-20.529346,57.676111,5.1,351.3,351.9,TRESTA STAR,8606572,3BRQ,Tanker,under way using engine,55,14,3.8,,A,false
477553400,2020-07-25T08:15:00,-20.287302,58.097465,14.3,221.9,218.0,NORD COURAGE,9384726,VRMT9,Cargo,under way using engine,180,30,11.5,,A,false
566878000,2020-07-25T08:15:00,-20.233723,58.955778,15.3,63.6,66.8,BW SUVARNA,9305159,9V9562,Tanker,under way using engine,228,36,11.0,,A,false
372711000,2020-07-25T08:16:00,-20.408643,57.825918,11.7,242.9,242.0,MV WAKASHIO,9337119,3FYL2,Cargo,under way using engine,300,50,14.5,ballast,A,true
538005998,2020-07-25T08:16:00,-20.521767,58.320772,12.2,218.2,221.0,BOKA EXPEDITION,9479094,V7GE8,Other,under way using engine,94,20,5.5,,A,false
215768000,2020-07-25T08:16:00,-20.300000,57.495380,18.2,271.9,271.7,MSC IMOGEN,9367044,9HA2849,Cargo,under way using engine,294,32,13.0,,A,false
645112222,2020-07-25T08:16:00,-20.219399,57.724720,2.9,122.0,127.0,FV NARASIMHA,,3BFS1,Fishing,under way using engine,18,5,2.0,,A,false
645113333,2020-07-25T08:16:00,-20.200339,57.880157,3.0,92.4,102.4,FV SHENANDOAH,,3BFS2,Fishing,under way using engine,15,4,1.8,,A,false
645101010,2020-07-25T08:16:00,-20.049804,57.897001,11.7,10.3,8.1,MAURITIUS PRIDE,,3BCP1,Other,under way using engine,60,10,3.0,,A,false
372711000,2020-07-25T08:18:00,-20.411390,57.819632,11.7,242.4,242.1,MV WAKASHIO,9337119,3FYL2,Cargo,under way using engine,300,50,14.5,ballast,A,true
636015860,2020-07-25T08:18:00,-20.239909,57.882047,9.0,98.0,100.7,STANFORD HAWK,8814937,V7IM9,Tug,under way using engine,42,12,4.5,,A,false
215768000,2020-07-25T08:18:00,-20.300000,57.484599,18.2,271.7,271.9,MSC IMOGEN,9367044,9HA2849,Cargo,under way using engine,294,32,13.0,,A,false
477553400,2020-07-25T08:18:00,-20.296431,58.089298,14.3,221.7,218.0,NORD COURAGE,9384726,VRMT9,Cargo,under way using engine,180,30,11.5,,A,false
566878000,2020-07-25T08:18:00,-20.228334,58.968094,15.3,63.3,66.5,BW SUVARNA,9305159,9V9562,Tanker,under way using engine,228,36,11.0,,A,false
645112222,2020-07-25T08:18:00,-20.220413,57.726600,3.0,126.0,131.0,FV NARASIMHA,,3BFS1,Fishing,under way using engine,18,5,2.0,,A,false
645113333,2020-07-25T08:18:00,-20.200519,57.881337,3.0,95.1,105.1,FV SHENANDOAH,,3BFS2,Fishing,under way using engine,15,4,1.8,,A,false
645101010,2020-07-25T08:18:00,-20.043403,57.898203,11.8,9.8,8.0,MAURITIUS PRIDE,,3BCP1,Other,under way using engine,60,10,3.0,,A,false
372711000,2020-07-25T08:20:00,-20.414137,57.813347,11.6,242.1,242.4,MV WAKASHIO,9337119,3FYL2,Cargo,under way using engine,300,50,14.5,ballast,A,true
538005998,2020-07-25T08:20:00,-20.532151,58.311468,12.2,218.4,220.5,BOKA EXPEDITION,9479094,V7GE8,Other,under way using engine,94,20,5.5,,A,false
645136000,2020-07-25T08:20:00,-20.522371,57.674797,5.2,351.7,352.0,TRESTA STAR,8606572,3BRQ,Tanker,under way using engine,55,14,3.8,,A,false
215768000,2020-07-25T08:20:00,-20.300000,57.473818,18.2,271.4,272.0,MSC IMOGEN,9367044,9HA2849,Cargo,under way using engine,294,32,13.0,,A,false
645112222,2020-07-25T08:20:00,-20.221528,57.728448,3.1,130.0,135.0,FV NARASIMHA,,3BFS1,Fishing,under way using engine,18,5,2.0,,A,false
645113333,2020-07-25T08:20:00,-20.200731,57.882505,3.0,97.8,107.8,FV SHENANDOAH,,3BFS2,Fishing,under way using engine,15,4,1.8,,A,false
645101010,2020-07-25T08:20:00,-20.036947,57.899414,11.8,9.3,8.1,MAURITIUS PRIDE,,3BCP1,Other,under way using engine,60,10,3.0,,A,false
636015860,2020-07-25T08:21:00,-20.241211,57.889920,9.0,98.2,101.2,STANFORD HAWK,8814937,V7IM9,Tug,under way using engine,42,12,4.5,,A,false
477553400,2020-07-25T08:21:00,-20.305560,58.081131,14.3,221.4,218.2,NORD COURAGE,9384726,VRMT9,Cargo,under way using engine,180,30,11.5,,A,false
566878000,2020-07-25T08:21:00,-20.222946,58.980409,15.3,63.1,66.1,BW SUVARNA,9305159,9V9562,Tanker,under way using engine,228,36,11.0,,A,false
372711000,2020-07-25T08:22:00,-20.416860,57.807115,11.6,242.0,242.9,MV WAKASHIO,9337119,3FYL2,Cargo,under way using engine,300,50,14.5,ballast,A,true
215768000,2020-07-25T08:22:00,-20.300000,57.463038,18.3,271.0,271.9,MSC IMOGEN,9367044,9HA2849,Cargo,under way using engine,294,32,13.0,,A,false
645112222,2020-07-25T08:22:00,-20.222746,57.730260,3.2,134.0,139.0,FV NARASIMHA,,3BFS1,Fishing,under way using engine,18,5,2.0,,A,false
645113333,2020-07-25T08:22:00,-20.200973,57.883662,3.0,100.5,110.5,FV SHENANDOAH,,3BFS2,Fishing,under way using engine,15,4,1.8,,A,false
645101010,2020-07-25T08:22:00,-20.030491,57.900626,11.8,8.9,8.3,MAURITIUS PRIDE,,3BCP1,Other,under way using engine,60,10,3.0,,A,false
372711000,2020-07-25T08:24:00,-20.419584,57.800883,11.5,242.1,243.5,MV WAKASHIO,9337119,3FYL2,Cargo,under way using engine,300,50,14.5,ballast,A,true
636015860,2020-07-25T08:24:00,-20.242513,57.897792,9.1,98.5,101.6,STANFORD HAWK,8814937,V7IM9,Tug,under way using engine,42,12,4.5,,A,false
538005998,2020-07-25T08:24:00,-20.542535,58.302164,12.2,218.7,220.0,BOKA EXPEDITION,9479094,V7GE8,Other,under way using engine,94,20,5.5,,A,false
215768000,2020-07-25T08:24:00,-20.300000,57.452198,18.3,270.6,271.7,MSC IMOGEN,9367044,9HA2849,Cargo,under way using engine,294,32,13.0,,A,false
477553400,2020-07-25T08:24:00,-20.314688,58.072964,14.4,221.0,218.5,NORD COURAGE,9384726,VRMT9,Cargo,under way using engine,180,30,11.5,,A,false
566878000,2020-07-25T08:24:00,-20.217558,58.992723,15.3,63.0,65.7,BW SUVARNA,9305159,9V9562,Tanker,under way using engine,228,36,11.0,,A,false
645112222,2020-07-25T08:24:00,-20.224072,57.732033,3.2,138.0,143.0,FV NARASIMHA,,3BFS1,Fishing,under way using engine,18,5,2.0,,A,false
645113333,2020-07-25T08:24:00,-20.201246,57.884810,2.9,103.2,113.2,FV SHENANDOAH,,3BFS2,Fishing,under way using engine,15,4,1.8,,A,false
645101010,2020-07-25T08:24:00,-20.024035,57.901838,11.8,8.5,8.7,MAURITIUS PRIDE,,3BCP1,Other,under way using engine,60,10,3.0,,A,false
645136000,2020-07-25T08:25:00,-20.515258,57.673458,5.2,351.9,351.9,TRESTA STAR,8606572,3BRQ,Tanker,under way using engine,55,14,3.8,,A,false
372711000,2020-07-25T08:26:00,-20.422284,57.794704,11.5,242.3,244.3,MV WAKASHIO,9337119,3FYL2,Cargo,under way using engine,300,50,14.5,ballast,A,true
215768000,2020-07-25T08:26:00,-20.300000,57.441358,18.3,270.1,271.4,MSC IMOGEN,9367044,9HA2849,Cargo,under way using engine,294,32,13.0,,A,false
645112222,2020-07-25T08:26:00,-20.225508,57.733762,3.3,142.0,147.0,FV NARASIMHA,,3BFS1,Fishing,under way using engine,18,5,2.0,,A,false
645113333,2020-07-25T08:26:00,-20.201549,57.885948,2.9,105.9,115.9,FV SHENANDOAH,,3BFS2,Fishing,under way using engine,15,4,1.8,,A,false
645101010,2020-07-25T08:26:00,-20.017579,57.903049,11.9,8.3,9.1,MAURITIUS PRIDE,,3BCP1,Other,under way using engine,60,10,3.0,,A,false
636015860,2020-07-25T08:27:00,-20.243830,57.905752,9.1,98.8,101.8,STANFORD HAWK,8814937,V7IM9,Tug,under way using engine,42,12,4.5,,A,false
477553400,2020-07-25T08:27:00,-20.323881,58.064739,14.4,220.6,218.9,NORD COURAGE,9384726,VRMT9,Cargo,under way using engine,180,30,11.5,,A,false
566878000,2020-07-25T08:27:00,-20.212169,59.005038,15.3,63.0,65.1,BW SUVARNA,9305159,9V9562,Tanker,under way using engine,228,36,11.0,,A,false
372711000,2020-07-25T08:28:00,-20.424984,57.788525,11.4,242.7,245.1,MV WAKASHIO,9337119,3FYL2,Cargo,under way using engine,300,50,14.5,ballast,A,true
538005998,2020-07-25T08:28:00,-20.552920,58.292859,12.2,219.1,219.5,BOKA EXPEDITION,9479094,V7GE8,Other,under way using engine,94,20,5.5,,A,false
215768000,2020-07-25T08:28:00,-20.300000,57.430518,18.3,269.6,270.9,MSC IMOGEN,9367044,9HA2849,Cargo,under way using engine,294,32,13.0,,A,false
645112222,2020-07-25T08:28:00,-20.227059,57.735440,3.4,146.0,151.0,FV NARASIMHA,,3BFS1,Fishing,under way using engine,18,5,2.0,,A,false
645113333,2020-07-25T08:28:00,-20.201883,57.887078,2.9,108.6,118.6,FV SHENANDOAH,,3BFS2,Fishing,under way using engine,15,4,1.8,,A,false
645101010,2020-07-25T08:28:00,-20.011068,57.904271,11.9,8.1,9.7,MAURITIUS PRIDE,,3BCP1,Other,under way using engine,60,10,3.0,,A,false
372711000,2020-07-25T08:30:00,-20.427661,57.782400,11.4,243.2,245.9,MV WAKASHIO,9337119,3FYL2,Cargo,under way using engine,300,50,14.5,ballast,A,true
636015860,2020-07-25T08:30:00,-20.245147,57.913711,9.2,99.3,102.0,STANFORD HAWK,8814937,V7IM9,Tug,under way using engine,42,12,4.5,,A,false
645136000,2020-07-25T08:30:00,-20.508146,57.672119,5.2,352.0,351.7,TRESTA STAR,8606572,3BRQ,Tanker,under way using engine,55,14,3.8,,A,false
215768000,2020-07-25T08:30:00,-20.300000,57.419678,18.3,269.2,270.4,MSC IMOGEN,9367044,9HA2849,Cargo,under way using engine,294,32,13.0,,A,false
477553400,2020-07-25T08:30:00,-20.333073,58.056513,14.4,220.1,219.4,NORD COURAGE,9384726,VRMT9,Cargo,under way using engine,180,30,11.5,,A,false
566878000,2020-07-25T08:30:00,-20.206781,59.017351,15.3,63.2,64.6,BW SUVARNA,9305159,9V9562,Tanker,under way using engine,228,36,11.0,,A,false
645112222,2020-07-25T08:30:00,-20.228728,57.737060,3.5,150.0,155.0,FV NARASIMHA,,3BFS1,Fishing,under way using engine,18,5,2.0,,A,false
645113333,2020-07-25T08:30:00,-20.202247,57.888201,2.8,111.3,121.3,FV SHENANDOAH,,3BFS2,Fishing,under way using engine,15,4,1.8,,A,false
645101010,2020-07-25T08:30:00,-20.004558,57.905493,12.0,8.0,10.2,MAURITIUS PRIDE,,3BCP1,Other,under way using engine,60,10,3.0,,A,false
372711000,2020-07-25T08:32:00,-20.430337,57.776275,11.3,243.9,246.6,MV WAKASHIO,9337119,3FYL2,Cargo,under way using engine,300,50,14.5,ballast,A,true
538005998,2020-07-25T08:32:00,-20.563304,58.283553,12.2,219.6,219.0,BOKA EXPEDITION,9479094,V7GE8,Other,under way using engine,94,20,5.5,,A,false
215768000,2020-07-25T08:32:00,-20.300000,57.408838,18.3,268.7,269.9,MSC IMOGEN,9367044,9HA2849,Cargo,under way using engine,294,32,13.0,,A,false
645112222,2020-07-25T08:32:00,-20.230517,57.738615,3.6,154.0,159.0,FV NARASIMHA,,3BFS1,Fishing,under way using engine,18,5,2.0,,A,false
645113333,2020-07-25T08:32:00,-20.202643,57.889317,2.7,114.0,124.0,FV SHENANDOAH,,3BFS2,Fishing,under way using engine,15,4,1.8,,A,false
645101010,2020-07-25T08:32:00,-19.997992,57.906725,12.0,8.0,10.7,MAURITIUS PRIDE,,3BCP1,Other,under way using engine,60,10,3.0,,A,false
636015860,2020-07-25T08:33:00,-20.246478,57.921759,9.2,99.7,102.0,STANFORD HAWK,8814937,V7IM9,Tug,under way using engine,42,12,4.5,,A,false
477553400,2020-07-25T08:33:00,-20.342266,58.048287,14.5,219.6,219.9,NORD COURAGE,9384726,VRMT9,Cargo,under way using engine,180,30,11.5,,A,false
566878000,2020-07-25T08:33:00,-20.201392,59.029665,15.3,63.5,64.1,BW SUVARNA,9305159,9V9562,Tanker,under way using engine,228,36,11.0,,A,false
372711000,2020-07-25T08:34:00,-20.432990,57.770204,11.3,244.6,247.2,MV WAKASHIO,9337119,3FYL2,Cargo,under way using engine,300,50,14.5,ballast,A,true
215768000,2020-07-25T08:34:00,-20.300000,57.397998,18.3,268.4,269.3,MSC IMOGEN,9367044,9HA2849,Cargo,under way using engine,294,32,13.0,,A,false
645112222,2020-07-25T08:34:00,-20.232428,57.740095,3.6,158.0,163.0,FV NARASIMHA,,3BFS1,Fishing,under way using engine,18,5,2.0,,A,false
645113333,2020-07-25T08:34:00,-20.203071,57.890427,2.7,116.7,126.7,FV SHENANDOAH,,3BFS2,Fishing,under way using engine,15,4,1.8,,A,false
645101010,2020-07-25T08:34:00,-19.991427,57.907957,12.0,8.2,11.2,MAURITIUS PRIDE,,3BCP1,Other,under way using engine,60,10,3.0,,A,false
645136000,2020-07-25T08:35:00,-20.501033,57.670780,5.2,352.0,351.4,TRESTA STAR,8606572,3BRQ,Tanker,under way using engine,55,14,3.8,,A,false
372711000,2020-07-25T08:36:00,-20.435643,57.764132,11.2,245.3,247.7,MV WAKASHIO,9337119,3FYL2,Cargo,under way using engine,300,50,14.5,ballast,A,true
636015860,2020-07-25T08:36:00,-20.247810,57.929806,9.2,100.2,101.8,STANFORD HAWK,8814937,V7IM9,Tug,under way using engine,42,12,4.5,,A,false
538005998,2020-07-25T08:36:00,-20.573688,58.274247,12.2,220.1,218.6,BOKA EXPEDITION,9479094,V7GE8,Other,under way using engine,94,20,5.5,,A,false
215768000,2020-07-25T08:36:00,-20.300000,57.387158,18.3,268.2,268.9,MSC IMOGEN,9367044,9HA2849,Cargo,under way using engine,294,32,13.0,,A,false
477553400,2020-07-25T08:36:00,-20.351522,58.040003,14.5,219.1,220.5,NORD COURAGE,9384726,VRMT9,Cargo,under way using engine,180,30,11.5,,A,false
566878000,2020-07-25T08:36:00,-20.196004,59.041977,15.3,63.8,63.7,BW SUVARNA,9305159,9V9562,Tanker,under way using engine,228,36,11.0,,A,false
645112222,2020-07-25T08:36:00,-20.234464,57.741490,3.7,162.0,167.0,FV NARASIMHA,,3BFS1,Fishing,under way using engine,18,5,2.0,,A,false
645113333,2020-07-25T08:36:00,-20.203532,57.891530,2.6,119.4,129.4,FV SHENANDOAH,,3BFS2,Fishing,under way using engine,15,4,1.8,,A,false
645101010,2020-07-25T08:36:00,-19.984862,57.909189,12.1,8.5,11.6,MAURITIUS PRIDE,,3BCP1,Other,under way using engine,60,10,3.0,,A,false
372711000,2020-07-25T08:38:00,-20.438273,57.758114,11.2,246.0,247.9,MV WAKASHIO,9337119,3FYL2,Cargo,under way using engine,300,50,14.5,ballast,A,true
215768000,2020-07-25T08:38:00,-20.300000,57.376318,18.3,268.0,268.5,MSC IMOGEN,9367044,9HA2849,Cargo,under way using engine,294,32,13.0,,A,false
645112222,2020-07-25T08:38:00,-20.236623,57.742789,3.7,166.0,171.0,FV NARASIMHA,,3BFS1,Fishing,under way using engine,18,5,2.0,,A,false
645113333,2020-07-25T08:38:00,-20.204027,57.892627,2.5,122.1,132.1,FV SHENANDOAH,,3BFS2,Fishing,under way using engine,15,4,1.8,,A,false
645101010,2020-07-25T08:38:00,-19.978241,57.910431,12.1,8.8,11.8,MAURITIUS PRIDE,,3BCP1,Other,under way using engine,60,10,3.0,,A,false
636015860,2020-07-25T08:39:00,-20.249141,57.937854,9.2,100.7,101.5,STANFORD HAWK,8814937,V7IM9,Tug,under way using engine,42,12,4.5,,A,false
477553400,2020-07-25T08:39:00,-20.360779,58.031719,14.6,218.7,221.0,NORD COURAGE,9384726,VRMT9,Cargo,under way using engine,180,30,11.5,,A,false
566878000,2020-07-25T08:39:00,-20.190616,59.054290,15.3,64.3,63.3,BW SUVARNA,9305159,9V9562,Tanker,under way using engine,228,36,11.0,,A,false
372711000,2020-07-25T08:40:00,-20.440903,57.752096,11.2,246.7,248.0,MV WAKASHIO,9337119,3FYL2,Cargo,under way using engine,300,50,14.5,ballast,A,true
538005998,2020-07-25T08:40:00,-20.584072,58.264940,12.2,220.6,218.2,BOKA EXPEDITION,9479094,V7GE8,Other,under way using engine,94,20,5.5,,A,false
645136000,2020-07-25T08:40:00,-20.493921,57.669441,5.3,351.9,350.9,TRESTA STAR,8606572,3BRQ,Tanker,under way using engine,55,14,3.8,,A,false
215768000,2020-07-25T08:40:00,-20.300000,57.365478,18.2,268.0,268.2,MSC IMOGEN,9367044,9HA2849,Cargo,under way using engine,294,32,13.0,,A,false
645112222,2020-07-25T08:40:00,-20.238906,57.743980,3.8,170.0,175.0,FV NARASIMHA,,3BFS1,Fishing,under way using engine,18,5,2.0,,A,false
645113333,2020-07-25T08:40:00,-20.204558,57.893719,2.5,124.8,134.8,FV SHENANDOAH,,3BFS2,Fishing,under way using engine,15,4,1.8,,A,false
645101010,2020-07-25T08:40:00,-19.971621,57.911673,12.2,9.3,12.0,MAURITIUS PRIDE,,3BCP1,Other,under way using engine,60,10,3.0,,A,false
372711000,2020-07-25T08:42:00,-20.443532,57.746078,11.1,247.2,247.8,MV WAKASHIO,9337119,3FYL2,Cargo,under way using engine,300,50,14.5,ballast,A,true
636015860,2020-07-25T08:42:00,-20.250472,57.945901,9.3,101.1,101.2,STANFORD HAWK,8814937,V7IM9,Tug,under way using engine,42,12,4.5,,A,false
215768000,2020-07-25T08:42:00,-20.300000,57.354697,18.2,268.1,268.0,MSC IMOGEN,9367044,9HA2849,Cargo,under way using engine,294,32,13.0,,A,false
477553400,2020-07-25T08:42:00,-20.370099,58.023378,14.6,218.4,221.4,NORD COURAGE,9384726,VRMT9,Cargo,under way using engine,180,30,11.5,,A,false
566878000,2020-07-25T08:42:00,-20.185227,59.066602,15.2,64.7,63.1,BW SUVARNA,9305159,9V9562,Tanker,under way using engine,228,36,11.0,,A,false
645112222,2020-07-25T08:42:00,-20.241311,57.745051,3.8,174.0,179.0,FV NARASIMHA,,3BFS1,Fishing,under way using engine,18,5,2.0,,A,false
645113333,2020-07-25T08:42:00,-20.205126,57.894804,2.4,127.5,137.5,FV SHENANDOAH,,3BFS2,Fishing,under way using engine,15,4,1.8,,A,false
645101010,2020-07-25T08:42:00,-19.964947,57.912925,12.2,9.7,12.0,MAURITIUS PRIDE,,3BCP1,Other,under way using engine,60,10,3.0,,A,false
372711000,2020-07-25T08:44:00,-20.446138,57.740113,11.1,247.6,247.4,MV WAKASHIO,9337119,3FYL2,Cargo,under way using engine,300,50,14.5,ballast,A,true
538005998,2020-07-25T08:44:00,-20.594456,58.255632,12.3,221.0,218.0,BOKA EXPEDITION,9479094,V7GE8,Other,under way using engine,94,20,5.5,,A,false
215768000,2020-07-25T08:44:00,-20.300000,57.343917,18.2,268.3,268.0,MSC IMOGEN,9367044,9HA2849,Cargo,under way using engine,294,32,13.0,,A,false
645112222,2020-07-25T08:44:00,-20.243834,57.745988,3.9,178.0,183.0,FV NARASIMHA,,3BFS1,Fishing,under way using engine,18,5,2.0,,A,false
645113333,2020-07-25T08:44:00,-20.205732,57.895883,2.3,130.2,140.2,FV SHENANDOAH,,3BFS2,Fishing,under way using engine,15,4,1.8,,A,false
645101010,2020-07-25T08:44:00,-19.958272,57.914177,12.2,10.2,11.8,MAURITIUS PRIDE,,3BCP1,Other,under way using engine,60,10,3.0,,A,false
636015860,2020-07-25T08:45:00,-20.251818,57.954036,9.3,101.5,100.7,STANFORD HAWK,8814937,V7IM9,Tug,under way using engine,42,12,4.5,,A,false
645136000,2020-07-25T08:45:00,-20.486671,57.668077,5.3,351.6,350.4,TRESTA STAR,8606572,3BRQ,Tanker,under way using engine,55,14,3.8,,A,false
477553400,2020-07-25T08:45:00,-20.379419,58.015035,14.6,218.2,221.7,NORD COURAGE,9384726,VRMT9,Cargo,under way using engine,180,30,11.5,,A,false
566878000,2020-07-25T08:45:00,-20.179874,59.078833,15.2,65.2,63.0,BW SUVARNA,9305159,9V9562,Tanker,under way using engine,228,36,11.0,,A,false
372711000,2020-07-25T08:46:00,-20.448744,57.734149,11.1,247.9,246.9,MV WAKASHIO,9337119,3FYL2,Cargo,under way using engine,300,50,14.5,ballast,A,true
215768000,2020-07-25T08:46:00,-20.300000,57.333136,18.1,268.6,268.1,MSC IMOGEN,9367044,9HA2849,Cargo,under way using engine,294,32,13.0,,A,false
645112222,2020-07-25T08:46:00,-20.246470,57.746779,3.9,182.0,187.0,FV NARASIMHA,,3BFS1,Fishing,under way using engine,18,5,2.0,,A,false
645113333,2020-07-25T08:46:00,-20.206379,57.896954,2.2,132.9,142.9,FV SHENANDOAH,,3BFS2,Fishing,under way using engine,15,4,1.8,,A,false
645101010,2020-07-25T08:46:00,-19.951597,57.915429,12.2,10.7,11.5,MAURITIUS PRIDE,,3BCP1,Other,under way using engine,60,10,3.0,,A,false
372711000,2020-07-25T08:48:00,-20.451351,57.728184,11.1,248.0,246.2,MV WAKASHIO,9337119,3FYL2,Cargo,under way using engine,300,50,14.5,ballast,A,true
636015860,2020-07-25T08:48:00,-20.253164,57.962171,9.3,101.8,100.1,STANFORD HAWK,8814937,V7IM9,Tug,under way using engine,42,12,4.5,,A,false
538005998,2020-07-25T08:48:00,-20.604926,58.246248,12.3,221.4,218.0,BOKA EXPEDITION,9479094,V7GE8,Other,under way using engine,94,20,5.5,,A,false
215768000,2020-07-25T08:48:00,-20.300000,57.322415,18.1,269.0,268.4,MSC IMOGEN,9367044,9HA2849,Cargo,under way using engine,294,32,13.0,,A,false
477553400,2020-07-25T08:48:00,-20.388739,58.006692,14.7,218.0,221.9,NORD COURAGE,9384726,VRMT9,Cargo,under way using engine,180,30,11.5,,A,false
566878000,2020-07-25T08:48:00,-20.174521,59.091064,15.2,65.7,63.1,BW SUVARNA,9305159,9V9562,Tanker,under way using engine,228,36,11.0,,A,false
645112222,2020-07-25T08:48:00,-20.249214,57.747409,4.0,186.0,191.0,FV NARASIMHA,,3BFS1,Fishing,under way using engine,18,5,2.0,,A,false
645113333,2020-07-25T08:48:00,-20.207067,57.898017,2.1,135.6,145.6,FV SHENANDOAH,,3BFS2,Fishing,under way using engine,15,4,1.8,,A,false
645101010,2020-07-25T08:48:00,-19.944922,57.916682,12.3,11.1,11.2,MAURITIUS PRIDE,,3BCP1,Other,under way using engine,60,10,3.0,,A,false
372711000,2020-07-25T08:50:00,-20.453957,57.722219,11.1,247.9,245.4,MV WAKASHIO,9337119,3FYL2,Cargo,under way using engine,300,50,14.5,ballast,A,true
645136000,2020-07-25T08:50:00,-20.479422,57.666712,5.3,351.3,349.9,TRESTA STAR,8606572,3BRQ,Tanker,under way using engine,55,14,3.8,,A,false
215768000,2020-07-25T08:50:00,-20.300000,57.311693,18.1,269.5,268.8,MSC IMOGEN,9367044,9HA2849,Cargo,under way using engine,294,32,13.0,,A,false
645112222,2020-07-25T08:50:00,-20.252056,57.747866,4.0,190.0,195.0,FV NARASIMHA,,3BFS1,Fishing,under way using engine,18,5,2.0,,A,false
645113333,2020-07-25T08:50:00,-20.207798,57.899071,2.0,138.3,148.3,FV SHENANDOAH,,3BFS2,Fishing,under way using engine,15,4,1.8,,A,false
645101010,2020-07-25T08:50:00,-19.938193,57.917944,12.3,11.5,10.7,MAURITIUS PRIDE,,3BCP1,Other,under way using engine,60,10,3.0,,A,false
636015860,2020-07-25T08:51:00,-20.254510,57.970307,9.3,101.9,99.6,STANFORD HAWK,8814937,V7IM9,Tug,under way using engine,42,12,4.5,,A,false
477553400,2020-07-25T08:51:00,-20.398123,57.998292,14.7,218.0,222.0,NORD COURAGE,9384726,VRMT9,Cargo,under way using engine,180,30,11.5,,A,false
566878000,2020-07-25T08:51:00,-20.169168,59.103294,15.1,66.1,63.3,BW SUVARNA,9305159,9V9562,Tanker,under way using engine,228,36,11.0,,A,false
372711000,2020-07-25T08:52:00,-20.456563,57.716254,11.1,247.7,244.6,MV WAKASHIO,9337119,3FYL2,Cargo,under way using engine,300,50,14.5,ballast,A,true
538005998,2020-07-25T08:52:00,-20.615395,58.236863,12.3,221.7,218.1,BOKA EXPEDITION,9479094,V7GE8,Other,under way using engine,94,20,5.5,,A,false
215768000,2020-07-25T08:52:00,-20.300000,57.300972,18.0,270.0,269.3,MSC IMOGEN,9367044,9HA2849,Cargo,under way using engine,294,32,13.0,,A,false
645112222,2020-07-25T08:52:00,-20.254987,57.748135,4.0,194.0,199.0,FV NARASIMHA,,3BFS1,Fishing,under way using engine,18,5,2.0,,A,false
645113333,2020-07-25T08:52:00,-20.208575,57.900113,1.9,141.0,151.0,FV SHENANDOAH,,3BFS2,Fishing,under way using engine,15,4,1.8,,A,false
645101010,2020-07-25T08:52:00,-19.931463,57.919206,12.3,11.8,10.1,MAURITIUS PRIDE,,3BCP1,Other,under way using engine,60,10,3.0,,A,false
372711000,2020-07-25T08:54:00,-20.459169,57.710289,11.1,247.3,243.8,MV WAKASHIO,9337119,3FYL2,Cargo,under way using engine,300,50,14.5,ballast,A,true
636015860,2020-07-25T08:54:00,-20.255855,57.978442,9.3,102.0,99.1,STANFORD HAWK,8814937,V7IM9,Tug,under way using engine,42,12,4.5,,A,false
215768000,2020-07-25T08:54:00,-20.300000,57.290309,18.0,270.4,269.8,MSC IMOGEN,9367044,9HA2849,Cargo,under way using engine,294,32,13.0,,A,false
477553400,2020-07-25T08:54:00,-20.407507,57.989891,14.7,218.1,221.9,NORD COURAGE,9384726,VRMT9,Cargo,under way using engine,180,30,11.5,,A,false
566878000,2020-07-25T08:54:00,-20.163850,59.115443,15.1,66.5,63.6,BW SUVARNA,9305159,9V9562,Tanker,under way using engine,228,36,11.0,,A,false
645112222,2020-07-25T08:54:00,-20.257995,57.748205,4.0,198.0,203.0,FV NARASIMHA,,3BFS1,Fishing,under way using engine,18,5,2.0,,A,false
645113333,2020-07-25T08:54:00,-20.209399,57.901144,1.8,143.7,153.7,FV SHENANDOAH,,3BFS2,Fishing,under way using engine,15,4,1.8,,A,false
645101010,2020-07-25T08:54:00,-19.924734,57.920468,12.3,11.9,9.6,MAURITIUS PRIDE,,3BCP1,Other,under way using engine,60,10,3.0,,A,false
645136000,2020-07-25T08:55:00,-20.472173,57.665348,5.3,350.9,349.3,TRESTA STAR,8606572,3BRQ,Tanker,under way using engine,55,14,3.8,,A,false
372711000,2020-07-25T08:56:00,-20.461775,57.704324,11.2,246.7,243.1,MV WAKASHIO,9337119,3FYL2,Cargo,under way using engine,300,50,14.5,ballast,A,true
538005998,2020-07-25T08:56:00,-20.625864,58.227477,12.4,221.9,218.3,BOKA EXPEDITION,9479094,V7GE8,Other,under way using engine,94,20,5.5,,A,false
215768000,2020-07-25T08:56:00,-20.300000,57.279647,17.9,270.9,270.3,MSC IMOGEN,9367044,9HA2849,Cargo,under way using engine,294,32,13.0,,A,false
645112222,2020-07-25T08:56:00,-20.261068,57.748062,4.0,202.0,207.0,FV NARASIMHA,,3BFS1,Fishing,under way using engine,18,5,2.0,,A,false
645113333,2020-07-25T08:56:00,-20.210271,57.902159,1.9,146.4,156.4,FV SHENANDOAH,,3BFS2,Fishing,under way using engine,15,4,1.8,,A,false
645101010,2020-07-25T08:56:00,-19.918004,57.921730,12.3,12.0,9.1,MAURITIUS PRIDE,,3BCP1,Other,under way using engine,60,10,3.0,,A,false
636015860,2020-07-25T08:57:00,-20.257201,57.986577,9.3,101.9,98.7,STANFORD HAWK,8814937,V7IM9,Tug,under way using engine,42,12,4.5,,A,false
477553400,2020-07-25T08:57:00,-20.416891,57.981490,14.8,218.3,221.7,NORD COURAGE,9384726,VRMT9,Cargo,under way using engine,180,30,11.5,,A,false
566878000,2020-07-25T08:57:00,-20.158532,59.127592,15.1,66.8,64.0,BW SUVARNA,9305159,9V9562,Tanker,under way using engine,228,36,11.0,,A,false
372711000,2020-07-25T08:58:00,-20.464405,57.698305,11.2,246.1,242.6,MV WAKASHIO,9337119,3FYL2,Cargo,under way using engine,300,50,14.5,ballast,A,true
215768000,2020-07-25T08:58:00,-20.300000,57.269044,17.9,271.3,270.8,MSC IMOGEN,9367044,9HA2849,Cargo,under way using engine,294,32,13.0,,A,false
645112222,2020-07-25T08:58:00,-20.264190,57.747697,4.0,206.0,211.0,FV NARASIMHA,,3BFS1,Fishing,under way using engine,18,5,2.0,,A,false
645113333,2020-07-25T08:58:00,-20.211194,57.903157,2.0,149.1,159.1,FV SHENANDOAH,,3BFS2,Fishing,under way using engine,15,4,1.8,,A,false
645101010,2020-07-25T08:58:00,-19.911274,57.922993,12.3,11.9,8.7,MAURITIUS PRIDE,,3BCP1,Other,under way using engine,60,10,3.0,,A,false
372711000,2020-07-25T09:00:00,-20.467034,57.692286,11.2,245.4,242.2,MV WAKASHIO,9337119,3FYL2,Cargo,under way using engine,300,50,14.5,ballast,A,true
636015860,2020-07-25T09:00:00,-20.258547,57.994713,9.3,101.8,98.3,STANFORD HAWK,8814937,V7IM9,Tug,under way using engine,42,12,4.5,,A,false
538005998,2020-07-25T09:00:00,-20.636418,58.218014,12.4,222.0,218.7,BOKA EXPEDITION,9479094,V7GE8,Other,under way using engine,94,20,5.5,,A,false
645136000,2020-07-25T09:00:00,-20.464924,57.663983,5.3,350.4,348.9,TRESTA STAR,8606572,3BRQ,Tanker,under way using engine,55,14,3.8,,A,false
215768000,2020-07-25T09:00:00,-20.300000,57.258441,17.9,271.6,271.3,MSC IMOGEN,9367044,9HA2849,Cargo,under way using engine,294,32,13.0,,A,false
477553400,2020-07-25T09:00:00,-20.426339,57.973030,14.8,218.6,221.4,NORD COURAGE,9384726,VRMT9,Cargo,under way using engine,180,30,11.5,,A,false
566878000,2020-07-25T09:00:00,-20.153214,59.139741,15.0,66.9,64.5,BW SUVARNA,9305159,9V9562,Tanker,under way using engine,228,36,11.0,,A,false
645112222,2020-07-25T09:00:00,-20.267344,57.747098,4.0,210.0,215.0,FV NARASIMHA,,3BFS1,Fishing,under way using engine,18,5,2.0,,A,false
645113333,2020-07-25T09:00:00,-20.212167,57.904136,2.1,151.8,161.8,FV SHENANDOAH,,3BFS2,Fishing,under way using engine,15,4,1.8,,A,false
645101010,2020-07-25T09:00:00,-19.904545,57.924255,12.3,11.8,8.3,MAURITIUS PRIDE,,3BCP1,Other,under way using engine,60,10,3.0,,A,false
372711000,2020-07-25T09:02:00,-20.469664,57.686266,11.3,244.6,242.0,MV WAKASHIO,9337119,3FYL2,Cargo,under way using engine,300,50,14.5,ballast,A,true
215768000,2020-07-25T09:02:00,-20.300000,57.247838,17.8,271.9,271.7,MSC IMOGEN,9367044,9HA2849,Cargo,under way using engine,294,32,13.0,,A,false
645112222,2020-07-25T09:02:00,-20.270514,57.746257,4.0,214.0,219.0,FV NARASIMHA,,3BFS1,Fishing,under way using engine,18,5,2.0,,A,false
645113333,2020-07-25T09:02:00,-20.213194,57.905093,2.2,154.5,164.5,FV SHENANDOAH,,3BFS2,Fishing,under way using engine,15,4,1.8,,A,false
645101010,2020-07-25T09:02:00,-19.897815,57.925517,12.3,11.5,8.1,MAURITIUS PRIDE,,3BCP1,Other,under way using engine,60,10,3.0,,A,false
636015860,2020-07-25T09:03:00,-20.259893,58.002848,9.3,101.5,98.1,STANFORD HAWK,8814937,V7IM9,Tug,under way using engine,42,12,4.5,,A,false
477553400,2020-07-25T09:03:00,-20.435787,57.964571,14.8,219.0,220.9,NORD COURAGE,9384726,VRMT9,Cargo,under way using engine,180,30,11.5,,A,false
566878000,2020-07-25T09:03:00,-20.147931,59.151809,15.0,67.0,65.1,BW SUVARNA,9305159,9V9562,Tanker,under way using engine,228,36,11.0,,A,false
372711000,2020-07-25T09:04:00,-20.472317,57.680193,11.3,243.9,242.1,MV WAKASHIO,9337119,3FYL2,Cargo,under way using engine,300,50,14.5,ballast,A,true
538005998,2020-07-25T09:04:00,-20.646973,58.208551,12.4,222.0,219.1,BOKA EXPEDITION,9479094,V7GE8,Other,under way using engine,94,20,5.5,,A,false
215768000,2020-07-25T09:04:00,-20.300000,57.237294,17.8,272.0,271.9,MSC IMOGEN,9367044,9HA2849,Cargo,under way using engine,294,32,13.0,,A,false
645112222,2020-07-25T09:04:00,-20.273679,57.745166,3.9,218.0,223.0,FV NARASIMHA,,3BFS1,Fishing,under way using engine,18,5,2.0,,A,false
645113333,2020-07-25T09:04:00,-20.214274,57.906024,2.3,157.2,167.2,FV SHENANDOAH,,3BFS2,Fishing,under way using engine,15,4,1.8,,A,false
645101010,2020-07-25T09:04:00,-19.891086,57.926778,12.2,11.1,8.0,MAURITIUS PRIDE,,3BCP1,Other,under way using engine,60,10,3.0,,A,false
645136000,2020-07-25T09:05:00,-20.457674,57.662619,5.3,349.9,348.5,TRESTA STAR,8606572,3BRQ,Tanker,under way using engine,55,14,3.8,,A,false
372711000,2020-07-25T09:06:00,-20.474970,57.674120,11.4,243.3,242.3,MV WAKASHIO,9337119,3FYL2,Cargo,under way using engine,300,50,14.5,ballast,A,true
636015860,2020-07-25T09:06:00,-20.261238,58.010984,9.2,101.1,98.0,STANFORD HAWK,8814937,V7IM9,Tug,under way using engine,42,12,4.5,,A,false
215768000,2020-07-25T09:06:00,-20.300000,57.226750,17.8,272.0,272.0,MSC IMOGEN,9367044,9HA2849,Cargo,under way using engine,294,32,13.0,,A,false
477553400,2020-07-25T09:06:00,-20.445235,57.956111,14.8,219.5,220.4,NORD COURAGE,9384726,VRMT9,Cargo,under way using engine,180,30,11.5,,A,false
566878000,2020-07-25T09:06:00,-20.142648,59.163876,14.9,66.9,65.6,BW SUVARNA,9305159,9V9562,Tanker,under way using engine,228,36,11.0,,A,false
645112222,2020-07-25T09:06:00,-20.276818,57.743820,3.9,222.0,227.0,FV NARASIMHA,,3BFS1,Fishing,under way using engine,18,5,2.0,,A,false
645113333,2020-07-25T09:06:00,-20.215408,57.906927,2.4,159.9,169.9,FV SHENANDOAH,,3BFS2,Fishing,under way using engine,15,4,1.8,,A,false
645101010,2020-07-25T09:06:00,-19.884411,57.928030,12.2,10.7,8.1,MAURITIUS PRIDE,,3BCP1,Other,under way using engine,60,10,3.0,,A,false
372711000,2020-07-25T09:08:00,-20.477647,57.667993,11.4,242.7,242.8,MV WAKASHIO,9337119,3FYL2,Cargo,under way using engine,300,50,14.5,ballast,A,true
538005998,2020-07-25T09:08:00,-20.657527,58.199087,12.5,221.8,219.7,BOKA EXPEDITION,9479094,V7GE8,Other,under way using engine,94,20,5.5,,A,false
215768000,2020-07-25T09:08:00,-20.300000,57.216207,17.7,271.9,272.0,MSC IMOGEN,9367044,9HA2849,Cargo,under way using engine,294,32,13.0,,A,false
645112222,2020-07-25T09:08:00,-20.279910,57.742215,3.9,226.0,231.0,FV NARASIMHA,,3BFS1,Fishing,under way using engine,18,5,2.0,,A,false
645113333,2020-07-25T09:08:00,-20.216598,57.907797,2.5,162.6,172.6,FV SHENANDOAH,,3BFS2,Fishing,under way using engine,15,4,1.8,,A,false
645101010,2020-07-25T09:08:00,-19.877736,57.929282,12.2,10.2,8.3,MAURITIUS PRIDE,,3BCP1,Other,under way using engine,60,10,3.0,,A,false
636015860,2020-07-25T09:09:00,-20.262570,58.019032,9.2,100.7,98.1,STANFORD HAWK,8814937,V7IM9,Tug,under way using engine,42,12,4.5,,A,false
477553400,2020-07-25T09:09:00,-20.454683,57.947650,14.8,220.0,219.9,NORD COURAGE,9384726,VRMT9,Cargo,under way using engine,180,30,11.5,,A,false
566878000,2020-07-25T09:09:00,-20.137401,59.175862,14.9,66.8,66.1,BW SUVARNA,9305159,9V9562,Tanker,under way using engine,228,36,11.0,,A,false
372711000,2020-07-25T09:10:00,-20.480323,57.661866,11.5,242.3,243.4,MV WAKASHIO,9337119,3FYL2,Cargo,under way using engine,300,50,14.5,ballast,A,true
645136000,2020-07-25T09:10:00,-20.450425,57.661255,5.3,349.5,348.2,TRESTA STAR,8606572,3BRQ,Tanker,under way using engine,55,14,3.8,,A,false
215768000,2020-07-25T09:10:00,-20.300000,57.205722,17.7,271.6,271.8,MSC IMOGEN,9367044,9HA2849,Cargo,under way using engine,294,32,13.0,,A,false
645112222,2020-07-25T09:10:00,-20.282932,57.740349,3.8,230.0,235.0,FV NARASIMHA,,3BFS1,Fishing,under way using engine,18,5,2.0,,A,false
645113333,2020-07-25T09:10:00,-20.217844,57.908632,2.5,165.3,175.3,FV SHENANDOAH,,3BFS2,Fishing,under way using engine,15,4,1.8,,A,false
645101010,2020-07-25T09:10:00,-19.871062,57.930533,12.1,9.7,8.6,MAURITIUS PRIDE,,3BCP1,Other,under way using engine,60,10,3.0,,A,false
372711000,2020-07-25T09:12:00,-20.483024,57.655685,11.5,242.1,244.1,MV WAKASHIO,9337119,3FYL2,Cargo,under way using engine,300,50,14.5,ballast,A,true
636015860,2020-07-25T09:12:00,-20.263901,58.027080,9.2,100.2,98.3,STANFORD HAWK,8814937,V7IM9,Tug,under way using engine,42,12,4.5,,A,false
538005998,2020-07-25T09:12:00,-20.668167,58.189546,12.5,221.6,220.2,BOKA EXPEDITION,9479094,V7GE8,Other,under way using engine,94,20,5.5,,A,false
215768000,2020-07-25T09:12:00,-20.300000,57.195238,17.7,271.3,271.5,MSC IMOGEN,9367044,9HA2849,Cargo,under way using engine,294,32,13.0,,A,false
477553400,2020-07-25T09:12:00,-20.464131,57.939189,14.8,220.5,219.3,NORD COURAGE,9384726,VRMT9,Cargo,under way using engine,180,30,11.5,,A,false
566878000,2020-07-25T09:12:00,-20.132153,59.187848,14.9,66.5,66.5,BW SUVARNA,9305159,9V9562,Tanker,under way using engine,228,36,11.0,,A,false
645112222,2020-07-25T09:12:00,-20.285861,57.738223,3.8,234.0,239.0,FV NARASIMHA,,3BFS1,Fishing,under way using engine,18,5,2.0,,A,false
645113333,2020-07-25T09:12:00,-20.219145,57.909427,2.6,168.0,178.0,FV SHENANDOAH,,3BFS2,Fishing,under way using engine,15,4,1.8,,A,false
645101010,2020-07-25T09:12:00,-19.864441,57.931774,12.1,9.2,9.0,MAURITIUS PRIDE,,3BCP1,Other,under way using engine,60,10,3.0,,A,false
372711000,2020-07-25T09:14:00,-20.485724,57.649504,11.6,242.0,244.9,MV WAKASHIO,9337119,3FYL2,Cargo,under way using engine,300,50,14.5,ballast,A,true
215768000,2020-07-25T09:14:00,-20.300000,57.184753,17.7,270.9,271.0,MSC IMOGEN,9367044,9HA2849,Cargo,under way using engine,294,32,13.0,,A,false
645112222,2020-07-25T09:14:00,-20.288673,57.735840,3.7,238.0,243.0,FV NARASIMHA,,3BFS1,Fishing,under way using engine,18,5,2.0,,A,false
645113333,2020-07-25T09:14:00,-20.220502,57.910178,2.7,170.7,180.7,FV SHENANDOAH,,3BFS2,Fishing,under way using engine,15,4,1.8,,A,false
645101010,2020-07-25T09:14:00,-19.857821,57.933016,12.1,8.8,9.5,MAURITIUS PRIDE,,3BCP1,Other,under way using engine,60,10,3.0,,A,false
636015860,2020-07-25T09:15:00,-20.265232,58.035129,9.1,99.7,98.6,STANFORD HAWK,8814937,V7IM9,Tug,under way using engine,42,12,4.5,,A,false
645136000,2020-07-25T09:15:00,-20.443176,57.659890,5.3,349.0,348.0,TRESTA STAR,8606572,3BRQ,Tanker,under way using engine,55,14,3.8,,A,false
477553400,2020-07-25T09:15:00,-20.473579,57.930727,14.8,220.9,218.9,NORD COURAGE,9384726,VRMT9,Cargo,under way using engine,180,30,11.5,,A,false
566878000,2020-07-25T09:15:00,-20.126906,59.199834,14.8,66.1,66.8,BW SUVARNA,9305159,9V9562,Tanker,under way using engine,228,36,11.0,,A,false
372711000,2020-07-25T09:16:00,-20.488447,57.643269,11.6,242.1,245.7,MV WAKASHIO,9337119,3FYL2,Cargo,under way using engine,300,50,14.5,ballast,A,true
538005998,2020-07-25T09:16:00,-20.678806,58.180004,12.6,221.2,220.7,BOKA EXPEDITION,9479094,V7GE8,Other,under way using engine,94,20,5.5,,A,false
215768000,2020-07-25T09:16:00,-20.300000,57.174269,17.7,270.5,270.5,MSC IMOGEN,9367044,9HA2849,Cargo,under way using engine,294,32,13.0,,A,false
645112222,2020-07-25T09:16:00,-20.291344,57.733204,3.7,242.0,247.0,FV NARASIMHA,,3BFS1,Fishing,under way using engine,18,5,2.0,,A,false
645113333,2020-07-25T09:16:00,-20.221914,57.910880,2.8,173.4,183.4,FV SHENANDOAH,,3BFS2,Fishing,under way using engine,15,4,1.8,,A,false
645101010,2020-07-25T09:16:00,-19.851201,57.934257,12.0,8.5,10.1,MAURITIUS PRIDE,,3BCP1,Other,under way using engine,60,10,3.0,,A,false
372711000,2020-07-25T09:18:00,-20.491171,57.637034,11.7,242.4,246.5,MV WAKASHIO,9337119,3FYL2,Cargo,under way using engine,300,50,14.5,ballast,A,true
636015860,2020-07-25T09:18:00,-20.266549,58.043090,9.1,99.2,99.0,STANFORD HAWK,8814937,V7IM9,Tug,under way using engine,42,12,4.5,,A,false
215768000,2020-07-25T09:18:00,-20.300000,57.163784,17.7,270.0,270.0,MSC IMOGEN,9367044,9HA2849,Cargo,under way using engine,294,32,13.0,,A,false
477553400,2020-07-25T09:18:00,-20.483027,57.922265,14.8,221.3,218.5,NORD COURAGE,9384726,VRMT9,Cargo,under way using engine,180,30,11.5,,A,false
566878000,2020-07-25T09:18:00,-20.121694,59.211739,14.8,65.7,67.0,BW SUVARNA,9305159,9V9562,Tanker,under way using engine,228,36,11.0,,A,false
645112222,2020-07-25T09:18:00,-20.293849,57.730324,3.6,246.0,251.0,FV NARASIMHA,,3BFS1,Fishing,under way using engine,18,5,2.0,,A,false
645113333,2020-07-25T09:18:00,-20.223380,57.911531,2.8,176.1,186.1,FV SHENANDOAH,,3BFS2,Fishing,under way using engine,15,4,1.8,,A,false
645101010,2020-07-25T09:18:00,-19.844636,57.935487,12.0,8.2,10.6,MAURITIUS PRIDE,,3BCP1,Other,under way using engine,60,10,3.0,,A,false
372711000,2020-07-25T09:20:00,-20.493918,57.630745,11.7,242.8,247.1,MV WAKASHIO,9337119,3FYL2,Cargo,under way using engine,300,50,14.5,ballast,A,true
538005998,2020-07-25T09:20:00,-20.689531,58.170385,12.6,220.8,221.2,BOKA EXPEDITION,9479094,V7GE8,Other,under way using engine,94,20,5.5,,A,false
645136000,2020-07-25T09:20:00,-20.435926,57.658526,5.2,348.6,348.0,TRESTA STAR,8606572,3BRQ,Tanker,under way using engine,55,14,3.8,,A,false
215768000,2020-07-25T09:20:00,-20.300000,57.153299,17.7,269.5,269.5,MSC IMOGEN,9367044,9HA2849,Cargo,under way using engine,294,32,13.0,,A,false
645112222,2020-07-25T09:20:00,-20.296166,57.727209,3.5,250.0,255.0,FV NARASIMHA,,3BFS1,Fishing,under way using engine,18,5,2.0,,A,false
645113333,2020-07-25T09:20:00,-20.224899,57.912125,2.9,178.8,188.8,FV SHENANDOAH,,3BFS2,Fishing,under way using engine,15,4,1.8,,A,false
645101010,2020-07-25T09:20:00,-19.838070,57.936718,12.0,8.0,11.1,MAURITIUS PRIDE,,3BCP1,Other,under way using engine,60,10,3.0,,A,false
636015860,2020-07-25T09:21:00,-20.267866,58.051051,9.1,98.8,99.5,STANFORD HAWK,8814937,V7IM9,Tug,under way using engine,42,12,4.5,,A,false
477553400,2020-07-25T09:21:00,-20.492474,57.913802,14.8,221.6,218.2,NORD COURAGE,9384726,VRMT9,Cargo,under way using engine,180,30,11.5,,A,false
566878000,2020-07-25T09:21:00,-20.116481,59.223643,14.8,65.2,67.0,BW SUVARNA,9305159,9V9562,Tanker,under way using engine,228,36,11.0,,A,false
372711000,2020-07-25T09:22:00,-20.496665,57.624456,11.8,243.4,247.6,MV WAKASHIO,9337119,3FYL2,Cargo,under way using engine,300,50,14.5,ballast,A,true
215768000,2020-07-25T09:22:00,-20.300000,57.142815,17.7,269.0,269.0,MSC IMOGEN,9367044,9HA2849,Cargo,under way using engine,294,32,13.0,,A,false
645112222,2020-07-25T09:22:00,-20.298270,57.723872,3.5,254.0,259.0,FV NARASIMHA,,3BFS1,Fishing,under way using engine,18,5,2.0,,A,false
645113333,2020-07-25T09:22:00,-20.226470,57.912657,2.9,181.5,191.5,FV SHENANDOAH,,3BFS2,Fishing,under way using engine,15,4,1.8,,A,false
645101010,2020-07-25T09:22:00,-19.831505,57.937949,11.9,8.0,11.5,MAURITIUS PRIDE,,3BCP1,Other,under way using engine,60,10,3.0,,A,false
372711000,2020-07-25T09:24:00,-20.499435,57.618113,11.8,244.0,247.9,MV WAKASHIO,9337119,3FYL2,Cargo,under way using engine,300,50,14.5,ballast,A,true
636015860,2020-07-25T09:24:00,-20.269183,58.059012,9.0,98.5,100.1,STANFORD HAWK,8814937,V7IM9,Tug,under way using engine,42,12,4.5,,A,false
538005998,2020-07-25T09:24:00,-20.700255,58.160766,12.6,220.3,221.6,BOKA EXPEDITION,9479094,V7GE8,Other,under way using engine,94,20,5.5,,A,false
215768000,2020-07-25T09:24:00,-20.300000,57.132330,17.7,268.7,268.6,MSC IMOGEN,9367044,9HA2849,Cargo,under way using engine,294,32,13.0,,A,false
477553400,2020-07-25T09:24:00,-20.501922,57.905339,14.7,221.9,218.0,NORD COURAGE,9384726,VRMT9,Cargo,under way using engine,180,30,11.5,,A,false
566878000,2020-07-25T09:24:00,-20.111269,59.235547,14.7,64.7,66.9,BW SUVARNA,9305159,9V9562,Tanker,under way using engine,228,36,11.0,,A,false
645112222,2020-07-25T09:24:00,-20.300140,57.720327,3.4,258.0,263.0,FV NARASIMHA,,3BFS1,Fishing,under way using engine,18,5,2.0,,A,false
645113333,2020-07-25T09:24:00,-20.228090,57.913124,2.9,184.2,194.2,FV SHENANDOAH,,3BFS2,Fishing,under way using engine,15,4,1.8,,A,false
645101010,2020-07-25T09:24:00,-19.824994,57.939169,11.9,8.1,11.8,MAURITIUS PRIDE,,3BCP1,Other,under way using engine,60,10,3.0,,A,false
645136000,2020-07-25T09:25:00,-20.428814,57.657188,5.2,348.3,348.1,TRESTA STAR,8606572,3BRQ,Tanker,under way using engine,55,14,3.8,,A,false
372711000,2020-07-25T09:26:00,-20.502206,57.611770,11.9,244.7,248.0,MV WAKASHIO,9337119,3FYL2,Cargo,under way using engine,300,50,14.5,ballast,A,true
215768000,2020-07-25T09:26:00,-20.300000,57.121846,17.8,268.3,268.2,MSC IMOGEN,9367044,9HA2849,Cargo,under way using engine,294,32,13.0,,A,false
645112222,2020-07-25T09:26:00,-20.301755,57.716593,3.3,262.0,267.0,FV NARASIMHA,,3BFS1,Fishing,under way using engine,18,5,2.0,,A,false
645113333,2020-07-25T09:26:00,-20.229756,57.913521,3.0,186.9,196.9,FV SHENANDOAH,,3BFS2,Fishing,under way using engine,15,4,1.8,,A,false
645101010,2020-07-25T09:26:00,-19.818484,57.940390,11.8,8.3,12.0,MAURITIUS PRIDE,,3BCP1,Other,under way using engine,60,10,3.0,,A,false
636015860,2020-07-25T09:27:00,-20.270485,58.066885,9.0,98.2,100.6,STANFORD HAWK,8814937,V7IM9,Tug,under way using engine,42,12,4.5,,A,false
477553400,2020-07-25T09:27:00,-20.511306,57.896932,14.7,222.0,218.0,NORD COURAGE,9384726,VRMT9,Cargo,under way using engine,180,30,11.5,,A,false
566878000,2020-07-25T09:27:00,-20.106092,59.247370,14.7,64.3,66.6,BW SUVARNA,9305159,9V9562,Tanker,under way using engine,228,36,11.0,,A,false
372711000,2020-07-25T09:28:00,-20.505000,57.605373,11.9,245.5,247.9,MV WAKASHIO,9337119,3FYL2,Cargo,under way using engine,300,50,14.5,ballast,A,true
538005998,2020-07-25T09:28:00,-20.710980,58.151146,12.7,219.8,221.8,BOKA EXPEDITION,9479094,V7GE8,Other,under way using engine,94,20,5.5,,A,false
215768000,2020-07-25T09:28:00,-20.300000,57.111302,17.8,268.1,268.0,MSC IMOGEN,9367044,9HA2849,Cargo,under way using engine,294,32,13.0,,A,false
645112222,2020-07-25T09:28:00,-20.303094,57.712689,3.2,266.0,271.0,FV NARASIMHA,,3BFS1,Fishing,under way using engine,18,5,2.0,,A,false
645113333,2020-07-25T09:28:00,-20.231467,57.913844,3.0,189.6,199.6,FV SHENANDOAH,,3BFS2,Fishing,under way using engine,15,4,1.8,,A,false
645101010,2020-07-25T09:28:00,-19.812028,57.941600,11.8,8.6,12.0,MAURITIUS PRIDE,,3BCP1,Other,under way using engine,60,10,3.0,,A,false
372711000,2020-07-25T09:30:00,-20.507794,57.598976,11.9,246.2,247.5,MV WAKASHIO,9337119,3FYL2,Cargo,under way using engine,300,50,14.5,ballast,A,true
636015860,2020-07-25T09:30:00,-20.271788,58.074759,9.0,98.0,101.1,STANFORD HAWK,8814937,V7IM9,Tug,under way using engine,42,12,4.5,,A,false
645136000,2020-07-25T09:30:00,-20.421701,57.655850,5.2,348.1,348.4,TRESTA STAR,8606572,3BRQ,Tanker,under way using engine,55,14,3.8,,A,false
215768000,2020-07-25T09:30:00,-20.300000,57.100758,17.8,268.0,268.0,MSC IMOGEN,9367044,9HA2849,Cargo,under way using engine,294,32,13.0,,A,false
477553400,2020-07-25T09:30:00,-20.520690,57.888525,14.7,222.0,218.1,NORD COURAGE,9384726,VRMT9,Cargo,under way using engine,180,30,11.5,,A,false
566878000,2020-07-25T09:30:00,-20.100915,59.259193,14.7,63.8,66.3,BW SUVARNA,9305159,9V9562,Tanker,under way using engine,228,36,11.0,,A,false
645112222,2020-07-25T09:30:00,-20.304139,57.708636,3.1,270.0,275.0,FV NARASIMHA,,3BFS1,Fishing,under way using engine,18,5,2.0,,A,false
645113333,2020-07-25T09:30:00,-20.233219,57.914088,3.0,192.3,202.3,FV SHENANDOAH,,3BFS2,Fishing,under way using engine,15,4,1.8,,A,false
645101010,2020-07-25T09:30:00,-19.805572,57.942810,11.8,8.9,11.9,MAURITIUS PRIDE,,3BCP1,Other,under way using engine,60,10,3.0,,A,false
372711000,2020-07-25T09:32:00,-20.510588,57.592579,11.9,246.8,247.0,MV WAKASHIO,9337119,3FYL2,Cargo,under way using engine,300,50,14.5,ballast,A,true
538005998,2020-07-25T09:32:00,-20.721790,58.141448,12.7,219.4,222.0,BOKA EXPEDITION,9479094,V7GE8,Other,under way using engine,94,20,5.5,,A,false
215768000,2020-07-25T09:32:00,-20.300000,57.090215,17.9,268.0,268.1,MSC IMOGEN,9367044,9HA2849,Cargo,under way using engine,294,32,13.0,,A,false
645112222,2020-07-25T09:32:00,-20.304875,57.704459,3.0,274.0,279.0,FV NARASIMHA,,3BFS1,Fishing,under way using engine,18,5,2.0,,A,false
645113333,2020-07-25T09:32:00,-20.235009,57.914250,3.0,195.0,205.0,FV SHENANDOAH,,3BFS2,Fishing,under way using engine,15,4,1.8,,A,false
645101010,2020-07-25T09:32:00,-19.799116,57.944020,11.7,9.4,11.6,MAURITIUS PRIDE,,3BCP1,Other,under way using engine,60,10,3.0,,A,false
636015860,2020-07-25T09:33:00,-20.273090,58.082633,8.9,98.0,101.5,STANFORD HAWK,8814937,V7IM9,Tug,under way using engine,42,12,4.5,,A,false
477553400,2020-07-25T09:33:00,-20.530074,57.880117,14.6,221.9,218.4,NORD COURAGE,9384726,VRMT9,Cargo,under way using engine,180,30,11.5,,A,false
566878000,2020-07-25T09:33:00,-20.095738,59.271015,14.7,63.5,65.8,BW SUVARNA,9305159,9V9562,Tanker,under way using engine,228,36,11.0,,A,false
372711000,2020-07-25T09:34:00,-20.513382,57.586182,11.9,247.3,246.4,MV WAKASHIO,9337119,3FYL2,Cargo,under way using engine,300,50,14.5,ballast,A,true
215768000,2020-07-25T09:34:00,-20.300000,57.079612,17.9,268.1,268.3,MSC IMOGEN,9367044,9HA2849,Cargo,under way using engine,294,32,13.0,,A,false
645112222,2020-07-25T09:34:00,-20.305286,57.700183,2.9,278.0,283.0,FV NARASIMHA,,3BFS1,Fishing,under way using engine,18,5,2.0,,A,false
645113333,2020-07-25T09:34:00,-20.236832,57.914325,3.0,197.7,207.7,FV SHENANDOAH,,3BFS2,Fishing,under way using engine,15,4,1.8,,A,false
645101010,2020-07-25T09:34:00,-19.792715,57.945219,11.7,9.9,11.3,MAURITIUS PRIDE,,3BCP1,Other,under way using engine,60,10,3.0,,A,false
645136000,2020-07-25T09:35:00,-20.414589,57.654511,5.2,348.0,348.8,TRESTA STAR,8606572,3BRQ,Tanker,under way using engine,55,14,3.8,,A,false
372711000,2020-07-25T09:36:00,-20.516176,57.579784,11.9,247.7,245.6,MV WAKASHIO,9337119,3FYL2,Cargo,under way using engine,300,50,14.5,ballast,A,true
636015860,2020-07-25T09:36:00,-20.274378,58.090419,8.9,98.1,101.8,STANFORD HAWK,8814937,V7IM9,Tug,under way using engine,42,12,4.5,,A,false
538005998,2020-07-25T09:36:00,-20.732600,58.131751,12.7,218.9,222.0,BOKA EXPEDITION,9479094,V7GE8,Other,under way using engine,94,20,5.5,,A,false
215768000,2020-07-25T09:36:00,-20.300000,57.069009,17.9,268.4,268.7,MSC IMOGEN,9367044,9HA2849,Cargo,under way using engine,294,32,13.0,,A,false
477553400,2020-07-25T09:36:00,-20.539395,57.871766,14.6,221.6,218.8,NORD COURAGE,9384726,VRMT9,Cargo,under way using engine,180,30,11.5,,A,false
566878000,2020-07-25T09:36:00,-20.090561,59.282837,14.7,63.2,65.3,BW SUVARNA,9305159,9V9562,Tanker,under way using engine,228,36,11.0,,A,false
645112222,2020-07-25T09:36:00,-20.305362,57.695835,2.8,282.0,287.0,FV NARASIMHA,,3BFS1,Fishing,under way using engine,18,5,2.0,,A,false
645113333,2020-07-25T09:36:00,-20.238684,57.914309,3.0,200.4,210.4,FV SHENANDOAH,,3BFS2,Fishing,under way using engine,15,4,1.8,,A,false
645101010,2020-07-25T09:36:00,-19.786313,57.946419,11.7,10.3,10.8,MAURITIUS PRIDE,,3BCP1,Other,under way using engine,60,10,3.0,,A,false
372711000,2020-07-25T09:38:00,-20.518970,57.573387,11.9,247.9,244.8,MV WAKASHIO,9337119,3FYL2,Cargo,under way using engine,300,50,14.5,ballast,A,true
215768000,2020-07-25T09:38:00,-20.300000,57.058406,18.0,268.7,269.1,MSC IMOGEN,9367044,9HA2849,Cargo,under way using engine,294,32,13.0,,A,false
645112222,2020-07-25T09:38:00,-20.305092,57.691445,2.7,286.0,291.0,FV NARASIMHA,,3BFS1,Fishing,under way using engine,18,5,2.0,,A,false
645113333,2020-07-25T09:38:00,-20.240561,57.914199,3.0,203.1,213.1,FV SHENANDOAH,,3BFS2,Fishing,under way using engine,15,4,1.8,,A,false
645101010,2020-07-25T09:38:00,-19.779912,57.947618,11.7,10.8,10.3,MAURITIUS PRIDE,,3BCP1,Other,under way using engine,60,10,3.0,,A,false
636015860,2020-07-25T09:39:00,-20.275666,58.098206,8.8,98.3,102.0,STANFORD HAWK,8814937,V7IM9,Tug,under way using engine,42,12,4.5,,A,false
477553400,2020-07-25T09:39:00,-20.548715,57.863415,14.6,221.3,219.3,NORD COURAGE,9384726,VRMT9,Cargo,under way using engine,180,30,11.5,,A,false
566878000,2020-07-25T09:39:00,-20.085384,59.294659,14.7,63.0,64.7,BW SUVARNA,9305159,9V9562,Tanker,under way using engine,228,36,11.0,,A,false
372711000,2020-07-25T09:40:00,-20.521764,57.566989,11.9,248.0,244.0,MV WAKASHIO,9337119,3FYL2,Cargo,under way using engine,300,50,14.5,ballast,A,true
538005998,2020-07-25T09:40:00,-20.743409,58.122052,12.8,218.6,221.8,BOKA EXPEDITION,9479094,V7GE8,Other,under way using engine,94,20,5.5,,A,false
645136000,2020-07-25T09:40:00,-20.407476,57.653173,5.1,348.0,349.3,TRESTA STAR,8606572,3BRQ,Tanker,under way using engine,55,14,3.8,,A,false
215768000,2020-07-25T09:40:00,-20.300000,57.047743,18.0,269.1,269.7,MSC IMOGEN,9367044,9HA2849,Cargo,under way using engine,294,32,13.0,,A,false
645112222,2020-07-25T09:40:00,-20.304470,57.687041,2.6,290.0,295.0,FV NARASIMHA,,3BFS1,Fishing,under way using engine,18,5,2.0,,A,false
645113333,2020-07-25T09:40:00,-20.242458,57.913993,2.9,205.8,215.8,FV SHENANDOAH,,3BFS2,Fishing,under way using engine,15,4,1.8,,A,false
645101010,2020-07-25T09:40:00,-19.773511,57.948818,11.7,11.2,9.7,MAURITIUS PRIDE,,3BCP1,Other,under way using engine,60,10,3.0,,A,false
372711000,2020-07-25T09:42:00,-20.524558,57.560592,11.8,247.9,243.3,MV WAKASHIO,9337119,3FYL2,Cargo,under way using engine,300,50,14.5,ballast,A,true
636015860,2020-07-25T09:42:00,-20.276939,58.105905,8.8,98.6,102.0,STANFORD HAWK,8814937,V7IM9,Tug,under way using engine,42,12,4.5,,A,false
215768000,2020-07-25T09:42:00,-20.300000,57.037081,18.1,269.6,270.2,MSC IMOGEN,9367044,9HA2849,Cargo,under way using engine,294,32,13.0,,A,false
477553400,2020-07-25T09:42:00,-20.558035,57.855063,14.5,220.9,219.8,NORD COURAGE,9384726,VRMT9,Cargo,under way using engine,180,30,11.5,,A,false
566878000,2020-07-25T09:42:00,-20.080207,59.306480,14.7,63.0,64.2,BW SUVARNA,9305159,9V9562,Tanker,under way using engine,228,36,11.0,,A,false
645112222,2020-07-25T09:42:00,-20.303493,57.682655,2.5,294.0,299.0,FV NARASIMHA,,3BFS1,Fishing,under way using engine,18,5,2.0,,A,false
645113333,2020-07-25T09:42:00,-20.244368,57.913686,2.9,208.5,218.5,FV SHENANDOAH,,3BFS2,Fishing,under way using engine,15,4,1.8,,A,false
645101010,2020-07-25T09:42:00,-19.767110,57.950017,11.7,11.6,9.2,MAURITIUS PRIDE,,3BCP1,Other,under way using engine,60,10,3.0,,A,false
372711000,2020-07-25T09:44:00,-20.527328,57.554248,11.8,247.6,242.7,MV WAKASHIO,9337119,3FYL2,Cargo,under way using engine,300,50,14.5,ballast,A,true
538005998,2020-07-25T09:44:00,-20.754304,58.112277,12.8,218.3,221.5,BOKA EXPEDITION,9479094,V7GE8,Other,under way using engine,94,20,5.5,,A,false
215768000,2020-07-25T09:44:00,-20.300000,57.026360,18.1,270.1,270.7,MSC IMOGEN,9367044,9HA2849,Cargo,under way using engine,294,32,13.0,,A,false
645112222,2020-07-25T09:44:00,-20.302159,57.678318,2.6,298.0,303.0,FV NARASIMHA,,3BFS1,Fishing,under way using engine,18,5,2.0,,A,false
645113333,2020-07-25T09:44:00,-20.246287,57.913276,2.8,211.2,221.2,FV SHENANDOAH,,3BFS2,Fishing,under way using engine,15,4,1.8,,A,false
645101010,2020-07-25T09:44:00,-19.760708,57.951217,11.7,11.8,8.8,MAURITIUS PRIDE,,3BCP1,Other,under way using engine,60,10,3.0,,A,false
636015860,2020-07-25T09:45:00,-20.278213,58.113604,8.8,98.9,101.9,STANFORD HAWK,8814937,V7IM9,Tug,under way using engine,42,12,4.5,,A,false
645136000,2020-07-25T09:45:00,-20.400501,57.651861,5.1,348.2,349.8,TRESTA STAR,8606572,3BRQ,Tanker,under way using engine,55,14,3.8,,A,false
477553400,2020-07-25T09:45:00,-20.567291,57.846768,14.5,220.4,220.3,NORD COURAGE,9384726,VRMT9,Cargo,under way using engine,180,30,11.5,,A,false
566878000,2020-07-25T09:45:00,-20.075029,59.318301,14.7,63.1,63.8,BW SUVARNA,9305159,9V9562,Tanker,under way using engine,228,36,11.0,,A,false
372711000,2020-07-25T09:46:00,-20.530099,57.547903,11.8,247.1,242.3,MV WAKASHIO,9337119,3FYL2,Cargo,under way using engine,300,50,14.5,ballast,A,true
215768000,2020-07-25T09:46:00,-20.300000,57.015638,18.1,270.6,271.2,MSC IMOGEN,9367044,9HA2849,Cargo,under way using engine,294,32,13.0,,A,false
645112222,2020-07-25T09:46:00,-20.300470,57.674061,2.7,302.0,307.0,FV NARASIMHA,,3BFS1,Fishing,under way using engine,18,5,2.0,,A,false
645113333,2020-07-25T09:46:00,-20.248209,57.912761,2.8,213.9,223.9,FV SHENANDOAH,,3BFS2,Fishing,under way using engine,15,4,1.8,,A,false
645101010,2020-07-25T09:46:00,-19.754307,57.952416,11.7,12.0,8.4,MAURITIUS PRIDE,,3BCP1,Other,under way using engine,60,10,3.0,,A,false
372711000,2020-07-25T09:48:00,-20.532869,57.541559,11.7,246.6,242.0,MV WAKASHIO,9337119,3FYL2,Cargo,under way using engine,300,50,14.5,ballast,A,true
636015860,2020-07-25T09:48:00,-20.279486,58.121303,8.7,99.4,101.6,STANFORD HAWK,8814937,V7IM9,Tug,under way using engine,42,12,4.5,,A,false
538005998,2020-07-25T09:48:00,-20.765199,58.102500,12.8,218.1,221.1,BOKA EXPEDITION,9479094,V7GE8,Other,under way using engine,94,20,5.5,,A,false
215768000,2020-07-25T09:48:00,-20.300000,57.004917,18.2,271.0,271.6,MSC IMOGEN,9367044,9HA2849,Cargo,under way using engine,294,32,13.0,,A,false
477553400,2020-07-25T09:48:00,-20.576548,57.838472,14.4,220.0,220.8,NORD COURAGE,9384726,VRMT9,Cargo,under way using engine,180,30,11.5,,A,false
566878000,2020-07-25T09:48:00,-20.069852,59.330121,14.7,63.3,63.4,BW SUVARNA,9305159,9V9562,Tanker,under way using engine,228,36,11.0,,A,false
645112222,2020-07-25T09:48:00,-20.298431,57.669917,2.8,306.0,311.0,FV NARASIMHA,,3BFS1,Fishing,under way using engine,18,5,2.0,,A,false
645113333,2020-07-25T09:48:00,-20.250127,57.912139,2.7,216.6,226.6,FV SHENANDOAH,,3BFS2,Fishing,under way using engine,15,4,1.8,,A,false
645101010,2020-07-25T09:48:00,-19.747906,57.953615,11.7,12.0,8.1,MAURITIUS PRIDE,,3BCP1,Other,under way using engine,60,10,3.0,,A,false
372711000,2020-07-25T09:50:00,-20.535616,57.535268,11.7,245.9,242.0,MV WAKASHIO,9337119,3FYL2,Cargo,under way using engine,300,50,14.5,ballast,A,true
645136000,2020-07-25T09:50:00,-20.393525,57.650549,5.0,348.4,350.3,TRESTA STAR,8606572,3BRQ,Tanker,under way using engine,55,14,3.8,,A,false
215768000,2020-07-25T09:50:00,-20.300000,56.994136,18.2,271.4,271.9,MSC IMOGEN,9367044,9HA2849,Cargo,under way using engine,294,32,13.0,,A,false
645112222,2020-07-25T09:50:00,-20.296051,57.665916,2.9,310.0,315.0,FV NARASIMHA,,3BFS1,Fishing,under way using engine,18,5,2.0,,A,false
645113333,2020-07-25T09:50:00,-20.252034,57.911409,2.7,219.3,229.3,FV SHENANDOAH,,3BFS2,Fishing,under way using engine,15,4,1.8,,A,false
645101010,2020-07-25T09:50:00,-19.741505,57.954814,11.8,11.9,8.0,MAURITIUS PRIDE,,3BCP1,Other,under way using engine,60,10,3.0,,A,false
636015860,2020-07-25T09:51:00,-20.280745,58.128914,8.7,99.9,101.3,STANFORD HAWK,8814937,V7IM9,Tug,under way using engine,42,12,4.5,,A,false
477553400,2020-07-25T09:51:00,-20.585740,57.830233,14.4,219.5,221.3,NORD COURAGE,9384726,VRMT9,Cargo,under way using engine,180,30,11.5,,A,false
566878000,2020-07-25T09:51:00,-20.064675,59.341942,14.8,63.5,63.1,BW SUVARNA,9305159,9V9562,Tanker,under way using engine,228,36,11.0,,A,false
372711000,2020-07-25T09:52:00,-20.538363,57.528978,11.6,245.2,242.2,MV WAKASHIO,9337119,3FYL2,Cargo,under way using engine,300,50,14.5,ballast,A,true
538005998,2020-07-25T09:52:00,-20.776094,58.092723,12.8,218.0,220.7,BOKA EXPEDITION,9479094,V7GE8,Other,under way using engine,94,20,5.5,,A,false
215768000,2020-07-25T09:52:00,-20.300000,56.983355,18.2,271.7,272.0,MSC IMOGEN,9367044,9HA2849,Cargo,under way using engine,294,32,13.0,,A,false
645112222,2020-07-25T09:52:00,-20.293340,57.662088,3.0,314.0,319.0,FV NARASIMHA,,3BFS1,Fishing,under way using engine,18,5,2.0,,A,false
645113333,2020-07-25T09:52:00,-20.253924,57.910570,2.6,222.0,232.0,FV SHENANDOAH,,3BFS2,Fishing,under way using engine,15,4,1.8,,A,false
645101010,2020-07-25T09:52:00,-19.735049,57.956024,11.8,11.7,8.0,MAURITIUS PRIDE,,3BCP1,Other,under way using engine,60,10,3.0,,A,false
372711000,2020-07-25T09:54:00,-20.541087,57.522741,11.6,244.5,242.6,MV WAKASHIO,9337119,3FYL2,Cargo,under way using engine,300,50,14.5,ballast,A,true
636015860,2020-07-25T09:54:00,-20.282004,58.136526,8.7,100.3,100.8,STANFORD HAWK,8814937,V7IM9,Tug,under way using engine,42,12,4.5,,A,false
215768000,2020-07-25T09:54:00,-20.300000,56.972574,18.3,271.9,272.0,MSC IMOGEN,9367044,9HA2849,Cargo,under way using engine,294,32,13.0,,A,false
477553400,2020-07-25T09:54:00,-20.594933,57.821993,14.4,219.0,221.7,NORD COURAGE,9384726,VRMT9,Cargo,under way using engine,180,30,11.5,,A,false
566878000,2020-07-25T09:54:00,-20.059463,59.353842,14.8,63.9,63.0,BW SUVARNA,9305159,9V9562,Tanker,under way using engine,228,36,11.0,,A,false
645112222,2020-07-25T09:54:00,-20.290314,57.658464,3.0,318.0,323.0,FV NARASIMHA,,3BFS1,Fishing,under way using engine,18,5,2.0,,A,false
645113333,2020-07-25T09:54:00,-20.255790,57.909620,2.5,224.7,234.7,FV SHENANDOAH,,3BFS2,Fishing,under way using engine,15,4,1.8,,A,false
645101010,2020-07-25T09:54:00,-19.728593,57.957233,11.8,11.4,8.2,MAURITIUS PRIDE,,3BCP1,Other,under way using engine,60,10,3.0,,A,false
645136000,2020-07-25T09:55:00,-20.386686,57.649262,5.0,348.8,350.8,TRESTA STAR,8606572,3BRQ,Tanker,under way using engine,55,14,3.8,,A,false
372711000,2020-07-25T09:56:00,-20.543810,57.516503,11.5,243.8,243.2,MV WAKASHIO,9337119,3FYL2,Cargo,under way using engine,300,50,14.5,ballast,A,true
538005998,2020-07-25T09:56:00,-20.786989,58.082946,12.8,218.0,220.1,BOKA EXPEDITION,9479094,V7GE8,Other,under way using engine,94,20,5.5,,A,false
215768000,2020-07-25T09:56:00,-20.300000,56.961735,18.3,272.0,271.8,MSC IMOGEN,9367044,9HA2849,Cargo,under way using engine,294,32,13.0,,A,false
645112222,2020-07-25T09:56:00,-20.286988,57.655072,3.1,322.0,327.0,FV NARASIMHA,,3BFS1,Fishing,under way using engine,18,5,2.0,,A,false
645113333,2020-07-25T09:56:00,-20.257626,57.908560,2.4,227.4,237.4,FV SHENANDOAH,,3BFS2,Fishing,under way using engine,15,4,1.8,,A,false
645101010,2020-07-25T09:56:00,-19.722137,57.958443,11.9,11.0,8.5,MAURITIUS PRIDE,,3BCP1,Other,under way using engine,60,10,3.0,,A,false
636015860,2020-07-25T09:57:00,-20.283263,58.144138,8.7,100.8,100.3,STANFORD HAWK,8814937,V7IM9,Tug,under way using engine,42,12,4.5,,A,false
477553400,2020-07-25T09:57:00,-20.604125,57.813753,14.3,218.6,221.9,NORD COURAGE,9384726,VRMT9,Cargo,under way using engine,180,30,11.5,,A,false
566878000,2020-07-25T09:57:00,-20.054251,59.365741,14.8,64.4,63.0,BW SUVARNA,9305159,9V9562,Tanker,under way using engine,228,36,11.0,,A,false
372711000,2020-07-25T09:58:00,-20.546510,57.510320,11.5,243.1,243.9,MV WAKASHIO,9337119,3FYL2,Cargo,under way using engine,300,50,14.5,ballast,A,true
215768000,2020-07-25T09:58:00,-20.300000,56.950895,18.3,272.0,271.5,MSC IMOGEN,9367044,9HA2849,Cargo,under way using engine,294,32,13.0,,A,false
645112222,2020-07-25T09:58:00,-20.283382,57.651938,3.2,326.0,331.0,FV NARASIMHA,,3BFS1,Fishing,under way using engine,18,5,2.0,,A,false
645113333,2020-07-25T09:58:00,-20.259423,57.907391,2.3,230.1,240.1,FV SHENANDOAH,,3BFS2,Fishing,under way using engine,15,4,1.8,,A,false
645101010,2020-07-25T09:58:00,-19.715626,57.959662,11.9,10.6,8.9,MAURITIUS PRIDE,,3BCP1,Other,under way using engine,60,10,3.0,,A,false
372711000,2020-07-25T10:00:00,-20.549210,57.504136,11.4,242.6,244.7,MV WAKASHIO,9337119,3FYL2,Cargo,under way using engine,300,50,14.5,ballast,A,true
636015860,2020-07-25T10:00:00,-20.284522,58.151750,8.7,101.2,99.7,STANFORD HAWK,8814937,V7IM9,Tug,under way using engine,42,12,4.5,,A,false
538005998,2020-07-25T10:00:00,-20.797884,58.073167,12.8,218.2,219.6,BOKA EXPEDITION,9479094,V7GE8,Other,under way using engine,94,20,5.5,,A,false
645136000,2020-07-25T10:00:00,-20.379847,57.647976,5.0,349.2,351.3,TRESTA STAR,8606572,3BRQ,Tanker,under way using engine,55,14,3.8,,A,false
477553400,2020-07-25T10:00:00,-20.613254,57.805570,14.3,218.3,222.0,NORD COURAGE,9384726,VRMT9,Cargo,under way using engine,180,30,11.5,,A,false
566878000,2020-07-25T10:00:00,-20.049038,59.377641,14.9,64.8,63.2,BW SUVARNA,9305159,9V9562,Tanker,under way using engine,228,36,11.0,,A,false
645112222,2020-07-25T10:00:00,-20.279518,57.649088,3.3,330.0,335.0,FV NARASIMHA,,3BFS1,Fishing,under way using engine,18,5,2.0,,A,false
645113333,2020-07-25T10:00:00,-20.261175,57.906113,2.3,232.8,242.8,FV SHENANDOAH,,3BFS2,Fishing,under way using engine,15,4,1.8,,A,false
645101010,2020-07-25T10:00:00,-19.709115,57.960882,11.9,10.1,9.4,MAURITIUS PRIDE,,3BCP1,Other,under way using engine,60,10,3.0,,A,false
372711000,2020-07-25T10:02:00,-20.551887,57.498006,11.3,242.3,245.5,MV WAKASHIO,9337119,3FYL2,Cargo,under way using engine,300,50,14.5,ballast,A,true
645112222,2020-07-25T10:02:00,-20.275422,57.646545,3.4,334.0,339.0,FV NARASIMHA,,3BFS1,Fishing,under way using engine,18,5,2.0,,A,false
645113333,2020-07-25T10:02:00,-20.262875,57.904727,2.2,235.5,245.5,FV SHENANDOAH,,3BFS2,Fishing,under way using engine,15,4,1.8,,A,false
645101010,2020-07-25T10:02:00,-19.702605,57.962101,12.0,9.6,9.9,MAURITIUS PRIDE,,3BCP1,Other,under way using engine,60,10,3.0,,A,false
636015860,2020-07-25T10:03:00,-20.285781,58.159362,8.7,101.6,99.2,STANFORD HAWK,8814937,V7IM9,Tug,under way using engine,42,12,4.5,,A,false
477553400,2020-07-25T10:03:00,-20.622383,57.797386,14.3,218.1,222.0,NORD COURAGE,9384726,VRMT9,Cargo,under way using engine,180,30,11.5,,A,false
566878000,2020-07-25T10:03:00,-20.043791,59.389620,14.9,65.3,63.5,BW SUVARNA,9305159,9V9562,Tanker,under way using engine,228,36,11.0,,A,false
372711000,2020-07-25T10:04:00,-20.554540,57.491930,11.3,242.0,246.3,MV WAKASHIO,9337119,3FYL2,Cargo,under way using engine,300,50,14.5,ballast,A,true
538005998,2020-07-25T10:04:00,-20.808778,58.063388,12.8,218.5,219.1,BOKA EXPEDITION,9479094,V7GE8,Other,under way using engine,94,20,5.5,,A,false
645112222,2020-07-25T10:04:00,-20.271121,57.644328,3.5,338.0,343.0,FV NARASIMHA,,3BFS1,Fishing,under way using engine,18,5,2.0,,A,false
645113333,2020-07-25T10:04:00,-20.264515,57.903237,2.1,238.2,248.2,FV SHENANDOAH,,3BFS2,Fishing,under way using engine,15,4,1.8,,A,false
645101010,2020-07-25T10:04:00,-19.696039,57.963331,12.0,9.1,10.5,MAURITIUS PRIDE,,3BCP1,Other,under way using engine,60,10,3.0,,A,false
645136000,2020-07-25T10:05:00,-20.373008,57.646689,4.9,349.6,351.7,TRESTA STAR,8606572,3BRQ,Tanker,under way using engine,55,14,3.8,,A,false
372711000,2020-07-25T10:06:00,-20.557193,57.485853,11.3,242.0,247.0,MV WAKASHIO,9337119,3FYL2,Cargo,under way using engine,300,50,14.5,ballast,A,true
636015860,2020-07-25T10:06:00,-20.287040,58.166974,8.7,101.8,98.8,STANFORD HAWK,8814937,V7IM9,Tug,under way using engine,42,12,4.5,,A,false
477553400,2020-07-25T10:06:00,-20.631511,57.789202,14.2,218.0,221.8,NORD COURAGE,9384726,VRMT9,Cargo,under way using engine,180,30,11.5,,A,false
566878000,2020-07-25T10:06:00,-20.038543,59.401599,14.9,65.8,63.9,BW SUVARNA,9305159,9V9562,Tanker,under way using engine,228,36,11.0,,A,false
645112222,2020-07-25T10:06:00,-20.266642,57.642457,3.5,342.0,347.0,FV NARASIMHA,,3BFS1,Fishing,under way using engine,18,5,2.0,,A,false
645113333,2020-07-25T10:06:00,-20.266088,57.901643,2.0,240.9,250.9,FV SHENANDOAH,,3BFS2,Fishing,under way using engine,15,4,1.8,,A,false
645101010,2020-07-25T10:06:00,-19.689474,57.964560,12.1,8.7,11.0,MAURITIUS PRIDE,,3BCP1,Other,under way using engine,60,10,3.0,,A,false
372711000,2020-07-25T10:08:00,-20.559846,57.479777,11.2,242.2,247.5,MV WAKASHIO,9337119,3FYL2,Cargo,under way using engine,300,50,14.5,ballast,A,true
538005998,2020-07-25T10:08:00,-20.819673,58.053608,12.8,218.8,218.7,BOKA EXPEDITION,9479094,V7GE8,Other,under way using engine,94,20,5.5,,A,false
645112222,2020-07-25T10:08:00,-20.262016,57.640945,3.6,346.0,351.0,FV NARASIMHA,,3BFS1,Fishing,under way using engine,18,5,2.0,,A,false
645113333,2020-07-25T10:08:00,-20.267587,57.899950,1.9,243.6,253.6,FV SHENANDOAH,,3BFS2,Fishing,under way using engine,15,4,1.8,,A,false
645101010,2020-07-25T10:08:00,-19.682854,57.965800,12.1,8.4,11.4,MAURITIUS PRIDE,,3BCP1,Other,under way using engine,60,10,3.0,,A,false
636015860,2020-07-25T10:09:00,-20.288299,58.174586,8.7,102.0,98.4,STANFORD HAWK,8814937,V7IM9,Tug,under way using engine,42,12,4.5,,A,false
477553400,2020-07-25T10:09:00,-20.640576,57.781074,14.2,218.0,221.5,NORD COURAGE,9384726,VRMT9,Cargo,under way using engine,180,30,11.5,,A,false
566878000,2020-07-25T10:09:00,-20.033296,59.413577,15.0,66.2,64.4,BW SUVARNA,9305159,9V9562,Tanker,under way using engine,228,36,11.0,,A,false
372711000,2020-07-25T10:10:00,-20.562476,57.473754,11.2,242.5,247.8,MV WAKASHIO,9337119,3FYL2,Cargo,under way using engine,300,50,14.5,ballast,A,true
645136000,2020-07-25T10:10:00,-20.366306,57.645429,4.9,350.1,351.9,TRESTA STAR,8606572,3BRQ,Tanker,under way using engine,55,14,3.8,,A,false
645112222,2020-07-25T10:10:00,-20.257275,57.639806,3.7,350.0,355.0,FV NARASIMHA,,3BFS1,Fishing,under way using engine,18,5,2.0,,A,false
645113333,2020-07-25T10:10:00,-20.269005,57.898161,1.8,246.3,256.3,FV SHENANDOAH,,3BFS2,Fishing,under way using engine,15,4,1.8,,A,false
645101010,2020-07-25T10:10:00,-19.676234,57.967040,12.1,8.2,11.7,MAURITIUS PRIDE,,3BCP1,Other,under way using engine,60,10,3.0,,A,false
372711000,2020-07-25T10:12:00,-20.565105,57.467731,11.1,242.9,248.0,MV WAKASHIO,9337119,3FYL2,Cargo,under way using engine,300,50,14.5,ballast,A,true
636015860,2020-07-25T10:12:00,-20.289558,58.182198,8.7,102.0,98.1,STANFORD HAWK,8814937,V7IM9,Tug,under way using engine,42,12,4.5,,A,false
538005998,2020-07-25T10:12:00,-20.830568,58.043828,12.8,219.3,218.3,BOKA EXPEDITION,9479094,V7GE8,Other,under way using engine,94,20,5.5,,A,false
477553400,2020-07-25T10:12:00,-20.649641,57.772946,14.2,218.2,221.0,NORD COURAGE,9384726,VRMT9,Cargo,under way using engine,180,30,11.5,,A,false
566878000,2020-07-25T10:12:00,-20.028013,59.425636,15.0,66.6,64.9,BW SUVARNA,9305159,9V9562,Tanker,under way using engine,228,36,11.0,,A,false
645112222,2020-07-25T10:12:00,-20.252452,57.639049,3.7,354.0,359.0,FV NARASIMHA,,3BFS1,Fishing,under way using engine,18,5,2.0,,A,false
645113333,2020-07-25T10:12:00,-20.270336,57.896280,1.9,249.0,259.0,FV SHENANDOAH,,3BFS2,Fishing,under way using engine,15,4,1.8,,A,false
645101010,2020-07-25T10:12:00,-19.669614,57.968280,12.2,8.0,11.9,MAURITIUS PRIDE,,3BCP1,Other,under way using engine,60,10,3.0,,A,false
372711000,2020-07-25T10:14:00,-20.567712,57.461762,11.1,243.5,247.9,MV WAKASHIO,9337119,3FYL2,Cargo,under way using engine,300,50,14.5,ballast,A,true
645112222,2020-07-25T10:14:00,-20.247581,57.638679,3.8,358.0,3.0,FV NARASIMHA,,3BFS1,Fishing,under way using engine,18,5,2.0,,A,false
645113333,2020-07-25T10:14:00,-20.271573,57.894311,2.0,251.7,261.7,FV SHENANDOAH,,3BFS2,Fishing,under way using engine,15,4,1.8,,A,false
645101010,2020-07-25T10:14:00,-19.662939,57.969529,12.2,8.0,12.0,MAURITIUS PRIDE,,3BCP1,Other,under way using engine,60,10,3.0,,A,false
636015860,2020-07-25T10:15:00,-20.290816,58.189810,8.8,101.9,98.0,STANFORD HAWK,8814937,V7IM9,Tug,under way using engine,42,12,4.5,,A,false
645136000,2020-07-25T10:15:00,-20.359604,57.644168,4.8,350.6,352.0,TRESTA STAR,8606572,3BRQ,Tanker,under way using engine,55,14,3.8,,A,false
477553400,2020-07-25T10:15:00,-20.658706,57.764818,14.2,218.4,220.5,NORD COURAGE,9384726,VRMT9,Cargo,under way using engine,180,30,11.5,,A,false
566878000,2020-07-25T10:15:00,-20.022730,59.437694,15.1,66.8,65.5,BW SUVARNA,9305159,9V9562,Tanker,under way using engine,228,36,11.0,,A,false
372711000,2020-07-25T10:16:00,-20.570318,57.455792,11.1,244.2,247.6,MV WAKASHIO,9337119,3FYL2,Cargo,under way using engine,300,50,14.5,ballast,A,true
538005998,2020-07-25T10:16:00,-20.841463,58.034047,12.7,219.7,218.1,BOKA EXPEDITION,9479094,V7GE8,Other,under way using engine,94,20,5.5,,A,false
645112222,2020-07-25T10:16:00,-20.242696,57.638700,3.8,2.0,7.0,FV NARASIMHA,,3BFS1,Fishing,under way using engine,18,5,2.0,,A,false
645113333,2020-07-25T10:16:00,-20.272710,57.892260,2.1,254.4,264.4,FV SHENANDOAH,,3BFS2,Fishing,under way using engine,15,4,1.8,,A,false
645101010,2020-07-25T10:16:00,-19.656264,57.970779,12.2,8.1,11.9,MAURITIUS PRIDE,,3BCP1,Other,under way using engine,60,10,3.0,,A,false
372711000,2020-07-25T10:18:00,-20.572924,57.449823,11.1,244.9,247.2,MV WAKASHIO,9337119,3FYL2,Cargo,under way using engine,300,50,14.5,ballast,A,true
636015860,2020-07-25T10:18:00,-20.292090,58.197510,8.8,101.7,98.0,STANFORD HAWK,8814937,V7IM9,Tug,under way using engine,42,12,4.5,,A,false
477553400,2020-07-25T10:18:00,-20.667771,57.756688,14.2,218.7,220.0,NORD COURAGE,9384726,VRMT9,Cargo,under way using engine,180,30,11.5,,A,false
566878000,2020-07-25T10:18:00,-20.017413,59.449832,15.1,67.0,66.0,BW SUVARNA,9305159,9V9562,Tanker,under way using engine,228,36,11.0,,A,false
645112222,2020-07-25T10:18:00,-20.237831,57.639111,3.9,6.0,11.0,FV NARASIMHA,,3BFS1,Fishing,under way using engine,18,5,2.0,,A,false
645113333,2020-07-25T10:18:00,-20.273741,57.890132,2.2,257.1,267.1,FV SHENANDOAH,,3BFS2,Fishing,under way using engine,15,4,1.8,,A,false
645101010,2020-07-25T10:18:00,-19.649589,57.972029,12.3,8.3,11.7,MAURITIUS PRIDE,,3BCP1,Other,under way using engine,60,10,3.0,,A,false
372711000,2020-07-25T10:20:00,-20.575530,57.443853,11.1,245.6,246.5,MV WAKASHIO,9337119,3FYL2,Cargo,under way using engine,300,50,14.5,ballast,A,true
538005998,2020-07-25T10:20:00,-20.852273,58.024341,12.7,220.2,218.0,BOKA EXPEDITION,9479094,V7GE8,Other,under way using engine,94,20,5.5,,A,false
645136000,2020-07-25T10:20:00,-20.353038,57.642933,4.8,351.0,352.0,TRESTA STAR,8606572,3BRQ,Tanker,under way using engine,55,14,3.8,,A,false
645112222,2020-07-25T10:20:00,-20.233020,57.639909,3.9,10.0,15.0,FV NARASIMHA,,3BFS1,Fishing,under way using engine,18,5,2.0,,A,false
645113333,2020-07-25T10:20:00,-20.274660,57.887933,2.3,259.8,269.8,FV SHENANDOAH,,3BFS2,Fishing,under way using engine,15,4,1.8,,A,false
645101010,2020-07-25T10:20:00,-19.642860,57.973289,12.3,8.6,11.4,MAURITIUS PRIDE,,3BCP1,Other,under way using engine,60,10,3.0,,A,false
636015860,2020-07-25T10:21:00,-20.293363,58.205210,8.8,101.4,98.2,STANFORD HAWK,8814937,V7IM9,Tug,under way using engine,42,12,4.5,,A,false
477553400,2020-07-25T10:21:00,-20.676836,57.748559,14.2,219.1,219.5,NORD COURAGE,9384726,VRMT9,Cargo,under way using engine,180,30,11.5,,A,false
566878000,2020-07-25T10:21:00,-20.012095,59.461969,15.1,67.0,66.4,BW SUVARNA,9305159,9V9562,Tanker,under way using engine,228,36,11.0,,A,false
372711000,2020-07-25T10:22:00,-20.578136,57.437884,11.1,246.3,245.8,MV WAKASHIO,9337119,3FYL2,Cargo,under way using engine,300,50,14.5,ballast,A,true
645112222,2020-07-25T10:22:00,-20.228297,57.641087,3.9,14.0,19.0,FV NARASIMHA,,3BFS1,Fishing,under way using engine,18,5,2.0,,A,false
645113333,2020-07-25T10:22:00,-20.275462,57.885670,2.4,262.5,272.5,FV SHENANDOAH,,3BFS2,Fishing,under way using engine,15,4,1.8,,A,false
645101010,2020-07-25T10:22:00,-19.636130,57.974549,12.3,9.0,10.9,MAURITIUS PRIDE,,3BCP1,Other,under way using engine,60,10,3.0,,A,false
372711000,2020-07-25T10:24:00,-20.580742,57.431914,11.1,246.9,245.0,MV WAKASHIO,9337119,3FYL2,Cargo,under way using engine,300,50,14.5,ballast,A,true
636015860,2020-07-25T10:24:00,-20.294637,58.212909,8.9,101.0,98.5,STANFORD HAWK,8814937,V7IM9,Tug,under way using engine,42,12,4.5,,A,false
538005998,2020-07-25T10:24:00,-20.863082,58.014635,12.7,220.7,218.1,BOKA EXPEDITION,9479094,V7GE8,Other,under way using engine,94,20,5.5,,A,false
477553400,2020-07-25T10:24:00,-20.685901,57.740429,14.2,219.6,219.0,NORD COURAGE,9384726,VRMT9,Cargo,under way using engine,180,30,11.5,,A,false
566878000,2020-07-25T10:24:00,-20.006777,59.474107,15.2,66.9,66.7,BW SUVARNA,9305159,9V9562,Tanker,under way using engine,228,36,11.0,,A,false
645112222,2020-07-25T10:24:00,-20.223693,57.642635,4.0,18.0,23.0,FV NARASIMHA,,3BFS1,Fishing,under way using engine,18,5,2.0,,A,false
645113333,2020-07-25T10:24:00,-20.276142,57.883349,2.5,265.2,275.2,FV SHENANDOAH,,3BFS2,Fishing,under way using engine,15,4,1.8,,A,false
645101010,2020-07-25T10:24:00,-19.629401,57.975809,12.3,9.5,10.4,MAURITIUS PRIDE,,3BCP1,Other,under way using engine,60,10,3.0,,A,false
645136000,2020-07-25T10:25:00,-20.346473,57.641698,4.8,351.4,351.8,TRESTA STAR,8606572,3BRQ,Tanker,under way using engine,55,14,3.8,,A,false
372711000,2020-07-25T10:26:00,-20.583348,57.425944,11.1,247.4,244.2,MV WAKASHIO,9337119,3FYL2,Cargo,under way using engine,300,50,14.5,ballast,A,true
645112222,2020-07-25T10:26:00,-20.219242,57.644540,4.0,22.0,27.0,FV NARASIMHA,,3BFS1,Fishing,under way using engine,18,5,2.0,,A,false
645113333,2020-07-25T10:26:00,-20.276697,57.880978,2.6,267.9,277.9,FV SHENANDOAH,,3BFS2,Fishing,under way using engine,15,4,1.8,,A,false
645101010,2020-07-25T10:26:00,-19.622671,57.977069,12.3,10.0,9.9,MAURITIUS PRIDE,,3BCP1,Other,under way using engine,60,10,3.0,,A,false
636015860,2020-07-25T10:27:00,-20.295925,58.220697,8.9,100.6,98.9,STANFORD HAWK,8814937,V7IM9,Tug,under way using engine,42,12,4.5,,A,false
477553400,2020-07-25T10:27:00,-20.694965,57.732298,14.2,220.1,218.6,NORD COURAGE,9384726,VRMT9,Cargo,under way using engine,180,30,11.5,,A,false
566878000,2020-07-25T10:27:00,-20.001423,59.486324,15.2,66.7,66.9,BW SUVARNA,9305159,9V9562,Tanker,under way using engine,228,36,11.0,,A,false
372711000,2020-07-25T10:28:00,-20.585955,57.419974,11.2,247.8,243.5,MV WAKASHIO,9337119,3FYL2,Cargo,under way using engine,300,50,14.5,ballast,A,true
538005998,2020-07-25T10:28:00,-20.873892,58.004928,12.6,221.1,218.3,BOKA EXPEDITION,9479094,V7GE8,Other,under way using engine,94,20,5.5,,A,false
645112222,2020-07-25T10:28:00,-20.214972,57.646786,4.0,26.0,31.0,FV NARASIMHA,,3BFS1,Fishing,under way using engine,18,5,2.0,,A,false
645113333,2020-07-25T10:28:00,-20.277121,57.878565,2.6,270.6,280.6,FV SHENANDOAH,,3BFS2,Fishing,under way using engine,15,4,1.8,,A,false
645101010,2020-07-25T10:28:00,-19.615942,57.978328,12.3,10.5,9.3,MAURITIUS PRIDE,,3BCP1,Other,under way using engine,60,10,3.0,,A,false
372711000,2020-07-25T10:30:00,-20.588584,57.413950,11.2,248.0,242.8,MV WAKASHIO,9337119,3FYL2,Cargo,under way using engine,300,50,14.5,ballast,A,true
636015860,2020-07-25T10:30:00,-20.297213,58.228484,8.9,100.1,99.4,STANFORD HAWK,8814937,V7IM9,Tug,under way using engine,42,12,4.5,,A,false
645136000,2020-07-25T10:30:00,-20.339908,57.640464,4.8,351.7,351.5,TRESTA STAR,8606572,3BRQ,Tanker,under way using engine,55,14,3.8,,A,false
477553400,2020-07-25T10:30:00,-20.704030,57.724168,14.2,220.6,218.2,NORD COURAGE,9384726,VRMT9,Cargo,under way using engine,180,30,11.5,,A,false
566878000,2020-07-25T10:30:00,-19.996070,59.498540,15.2,66.4,67.0,BW SUVARNA,9305159,9V9562,Tanker,under way using engine,228,36,11.0,,A,false
645112222,2020-07-25T10:30:00,-20.210912,57.649355,4.0,30.0,35.0,FV NARASIMHA,,3BFS1,Fishing,under way using engine,18,5,2.0,,A,false
645113333,2020-07-25T10:30:00,-20.277413,57.876117,2.7,273.3,283.3,FV SHENANDOAH,,3BFS2,Fishing,under way using engine,15,4,1.8,,A,false
645101010,2020-07-25T10:30:00,-19.609212,57.979588,12.3,10.9,8.9,MAURITIUS PRIDE,,3BCP1,Other,under way using engine,60,10,3.0,,A,false
372711000,2020-07-25T10:32:00,-20.591214,57.407926,11.2,248.0,242.4,MV WAKASHIO,9337119,3FYL2,Cargo,under way using engine,300,50,14.5,ballast,A,true
538005998,2020-07-25T10:32:00,-20.884617,57.995297,12.6,221.5,218.6,BOKA EXPEDITION,9479094,V7GE8,Other,under way using engine,94,20,5.5,,A,false
645112222,2020-07-25T10:32:00,-20.207089,57.652226,4.0,34.0,39.0,FV NARASIMHA,,3BFS1,Fishing,under way using engine,18,5,2.0,,A,false
645113333,2020-07-25T10:32:00,-20.277568,57.873642,2.8,276.0,286.0,FV SHENANDOAH,,3BFS2,Fishing,under way using engine,15,4,1.8,,A,false
645101010,2020-07-25T10:32:00,-19.602483,57.980848,12.3,11.3,8.5,MAURITIUS PRIDE,,3BCP1,Other,under way using engine,60,10,3.0,,A,false
636015860,2020-07-25T10:33:00,-20.298500,58.236272,9.0,99.6,99.9,STANFORD HAWK,8814937,V7IM9,Tug,under way using engine,42,12,4.5,,A,false
477553400,2020-07-25T10:33:00,-20.713095,57.716036,14.3,221.0,218.0,NORD COURAGE,9384726,VRMT9,Cargo,under way using engine,180,30,11.5,,A,false
566878000,2020-07-25T10:33:00,-19.990717,59.510757,15.3,66.0,66.9,BW SUVARNA,9305159,9V9562,Tanker,under way using engine,228,36,11.0,,A,false
372711000,2020-07-25T10:34:00,-20.593843,57.401902,11.3,247.8,242.1,MV WAKASHIO,9337119,3FYL2,Cargo,under way using engine,300,50,14.5,ballast,A,true
645112222,2020-07-25T10:34:00,-20.203526,57.655375,4.0,38.0,43.0,FV NARASIMHA,,3BFS1,Fishing,under way using engine,18,5,2.0,,A,false
645113333,2020-07-25T10:34:00,-20.277585,57.871149,2.8,278.7,288.7,FV SHENANDOAH,,3BFS2,Fishing,under way using engine,15,4,1.8,,A,false
645101010,2020-07-25T10:34:00,-19.595753,57.982107,12.3,11.6,8.2,MAURITIUS PRIDE,,3BCP1,Other,under way using engine,60,10,3.0,,A,false
645136000,2020-07-25T10:35:00,-20.333342,57.639229,4.7,351.9,351.0,TRESTA STAR,8606572,3BRQ,Tanker,under way using engine,55,14,3.8,,A,false
372711000,2020-07-25T10:36:00,-20.596497,57.395824,11.3,247.5,242.0,MV WAKASHIO,9337119,3FYL2,Cargo,under way using engine,300,50,14.5,ballast,A,true
636015860,2020-07-25T10:36:00,-20.299803,58.244147,9.0,99.1,100.5,STANFORD HAWK,8814937,V7IM9,Tug,under way using engine,42,12,4.5,,A,false
538005998,2020-07-25T10:36:00,-20.895341,57.985665,12.6,221.8,219.0,BOKA EXPEDITION,9479094,V7GE8,Other,under way using engine,94,20,5.5,,A,false
477553400,2020-07-25T10:36:00,-20.722224,57.707847,14.3,221.4,218.0,NORD COURAGE,9384726,VRMT9,Cargo,under way using engine,180,30,11.5,,A,false
566878000,2020-07-25T10:36:00,-19.985329,59.523053,15.3,65.6,66.7,BW SUVARNA,9305159,9V9562,Tanker,under way using engine,228,36,11.0,,A,false
645112222,2020-07-25T10:36:00,-20.200245,57.658777,4.0,42.0,47.0,FV NARASIMHA,,3BFS1,Fishing,under way using engine,18,5,2.0,,A,false
645113333,2020-07-25T10:36:00,-20.277462,57.868646,2.9,281.4,291.4,FV SHENANDOAH,,3BFS2,Fishing,under way using engine,15,4,1.8,,A,false
645101010,2020-07-25T10:36:00,-19.589024,57.983367,12.2,11.9,8.0,MAURITIUS PRIDE,,3BCP1,Other,under way using engine,60,10,3.0,,A,false
372711000,2020-07-25T10:38:00,-20.599150,57.389746,11.4,247.0,242.2,MV WAKASHIO,9337119,3FYL2,Cargo,under way using engine,300,50,14.5,ballast,A,true
645112222,2020-07-25T10:38:00,-20.197265,57.662406,3.9,46.0,51.0,FV NARASIMHA,,3BFS1,Fishing,under way using engine,18,5,2.0,,A,false
645113333,2020-07-25T10:38:00,-20.277198,57.866143,2.9,284.1,294.1,FV SHENANDOAH,,3BFS2,Fishing,under way using engine,15,4,1.8,,A,false
645101010,2020-07-25T10:38:00,-19.582349,57.984616,12.2,12.0,8.0,MAURITIUS PRIDE,,3BCP1,Other,under way using engine,60,10,3.0,,A,false
636015860,2020-07-25T10:39:00,-20.301105,58.252022,9.1,98.7,101.0,STANFORD HAWK,8814937,V7IM9,Tug,under way using engine,42,12,4.5,,A,false
477553400,2020-07-25T10:39:00,-20.731353,57.699657,14.3,221.7,218.1,NORD COURAGE,9384726,VRMT9,Cargo,under way using engine,180,30,11.5,,A,false
566878000,2020-07-25T10:39:00,-19.979940,59.535349,15.3,65.1,66.4,BW SUVARNA,9305159,9V9562,Tanker,under way using engine,228,36,11.0,,A,false
372711000,2020-07-25T10:40:00,-20.601826,57.383614,11.4,246.4,242.5,MV WAKASHIO,9337119,3FYL2,Cargo,under way using engine,300,50,14.5,ballast,A,true
538005998,2020-07-25T10:40:00,-20.906066,57.976033,12.5,221.9,219.5,BOKA EXPEDITION,9479094,V7GE8,Other,under way using engine,94,20,5.5,,A,false
645136000,2020-07-25T10:40:00,-20.326914,57.638020,4.7,352.0,350.5,TRESTA STAR,8606572,3BRQ,Tanker,under way using engine,55,14,3.8,,A,false
645112222,2020-07-25T10:40:00,-20.194603,57.666232,3.9,50.0,55.0,FV NARASIMHA,,3BFS1,Fishing,under way using engine,18,5,2.0,,A,false
645113333,2020-07-25T10:40:00,-20.276793,57.863647,2.9,286.8,296.8,FV SHENANDOAH,,3BFS2,Fishing,under way using engine,15,4,1.8,,A,false
645101010,2020-07-25T10:40:00,-19.575674,57.985865,12.2,12.0,8.1,MAURITIUS PRIDE,,3BCP1,Other,under way using engine,60,10,3.0,,A,false
372711000,2020-07-25T10:42:00,-20.604503,57.377482,11.5,245.7,243.0,MV WAKASHIO,9337119,3FYL2,Cargo,under way using engine,300,50,14.5,ballast,A,true
636015860,2020-07-25T10:42:00,-20.302422,58.259985,9.1,98.4,101.4,STANFORD HAWK,8814937,V7IM9,Tug,under way using engine,42,12,4.5,,A,false
477553400,2020-07-25T10:42:00,-20.740481,57.691467,14.4,221.9,218.3,NORD COURAGE,9384726,VRMT9,Cargo,under way using engine,180,30,11.5,,A,false
566878000,2020-07-25T10:42:00,-19.974552,59.547644,15.3,64.6,65.9,BW SUVARNA,9305159,9V9562,Tanker,under way using engine,228,36,11.0,,A,false
645112222,2020-07-25T10:42:00,-20.192271,57.670226,3.9,54.0,59.0,FV NARASIMHA,,3BFS1,Fishing,under way using engine,18,5,2.0,,A,false
645113333,2020-07-25T10:42:00,-20.276246,57.861168,3.0,289.5,299.5,FV SHENANDOAH,,3BFS2,Fishing,under way using engine,15,4,1.8,,A,false
645101010,2020-07-25T10:42:00,-19.568999,57.987114,12.1,11.9,8.4,MAURITIUS PRIDE,,3BCP1,Other,under way using engine,60,10,3.0,,A,false
372711000,2020-07-25T10:44:00,-20.607203,57.371296,11.6,245.0,243.7,MV WAKASHIO,9337119,3FYL2,Cargo,under way using engine,300,50,14.5,ballast,A,true
538005998,2020-07-25T10:44:00,-20.916706,57.966476,12.5,222.0,220.1,BOKA EXPEDITION,9479094,V7GE8,Other,under way using engine,94,20,5.5,,A,false
645112222,2020-07-25T10:44:00,-20.190280,57.674357,3.8,58.0,63.0,FV NARASIMHA,,3BFS1,Fishing,under way using engine,18,5,2.0,,A,false
645113333,2020-07-25T10:44:00,-20.275558,57.858715,3.0,292.2,302.2,FV SHENANDOAH,,3BFS2,Fishing,under way using engine,15,4,1.8,,A,false
645101010,2020-07-25T10:44:00,-19.562379,57.988353,12.1,11.6,8.8,MAURITIUS PRIDE,,3BCP1,Other,under way using engine,60,10,3.0,,A,false
636015860,2020-07-25T10:45:00,-20.303739,58.267948,9.1,98.2,101.7,STANFORD HAWK,8814937,V7IM9,Tug,under way using engine,42,12,4.5,,A,false
645136000,2020-07-25T10:45:00,-20.320485,57.636811,4.7,352.0,350.0,TRESTA STAR,8606572,3BRQ,Tanker,under way using engine,55,14,3.8,,A,false
477553400,2020-07-25T10:45:00,-20.749674,57.683219,14.4,222.0,218.7,NORD COURAGE,9384726,VRMT9,Cargo,under way using engine,180,30,11.5,,A,false
566878000,2020-07-25T10:45:00,-19.969164,59.559939,15.3,64.2,65.4,BW SUVARNA,9305159,9V9562,Tanker,under way using engine,228,36,11.0,,A,false
372711000,2020-07-25T10:46:00,-20.609926,57.365056,11.6,244.3,244.5,MV WAKASHIO,9337119,3FYL2,Cargo,under way using engine,300,50,14.5,ballast,A,true
645112222,2020-07-25T10:46:00,-20.188638,57.678594,3.8,62.0,67.0,FV NARASIMHA,,3BFS1,Fishing,under way using engine,18,5,2.0,,A,false
645113333,2020-07-25T10:46:00,-20.274731,57.856296,3.0,294.9,304.9,FV SHENANDOAH,,3BFS2,Fishing,under way using engine,15,4,1.8,,A,false
645101010,2020-07-25T10:46:00,-19.555759,57.989592,12.1,11.3,9.3,MAURITIUS PRIDE,,3BCP1,Other,under way using engine,60,10,3.0,,A,false
372711000,2020-07-25T10:48:00,-20.612650,57.358816,11.7,243.6,245.3,MV WAKASHIO,9337119,3FYL2,Cargo,under way using engine,300,50,14.5,ballast,A,true
636015860,2020-07-25T10:48:00,-20.305056,58.275911,9.2,98.0,101.9,STANFORD HAWK,8814937,V7IM9,Tug,under way using engine,42,12,4.5,,A,false
538005998,2020-07-25T10:48:00,-20.927345,57.956918,12.4,221.9,220.6,BOKA EXPEDITION,9479094,V7GE8,Other,under way using engine,94,20,5.5,,A,false
477553400,2020-07-25T10:48:00,-20.758866,57.674971,14.4,222.0,219.1,NORD COURAGE,9384726,VRMT9,Cargo,under way using engine,180,30,11.5,,A,false
566878000,2020-07-25T10:48:00,-19.963775,59.572234,15.3,63.7,64.9,BW SUVARNA,9305159,9V9562,Tanker,under way using engine,228,36,11.0,,A,false
645112222,2020-07-25T10:48:00,-20.187348,57.682906,3.7,66.0,71.0,FV NARASIMHA,,3BFS1,Fishing,under way using engine,18,5,2.0,,A,false
645113333,2020-07-25T10:48:00,-20.273766,57.853921,3.0,297.6,307.6,FV SHENANDOAH,,3BFS2,Fishing,under way using engine,15,4,1.8,,A,false
645101010,2020-07-25T10:48:00,-19.549139,57.990831,12.0,10.9,9.8,MAURITIUS PRIDE,,3BCP1,Other,under way using engine,60,10,3.0,,A,false
372711000,2020-07-25T10:50:00,-20.615397,57.352522,11.7,243.0,246.1,MV WAKASHIO,9337119,3FYL2,Cargo,under way using engine,300,50,14.5,ballast,A,true
645136000,2020-07-25T10:50:00,-20.314056,57.635603,4.7,351.8,349.5,TRESTA STAR,8606572,3BRQ,Tanker,under way using engine,55,14,3.8,,A,false
645112222,2020-07-25T10:50:00,-20.186413,57.687262,3.7,70.0,75.0,FV NARASIMHA,,3BFS1,Fishing,under way using engine,18,5,2.0,,A,false
645113333,2020-07-25T10:50:00,-20.272667,57.851598,3.0,300.3,310.3,FV SHENANDOAH,,3BFS2,Fishing,under way using engine,15,4,1.8,,A,false
645101010,2020-07-25T10:50:00,-19.542573,57.992059,12.0,10.4,10.3,MAURITIUS PRIDE,,3BCP1,Other,under way using engine,60,10,3.0,,A,false
636015860,2020-07-25T10:51:00,-20.306387,58.283961,9.2,98.0,102.0,STANFORD HAWK,8814937,V7IM9,Tug,under way using engine,42,12,4.5,,A,false
477553400,2020-07-25T10:51:00,-20.768059,57.666722,14.5,221.8,219.7,NORD COURAGE,9384726,VRMT9,Cargo,under way using engine,180,30,11.5,,A,false
566878000,2020-07-25T10:51:00,-19.958387,59.584528,15.3,63.4,64.3,BW SUVARNA,9305159,9V9562,Tanker,under way using engine,228,36,11.0,,A,false
372711000,2020-07-25T10:52:00,-20.618144,57.346228,11.8,242.5,246.8,MV WAKASHIO,9337119,3FYL2,Cargo,under way using engine,300,50,14.5,ballast,A,true
538005998,2020-07-25T10:52:00,-20.937899,57.947437,12.4,221.8,221.1,BOKA EXPEDITION,9479094,V7GE8,Other,under way using engine,94,20,5.5,,A,false
645112222,2020-07-25T10:52:00,-20.185830,57.691630,3.6,74.0,79.0,FV NARASIMHA,,3BFS1,Fishing,under way using engine,18,5,2.0,,A,false
645113333,2020-07-25T10:52:00,-20.271436,57.849335,3.0,303.0,313.0,FV SHENANDOAH,,3BFS2,Fishing,under way using engine,15,4,1.8,,A,false
645101010,2020-07-25T10:52:00,-19.536008,57.993288,11.9,10.0,10.8,MAURITIUS PRIDE,,3BCP1,Other,under way using engine,60,10,3.0,,A,false
372711000,2020-07-25T10:54:00,-20.620914,57.339880,11.8,242.2,247.4,MV WAKASHIO,9337119,3FYL2,Cargo,under way using engine,300,50,14.5,ballast,A,true
636015860,2020-07-25T10:54:00,-20.307718,58.292012,9.2,98.1,101.9,STANFORD HAWK,8814937,V7IM9,Tug,under way using engine,42,12,4.5,,A,false
477553400,2020-07-25T10:54:00,-20.777315,57.658415,14.5,221.6,220.2,NORD COURAGE,9384726,VRMT9,Cargo,under way using engine,180,30,11.5,,A,false
566878000,2020-07-25T10:54:00,-19.952998,59.596822,15.3,63.2,63.9,BW SUVARNA,9305159,9V9562,Tanker,under way using engine,228,36,11.0,,A,false
645112222,2020-07-25T10:54:00,-20.185596,57.695980,3.5,78.0,83.0,FV NARASIMHA,,3BFS1,Fishing,under way using engine,18,5,2.0,,A,false
645113333,2020-07-25T10:54:00,-20.270077,57.847141,2.9,305.7,315.7,FV SHENANDOAH,,3BFS2,Fishing,under way using engine,15,4,1.8,,A,false
645101010,2020-07-25T10:54:00,-19.529497,57.994506,11.9,9.5,11.3,MAURITIUS PRIDE,,3BCP1,Other,under way using engine,60,10,3.0,,A,false
645136000,2020-07-25T10:55:00,-20.307628,57.634394,4.7,351.6,349.0,TRESTA STAR,8606572,3BRQ,Tanker,under way using engine,55,14,3.8,,A,false
372711000,2020-07-25T10:56:00,-20.623685,57.333532,11.8,242.0,247.8,MV WAKASHIO,9337119,3FYL2,Cargo,under way using engine,300,50,14.5,ballast,A,true
538005998,2020-07-25T10:56:00,-20.948454,57.937955,12.4,221.5,221.5,BOKA EXPEDITION,9479094,V7GE8,Other,under way using engine,94,20,5.5,,A,false
645112222,2020-07-25T10:56:00,-20.185702,57.700283,3.5,82.0,87.0,FV NARASIMHA,,3BFS1,Fishing,under way using engine,18,5,2.0,,A,false
645113333,2020-07-25T10:56:00,-20.268594,57.845024,2.9,308.4,318.4,FV SHENANDOAH,,3BFS2,Fishing,under way using engine,15,4,1.8,,A,false
645101010,2020-07-25T10:56:00,-19.522987,57.995724,11.9,9.0,11.7,MAURITIUS PRIDE,,3BCP1,Other,under way using engine,60,10,3.0,,A,false
636015860,2020-07-25T10:57:00,-20.309050,58.300062,9.3,98.3,101.7,STANFORD HAWK,8814937,V7IM9,Tug,under way using engine,42,12,4.5,,A,false
477553400,2020-07-25T10:57:00,-20.786572,57.650107,14.6,221.2,220.7,NORD COURAGE,9384726,VRMT9,Cargo,under way using engine,180,30,11.5,,A,false
566878000,2020-07-25T10:57:00,-19.947610,59.609115,15.3,63.0,63.5,BW SUVARNA,9305159,9V9562,Tanker,under way using engine,228,36,11.0,,A,false
372711000,2020-07-25T10:58:00,-20.626455,57.327183,11.9,242.0,248.0,MV WAKASHIO,9337119,3FYL2,Cargo,under way using engine,300,50,14.5,ballast,A,true
645112222,2020-07-25T10:58:00,-20.186140,57.704511,3.4,86.0,91.0,FV NARASIMHA,,3BFS1,Fishing,under way using engine,18,5,2.0,,A,false
645113333,2020-07-25T10:58:00,-20.266992,57.842992,2.9,311.1,321.1,FV SHENANDOAH,,3BFS2,Fishing,under way using engine,15,4,1.8,,A,false
645101010,2020-07-25T10:58:00,-19.516476,57.996942,11.8,8.6,11.9,MAURITIUS PRIDE,,3BCP1,Other,under way using engine,60,10,3.0,,A,false
636015860,2020-07-25T11:00:00,-20.310395,58.308200,9.3,98.6,101.4,STANFORD HAWK,8814937,V7IM9,Tug,under way using engine,42,12,4.5,,A,false
538005998,2020-07-25T11:00:00,-20.959008,57.928472,12.3,221.1,221.8,BOKA EXPEDITION,9479094,V7GE8,Other,under way using engine,94,20,5.5,,A,false
645136000,2020-07-25T11:00:00,-20.301199,57.633185,4.7,351.2,348.6,TRESTA STAR,8606572,3BRQ,Tanker,under way using engine,55,14,3.8,,A,false
477553400,2020-07-25T11:00:00,-20.795892,57.641742,14.6,220.8,221.2,NORD COURAGE,9384726,VRMT9,Cargo,under way using engine,180,30,11.5,,A,false
566878000,2020-07-25T11:00:00,-19.942222,59.621408,15.2,63.0,63.2,BW SUVARNA,9305159,9V9562,Tanker,under way using engine,228,36,11.0,,A,false
645113333,2020-07-25T11:00:00,-20.265277,57.841051,2.8,313.8,323.8,FV SHENANDOAH,,3BFS2,Fishing,under way using engine,15,4,1.8,,A,false
645101010,2020-07-25T11:00:00,-19.510020,57.998150,11.8,8.3,12.0,MAURITIUS PRIDE,,3BCP1,Other,under way using engine,60,10,3.0,,A,false
645113333,2020-07-25T11:02:00,-20.263455,57.839209,2.8,316.5,326.5,FV SHENANDOAH,,3BFS2,Fishing,under way using engine,15,4,1.8,,A,false
645101010,2020-07-25T11:02:00,-19.503564,57.999357,11.8,8.1,12.0,MAURITIUS PRIDE,,3BCP1,Other,under way using engine,60,10,3.0,,A,false
636015860,2020-07-25T11:03:00,-20.311741,58.316339,9.3,99.0,100.9,STANFORD HAWK,8814937,V7IM9,Tug,under way using engine,42,12,4.5,,A,false
477553400,2020-07-25T11:03:00,-20.805212,57.633377,14.6,220.3,221.6,NORD COURAGE,9384726,VRMT9,Cargo,under way using engine,180,30,11.5,,A,false
566878000,2020-07-25T11:03:00,-19.936869,59.633621,15.2,63.1,63.0,BW SUVARNA,9305159,9V9562,Tanker,under way using engine,228,36,11.0,,A,false
538005998,2020-07-25T11:04:00,-20.969478,57.919064,12.3,220.7,222.0,BOKA EXPEDITION,9479094,V7GE8,Other,under way using engine,94,20,5.5,,A,false
645113333,2020-07-25T11:04:00,-20.261532,57.837473,2.7,319.2,329.2,FV SHENANDOAH,,3BFS2,Fishing,under way using engine,15,4,1.8,,A,false
645101010,2020-07-25T11:04:00,-19.497108,58.000565,11.7,8.0,11.8,MAURITIUS PRIDE,,3BCP1,Other,under way using engine,60,10,3.0,,A,false
645136000,2020-07-25T11:05:00,-20.294771,57.631977,4.7,350.8,348.2,TRESTA STAR,8606572,3BRQ,Tanker,under way using engine,55,14,3.8,,A,false
636015860,2020-07-25T11:06:00,-20.313087,58.324477,9.3,99.5,100.4,STANFORD HAWK,8814937,V7IM9,Tug,under way using engine,42,12,4.5,,A,false
477553400,2020-07-25T11:06:00,-20.814532,57.625011,14.7,219.8,221.8,NORD COURAGE,9384726,VRMT9,Cargo,under way using engine,180,30,11.5,,A,false
566878000,2020-07-25T11:06:00,-19.931515,59.645832,15.2,63.3,63.0,BW SUVARNA,9305159,9V9562,Tanker,under way using engine,228,36,11.0,,A,false
645113333,2020-07-25T11:06:00,-20.259514,57.835848,2.6,321.9,331.9,FV SHENANDOAH,,3BFS2,Fishing,under way using engine,15,4,1.8,,A,false
645101010,2020-07-25T11:06:00,-19.490707,58.001763,11.7,8.0,11.5,MAURITIUS PRIDE,,3BCP1,Other,under way using engine,60,10,3.0,,A,false
538005998,2020-07-25T11:08:00,-20.979947,57.909657,12.3,220.2,222.0,BOKA EXPEDITION,9479094,V7GE8,Other,under way using engine,94,20,5.5,,A,false
645113333,2020-07-25T11:08:00,-20.257409,57.834340,2.6,324.6,334.6,FV SHENANDOAH,,3BFS2,Fishing,under way using engine,15,4,1.8,,A,false
645101010,2020-07-25T11:08:00,-19.484306,58.002960,11.7,8.2,11.0,MAURITIUS PRIDE,,3BCP1,Other,under way using engine,60,10,3.0,,A,false
636015860,2020-07-25T11:09:00,-20.314433,58.332615,9.3,100.0,99.9,STANFORD HAWK,8814937,V7IM9,Tug,under way using engine,42,12,4.5,,A,false
477553400,2020-07-25T11:09:00,-20.823916,57.616587,14.7,219.4,222.0,NORD COURAGE,9384726,VRMT9,Cargo,under way using engine,180,30,11.5,,A,false
566878000,2020-07-25T11:09:00,-19.926162,59.658044,15.1,63.6,63.1,BW SUVARNA,9305159,9V9562,Tanker,under way using engine,228,36,11.0,,A,false
645136000,2020-07-25T11:10:00,-20.288342,57.630768,4.7,350.3,348.1,TRESTA STAR,8606572,3BRQ,Tanker,under way using engine,55,14,3.8,,A,false
645101010,2020-07-25T11:10:00,-19.477904,58.004157,11.7,8.4,10.5,MAURITIUS PRIDE,,3BCP1,Other,under way using engine,60,10,3.0,,A,false
636015860,2020-07-25T11:12:00,-20.315778,58.340754,9.3,100.5,99.3,STANFORD HAWK,8814937,V7IM9,Tug,under way using engine,42,12,4.5,,A,false
538005998,2020-07-25T11:12:00,-20.990416,57.900248,12.2,219.7,221.9,BOKA EXPEDITION,9479094,V7GE8,Other,under way using engine,94,20,5.5,,A,false
477553400,2020-07-25T11:12:00,-20.833300,57.608162,14.7,218.9,222.0,NORD COURAGE,9384726,VRMT9,Cargo,under way using engine,180,30,11.5,,A,false
566878000,2020-07-25T11:12:00,-19.920844,59.670174,15.1,64.0,63.4,BW SUVARNA,9305159,9V9562,Tanker,under way using engine,228,36,11.0,,A,false
645101010,2020-07-25T11:12:00,-19.471503,58.005354,11.7,8.7,10.0,MAURITIUS PRIDE,,3BCP1,Other,under way using engine,60,10,3.0,,A,false
645101010,2020-07-25T11:14:00,-19.465102,58.006552,11.7,9.1,9.5,MAURITIUS PRIDE,,3BCP1,Other,under way using engine,60,10,3.0,,A,false
636015860,2020-07-25T11:15:00,-20.317124,58.348892,9.3,100.9,98.9,STANFORD HAWK,8814937,V7IM9,Tug,under way using engine,42,12,4.5,,A,false
645136000,2020-07-25T11:15:00,-20.281913,57.629560,4.8,349.8,348.0,TRESTA STAR,8606572,3BRQ,Tanker,under way using engine,55,14,3.8,,A,false
477553400,2020-07-25T11:15:00,-20.842684,57.599737,14.8,218.6,221.8,NORD COURAGE,9384726,VRMT9,Cargo,under way using engine,180,30,11.5,,A,false
566878000,2020-07-25T11:15:00,-19.915526,59.682304,15.1,64.5,63.8,BW SUVARNA,9305159,9V9562,Tanker,under way using engine,228,36,11.0,,A,false
538005998,2020-07-25T11:16:00,-21.000800,57.890915,12.2,219.3,221.6,BOKA EXPEDITION,9479094,V7GE8,Other,under way using engine,94,20,5.5,,A,false
645101010,2020-07-25T11:16:00,-19.458701,58.007749,11.7,9.6,9.0,MAURITIUS PRIDE,,3BCP1,Other,under way using engine,60,10,3.0,,A,false
636015860,2020-07-25T11:18:00,-20.318470,58.357031,9.3,101.3,98.5,STANFORD HAWK,8814937,V7IM9,Tug,under way using engine,42,12,4.5,,A,false
477553400,2020-07-25T11:18:00,-20.852132,57.591255,14.8,218.3,221.5,NORD COURAGE,9384726,VRMT9,Cargo,under way using engine,180,30,11.5,,A,false
566878000,2020-07-25T11:18:00,-19.910208,59.694434,15.0,65.0,64.3,BW SUVARNA,9305159,9V9562,Tanker,under way using engine,228,36,11.0,,A,false
645101010,2020-07-25T11:18:00,-19.452299,58.008946,11.7,10.1,8.6,MAURITIUS PRIDE,,3BCP1,Other,under way using engine,60,10,3.0,,A,false
538005998,2020-07-25T11:20:00,-21.011184,57.881582,12.2,218.8,221.3,BOKA EXPEDITION,9479094,V7GE8,Other,under way using engine,94,20,5.5,,A,false
645136000,2020-07-25T11:20:00,-20.275348,57.628325,4.8,349.3,348.1,TRESTA STAR,8606572,3BRQ,Tanker,under way using engine,55,14,3.8,,A,false
645101010,2020-07-25T11:20:00,-19.445898,58.010143,11.7,10.6,8.2,MAURITIUS PRIDE,,3BCP1,Other,under way using engine,60,10,3.0,,A,false
636015860,2020-07-25T11:21:00,-20.319816,58.365170,9.3,101.6,98.2,STANFORD HAWK,8814937,V7IM9,Tug,under way using engine,42,12,4.5,,A,false
477553400,2020-07-25T11:21:00,-20.861580,57.582771,14.8,218.1,221.1,NORD COURAGE,9384726,VRMT9,Cargo,under way using engine,180,30,11.5,,A,false
566878000,2020-07-25T11:21:00,-19.904926,59.706483,15.0,65.4,64.8,BW SUVARNA,9305159,9V9562,Tanker,under way using engine,228,36,11.0,,A,false
645101010,2020-07-25T11:22:00,-19.439497,58.011340,11.8,11.0,8.0,MAURITIUS PRIDE,,3BCP1,Other,under way using engine,60,10,3.0,,A,false
636015860,2020-07-25T11:24:00,-20.321161,58.373308,9.2,101.9,98.0,STANFORD HAWK,8814937,V7IM9,Tug,under way using engine,42,12,4.5,,A,false
538005998,2020-07-25T11:24:00,-21.021569,57.872248,12.2,218.5,220.8,BOKA EXPEDITION,9479094,V7GE8,Other,under way using engine,94,20,5.5,,A,false
477553400,2020-07-25T11:24:00,-20.871028,57.574287,14.8,218.0,220.7,NORD COURAGE,9384726,VRMT9,Cargo,under way using engine,180,30,11.5,,A,false
566878000,2020-07-25T11:24:00,-19.899643,59.718532,14.9,65.9,65.3,BW SUVARNA,9305159,9V9562,Tanker,under way using engine,228,36,11.0,,A,false
645101010,2020-07-25T11:24:00,-19.433041,58.012547,11.8,11.4,8.0,MAURITIUS PRIDE,,3BCP1,Other,under way using engine,60,10,3.0,,A,false
645136000,2020-07-25T11:25:00,-20.268783,57.627091,4.8,348.9,348.3,TRESTA STAR,8606572,3BRQ,Tanker,under way using engine,55,14,3.8,,A,false
645101010,2020-07-25T11:26:00,-19.426585,58.013754,11.8,11.7,8.1,MAURITIUS PRIDE,,3BCP1,Other,under way using engine,60,10,3.0,,A,false
636015860,2020-07-25T11:27:00,-20.322493,58.381360,9.2,102.0,98.0,STANFORD HAWK,8814937,V7IM9,Tug,under way using engine,42,12,4.5,,A,false
477553400,2020-07-25T11:27:00,-20.880476,57.565803,14.8,218.0,220.1,NORD COURAGE,9384726,VRMT9,Cargo,under way using engine,180,30,11.5,,A,false
566878000,2020-07-25T11:27:00,-19.894395,59.730500,14.9,66.3,65.8,BW SUVARNA,9305159,9V9562,Tanker,under way using engine,228,36,11.0,,A,false
538005998,2020-07-25T11:28:00,-21.031953,57.862914,12.2,218.2,220.3,BOKA EXPEDITION,9479094,V7GE8,Other,under way using engine,94,20,5.5,,A,false
645101010,2020-07-25T11:28:00,-19.420129,58.014961,11.9,11.9,8.3,MAURITIUS PRIDE,,3BCP1,Other,under way using engine,60,10,3.0,,A,false
636015860,2020-07-25T11:30:00,-20.323824,58.389411,9.2,102.0,98.1,STANFORD HAWK,8814937,V7IM9,Tug,under way using engine,42,12,4.5,,A,false
645136000,2020-07-25T11:30:00,-20.262217,57.625857,4.8,348.5,348.7,TRESTA STAR,8606572,3BRQ,Tanker,under way using engine,55,14,3.8,,A,false
477553400,2020-07-25T11:30:00,-20.889924,57.557318,14.8,218.2,219.6,NORD COURAGE,9384726,VRMT9,Cargo,under way using engine,180,30,11.5,,A,false
566878000,2020-07-25T11:30:00,-19.889148,59.742467,14.9,66.6,66.3,BW SUVARNA,9305159,9V9562,Tanker,under way using engine,228,36,11.0,,A,false
645101010,2020-07-25T11:30:00,-19.413618,58.016178,11.9,12.0,8.7,MAURITIUS PRIDE,,3BCP1,Other,under way using engine,60,10,3.0,,A,false
538005998,2020-07-25T11:32:00,-21.042337,57.853578,12.2,218.0,219.7,BOKA EXPEDITION,9479094,V7GE8,Other,under way using engine,94,20,5.5,,A,false
645101010,2020-07-25T11:32:00,-19.407108,58.017396,11.9,12.0,9.1,MAURITIUS PRIDE,,3BCP1,Other,under way using engine,60,10,3.0,,A,false
636015860,2020-07-25T11:33:00,-20.325155,58.397462,9.1,101.9,98.4,STANFORD HAWK,8814937,V7IM9,Tug,under way using engine,42,12,4.5,,A,false
477553400,2020-07-25T11:33:00,-20.899372,57.548832,14.8,218.5,219.1,NORD COURAGE,9384726,VRMT9,Cargo,under way using engine,180,30,11.5,,A,false
566878000,2020-07-25T11:33:00,-19.883900,59.754435,14.8,66.9,66.7,BW SUVARNA,9305159,9V9562,Tanker,under way using engine,228,36,11.0,,A,false
645101010,2020-07-25T11:34:00,-19.400597,58.018613,12.0,11.8,9.7,MAURITIUS PRIDE,,3BCP1,Other,under way using engine,60,10,3.0,,A,false
645136000,2020-07-25T11:35:00,-20.255652,57.624623,4.9,348.3,349.1,TRESTA STAR,8606572,3BRQ,Tanker,under way using engine,55,14,3.8,,A,false
636015860,2020-07-25T11:36:00,-20.326472,58.405426,9.1,101.6,98.8,STANFORD HAWK,8814937,V7IM9,Tug,under way using engine,42,12,4.5,,A,false
538005998,2020-07-25T11:36:00,-21.052721,57.844242,12.2,218.0,219.2,BOKA EXPEDITION,9479094,V7GE8,Other,under way using engine,94,20,5.5,,A,false
477553400,2020-07-25T11:36:00,-20.908820,57.540346,14.8,218.8,218.7,NORD COURAGE,9384726,VRMT9,Cargo,under way using engine,180,30,11.5,,A,false
566878000,2020-07-25T11:36:00,-19.878688,59.766321,14.8,67.0,66.9,BW SUVARNA,9305159,9V9562,Tanker,under way using engine,228,36,11.0,,A,false
645101010,2020-07-25T11:36:00,-19.394032,58.019840,12.0,11.6,10.2,MAURITIUS PRIDE,,3BCP1,Other,under way using engine,60,10,3.0,,A,false
645101010,2020-07-25T11:38:00,-19.387466,58.021067,12.1,11.2,10.7,MAURITIUS PRIDE,,3BCP1,Other,under way using engine,60,10,3.0,,A,false
636015860,2020-07-25T11:39:00,-20.327789,58.413391,9.1,101.3,99.3,STANFORD HAWK,8814937,V7IM9,Tug,under way using engine,42,12,4.5,,A,false
477553400,2020-07-25T11:39:00,-20.918267,57.531860,14.8,219.3,218.3,NORD COURAGE,9384726,VRMT9,Cargo,under way using engine,180,30,11.5,,A,false
566878000,2020-07-25T11:39:00,-19.873476,59.778207,14.8,67.0,67.0,BW SUVARNA,9305159,9V9562,Tanker,under way using engine,228,36,11.0,,A,false
538005998,2020-07-25T11:40:00,-21.063105,57.834906,12.2,218.1,218.8,BOKA EXPEDITION,9479094,V7GE8,Other,under way using engine,94,20,5.5,,A,false
645136000,2020-07-25T11:40:00,-20.248950,57.623364,4.9,348.1,349.7,TRESTA STAR,8606572,3BRQ,Tanker,under way using engine,55,14,3.8,,A,false
645101010,2020-07-25T11:40:00,-19.380846,58.022305,12.1,10.8,11.2,MAURITIUS PRIDE,,3BCP1,Other,under way using engine,60,10,3.0,,A,false
636015860,2020-07-25T11:42:00,-20.329106,58.421355,9.0,100.9,99.8,STANFORD HAWK,8814937,V7IM9,Tug,under way using engine,42,12,4.5,,A,false
477553400,2020-07-25T11:42:00,-20.927715,57.523373,14.7,219.7,218.1,NORD COURAGE,9384726,VRMT9,Cargo,under way using engine,180,30,11.5,,A,false
566878000,2020-07-25T11:42:00,-19.868264,59.790093,14.7,66.9,67.0,BW SUVARNA,9305159,9V9562,Tanker,under way using engine,228,36,11.0,,A,false
645101010,2020-07-25T11:42:00,-19.374226,58.023542,12.1,10.3,11.6,MAURITIUS PRIDE,,3BCP1,Other,under way using engine,60,10,3.0,,A,false
538005998,2020-07-25T11:44:00,-21.073489,57.825569,12.2,218.3,218.4,BOKA EXPEDITION,9479094,V7GE8,Other,under way using engine,94,20,5.5,,A,false
645101010,2020-07-25T11:44:00,-19.367606,58.024780,12.2,9.8,11.8,MAURITIUS PRIDE,,3BCP1,Other,under way using engine,60,10,3.0,,A,false
636015860,2020-07-25T11:45:00,-20.330408,58.429231,9.0,100.4,100.3,STANFORD HAWK,8814937,V7IM9,Tug,under way using engine,42,12,4.5,,A,false
645136000,2020-07-25T11:45:00,-20.242248,57.622104,5.0,348.0,350.2,TRESTA STAR,8606572,3BRQ,Tanker,under way using engine,55,14,3.8,,A,false
477553400,2020-07-25T11:45:00,-20.937099,57.514942,14.7,220.2,218.0,NORD COURAGE,9384726,VRMT9,Cargo,under way using engine,180,30,11.5,,A,false
566878000,2020-07-25T11:45:00,-19.863086,59.801898,14.7,66.6,66.8,BW SUVARNA,9305159,9V9562,Tanker,under way using engine,228,36,11.0,,A,false
645101010,2020-07-25T11:46:00,-19.360931,58.026027,12.2,9.4,12.0,MAURITIUS PRIDE,,3BCP1,Other,under way using engine,60,10,3.0,,A,false
636015860,2020-07-25T11:48:00,-20.331711,58.437108,8.9,100.0,100.8,STANFORD HAWK,8814937,V7IM9,Tug,under way using engine,42,12,4.5,,A,false
538005998,2020-07-25T11:48:00,-21.083874,57.816231,12.3,218.5,218.1,BOKA EXPEDITION,9479094,V7GE8,Other,under way using engine,94,20,5.5,,A,false
477553400,2020-07-25T11:48:00,-20.946483,57.506512,14.7,220.7,218.1,NORD COURAGE,9384726,VRMT9,Cargo,under way using engine,180,30,11.5,,A,false
566878000,2020-07-25T11:48:00,-19.857909,59.813702,14.7,66.3,66.5,BW SUVARNA,9305159,9V9562,Tanker,under way using engine,228,36,11.0,,A,false
645101010,2020-07-25T11:48:00,-19.354256,58.027275,12.2,8.9,12.0,MAURITIUS PRIDE,,3BCP1,Other,under way using engine,60,10,3.0,,A,false
645136000,2020-07-25T11:50:00,-20.235409,57.620819,5.0,348.0,350.7,TRESTA STAR,8606572,3BRQ,Tanker,under way using engine,55,14,3.8,,A,false
645101010,2020-07-25T11:50:00,-19.347581,58.028522,12.3,8.6,11.8,MAURITIUS PRIDE,,3BCP1,Other,under way using engine,60,10,3.0,,A,false
636015860,2020-07-25T11:51:00,-20.332999,58.444897,8.9,99.5,101.3,STANFORD HAWK,8814937,V7IM9,Tug,under way using engine,42,12,4.5,,A,false
477553400,2020-07-25T11:51:00,-20.955867,57.498080,14.6,221.1,218.3,NORD COURAGE,9384726,VRMT9,Cargo,under way using engine,180,30,11.5,,A,false
566878000,2020-07-25T11:51:00,-19.852732,59.825506,14.7,65.9,66.0,BW SUVARNA,9305159,9V9562,Tanker,under way using engine,228,36,11.0,,A,false
538005998,2020-07-25T11:52:00,-21.094343,57.806816,12.3,218.9,218.0,BOKA EXPEDITION,9479094,V7GE8,Other,under way using engine,94,20,5.5,,A,false
645101010,2020-07-25T11:52:00,-19.340852,58.029780,12.3,8.3,11.5,MAURITIUS PRIDE,,3BCP1,Other,under way using engine,60,10,3.0,,A,false
636015860,2020-07-25T11:54:00,-20.334286,58.452687,8.9,99.0,101.7,STANFORD HAWK,8814937,V7IM9,Tug,under way using engine,42,12,4.5,,A,false
477553400,2020-07-25T11:54:00,-20.965188,57.489706,14.6,221.5,218.6,NORD COURAGE,9384726,VRMT9,Cargo,under way using engine,180,30,11.5,,A,false
566878000,2020-07-25T11:54:00,-19.847555,59.837310,14.7,65.5,65.5,BW SUVARNA,9305159,9V9562,Tanker,under way using engine,228,36,11.0,,A,false
645101010,2020-07-25T11:54:00,-19.334122,58.031037,12.3,8.1,11.1,MAURITIUS PRIDE,,3BCP1,Other,under way using engine,60,10,3.0,,A,false
645136000,2020-07-25T11:55:00,-20.228570,57.619533,5.0,348.2,351.2,TRESTA STAR,8606572,3BRQ,Tanker,under way using engine,55,14,3.8,,A,false
538005998,2020-07-25T11:56:00,-21.104812,57.797400,12.3,219.4,218.0,BOKA EXPEDITION,9479094,V7GE8,Other,under way using engine,94,20,5.5,,A,false
645101010,2020-07-25T11:56:00,-19.327393,58.032295,12.3,8.0,10.7,MAURITIUS PRIDE,,3BCP1,Other,under way using engine,60,10,3.0,,A,false
636015860,2020-07-25T11:57:00,-20.335574,58.460476,8.8,98.6,101.9,STANFORD HAWK,8814937,V7IM9,Tug,under way using engine,42,12,4.5,,A,false
477553400,2020-07-25T11:57:00,-20.974508,57.481331,14.6,221.8,219.0,NORD COURAGE,9384726,VRMT9,Cargo,under way using engine,180,30,11.5,,A,false
566878000,2020-07-25T11:57:00,-19.842378,59.849113,14.7,65.0,65.0,BW SUVARNA,9305159,9V9562,Tanker,under way using engine,228,36,11.0,,A,false
645101010,2020-07-25T11:58:00,-19.320663,58.033552,12.3,8.0,10.1,MAURITIUS PRIDE,,3BCP1,Other,under way using engine,60,10,3.0,,A,false
636015860,2020-07-25T12:00:00,-20.336848,58.468178,8.8,98.3,102.0,STANFORD HAWK,8814937,V7IM9,Tug,under way using engine,42,12,4.5,,A,false
538005998,2020-07-25T12:00:00,-21.115281,57.787984,12.4,219.8,218.2,BOKA EXPEDITION,9479094,V7GE8,Other,under way using engine,94,20,5.5,,A,false
645136000,2020-07-25T12:00:00,-20.221731,57.618248,5.1,348.5,351.6,TRESTA STAR,8606572,3BRQ,Tanker,under way using engine,55,14,3.8,,A,false
477553400,2020-07-25T12:00:00,-20.983828,57.472955,14.5,221.9,219.5,NORD COURAGE,9384726,VRMT9,Cargo,under way using engine,180,30,11.5,,A,false
566878000,2020-07-25T12:00:00,-19.837201,59.860916,14.7,64.5,64.5,BW SUVARNA,9305159,9V9562,Tanker,under way using engine,228,36,11.0,,A,false
645101010,2020-07-25T12:00:00,-19.313934,58.034810,12.3,8.2,9.6,MAURITIUS PRIDE,,3BCP1,Other,under way using engine,60,10,3.0,,A,false
645101010,2020-07-25T12:02:00,-19.307204,58.036067,12.3,8.5,9.1,MAURITIUS PRIDE,,3BCP1,Other,under way using engine,60,10,3.0,,A,false
636015860,2020-07-25T12:03:00,-20.338121,58.475880,8.8,98.1,102.0,STANFORD HAWK,8814937,V7IM9,Tug,under way using engine,42,12,4.5,,A,false
477553400,2020-07-25T12:03:00,-20.993084,57.464637,14.5,222.0,220.1,NORD COURAGE,9384726,VRMT9,Cargo,under way using engine,180,30,11.5,,A,false
566878000,2020-07-25T12:03:00,-19.832024,59.872719,14.7,64.0,64.0,BW SUVARNA,9305159,9V9562,Tanker,under way using engine,228,36,11.0,,A,false
538005998,2020-07-25T12:04:00,-21.125836,57.778490,12.4,220.3,218.5,BOKA EXPEDITION,9479094,V7GE8,Other,under way using engine,94,20,5.5,,A,false
645101010,2020-07-25T12:04:00,-19.300475,58.037324,12.3,8.8,8.7,MAURITIUS PRIDE,,3BCP1,Other,under way using engine,60,10,3.0,,A,false
645136000,2020-07-25T12:05:00,-20.214755,57.616937,5.1,348.8,351.8,TRESTA STAR,8606572,3BRQ,Tanker,under way using engine,55,14,3.8,,A,false
636015860,2020-07-25T12:06:00,-20.339395,58.483582,8.7,98.0,101.8,STANFORD HAWK,8814937,V7IM9,Tug,under way using engine,42,12,4.5,,A,false
477553400,2020-07-25T12:06:00,-21.002341,57.456317,14.4,221.9,220.6,NORD COURAGE,9384726,VRMT9,Cargo,under way using engine,180,30,11.5,,A,false
566878000,2020-07-25T12:06:00,-19.826847,59.884521,14.7,63.7,63.6,BW SUVARNA,9305159,9V9562,Tanker,under way using engine,228,36,11.0,,A,false
645101010,2020-07-25T12:06:00,-19.293745,58.038582,12.3,9.3,8.3,MAURITIUS PRIDE,,3BCP1,Other,under way using engine,60,10,3.0,,A,false
538005998,2020-07-25T12:08:00,-21.136390,57.768996,12.4,220.8,218.9,BOKA EXPEDITION,9479094,V7GE8,Other,under way using engine,94,20,5.5,,A,false
645101010,2020-07-25T12:08:00,-19.287016,58.039839,12.2,9.7,8.1,MAURITIUS PRIDE,,3BCP1,Other,under way using engine,60,10,3.0,,A,false
636015860,2020-07-25T12:09:00,-20.340654,58.491197,8.7,98.0,101.5,STANFORD HAWK,8814937,V7IM9,Tug,under way using engine,42,12,4.5,,A,false
477553400,2020-07-25T12:09:00,-21.011533,57.448055,14.4,221.8,221.1,NORD COURAGE,9384726,VRMT9,Cargo,under way using engine,180,30,11.5,,A,false
566878000,2020-07-25T12:09:00,-19.821670,59.896323,14.8,63.3,63.2,BW SUVARNA,9305159,9V9562,Tanker,under way using engine,228,36,11.0,,A,false
645136000,2020-07-25T12:10:00,-20.207779,57.615627,5.2,349.3,352.0,TRESTA STAR,8606572,3BRQ,Tanker,under way using engine,55,14,3.8,,A,false
645101010,2020-07-25T12:10:00,-19.280341,58.041086,12.2,10.2,8.0,MAURITIUS PRIDE,,3BCP1,Other,under way using engine,60,10,3.0,,A,false
636015860,2020-07-25T12:12:00,-20.341912,58.498812,8.7,98.2,101.0,STANFORD HAWK,8814937,V7IM9,Tug,under way using engine,42,12,4.5,,A,false
538005998,2020-07-25T12:12:00,-21.146945,57.759501,12.5,221.2,219.4,BOKA EXPEDITION,9479094,V7GE8,Other,under way using engine,94,20,5.5,,A,false
477553400,2020-07-25T12:12:00,-21.020726,57.439792,14.4,221.5,221.5,NORD COURAGE,9384726,VRMT9,Cargo,under way using engine,180,30,11.5,,A,false
566878000,2020-07-25T12:12:00,-19.816458,59.908205,14.8,63.1,63.0,BW SUVARNA,9305159,9V9562,Tanker,under way using engine,228,36,11.0,,A,false
645101010,2020-07-25T12:12:00,-19.273666,58.042333,12.2,10.7,8.1,MAURITIUS PRIDE,,3BCP1,Other,under way using engine,60,10,3.0,,A,false
645101010,2020-07-25T12:14:00,-19.266991,58.043580,12.1,11.1,8.3,MAURITIUS PRIDE,,3BCP1,Other,under way using engine,60,10,3.0,,A,false
636015860,2020-07-25T12:15:00,-20.343171,58.506426,8.7,98.4,100.5,STANFORD HAWK,8814937,V7IM9,Tug,under way using engine,42,12,4.5,,A,false
645136000,2020-07-25T12:15:00,-20.200667,57.614290,5.2,349.7,352.0,TRESTA STAR,8606572,3BRQ,Tanker,under way using engine,55,14,3.8,,A,false
477553400,2020-07-25T12:15:00,-21.029918,57.431529,14.3,221.1,221.8,NORD COURAGE,9384726,VRMT9,Cargo,under way using engine,180,30,11.5,,A,false
566878000,2020-07-25T12:15:00,-19.811245,59.920086,14.8,63.0,63.0,BW SUVARNA,9305159,9V9562,Tanker,under way using engine,228,36,11.0,,A,false
538005998,2020-07-25T12:16:00,-21.157584,57.749929,12.5,221.6,219.9,BOKA EXPEDITION,9479094,V7GE8,Other,under way using engine,94,20,5.5,,A,false
645101010,2020-07-25T12:16:00,-19.260371,58.044816,12.1,11.5,8.6,MAURITIUS PRIDE,,3BCP1,Other,under way using engine,60,10,3.0,,A,false
636015860,2020-07-25T12:18:00,-20.344430,58.514041,8.7,98.7,100.0,STANFORD HAWK,8814937,V7IM9,Tug,under way using engine,42,12,4.5,,A,false
477553400,2020-07-25T12:18:00,-21.039047,57.423322,14.3,220.7,222.0,NORD COURAGE,9384726,VRMT9,Cargo,under way using engine,180,30,11.5,,A,false
566878000,2020-07-25T12:18:00,-19.806033,59.931967,14.9,63.0,63.1,BW SUVARNA,9305159,9V9562,Tanker,under way using engine,228,36,11.0,,A,false
645101010,2020-07-25T12:18:00,-19.253751,58.046053,12.1,11.8,9.0,MAURITIUS PRIDE,,3BCP1,Other,under way using engine,60,10,3.0,,A,false
538005998,2020-07-25T12:20:00,-21.168224,57.740356,12.6,221.8,220.5,BOKA EXPEDITION,9479094,V7GE8,Other,under way using engine,94,20,5.5,,A,false
645136000,2020-07-25T12:20:00,-20.193554,57.612954,5.2,350.2,351.8,TRESTA STAR,8606572,3BRQ,Tanker,under way using engine,55,14,3.8,,A,false
645101010,2020-07-25T12:20:00,-19.247131,58.047289,12.0,11.9,9.5,MAURITIUS PRIDE,,3BCP1,Other,under way using engine,60,10,3.0,,A,false
636015860,2020-07-25T12:21:00,-20.345689,58.521656,8.7,99.1,99.5,STANFORD HAWK,8814937,V7IM9,Tug,under way using engine,42,12,4.5,,A,false
477553400,2020-07-25T12:21:00,-21.048176,57.415115,14.3,220.2,222.0,NORD COURAGE,9384726,VRMT9,Cargo,under way using engine,180,30,11.5,,A,false
566878000,2020-07-25T12:21:00,-19.800785,59.943928,14.9,63.1,63.3,BW SUVARNA,9305159,9V9562,Tanker,under way using engine,228,36,11.0,,A,false
645101010,2020-07-25T12:22:00,-19.240566,58.048515,12.0,12.0,10.1,MAURITIUS PRIDE,,3BCP1,Other,under way using engine,60,10,3.0,,A,false
636015860,2020-07-25T12:24:00,-20.346948,58.529271,8.7,99.6,99.0,STANFORD HAWK,8814937,V7IM9,Tug,under way using engine,42,12,4.5,,A,false
538005998,2020-07-25T12:24:00,-21.178948,57.730705,12.6,222.0,221.0,BOKA EXPEDITION,9479094,V7GE8,Other,under way using engine,94,20,5.5,,A,false
477553400,2020-07-25T12:24:00,-21.057305,57.406908,14.2,219.7,221.9,NORD COURAGE,9384726,VRMT9,Cargo,under way using engine,180,30,11.5,,A,false
566878000,2020-07-25T12:24:00,-19.795538,59.955889,14.9,63.4,63.7,BW SUVARNA,9305159,9V9562,Tanker,under way using engine,228,36,11.0,,A,false
645101010,2020-07-25T12:24:00,-19.234000,58.049741,11.9,11.9,10.6,MAURITIUS PRIDE,,3BCP1,Other,under way using engine,60,10,3.0,,A,false
645136000,2020-07-25T12:25:00,-20.186442,57.611618,5.2,350.7,351.5,TRESTA STAR,8606572,3BRQ,Tanker,under way using engine,55,14,3.8,,A,false
645101010,2020-07-25T12:26:00,-19.227490,58.050957,11.9,11.8,11.1,MAURITIUS PRIDE,,3BCP1,Other,under way using engine,60,10,3.0,,A,false
636015860,2020-07-25T12:27:00,-20.348207,58.536886,8.7,100.1,98.6,STANFORD HAWK,8814937,V7IM9,Tug,under way using engine,42,12,4.5,,A,false
477553400,2020-07-25T12:27:00,-21.066369,57.398757,14.2,219.3,221.6,NORD COURAGE,9384726,VRMT9,Cargo,under way using engine,180,30,11.5,,A,false
566878000,2020-07-25T12:27:00,-19.790290,59.967849,15.0,63.7,64.1,BW SUVARNA,9305159,9V9562,Tanker,under way using engine,228,36,11.0,,A,false
538005998,2020-07-25T12:28:00,-21.189673,57.721055,12.6,222.0,221.4,BOKA EXPEDITION,9479094,V7GE8,Other,under way using engine,94,20,5.5,,A,false
645101010,2020-07-25T12:28:00,-19.220979,58.052173,11.9,11.5,11.5,MAURITIUS PRIDE,,3BCP1,Other,under way using engine,60,10,3.0,,A,false
636015860,2020-07-25T12:30:00,-20.349466,58.544501,8.7,100.6,98.2,STANFORD HAWK,8814937,V7IM9,Tug,under way using engine,42,12,4.5,,A,false
645136000,2020-07-25T12:30:00,-20.179329,57.610282,5.3,351.1,351.2,TRESTA STAR,8606572,3BRQ,Tanker,under way using engine,55,14,3.8,,A,false
477553400,2020-07-25T12:30:00,-21.075434,57.390606,14.2,218.8,221.3,NORD COURAGE,9384726,VRMT9,Cargo,under way using engine,180,30,11.5,,A,false
566878000,2020-07-25T12:30:00,-19.785008,59.979889,15.0,64.1,64.7,BW SUVARNA,9305159,9V9562,Tanker,under way using engine,228,36,11.0,,A,false
645101010,2020-07-25T12:30:00,-19.214468,58.053389,11.8,11.1,11.8,MAURITIUS PRIDE,,3BCP1,Other,under way using engine,60,10,3.0,,A,false
538005998,2020-07-25T12:32:00,-21.200397,57.711403,12.7,221.9,221.7,BOKA EXPEDITION,9479094,V7GE8,Other,under way using engine,94,20,5.5,,A,false
645101010,2020-07-25T12:32:00,-19.208012,58.054594,11.8,10.7,12.0,MAURITIUS PRIDE,,3BCP1,Other,under way using engine,60,10,3.0,,A,false
636015860,2020-07-25T12:33:00,-20.350725,58.552116,8.8,101.0,98.0,STANFORD HAWK,8814937,V7IM9,Tug,under way using engine,42,12,4.5,,A,false
477553400,2020-07-25T12:33:00,-21.084499,57.382454,14.2,218.5,220.8,NORD COURAGE,9384726,VRMT9,Cargo,under way using engine,180,30,11.5,,A,false
566878000,2020-07-25T12:33:00,-19.779725,59.991928,15.1,64.6,65.2,BW SUVARNA,9305159,9V9562,Tanker,under way using engine,228,36,11.0,,A,false
645101010,2020-07-25T12:34:00,-19.201556,58.055800,11.8,10.2,12.0,MAURITIUS PRIDE,,3BCP1,Other,under way using engine,60,10,3.0,,A,false
645136000,2020-07-25T12:35:00,-20.172080,57.608920,5.3,351.5,350.7,TRESTA STAR,8606572,3BRQ,Tanker,under way using engine,55,14,3.8,,A,false
636015860,2020-07-25T12:36:00,-20.351999,58.559819,8.8,101.4,98.0,STANFORD HAWK,8814937,V7IM9,Tug,under way using engine,42,12,4.5,,A,false
538005998,2020-07-25T12:36:00,-21.211207,57.701674,12.7,221.7,221.9,BOKA EXPEDITION,9479094,V7GE8,Other,under way using engine,94,20,5.5,,A,false
477553400,2020-07-25T12:36:00,-21.093564,57.374302,14.2,218.2,220.3,NORD COURAGE,9384726,VRMT9,Cargo,under way using engine,180,30,11.5,,A,false
566878000,2020-07-25T12:36:00,-19.774407,60.004048,15.1,65.1,65.7,BW SUVARNA,9305159,9V9562,Tanker,under way using engine,228,36,11.0,,A,false
645101010,2020-07-25T12:36:00,-19.195100,58.057005,11.7,9.7,11.9,MAURITIUS PRIDE,,3BCP1,Other,under way using engine,60,10,3.0,,A,false
645101010,2020-07-25T12:38:00,-19.188699,58.058200,11.7,9.3,11.6,MAURITIUS PRIDE,,3BCP1,Other,under way using engine,60,10,3.0,,A,false
636015860,2020-07-25T12:39:00,-20.353272,58.567522,8.8,101.7,98.1,STANFORD HAWK,8814937,V7IM9,Tug,under way using engine,42,12,4.5,,A,false
477553400,2020-07-25T12:39:00,-21.102629,57.366150,14.2,218.0,219.7,NORD COURAGE,9384726,VRMT9,Cargo,under way using engine,180,30,11.5,,A,false
566878000,2020-07-25T12:39:00,-19.769089,60.016167,15.1,65.6,66.2,BW SUVARNA,9305159,9V9562,Tanker,under way using engine,228,36,11.0,,A,false
538005998,2020-07-25T12:40:00,-21.222017,57.691944,12.7,221.4,222.0,BOKA EXPEDITION,9479094,V7GE8,Other,under way using engine,94,20,5.5,,A,false
645136000,2020-07-25T12:40:00,-20.164831,57.607558,5.3,351.8,350.1,TRESTA STAR,8606572,3BRQ,Tanker,under way using engine,55,14,3.8,,A,false
645101010,2020-07-25T12:40:00,-19.182298,58.059396,11.7,8.8,11.3,MAURITIUS PRIDE,,3BCP1,Other,under way using engine,60,10,3.0,,A,false
636015860,2020-07-25T12:42:00,-20.354545,58.575224,8.9,101.9,98.3,STANFORD HAWK,8814937,V7IM9,Tug,under way using engine,42,12,4.5,,A,false
477553400,2020-07-25T12:42:00,-21.111694,57.357997,14.2,218.0,219.2,NORD COURAGE,9384726,VRMT9,Cargo,under way using engine,180,30,11.5,,A,false
566878000,2020-07-25T12:42:00,-19.763771,60.028285,15.2,66.0,66.6,BW SUVARNA,9305159,9V9562,Tanker,under way using engine,228,36,11.0,,A,false
645101010,2020-07-25T12:42:00,-19.175897,58.060591,11.7,8.5,10.8,MAURITIUS PRIDE,,3BCP1,Other,under way using engine,60,10,3.0,,A,false
538005998,2020-07-25T12:44:00,-21.232827,57.682214,12.8,221.0,221.9,BOKA EXPEDITION,9479094,V7GE8,Other,under way using engine,94,20,5.5,,A,false
645101010,2020-07-25T12:44:00,-19.169495,58.061786,11.7,8.2,10.3,MAURITIUS PRIDE,,3BCP1,Other,under way using engine,60,10,3.0,,A,false
636015860,2020-07-25T12:45:00,-20.355833,58.583015,8.9,102.0,98.7,STANFORD HAWK,8814937,V7IM9,Tug,under way using engine,42,12,4.5,,A,false
645136000,2020-07-25T12:45:00,-20.157581,57.606196,5.3,351.9,349.6,TRESTA STAR,8606572,3BRQ,Tanker,under way using engine,55,14,3.8,,A,false
477553400,2020-07-25T12:45:00,-21.120759,57.349843,14.2,218.1,218.8,NORD COURAGE,9384726,VRMT9,Cargo,under way using engine,180,30,11.5,,A,false
566878000,2020-07-25T12:45:00,-19.758418,60.040484,15.2,66.4,66.9,BW SUVARNA,9305159,9V9562,Tanker,under way using engine,228,36,11.0,,A,false
645101010,2020-07-25T12:46:00,-19.163094,58.062981,11.7,8.0,9.7,MAURITIUS PRIDE,,3BCP1,Other,under way using engine,60,10,3.0,,A,false
636015860,2020-07-25T12:48:00,-20.357121,58.590805,8.9,102.0,99.1,STANFORD HAWK,8814937,V7IM9,Tug,under way using engine,42,12,4.5,,A,false
538005998,2020-07-25T12:48:00,-21.243721,57.672407,12.8,220.6,221.7,BOKA EXPEDITION,9479094,V7GE8,Other,under way using engine,94,20,5.5,,A,false
477553400,2020-07-25T12:48:00,-21.129823,57.341689,14.2,218.3,218.4,NORD COURAGE,9384726,VRMT9,Cargo,under way using engine,180,30,11.5,,A,false
566878000,2020-07-25T12:48:00,-19.753065,60.052682,15.2,66.7,67.0,BW SUVARNA,9305159,9V9562,Tanker,under way using engine,228,36,11.0,,A,false
645101010,2020-07-25T12:48:00,-19.156693,58.064176,11.7,8.0,9.2,MAURITIUS PRIDE,,3BCP1,Other,under way using engine,60,10,3.0,,A,false
645136000,2020-07-25T12:50:00,-20.150332,57.604835,5.3,352.0,349.1,TRESTA STAR,8606572,3BRQ,Tanker,under way using engine,55,14,3.8,,A,false
645101010,2020-07-25T12:50:00,-19.150292,58.065370,11.7,8.1,8.8,MAURITIUS PRIDE,,3BCP1,Other,under way using engine,60,10,3.0,,A,false
636015860,2020-07-25T12:51:00,-20.358409,58.598596,9.0,101.8,99.7,STANFORD HAWK,8814937,V7IM9,Tug,under way using engine,42,12,4.5,,A,false
477553400,2020-07-25T12:51:00,-21.138888,57.333534,14.3,218.5,218.1,NORD COURAGE,9384726,VRMT9,Cargo,under way using engine,180,30,11.5,,A,false
566878000,2020-07-25T12:51:00,-19.747712,60.064879,15.3,66.9,67.0,BW SUVARNA,9305159,9V9562,Tanker,under way using engine,228,36,11.0,,A,false
538005998,2020-07-25T12:52:00,-21.254616,57.662598,12.8,220.1,221.4,BOKA EXPEDITION,9479094,V7GE8,Other,under way using engine,94,20,5.5,,A,false
645101010,2020-07-25T12:52:00,-19.143890,58.066565,11.7,8.3,8.4,MAURITIUS PRIDE,,3BCP1,Other,under way using engine,60,10,3.0,,A,false
636015860,2020-07-25T12:54:00,-20.359711,58.606474,9.0,101.6,100.2,STANFORD HAWK,8814937,V7IM9,Tug,under way using engine,42,12,4.5,,A,false
477553400,2020-07-25T12:54:00,-21.148017,57.325322,14.3,218.9,218.0,NORD COURAGE,9384726,VRMT9,Cargo,under way using engine,180,30,11.5,,A,false
566878000,2020-07-25T12:54:00,-19.742323,60.077157,15.3,67.0,66.8,BW SUVARNA,9305159,9V9562,Tanker,under way using engine,228,36,11.0,,A,false
645101010,2020-07-25T12:54:00,-19.137489,58.067760,11.8,8.5,8.1,MAURITIUS PRIDE,,3BCP1,Other,under way using engine,60,10,3.0,,A,false
645136000,2020-07-25T12:55:00,-20.143083,57.603473,5.3,351.9,348.7,TRESTA STAR,8606572,3BRQ,Tanker,under way using engine,55,14,3.8,,A,false
538005998,2020-07-25T12:56:00,-21.265511,57.652789,12.8,219.6,220.9,BOKA EXPEDITION,9479094,V7GE8,Other,under way using engine,94,20,5.5,,A,false
645101010,2020-07-25T12:56:00,-19.131033,58.068965,11.8,8.9,8.0,MAURITIUS PRIDE,,3BCP1,Other,under way using engine,60,10,3.0,,A,false
636015860,2020-07-25T12:57:00,-20.361014,58.614352,9.1,101.2,100.7,STANFORD HAWK,8814937,V7IM9,Tug,under way using engine,42,12,4.5,,A,false
477553400,2020-07-25T12:57:00,-21.157146,57.317109,14.3,219.4,218.0,NORD COURAGE,9384726,VRMT9,Cargo,under way using engine,180,30,11.5,,A,false
566878000,2020-07-25T12:57:00,-19.736935,60.089434,15.3,67.0,66.5,BW SUVARNA,9305159,9V9562,Tanker,under way using engine,228,36,11.0,,A,false
645101010,2020-07-25T12:58:00,-19.124577,58.070170,11.8,9.4,8.0,MAURITIUS PRIDE,,3BCP1,Other,under way using engine,60,10,3.0,,A,false
636015860,2020-07-25T13:00:00,-20.362331,58.622318,9.1,100.8,101.2,STANFORD HAWK,8814937,V7IM9,Tug,under way using engine,42,12,4.5,,A,false
538005998,2020-07-25T13:00:00,-21.276406,57.642979,12.8,219.2,220.4,BOKA EXPEDITION,9479094,V7GE8,Other,under way using engine,94,20,5.5,,A,false
645136000,2020-07-25T13:00:00,-20.135834,57.602111,5.3,351.8,348.3,TRESTA STAR,8606572,3BRQ,Tanker,under way using engine,55,14,3.8,,A,false
477553400,2020-07-25T13:00:00,-21.166274,57.308895,14.4,219.8,218.2,NORD COURAGE,9384726,VRMT9,Cargo,under way using engine,180,30,11.5,,A,false
645101010,2020-07-25T13:00:00,-19.124577,58.070170,12.0,190.0,191.0,MAURITIUS PRIDE,,3BCP1,Other,under way using engine,60,10,3.0,,A,false
645101010,2020-07-25T13:02:00,-19.131142,58.068945,12.0,190.5,191.4,MAURITIUS PRIDE,,3BCP1,Other,under way using engine,60,10,3.0,,A,false
636015860,2020-07-25T13:03:00,-20.363647,58.630284,9.1,100.3,101.6,STANFORD HAWK,8814937,V7IM9,Tug,under way using engine,42,12,4.5,,A,false
477553400,2020-07-25T13:03:00,-21.175467,57.300624,14.4,220.3,218.5,NORD COURAGE,9384726,VRMT9,Cargo,under way using engine,180,30,11.5,,A,false
538005998,2020-07-25T13:04:00,-21.287301,57.633169,12.8,218.7,219.9,BOKA EXPEDITION,9479094,V7GE8,Other,under way using engine,94,20,5.5,,A,false
645101010,2020-07-25T13:04:00,-19.137708,58.067719,12.1,190.9,191.7,MAURITIUS PRIDE,,3BCP1,Other,under way using engine,60,10,3.0,,A,false
645136000,2020-07-25T13:05:00,-20.128584,57.600750,5.3,351.5,348.1,TRESTA STAR,8606572,3BRQ,Tanker,under way using engine,55,14,3.8,,A,false
636015860,2020-07-25T13:06:00,-20.364964,58.638250,9.2,99.8,101.8,STANFORD HAWK,8814937,V7IM9,Tug,under way using engine,42,12,4.5,,A,false
477553400,2020-07-25T13:06:00,-21.184659,57.292352,14.4,220.8,218.9,NORD COURAGE,9384726,VRMT9,Cargo,under way using engine,180,30,11.5,,A,false
645101010,2020-07-25T13:06:00,-19.144328,58.066484,12.1,191.3,191.9,MAURITIUS PRIDE,,3BCP1,Other,under way using engine,60,10,3.0,,A,false
538005998,2020-07-25T13:08:00,-21.298196,57.623357,12.8,218.4,219.3,BOKA EXPEDITION,9479094,V7GE8,Other,under way using engine,94,20,5.5,,A,false
645101010,2020-07-25T13:08:00,-19.150948,58.065248,12.2,191.7,192.0,MAURITIUS PRIDE,,3BCP1,Other,under way using engine,60,10,3.0,,A,false
636015860,2020-07-25T13:09:00,-20.366296,58.646304,9.2,99.4,102.0,STANFORD HAWK,8814937,V7IM9,Tug,under way using engine,42,12,4.5,,A,false
477553400,2020-07-25T13:09:00,-21.193852,57.284079,14.5,221.2,219.4,NORD COURAGE,9384726,VRMT9,Cargo,under way using engine,180,30,11.5,,A,false
645136000,2020-07-25T13:10:00,-20.121335,57.599389,5.2,351.1,348.0,TRESTA STAR,8606572,3BRQ,Tanker,under way using engine,55,14,3.8,,A,false
645101010,2020-07-25T13:10:00,-19.157623,58.064002,12.2,191.9,191.9,MAURITIUS PRIDE,,3BCP1,Other,under way using engine,60,10,3.0,,A,false
636015860,2020-07-25T13:12:00,-20.367627,58.654357,9.2,98.9,102.0,STANFORD HAWK,8814937,V7IM9,Tug,under way using engine,42,12,4.5,,A,false
538005998,2020-07-25T13:12:00,-21.309091,57.613545,12.8,218.2,218.9,BOKA EXPEDITION,9479094,V7GE8,Other,under way using engine,94,20,5.5,,A,false
477553400,2020-07-25T13:12:00,-21.203108,57.275749,14.5,221.6,219.9,NORD COURAGE,9384726,VRMT9,Cargo,under way using engine,180,30,11.5,,A,false
645101010,2020-07-25T13:12:00,-19.164298,58.062756,12.2,192.0,191.7,MAURITIUS PRIDE,,3BCP1,Other,under way using engine,60,10,3.0,,A,false
645101010,2020-07-25T13:14:00,-19.170972,58.061510,12.2,192.0,191.4,MAURITIUS PRIDE,,3BCP1,Other,under way using engine,60,10,3.0,,A,false
636015860,2020-07-25T13:15:00,-20.368958,58.662411,9.3,98.6,101.8,STANFORD HAWK,8814937,V7IM9,Tug,under way using engine,42,12,4.5,,A,false
645136000,2020-07-25T13:15:00,-20.114223,57.598053,5.2,350.7,348.1,TRESTA STAR,8606572,3BRQ,Tanker,under way using engine,55,14,3.8,,A,false
477553400,2020-07-25T13:15:00,-21.212365,57.267418,14.6,221.8,220.5,NORD COURAGE,9384726,VRMT9,Cargo,under way using engine,180,30,11.5,,A,false
538005998,2020-07-25T13:16:00,-21.319985,57.603733,12.8,218.0,218.5,BOKA EXPEDITION,9479094,V7GE8,Other,under way using engine,94,20,5.5,,A,false
645101010,2020-07-25T13:16:00,-19.177647,58.060264,12.3,191.9,190.9,MAURITIUS PRIDE,,3BCP1,Other,under way using engine,60,10,3.0,,A,false
636015860,2020-07-25T13:18:00,-20.370304,58.670552,9.3,98.3,101.5,STANFORD HAWK,8814937,V7IM9,Tug,under way using engine,42,12,4.5,,A,false
477553400,2020-07-25T13:18:00,-21.221685,57.259029,14.6,222.0,221.0,NORD COURAGE,9384726,VRMT9,Cargo,under way using engine,180,30,11.5,,A,false
645101010,2020-07-25T13:18:00,-19.184377,58.059008,12.3,191.6,190.4,MAURITIUS PRIDE,,3BCP1,Other,under way using engine,60,10,3.0,,A,false
538005998,2020-07-25T13:20:00,-21.330880,57.593919,12.7,218.0,218.2,BOKA EXPEDITION,9479094,V7GE8,Other,under way using engine,94,20,5.5,,A,false
645136000,2020-07-25T13:20:00,-20.107110,57.596717,5.2,350.2,348.3,TRESTA STAR,8606572,3BRQ,Tanker,under way using engine,55,14,3.8,,A,false
645101010,2020-07-25T13:20:00,-19.191106,58.057752,12.3,191.3,189.9,MAURITIUS PRIDE,,3BCP1,Other,under way using engine,60,10,3.0,,A,false
372711000,2020-07-25T13:20:09,-20.243190,58.104780,11.6,246.0,241.0,MV WAKASHIO,9337119,3FYL2,Cargo,under way using engine,300,50,14.5,ballast,A,true
636015860,2020-07-25T13:21:00,-20.371650,58.678694,9.3,98.1,101.1,STANFORD HAWK,8814937,V7IM9,Tug,under way using engine,42,12,4.5,,A,false
477553400,2020-07-25T13:21:00,-21.231005,57.250639,14.6,222.0,221.4,NORD COURAGE,9384726,VRMT9,Cargo,under way using engine,180,30,11.5,,A,false
372711000,2020-07-25T13:21:09.100000,-20.244549,58.101544,11.6,245.9,241.0,MV WAKASHIO,9337119,3FYL2,Cargo,under way using engine,300,50,14.5,ballast,A,true
645101010,2020-07-25T13:22:00,-19.197836,58.056495,12.3,190.9,189.3,MAURITIUS PRIDE,,3BCP1,Other,under way using engine,60,10,3.0,,A,false
372711000,2020-07-25T13:22:09.200000,-20.245908,58.098308,11.6,245.8,241.0,MV WAKASHIO,9337119,3FYL2,Cargo,under way using engine,300,50,14.5,ballast,A,true
372711000,2020-07-25T13:23:09.300000,-20.247267,58.095072,11.7,245.7,241.0,MV WAKASHIO,9337119,3FYL2,Cargo,under way using engine,300,50,14.5,ballast,A,true
636015860,2020-07-25T13:24:00,-20.372995,58.686835,9.3,98.0,100.7,STANFORD HAWK,8814937,V7IM9,Tug,under way using engine,42,12,4.5,,A,false
538005998,2020-07-25T13:24:00,-21.341690,57.584182,12.7,218.1,218.0,BOKA EXPEDITION,9479094,V7GE8,Other,under way using engine,94,20,5.5,,A,false
477553400,2020-07-25T13:24:00,-21.240325,57.242249,14.7,221.9,221.7,NORD COURAGE,9384726,VRMT9,Cargo,under way using engine,180,30,11.5,,A,false
645101010,2020-07-25T13:24:00,-19.204565,58.055239,12.3,190.4,188.9,MAURITIUS PRIDE,,3BCP1,Other,under way using engine,60,10,3.0,,A,false
372711000,2020-07-25T13:24:09.400000,-20.248626,58.091836,11.7,245.6,241.0,MV WAKASHIO,9337119,3FYL2,Cargo,under way using engine,300,50,14.5,ballast,A,true
645136000,2020-07-25T13:25:00,-20.099998,57.595382,5.1,349.7,348.6,TRESTA STAR,8606572,3BRQ,Tanker,under way using engine,55,14,3.8,,A,false
372711000,2020-07-25T13:25:09.500000,-20.249985,58.088600,11.7,245.5,241.0,MV WAKASHIO,9337119,3FYL2,Cargo,under way using engine,300,50,14.5,ballast,A,true
645101010,2020-07-25T13:26:00,-19.211295,58.053982,12.3,189.9,188.5,MAURITIUS PRIDE,,3BCP1,Other,under way using engine,60,10,3.0,,A,false
372711000,2020-07-25T13:26:09.600000,-20.251344,58.085364,11.7,245.4,241.0,MV WAKASHIO,9337119,3FYL2,Cargo,under way using engine,300,50,14.5,ballast,A,true
636015860,2020-07-25T13:27:00,-20.374341,58.694977,9.3,98.0,100.1,STANFORD HAWK,8814937,V7IM9,Tug,under way using engine,42,12,4.5,,A,false
477553400,2020-07-25T13:27:00,-21.249709,57.233801,14.7,221.7,221.9,NORD COURAGE,9384726,VRMT9,Cargo,under way using engine,180,30,11.5,,A,false
372711000,2020-07-25T13:27:09.700000,-20.252703,58.082128,11.7,245.3,241.0,MV WAKASHIO,9337119,3FYL2,Cargo,under way using engine,300,50,14.5,ballast,A,true
538005998,2020-07-25T13:28:00,-21.352500,57.574443,12.7,218.3,218.0,BOKA EXPEDITION,9479094,V7GE8,Other,under way using engine,94,20,5.5,,A,false
645101010,2020-07-25T13:28:00,-19.218024,58.052726,12.3,189.5,188.2,MAURITIUS PRIDE,,3BCP1,Other,under way using engine,60,10,3.0,,A,false
372711000,2020-07-25T13:28:09.800000,-20.254062,58.078892,11.8,245.2,241.0,MV WAKASHIO,9337119,3FYL2,Cargo,under way using engine,300,50,14.5,ballast,A,true
372711000,2020-07-25T13:29:09.900000,-20.255421,58.075656,11.8,245.1,241.0,MV WAKASHIO,9337119,3FYL2,Cargo,under way using engine,300,50,14.5,ballast,A,true
636015860,2020-07-25T13:30:00,-20.375687,58.703118,9.3,98.2,99.6,STANFORD HAWK,8814937,V7IM9,Tug,under way using engine,42,12,4.5,,A,false
645136000,2020-07-25T13:30:00,-20.093022,57.594072,5.1,349.2,349.0,TRESTA STAR,8606572,3BRQ,Tanker,under way using engine,55,14,3.8,,A,false
477553400,2020-07-25T13:30:00,-21.259093,57.225353,14.7,221.4,222.0,NORD COURAGE,9384726,VRMT9,Cargo,under way using engine,180,30,11.5,,A,false
645101010,2020-07-25T13:30:00,-19.224754,58.051469,12.3,189.0,188.0,MAURITIUS PRIDE,,3BCP1,Other,under way using engine,60,10,3.0,,A,false
372711000,2020-07-25T13:30:10,-20.256780,58.072420,11.8,245.0,241.0,MV WAKASHIO,9337119,3FYL2,Cargo,under way using engine,300,50,14.5,ballast,A,true
372711000,2020-07-25T13:31:10.200000,-20.258085,58.069297,11.8,245.1,241.0,MV WAKASHIO,9337119,3FYL2,Cargo,under way using engine,300,50,14.5,ballast,A,true
538005998,2020-07-25T13:32:00,-21.363310,57.564705,12.6,218.6,218.1,BOKA EXPEDITION,9479094,V7GE8,Other,under way using engine,94,20,5.5,,A,false
645101010,2020-07-25T13:32:00,-19.231483,58.050212,12.2,188.6,188.0,MAURITIUS PRIDE,,3BCP1,Other,under way using engine,60,10,3.0,,A,false
372711000,2020-07-25T13:32:10.400000,-20.259390,58.066174,11.7,245.2,241.0,MV WAKASHIO,9337119,3FYL2,Cargo,under way using engine,300,50,14.5,ballast,A,true
636015860,2020-07-25T13:33:00,-20.377033,58.711260,9.3,98.5,99.1,STANFORD HAWK,8814937,V7IM9,Tug,under way using engine,42,12,4.5,,A,false
477553400,2020-07-25T13:33:00,-21.268477,57.216904,14.8,221.0,221.9,NORD COURAGE,9384726,VRMT9,Cargo,under way using engine,180,30,11.5,,A,false
372711000,2020-07-25T13:33:10.600000,-20.260695,58.063051,11.7,245.3,241.0,MV WAKASHIO,9337119,3FYL2,Cargo,under way using engine,300,50,14.5,ballast,A,true
645101010,2020-07-25T13:34:00,-19.238158,58.048966,12.2,188.3,188.1,MAURITIUS PRIDE,,3BCP1,Other,under way using engine,60,10,3.0,,A,false
372711000,2020-07-25T13:34:10.800000,-20.262000,58.059928,11.7,245.4,241.0,MV WAKASHIO,9337119,3FYL2,Cargo,under way using engine,300,50,14.5,ballast,A,true
645136000,2020-07-25T13:35:00,-20.086046,57.592762,5.1,348.8,349.5,TRESTA STAR,8606572,3BRQ,Tanker,under way using engine,55,14,3.8,,A,false
372711000,2020-07-25T13:35:11,-20.263305,58.056805,11.7,245.5,241.0,MV WAKASHIO,9337119,3FYL2,Cargo,under way using engine,300,50,14.5,ballast,A,true
636015860,2020-07-25T13:36:00,-20.378379,58.719402,9.3,98.8,98.7,STANFORD HAWK,8814937,V7IM9,Tug,under way using engine,42,12,4.5,,A,false
538005998,2020-07-25T13:36:00,-21.374034,57.555042,12.6,219.0,218.4,BOKA EXPEDITION,9479094,V7GE8,Other,under way using engine,94,20,5.5,,A,false
477553400,2020-07-25T13:36:00,-21.277925,57.208397,14.8,220.6,221.7,NORD COURAGE,9384726,VRMT9,Cargo,under way using engine,180,30,11.5,,A,false
645101010,2020-07-25T13:36:00,-19.244833,58.047719,12.2,188.1,188.4,MAURITIUS PRIDE,,3BCP1,Other,under way using engine,60,10,3.0,,A,false
372711000,2020-07-25T13:36:11.200000,-20.264610,58.053682,11.6,245.6,241.0,MV WAKASHIO,9337119,3FYL2,Cargo,under way using engine,300,50,14.5,ballast,A,true
372711000,2020-07-25T13:37:11.400000,-20.265915,58.050559,11.6,245.7,241.0,MV WAKASHIO,9337119,3FYL2,Cargo,under way using engine,300,50,14.5,ballast,A,true
645101010,2020-07-25T13:38:00,-19.251508,58.046473,12.2,188.0,188.8,MAURITIUS PRIDE,,3BCP1,Other,under way using engine,60,10,3.0,,A,false
372711000,2020-07-25T13:38:11.600000,-20.267220,58.047436,11.6,245.8,241.0,MV WAKASHIO,9337119,3FYL2,Cargo,under way using engine,300,50,14.5,ballast,A,true
636015860,2020-07-25T13:39:00,-20.379724,58.727544,9.3,99.3,98.3,STANFORD HAWK,8814937,V7IM9,Tug,under way using engine,42,12,4.5,,A,false
477553400,2020-07-25T13:39:00,-21.287373,57.199889,14.8,220.1,221.4,NORD COURAGE,9384726,VRMT9,Cargo,under way using engine,180,30,11.5,,A,false
372711000,2020-07-25T13:39:11.800000,-20.268525,58.044313,11.5,245.9,241.0,MV WAKASHIO,9337119,3FYL2,Cargo,under way using engine,300,50,14.5,ballast,A,true
538005998,2020-07-25T13:40:00,-21.384759,57.545378,12.6,219.5,218.8,BOKA EXPEDITION,9479094,V7GE8,Other,under way using engine,94,20,5.5,,A,false
645136000,2020-07-25T13:40:00,-20.079070,57.591453,5.0,348.5,350.1,TRESTA STAR,8606572,3BRQ,Tanker,under way using engine,55,14,3.8,,A,false
645101010,2020-07-25T13:40:00,-19.258183,58.045226,12.1,188.0,189.3,MAURITIUS PRIDE,,3BCP1,Other,under way using engine,60,10,3.0,,A,false
372711000,2020-07-25T13:40:12,-20.269830,58.041190,11.5,246.0,241.0,MV WAKASHIO,9337119,3FYL2,Cargo,under way using engine,300,50,14.5,ballast,A,true
372711000,2020-07-25T13:41:18.250000,-20.271351,58.037690,11.6,245.8,240.8,MV WAKASHIO,9337119,3FYL2,Cargo,under way using engine,300,50,14.5,ballast,A,true
636015860,2020-07-25T13:42:00,-20.381070,58.735686,9.2,99.7,98.1,STANFORD HAWK,8814937,V7IM9,Tug,under way using engine,42,12,4.5,,A,false
477553400,2020-07-25T13:42:00,-21.296821,57.191381,14.8,219.6,220.9,NORD COURAGE,9384726,VRMT9,Cargo,under way using engine,180,30,11.5,,A,false
645101010,2020-07-25T13:42:00,-19.264803,58.043989,12.1,188.2,189.8,MAURITIUS PRIDE,,3BCP1,Other,under way using engine,60,10,3.0,,A,false
372711000,2020-07-25T13:42:24.500000,-20.272872,58.034190,11.6,245.5,240.5,MV WAKASHIO,9337119,3FYL2,Cargo,under way using engine,300,50,14.5,ballast,A,true
372711000,2020-07-25T13:43:30.750000,-20.274394,58.030690,11.7,245.2,240.2,MV WAKASHIO,9337119,3FYL2,Cargo,under way using engine,300,50,14.5,ballast,A,true
538005998,2020-07-25T13:44:00,-21.395483,57.535713,12.5,220.0,219.3,BOKA EXPEDITION,9479094,V7GE8,Other,under way using engine,94,20,5.5,,A,false
645101010,2020-07-25T13:44:00,-19.271423,58.042753,12.0,188.4,190.3,MAURITIUS PRIDE,,3BCP1,Other,under way using engine,60,10,3.0,,A,false
372711000,2020-07-25T13:44:37,-20.275915,58.027190,11.8,245.0,240.0,MV WAKASHIO,9337119,3FYL2,Cargo,under way using engine,300,50,14.5,ballast,A,true
636015860,2020-07-25T13:45:00,-20.382401,58.743740,9.2,100.2,98.0,STANFORD HAWK,8814937,V7IM9,Tug,under way using engine,42,12,4.5,,A,false
645136000,2020-07-25T13:45:00,-20.072231,57.590169,5.0,348.2,350.6,TRESTA STAR,8606572,3BRQ,Tanker,under way using engine,55,14,3.8,,A,false
477553400,2020-07-25T13:45:00,-21.306269,57.182872,14.8,219.2,220.4,NORD COURAGE,9384726,VRMT9,Cargo,under way using engine,180,30,11.5,,A,false
372711000,2020-07-25T13:45:43.250000,-20.277436,58.023690,11.8,244.8,239.8,MV WAKASHIO,9337119,3FYL2,Cargo,under way using engine,300,50,14.5,ballast,A,true
645101010,2020-07-25T13:46:00,-19.277988,58.041527,12.0,188.8,190.8,MAURITIUS PRIDE,,3BCP1,Other,under way using engine,60,10,3.0,,A,false
372711000,2020-07-25T13:46:49.500000,-20.278958,58.020190,11.9,244.5,239.5,MV WAKASHIO,9337119,3FYL2,Cargo,under way using engine,300,50,14.5,ballast,A,true
372711000,2020-07-25T13:47:55.750000,-20.280479,58.016690,11.9,244.2,239.2,MV WAKASHIO,9337119,3FYL2,Cargo,under way using engine,300,50,14.5,ballast,A,true
636015860,2020-07-25T13:48:00,-20.383733,58.751794,9.2,100.7,98.1,STANFORD HAWK,8814937,V7IM9,Tug,under way using engine,42,12,4.5,,A,false
538005998,2020-07-25T13:48:00,-21.406123,57.526125,12.5,220.4,219.8,BOKA EXPEDITION,9479094,V7GE8,Other,under way using engine,94,20,5.5,,A,false
477553400,2020-07-25T13:48:00,-21.315717,57.174363,14.8,218.7,219.9,NORD COURAGE,9384726,VRMT9,Cargo,under way using engine,180,30,11.5,,A,false
645101010,2020-07-25T13:48:00,-19.284554,58.040300,12.0,189.2,191.3,MAURITIUS PRIDE,,3BCP1,Other,under way using engine,60,10,3.0,,A,false
372711000,2020-07-25T13:49:02,-20.282000,58.013190,12.0,244.0,239.0,MV WAKASHIO,9337119,3FYL2,Cargo,under way using engine,300,50,14.5,ballast,A,true
645136000,2020-07-25T13:50:00,-20.065393,57.588885,5.0,348.0,351.1,TRESTA STAR,8606572,3BRQ,Tanker,under way using engine,55,14,3.8,,A,false
645101010,2020-07-25T13:50:00,-19.291119,58.039074,11.9,189.6,191.7,MAURITIUS PRIDE,,3BCP1,Other,under way using engine,60,10,3.0,,A,false
372711000,2020-07-25T13:50:16.333333,-20.284027,58.009220,12.0,242.7,237.7,MV WAKASHIO,9337119,3FYL2,Cargo,under way using engine,300,50,14.5,ballast,A,true
636015860,2020-07-25T13:51:00,-20.385064,58.759849,9.1,101.1,98.3,STANFORD HAWK,8814937,V7IM9,Tug,under way using engine,42,12,4.5,,A,false
477553400,2020-07-25T13:51:00,-21.325165,57.165853,14.8,218.4,219.3,NORD COURAGE,9384726,VRMT9,Cargo,under way using engine,180,30,11.5,,A,false
372711000,2020-07-25T13:51:30.666667,-20.286053,58.005250,11.9,241.3,236.3,MV WAKASHIO,9337119,3FYL2,Cargo,under way using engine,300,50,14.5,ballast,A,true
538005998,2020-07-25T13:52:00,-21.416762,57.516536,12.4,220.9,220.3,BOKA EXPEDITION,9479094,V7GE8,Other,under way using engine,94,20,5.5,,A,false
645101010,2020-07-25T13:52:00,-19.297630,58.037857,11.9,190.1,191.9,MAURITIUS PRIDE,,3BCP1,Other,under way using engine,60,10,3.0,,A,false
372711000,2020-07-25T13:52:45,-20.288080,58.001280,11.9,240.0,235.0,MV WAKASHIO,9337119,3FYL2,Cargo,under way using engine,300,50,14.5,ballast,A,true
372711000,2020-07-25T13:53:51.125000,-20.289941,57.998061,11.9,239.6,235.0,MV WAKASHIO,9337119,3FYL2,Cargo,under way using engine,300,50,14.5,ballast,A,true
636015860,2020-07-25T13:54:00,-20.386381,58.767816,9.1,101.5,98.6,STANFORD HAWK,8814937,V7IM9,Tug,under way using engine,42,12,4.5,,A,false
477553400,2020-07-25T13:54:00,-21.334613,57.157342,14.8,218.2,218.9,NORD COURAGE,9384726,VRMT9,Cargo,under way using engine,180,30,11.5,,A,false
645101010,2020-07-25T13:54:00,-19.304140,58.036641,11.8,190.6,192.0,MAURITIUS PRIDE,,3BCP1,Other,under way using engine,60,10,3.0,,A,false
372711000,2020-07-25T13:54:57.250000,-20.291802,57.994843,11.8,239.2,235.0,MV WAKASHIO,9337119,3FYL2,Cargo,under way using engine,300,50,14.5,ballast,A,true
645136000,2020-07-25T13:55:00,-20.058554,57.587601,4.9,348.0,351.5,TRESTA STAR,8606572,3BRQ,Tanker,under way using engine,55,14,3.8,,A,false
538005998,2020-07-25T13:56:00,-21.427317,57.507023,12.4,221.3,220.8,BOKA EXPEDITION,9479094,V7GE8,Other,under way using engine,94,20,5.5,,A,false
645101010,2020-07-25T13:56:00,-19.310596,58.035435,11.8,191.0,192.0,MAURITIUS PRIDE,,3BCP1,Other,under way using engine,60,10,3.0,,A,false
372711000,2020-07-25T13:56:03.375000,-20.293664,57.991624,11.8,238.9,235.0,MV WAKASHIO,9337119,3FYL2,Cargo,under way using engine,300,50,14.5,ballast,A,true
636015860,2020-07-25T13:57:00,-20.387698,58.775783,9.1,101.8,99.0,STANFORD HAWK,8814937,V7IM9,Tug,under way using engine,42,12,4.5,,A,false
477553400,2020-07-25T13:57:00,-21.344060,57.148831,14.8,218.0,218.5,NORD COURAGE,9384726,VRMT9,Cargo,under way using engine,180,30,11.5,,A,false
372711000,2020-07-25T13:57:09.500000,-20.295525,57.988405,11.8,238.5,235.0,MV WAKASHIO,9337119,3FYL2,Cargo,under way using engine,300,50,14.5,ballast,A,true
645101010,2020-07-25T13:58:00,-19.317052,58.034229,11.8,191.4,191.8,MAURITIUS PRIDE,,3BCP1,Other,under way using engine,60,10,3.0,,A,false
372711000,2020-07-25T13:58:15.625000,-20.297386,57.985186,11.7,238.1,235.0,MV WAKASHIO,9337119,3FYL2,Cargo,under way using engine,300,50,14.5,ballast,A,true
372711000,2020-07-25T13:59:21.750000,-20.299247,57.981967,11.7,237.8,235.0,MV WAKASHIO,9337119,3FYL2,Cargo,under way using engine,300,50,14.5,ballast,A,true
538005998,2020-07-25T14:00:00,-21.437871,57.497509,12.4,221.6,221.3,BOKA EXPEDITION,9479094,V7GE8,Other,under way using engine,94,20,5.5,,A,false
645136000,2020-07-25T14:00:00,-20.051851,57.586343,4.9,348.1,351.8,TRESTA STAR,8606572,3BRQ,Tanker,under way using engine,55,14,3.8,,A,false
645101010,2020-07-25T14:00:00,-19.323508,58.033022,11.8,191.7,191.5,MAURITIUS PRIDE,,3BCP1,Other,under way using engine,60,10,3.0,,A,false
372711000,2020-07-25T14:00:27.875000,-20.301109,57.978749,11.6,237.4,235.0,MV WAKASHIO,9337119,3FYL2,Cargo,under way using engine,300,50,14.5,ballast,A,true
372711000,2020-07-25T14:01:34,-20.302970,57.975530,11.6,237.0,235.0,MV WAKASHIO,9337119,3FYL2,Cargo,under way using engine,300,50,14.5,ballast,A,true
645101010,2020-07-25T14:02:00,-19.329964,58.031816,11.7,191.9,191.0,MAURITIUS PRIDE,,3BCP1,Other,under way using engine,60,10,3.0,,A,false
372711000,2020-07-25T14:02:34.785714,-20.304691,57.972581,11.6,237.1,234.9,MV WAKASHIO,9337119,3FYL2,Cargo,under way using engine,300,50,14.5,ballast,A,true
372711000,2020-07-25T14:03:35.571429,-20.306411,57.969633,11.6,237.1,234.9,MV WAKASHIO,9337119,3FYL2,Cargo,under way using engine,300,50,14.5,ballast,A,true
538005998,2020-07-25T14:04:00,-21.448426,57.487995,12.3,221.9,221.7,BOKA EXPEDITION,9479094,V7GE8,Other,under way using engine,94,20,5.5,,A,false
645101010,2020-07-25T14:04:00,-19.336365,58.030620,11.7,192.0,190.5,MAURITIUS PRIDE,,3BCP1,Other,under way using engine,60,10,3.0,,A,false
372711000,2020-07-25T14:04:36.357143,-20.308132,57.966684,11.6,237.2,234.8,MV WAKASHIO,9337119,3FYL2,Cargo,under way using engine,300,50,14.5,ballast,A,true
645136000,2020-07-25T14:05:00,-20.045149,57.585085,4.8,348.3,352.0,TRESTA STAR,8606572,3BRQ,Tanker,under way using engine,55,14,3.8,,A,false
372711000,2020-07-25T14:05:37.142857,-20.309853,57.963736,11.5,237.3,234.7,MV WAKASHIO,9337119,3FYL2,Cargo,under way using engine,300,50,14.5,ballast,A,true
645101010,2020-07-25T14:06:00,-19.342767,58.029424,11.7,192.0,190.0,MAURITIUS PRIDE,,3BCP1,Other,under way using engine,60,10,3.0,,A,false
372711000,2020-07-25T14:06:37.928571,-20.311574,57.960787,11.5,237.4,234.6,MV WAKASHIO,9337119,3FYL2,Cargo,under way using engine,300,50,14.5,ballast,A,true
372711000,2020-07-25T14:07:38.714286,-20.313294,57.957839,11.5,237.4,234.6,MV WAKASHIO,9337119,3FYL2,Cargo,under way using engine,300,50,14.5,ballast,A,true
538005998,2020-07-25T14:08:00,-21.458895,57.478556,12.3,222.0,221.9,BOKA EXPEDITION,9479094,V7GE8,Other,under way using engine,94,20,5.5,,A,false
645101010,2020-07-25T14:08:00,-19.349168,58.028227,11.7,191.8,189.5,MAURITIUS PRIDE,,3BCP1,Other,under way using engine,60,10,3.0,,A,false
372711000,2020-07-25T14:08:39.500000,-20.315015,57.954890,11.5,237.5,234.5,MV WAKASHIO,9337119,3FYL2,Cargo,under way using engine,300,50,14.5,ballast,A,true
372711000,2020-07-25T14:09:40.285714,-20.316736,57.951941,11.5,237.6,234.4,MV WAKASHIO,9337119,3FYL2,Cargo,under way using engine,300,50,14.5,ballast,A,true
645136000,2020-07-25T14:10:00,-20.038584,57.583853,4.8,348.6,352.0,TRESTA STAR,8606572,3BRQ,Tanker,under way using engine,55,14,3.8,,A,false
645101010,2020-07-25T14:10:00,-19.355569,58.027031,11.7,191.6,189.0,MAURITIUS PRIDE,,3BCP1,Other,under way using engine,60,10,3.0,,A,false
372711000,2020-07-25T14:10:41.071429,-20.318456,57.948993,11.5,237.6,234.4,MV WAKASHIO,9337119,3FYL2,Cargo,under way using engine,300,50,14.5,ballast,A,true
372711000,2020-07-25T14:11:41.857143,-20.320177,57.946044,11.5,237.7,234.3,MV WAKASHIO,9337119,3FYL2,Cargo,under way using engine,300,50,14.5,ballast,A,true
538005998,2020-07-25T14:12:00,-21.469364,57.469117,12.3,222.0,222.0,BOKA EXPEDITION,9479094,V7GE8,Other,under way using engine,94,20,5.5,,A,false
645101010,2020-07-25T14:12:00,-19.361970,58.025835,11.7,191.2,188.6,MAURITIUS PRIDE,,3BCP1,Other,under way using engine,60,10,3.0,,A,false
372711000,2020-07-25T14:12:42.642857,-20.321898,57.943096,11.4,237.8,234.2,MV WAKASHIO,9337119,3FYL2,Cargo,under way using engine,300,50,14.5,ballast,A,true
372711000,2020-07-25T14:13:43.428571,-20.323619,57.940147,11.4,237.9,234.1,MV WAKASHIO,9337119,3FYL2,Cargo,under way using engine,300,50,14.5,ballast,A,true
645101010,2020-07-25T14:14:00,-19.368372,58.024638,11.7,190.8,188.2,MAURITIUS PRIDE,,3BCP1,Other,under way using engine,60,10,3.0,,A,false
372711000,2020-07-25T14:14:44.214286,-20.325339,57.937199,11.4,237.9,234.1,MV WAKASHIO,9337119,3FYL2,Cargo,under way using engine,300,50,14.5,ballast,A,true
645136000,2020-07-25T14:15:00,-20.032018,57.582620,4.8,348.9,351.9,TRESTA STAR,8606572,3BRQ,Tanker,under way using engine,55,14,3.8,,A,false
372711000,2020-07-25T14:15:45,-20.327060,57.934250,11.4,238.0,234.0,MV WAKASHIO,9337119,3FYL2,Cargo,under way using engine,300,50,14.5,ballast,A,true
538005998,2020-07-25T14:16:00,-21.479833,57.459677,12.2,221.9,222.0,BOKA EXPEDITION,9479094,V7GE8,Other,under way using engine,94,20,5.5,,A,false
645101010,2020-07-25T14:16:00,-19.374773,58.023442,11.7,190.3,188.1,MAURITIUS PRIDE,,3BCP1,Other,under way using engine,60,10,3.0,,A,false
372711000,2020-07-25T14:16:45.066667,-20.328777,57.931331,11.4,238.0,234.0,MV WAKASHIO,9337119,3FYL2,Cargo,under way using engine,300,50,14.5,ballast,A,true
372711000,2020-07-25T14:17:45.133333,-20.330493,57.928413,11.4,238.0,234.0,MV WAKASHIO,9337119,3FYL2,Cargo,under way using engine,300,50,14.5,ballast,A,true
645101010,2020-07-25T14:18:00,-19.381174,58.022246,11.8,189.8,188.0,MAURITIUS PRIDE,,3BCP1,Other,under way using engine,60,10,3.0,,A,false
372711000,2020-07-25T14:18:45.200000,-20.332210,57.925494,11.3,238.0,234.0,MV WAKASHIO,9337119,3FYL2,Cargo,under way using engine,300,50,14.5,ballast,A,true
372711000,2020-07-25T14:19:45.266667,-20.333927,57.922575,11.3,238.0,234.0,MV WAKASHIO,9337119,3FYL2,Cargo,under way using engine,300,50,14.5,ballast,A,true
538005998,2020-07-25T14:20:00,-21.490218,57.450314,12.2,221.6,221.8,BOKA EXPEDITION,9479094,V7GE8,Other,under way using engine,94,20,5.5,,A,false
645136000,2020-07-25T14:20:00,-20.025453,57.581388,4.7,349.4,351.6,TRESTA STAR,8606572,3BRQ,Tanker,under way using engine,55,14,3.8,,A,false
645101010,2020-07-25T14:20:00,-19.387630,58.021039,11.8,189.3,188.1,MAURITIUS PRIDE,,3BCP1,Other,under way using engine,60,10,3.0,,A,false
372711000,2020-07-25T14:20:45.333333,-20.335643,57.919657,11.3,238.0,234.0,MV WAKASHIO,9337119,3FYL2,Cargo,under way using engine,300,50,14.5,ballast,A,true
372711000,2020-07-25T14:21:45.400000,-20.337360,57.916738,11.3,238.0,234.0,MV WAKASHIO,9337119,3FYL2,Cargo,under way using engine,300,50,14.5,ballast,A,true
645101010,2020-07-25T14:22:00,-19.394086,58.019832,11.8,188.9,188.3,MAURITIUS PRIDE,,3BCP1,Other,under way using engine,60,10,3.0,,A,false
372711000,2020-07-25T14:22:45.466667,-20.339077,57.913819,11.3,238.0,234.0,MV WAKASHIO,9337119,3FYL2,Cargo,under way using engine,300,50,14.5,ballast,A,true
372711000,2020-07-25T14:23:45.533333,-20.340793,57.910901,11.2,238.0,234.0,MV WAKASHIO,9337119,3FYL2,Cargo,under way using engine,300,50,14.5,ballast,A,true
538005998,2020-07-25T14:24:00,-21.500602,57.440949,12.2,221.3,221.5,BOKA EXPEDITION,9479094,V7GE8,Other,under way using engine,94,20,5.5,,A,false
645101010,2020-07-25T14:24:00,-19.400542,58.018625,11.8,188.5,188.7,MAURITIUS PRIDE,,3BCP1,Other,under way using engine,60,10,3.0,,A,false
372711000,2020-07-25T14:24:45.600000,-20.342510,57.907982,11.2,238.0,234.0,MV WAKASHIO,9337119,3FYL2,Cargo,under way using engine,300,50,14.5,ballast,A,true
645136000,2020-07-25T14:25:00,-20.019024,57.580182,4.7,349.9,351.3,TRESTA STAR,8606572,3BRQ,Tanker,under way using engine,55,14,3.8,,A,false
372711000,2020-07-25T14:25:45.666667,-20.344227,57.905063,11.2,238.0,234.0,MV WAKASHIO,9337119,3FYL2,Cargo,under way using engine,300,50,14.5,ballast,A,true
645101010,2020-07-25T14:26:00,-19.406998,58.017418,11.9,188.3,189.1,MAURITIUS PRIDE,,3BCP1,Other,under way using engine,60,10,3.0,,A,false
372711000,2020-07-25T14:26:45.733333,-20.345943,57.902145,11.2,238.0,234.0,MV WAKASHIO,9337119,3FYL2,Cargo,under way using engine,300,50,14.5,ballast,A,true
372711000,2020-07-25T14:27:45.800000,-20.347660,57.899226,11.2,238.0,234.0,MV WAKASHIO,9337119,3FYL2,Cargo,under way using engine,300,50,14.5,ballast,A,true
538005998,2020-07-25T14:28:00,-21.510986,57.431584,12.2,220.9,221.0,BOKA EXPEDITION,9479094,V7GE8,Other,under way using engine,94,20,5.5,,A,false
645101010,2020-07-25T14:28:00,-19.413509,58.016201,11.9,188.1,189.7,MAURITIUS PRIDE,,3BCP1,Other,under way using engine,60,10,3.0,,A,false
372711000,2020-07-25T14:28:45.866667,-20.349377,57.896307,11.1,238.0,234.0,MV WAKASHIO,9337119,3FYL2,Cargo,under way using engine,300,50,14.5,ballast,A,true
372711000,2020-07-25T14:29:45.933333,-20.351093,57.893389,11.1,238.0,234.0,MV WAKASHIO,9337119,3FYL2,Cargo,under way using engine,300,50,14.5,ballast,A,true
645136000,2020-07-25T14:30:00,-20.012596,57.578975,4.7,350.3,350.8,TRESTA STAR,8606572,3BRQ,Tanker,under way using engine,55,14,3.8,,A,false
645101010,2020-07-25T14:30:00,-19.420019,58.014984,12.0,188.0,190.2,MAURITIUS PRIDE,,3BCP1,Other,under way using engine,60,10,3.0,,A,false
372711000,2020-07-25T14:30:46,-20.352810,57.890470,11.1,238.0,234.0,MV WAKASHIO,9337119,3FYL2,Cargo,under way using engine,300,50,14.5,ballast,A,true
372711000,2020-07-25T14:31:47.700000,-20.354454,57.887634,11.1,238.1,234.0,MV WAKASHIO,9337119,3FYL2,Cargo,under way using engine,300,50,14.5,ballast,A,true
538005998,2020-07-25T14:32:00,-21.521370,57.422219,12.2,220.5,220.5,BOKA EXPEDITION,9479094,V7GE8,Other,under way using engine,94,20,5.5,,A,false
645101010,2020-07-25T14:32:00,-19.426585,58.013756,12.0,188.0,190.7,MAURITIUS PRIDE,,3BCP1,Other,under way using engine,60,10,3.0,,A,false
372711000,2020-07-25T14:32:49.400000,-20.356098,57.884798,11.0,238.2,234.0,MV WAKASHIO,9337119,3FYL2,Cargo,under way using engine,300,50,14.5,ballast,A,true
372711000,2020-07-25T14:33:51.100000,-20.357742,57.881962,11.0,238.3,234.0,MV WAKASHIO,9337119,3FYL2,Cargo,under way using engine,300,50,14.5,ballast,A,true
645101010,2020-07-25T14:34:00,-19.433150,58.012529,12.0,188.2,191.2,MAURITIUS PRIDE,,3BCP1,Other,under way using engine,60,10,3.0,,A,false
372711000,2020-07-25T14:34:52.800000,-20.359386,57.879126,11.0,238.4,234.0,MV WAKASHIO,9337119,3FYL2,Cargo,under way using engine,300,50,14.5,ballast,A,true
645136000,2020-07-25T14:35:00,-20.006167,57.577769,4.7,350.8,350.3,TRESTA STAR,8606572,3BRQ,Tanker,under way using engine,55,14,3.8,,A,false
372711000,2020-07-25T14:35:54.500000,-20.361030,57.876290,10.9,238.5,234.0,MV WAKASHIO,9337119,3FYL2,Cargo,under way using engine,300,50,14.5,ballast,A,true
538005998,2020-07-25T14:36:00,-21.531754,57.412852,12.2,220.0,220.0,BOKA EXPEDITION,9479094,V7GE8,Other,under way using engine,94,20,5.5,,A,false
645101010,2020-07-25T14:36:00,-19.439715,58.011301,12.1,188.5,191.6,MAURITIUS PRIDE,,3BCP1,Other,under way using engine,60,10,3.0,,A,false
372711000,2020-07-25T14:36:56.200000,-20.362674,57.873454,10.9,238.6,234.0,MV WAKASHIO,9337119,3FYL2,Cargo,under way using engine,300,50,14.5,ballast,A,true
372711000,2020-07-25T14:37:57.900000,-20.364318,57.870618,10.9,238.7,234.0,MV WAKASHIO,9337119,3FYL2,Cargo,under way using engine,300,50,14.5,ballast,A,true
645101010,2020-07-25T14:38:00,-19.446336,58.010063,12.1,188.8,191.8,MAURITIUS PRIDE,,3BCP1,Other,under way using engine,60,10,3.0,,A,false
372711000,2020-07-25T14:38:59.600000,-20.365962,57.867782,10.9,238.8,234.0,MV WAKASHIO,9337119,3FYL2,Cargo,under way using engine,300,50,14.5,ballast,A,true
538005998,2020-07-25T14:40:00,-21.542138,57.403485,12.2,219.5,219.5,BOKA EXPEDITION,9479094,V7GE8,Other,under way using engine,94,20,5.5,,A,false
645136000,2020-07-25T14:40:00,-19.999739,57.576563,4.7,351.2,349.7,TRESTA STAR,8606572,3BRQ,Tanker,under way using engine,55,14,3.8,,A,false
645101010,2020-07-25T14:40:00,-19.452956,58.008826,12.2,189.3,192.0,MAURITIUS PRIDE,,3BCP1,Other,under way using engine,60,10,3.0,,A,false
372711000,2020-07-25T14:40:01.300000,-20.367606,57.864946,10.8,238.9,234.0,MV WAKASHIO,9337119,3FYL2,Cargo,under way using engine,300,50,14.5,ballast,A,true
372711000,2020-07-25T14:41:03,-20.369250,57.862110,10.8,239.0,234.0,MV WAKASHIO,9337119,3FYL2,Cargo,under way using engine,300,50,14.5,ballast,A,true
645101010,2020-07-25T14:42:00,-19.459630,58.007577,12.2,189.7,192.0,MAURITIUS PRIDE,,3BCP1,Other,under way using engine,60,10,3.0,,A,false
372711000,2020-07-25T14:42:06.333333,-20.371219,57.858724,10.8,238.8,234.0,MV WAKASHIO,9337119,3FYL2,Cargo,under way using engine,300,50,14.5,ballast,A,true
372711000,2020-07-25T14:43:09.666667,-20.373188,57.855339,10.8,238.6,234.0,MV WAKASHIO,9337119,3FYL2,Cargo,under way using engine,300,50,14.5,ballast,A,true
538005998,2020-07-25T14:44:00,-21.552522,57.394118,12.2,219.0,219.0,BOKA EXPEDITION,9479094,V7GE8,Other,under way using engine,94,20,5.5,,A,false
645101010,2020-07-25T14:44:00,-19.466305,58.006329,12.2,190.2,191.8,MAURITIUS PRIDE,,3BCP1,Other,under way using engine,60,10,3.0,,A,false
372711000,2020-07-25T14:44:13,-20.375157,57.851953,10.7,238.3,234.0,MV WAKASHIO,9337119,3FYL2,Cargo,under way using engine,300,50,14.5,ballast,A,true
645136000,2020-07-25T14:45:00,-19.993310,57.575356,4.7,351.6,349.2,TRESTA STAR,8606572,3BRQ,Tanker,under way using engine,55,14,3.8,,A,false
372711000,2020-07-25T14:45:16.333333,-20.377126,57.848568,10.7,238.1,234.0,MV WAKASHIO,9337119,3FYL2,Cargo,under way using engine,300,50,14.5,ballast,A,true
645101010,2020-07-25T14:46:00,-19.472980,58.005081,12.2,190.7,191.5,MAURITIUS PRIDE,,3BCP1,Other,under way using engine,60,10,3.0,,A,false
372711000,2020-07-25T14:46:19.666667,-20.379094,57.845182,10.7,237.9,234.0,MV WAKASHIO,9337119,3FYL2,Cargo,under way using engine,300,50,14.5,ballast,A,true
372711000,2020-07-25T14:47:23,-20.381063,57.841797,10.7,237.7,234.0,MV WAKASHIO,9337119,3FYL2,Cargo,under way using engine,300,50,14.5,ballast,A,true
538005998,2020-07-25T14:48:00,-21.562907,57.384749,12.2,218.7,218.6,BOKA EXPEDITION,9479094,V7GE8,Other,under way using engine,94,20,5.5,,A,false
645101010,2020-07-25T14:48:00,-19.479655,58.003832,12.3,191.1,191.2,MAURITIUS PRIDE,,3BCP1,Other,under way using engine,60,10,3.0,,A,false
372711000,2020-07-25T14:48:26.333333,-20.383032,57.838411,10.6,237.4,234.0,MV WAKASHIO,9337119,3FYL2,Cargo,under way using engine,300,50,14.5,ballast,A,true
372711000,2020-07-25T14:49:29.666667,-20.385001,57.835026,10.6,237.2,234.0,MV WAKASHIO,9337119,3FYL2,Cargo,under way using engine,300,50,14.5,ballast,A,true
645136000,2020-07-25T14:50:00,-19.986881,57.574150,4.7,351.8,348.8,TRESTA STAR,8606572,3BRQ,Tanker,under way using engine,55,14,3.8,,A,false
645101010,2020-07-25T14:50:00,-19.486384,58.002574,12.3,191.5,190.7,MAURITIUS PRIDE,,3BCP1,Other,under way using engine,60,10,3.0,,A,false
372711000,2020-07-25T14:50:33,-20.386970,57.831640,10.6,237.0,234.0,MV WAKASHIO,9337119,3FYL2,Cargo,under way using engine,300,50,14.5,ballast,A,true
372711000,2020-07-25T14:51:38,-20.388427,57.829229,10.6,237.0,234.0,MV WAKASHIO,9337119,3FYL2,Cargo,under way using engine,300,50,14.5,ballast,A,true
538005998,2020-07-25T14:52:00,-21.573291,57.375380,12.3,218.3,218.2,BOKA EXPEDITION,9479094,V7GE8,Other,under way using engine,94,20,5.5,,A,false
645101010,2020-07-25T14:52:00,-19.493114,58.001315,12.3,191.8,190.1,MAURITIUS PRIDE,,3BCP1,Other,under way using engine,60,10,3.0,,A,false
372711000,2020-07-25T14:52:43,-20.389883,57.826818,10.7,237.0,234.0,MV WAKASHIO,9337119,3FYL2,Cargo,under way using engine,300,50,14.5,ballast,A,true
372711000,2020-07-25T14:53:48,-20.391340,57.824407,10.7,237.0,234.0,MV WAKASHIO,9337119,3FYL2,Cargo,under way using engine,300,50,14.5,ballast,A,true
645101010,2020-07-25T14:54:00,-19.499843,58.000056,12.3,191.9,189.6,MAURITIUS PRIDE,,3BCP1,Other,under way using engine,60,10,3.0,,A,false
372711000,2020-07-25T14:54:53,-20.392797,57.821996,10.7,237.0,234.0,MV WAKASHIO,9337119,3FYL2,Cargo,under way using engine,300,50,14.5,ballast,A,true
645136000,2020-07-25T14:55:00,-19.980453,57.572944,4.7,352.0,348.4,TRESTA STAR,8606572,3BRQ,Tanker,under way using engine,55,14,3.8,,A,false
372711000,2020-07-25T14:55:58,-20.394253,57.819584,10.8,237.0,234.0,MV WAKASHIO,9337119,3FYL2,Cargo,under way using engine,300,50,14.5,ballast,A,true
538005998,2020-07-25T14:56:00,-21.583760,57.365934,12.3,218.1,218.0,BOKA EXPEDITION,9479094,V7GE8,Other,under way using engine,94,20,5.5,,A,false
645101010,2020-07-25T14:56:00,-19.506573,57.998798,12.3,192.0,189.1,MAURITIUS PRIDE,,3BCP1,Other,under way using engine,60,10,3.0,,A,false
372711000,2020-07-25T14:57:03,-20.395710,57.817173,10.8,237.0,234.0,MV WAKASHIO,9337119,3FYL2,Cargo,under way using engine,300,50,14.5,ballast,A,true
645101010,2020-07-25T14:58:00,-19.513303,57.997539,12.3,191.9,188.7,MAURITIUS PRIDE,,3BCP1,Other,under way using engine,60,10,3.0,,A,false
372711000,2020-07-25T14:58:08,-20.397167,57.814762,10.8,237.0,234.0,MV WAKASHIO,9337119,3FYL2,Cargo,under way using engine,300,50,14.5,ballast,A,true
372711000,2020-07-25T14:59:13,-20.398623,57.812351,10.9,237.0,234.0,MV WAKASHIO,9337119,3FYL2,Cargo,under way using engine,300,50,14.5,ballast,A,true
538005998,2020-07-25T15:00:00,-21.594229,57.356487,12.3,218.0,218.0,BOKA EXPEDITION,9479094,V7GE8,Other,under way using engine,94,20,5.5,,A,false
645136000,2020-07-25T15:00:00,-19.974024,57.571738,4.7,352.0,348.1,TRESTA STAR,8606572,3BRQ,Tanker,under way using engine,55,14,3.8,,A,false
372711000,2020-07-25T15:00:18,-20.400080,57.809940,10.9,237.0,234.0,MV WAKASHIO,9337119,3FYL2,Cargo,under way using engine,300,50,14.5,ballast,A,true
372711000,2020-07-25T15:01:44,-20.402400,57.806010,10.9,237.0,234.0,MV WAKASHIO,9337119,3FYL2,Cargo,under way using engine,300,50,14.5,ballast,A,true
372711000,2020-07-25T15:03:10,-20.404720,57.802080,10.9,237.0,234.0,MV WAKASHIO,9337119,3FYL2,Cargo,under way using engine,300,50,14.5,ballast,A,true
538005998,2020-07-25T15:04:00,-21.604699,57.347039,12.4,218.0,218.1,BOKA EXPEDITION,9479094,V7GE8,Other,under way using engine,94,20,5.5,,A,false
372711000,2020-07-25T15:04:11,-20.406451,57.799244,10.9,236.9,233.8,MV WAKASHIO,9337119,3FYL2,Cargo,under way using engine,300,50,14.5,ballast,A,true
645136000,2020-07-25T15:05:00,-19.967596,57.570532,4.8,351.9,348.0,TRESTA STAR,8606572,3BRQ,Tanker,under way using engine,55,14,3.8,,A,false
372711000,2020-07-25T15:05:12,-20.408182,57.796408,10.9,236.8,233.6,MV WAKASHIO,9337119,3FYL2,Cargo,under way using engine,300,50,14.5,ballast,A,true
372711000,2020-07-25T15:06:13,-20.409913,57.793572,10.9,236.7,233.4,MV WAKASHIO,9337119,3FYL2,Cargo,under way using engine,300,50,14.5,ballast,A,true
372711000,2020-07-25T15:07:14,-20.411644,57.790736,10.9,236.6,233.2,MV WAKASHIO,9337119,3FYL2,Cargo,under way using engine,300,50,14.5,ballast,A,true
538005998,2020-07-25T15:08:00,-21.615253,57.337513,12.4,218.1,218.3,BOKA EXPEDITION,9479094,V7GE8,Other,under way using engine,94,20,5.5,,A,false
372711000,2020-07-25T15:08:15,-20.413375,57.787900,10.9,236.5,233.0,MV WAKASHIO,9337119,3FYL2,Cargo,under way using engine,300,50,14.5,ballast,A,true
372711000,2020-07-25T15:09:16,-20.415106,57.785064,10.8,236.4,232.8,MV WAKASHIO,9337119,3FYL2,Cargo,under way using engine,300,50,14.5,ballast,A,true
645136000,2020-07-25T15:10:00,-19.961030,57.569300,4.8,351.7,348.0,TRESTA STAR,8606572,3BRQ,Tanker,under way using engine,55,14,3.8,,A,false
372711000,2020-07-25T15:10:17,-20.416837,57.782228,10.8,236.3,232.6,MV WAKASHIO,9337119,3FYL2,Cargo,under way using engine,300,50,14.5,ballast,A,true
372711000,2020-07-25T15:11:18,-20.418568,57.779392,10.8,236.2,232.4,MV WAKASHIO,9337119,3FYL2,Cargo,under way using engine,300,50,14.5,ballast,A,true
538005998,2020-07-25T15:12:00,-21.625807,57.327987,12.4,218.4,218.7,BOKA EXPEDITION,9479094,V7GE8,Other,under way using engine,94,20,5.5,,A,false
372711000,2020-07-25T15:12:19,-20.420299,57.776556,10.8,236.1,232.2,MV WAKASHIO,9337119,3FYL2,Cargo,under way using engine,300,50,14.5,ballast,A,true
372711000,2020-07-25T15:13:20,-20.422030,57.773720,10.8,236.0,232.0,MV WAKASHIO,9337119,3FYL2,Cargo,under way using engine,300,50,14.5,ballast,A,true
372711000,2020-07-25T15:14:20,-20.423680,57.771095,10.7,236.0,232.0,MV WAKASHIO,9337119,3FYL2,Cargo,under way using engine,300,50,14.5,ballast,A,true
645136000,2020-07-25T15:15:00,-19.954465,57.568068,4.8,351.4,348.2,TRESTA STAR,8606572,3BRQ,Tanker,under way using engine,55,14,3.8,,A,false
372711000,2020-07-25T15:15:20,-20.425330,57.768470,10.6,236.0,232.0,MV WAKASHIO,9337119,3FYL2,Cargo,under way using engine,300,50,14.5,ballast,A,true
538005998,2020-07-25T15:16:00,-21.636362,57.318460,12.5,218.7,219.1,BOKA EXPEDITION,9479094,V7GE8,Other,under way using engine,94,20,5.5,,A,false
372711000,2020-07-25T15:16:24.571429,-20.427149,57.765840,10.5,234.9,231.0,MV WAKASHIO,9337119,3FYL2,Cargo,under way using engine,300,50,14.5,ballast,A,true
372711000,2020-07-25T15:17:29.142857,-20.428967,57.763210,10.5,233.7,230.0,MV WAKASHIO,9337119,3FYL2,Cargo,under way using engine,300,50,14.5,ballast,A,true
372711000,2020-07-25T15:18:33.714286,-20.430786,57.760580,10.4,232.6,229.0,MV WAKASHIO,9337119,3FYL2,Cargo,under way using engine,300,50,14.5,ballast,A,true
372711000,2020-07-25T15:19:38.285714,-20.432604,57.757950,10.4,231.4,228.0,MV WAKASHIO,9337119,3FYL2,Cargo,under way using engine,300,50,14.5,ballast,A,true
538005998,2020-07-25T15:20:00,-21.647001,57.308856,12.5,219.1,219.7,BOKA EXPEDITION,9479094,V7GE8,Other,under way using engine,94,20,5.5,,A,false
645136000,2020-07-25T15:20:00,-19.947899,57.566837,4.9,351.0,348.5,TRESTA STAR,8606572,3BRQ,Tanker,under way using engine,55,14,3.8,,A,false
372711000,2020-07-25T15:20:42.857143,-20.434423,57.755320,10.3,230.3,227.0,MV WAKASHIO,9337119,3FYL2,Cargo,under way using engine,300,50,14.5,ballast,A,true
372711000,2020-07-25T15:21:47.428571,-20.436241,57.752690,10.3,229.1,226.0,MV WAKASHIO,9337119,3FYL2,Cargo,under way using engine,300,50,14.5,ballast,A,true
372711000,2020-07-25T15:22:52,-20.438060,57.750060,10.2,228.0,225.0,MV WAKASHIO,9337119,3FYL2,Cargo,under way using engine,300,50,14.5,ballast,A,true
372711000,2020-07-25T15:23:57.500000,-20.440100,57.747875,9.8,225.5,226.0,MV WAKASHIO,9337119,3FYL2,Cargo,under way using engine,300,50,14.5,ballast,A,true
538005998,2020-07-25T15:24:00,-21.657641,57.299251,12.6,219.6,220.2,BOKA EXPEDITION,9479094,V7GE8,Other,under way using engine,94,20,5.5,,A,false
645136000,2020-07-25T15:25:00,-19.941197,57.565580,4.9,350.6,348.9,TRESTA STAR,8606572,3BRQ,Tanker,under way using engine,55,14,3.8,,A,false
372711000,2020-07-25T15:25:03,-20.442140,57.745690,9.4,223.0,227.0,MV WAKASHIO,9337119,3FYL2,Cargo,under way using engine,300,50,14.5,ballast,A,true
372711000,2020-07-25T15:26:13,-20.444060,57.743470,8.7,227.0,228.0,MV WAKASHIO,9337119,3FYL2,Cargo,under way using engine,300,50,14.5,ballast,A,true
372711000,2020-07-25T15:27:22,-20.444220,57.743280,1.7,230.0,230.0,MV WAKASHIO,9337119,3FYL2,Cargo,under way using engine,300,50,14.5,ballast,A,true
538005998,2020-07-25T15:28:00,-21.668365,57.289569,12.6,220.1,220.7,BOKA EXPEDITION,9479094,V7GE8,Other,under way using engine,94,20,5.5,,A,false
372711000,2020-07-25T15:28:46,-20.444190,57.743220,0.2,262.0,239.0,MV WAKASHIO,9337119,3FYL2,Cargo,aground,300,50,14.5,ballast,A,true
372711000,2020-07-25T15:29:58.666667,-20.444190,57.743193,0.1,231.3,246.0,MV WAKASHIO,9337119,3FYL2,Cargo,aground,300,50,14.5,ballast,A,true
645136000,2020-07-25T15:30:00,-19.934495,57.564322,4.9,350.1,349.4,TRESTA STAR,8606572,3BRQ,Tanker,under way using engine,55,14,3.8,,A,false
372711000,2020-07-25T15:31:11.333333,-20.444190,57.743167,0.1,200.7,253.0,MV WAKASHIO,9337119,3FYL2,Cargo,aground,300,50,14.5,ballast,A,true
538005998,2020-07-25T15:32:00,-21.679090,57.279885,12.6,220.6,221.2,BOKA EXPEDITION,9479094,V7GE8,Other,under way using engine,94,20,5.5,,A,false
372711000,2020-07-25T15:32:24,-20.444190,57.743140,0.0,170.0,260.0,MV WAKASHIO,9337119,3FYL2,Cargo,aground,300,50,14.5,ballast,A,true
372711000,2020-07-25T15:32:24,-20.442100,57.745800,0.0,260.0,170.0,MV WAKASHIO,9337119,3FYL2,Cargo,aground,300,50,14.5,ballast,A,true
372711000,2020-07-25T15:34:24,-20.442001,57.745633,0.1,255.3,213.1,MV WAKASHIO,9337119,3FYL2,Cargo,aground,300,50,14.5,ballast,A,true
645136000,2020-07-25T15:35:00,-19.927793,57.563065,5.0,349.6,349.9,TRESTA STAR,8606572,3BRQ,Tanker,under way using engine,55,14,3.8,,A,false
538005998,2020-07-25T15:36:00,-21.689815,57.270201,12.7,221.0,221.6,BOKA EXPEDITION,9479094,V7GE8,Other,under way using engine,94,20,5.5,,A,false
372711000,2020-07-25T15:36:24,-20.442126,57.745689,0.1,241.8,245.7,MV WAKASHIO,9337119,3FYL2,Cargo,aground,300,50,14.5,ballast,A,true
372711000,2020-07-25T15:38:24,-20.442193,57.745782,0.1,221.7,259.8,MV WAKASHIO,9337119,3FYL2,Cargo,aground,300,50,14.5,ballast,A,true
538005998,2020-07-25T15:40:00,-21.700624,57.260440,12.7,221.4,221.9,BOKA EXPEDITION,9479094,V7GE8,Other,under way using engine,94,20,5.5,,A,false
645136000,2020-07-25T15:40:00,-19.920954,57.561783,5.0,349.1,350.5,TRESTA STAR,8606572,3BRQ,Tanker,under way using engine,55,14,3.8,,A,false
372711000,2020-07-25T15:40:24,-20.442051,57.745603,0.0,198.2,251.8,MV WAKASHIO,9337119,3FYL2,Cargo,aground,300,50,14.5,ballast,A,true
372711000,2020-07-25T15:42:24,-20.442020,57.745748,0.1,175.0,223.9,MV WAKASHIO,9337119,3FYL2,Cargo,aground,300,50,14.5,ballast,A,true
538005998,2020-07-25T15:44:00,-21.711434,57.250677,12.7,221.7,222.0,BOKA EXPEDITION,9479094,V7GE8,Other,under way using engine,94,20,5.5,,A,false
372711000,2020-07-25T15:44:24,-20.442170,57.745733,0.1,155.8,182.7,MV WAKASHIO,9337119,3FYL2,Cargo,aground,300,50,14.5,ballast,A,true
645136000,2020-07-25T15:45:00,-19.914115,57.560500,5.1,348.7,351.0,TRESTA STAR,8606572,3BRQ,Tanker,under way using engine,55,14,3.8,,A,false
372711000,2020-07-25T15:46:24,-20.442162,57.745608,0.1,143.5,138.4,MV WAKASHIO,9337119,3FYL2,Cargo,aground,300,50,14.5,ballast,A,true
538005998,2020-07-25T15:48:00,-21.722244,57.240914,12.8,221.9,222.0,BOKA EXPEDITION,9479094,V7GE8,Other,under way using engine,94,20,5.5,,A,false
372711000,2020-07-25T15:48:24,-20.442014,57.745790,0.0,140.1,101.9,MV WAKASHIO,9337119,3FYL2,Cargo,aground,300,50,14.5,ballast,A,true
645136000,2020-07-25T15:50:00,-19.907139,57.559192,5.1,348.4,351.4,TRESTA STAR,8606572,3BRQ,Tanker,under way using engine,55,14,3.8,,A,false
372711000,2020-07-25T15:50:24,-20.442060,57.745672,0.1,146.2,82.0,MV WAKASHIO,9337119,3FYL2,Cargo,aground,300,50,14.5,ballast,A,true
538005998,2020-07-25T15:52:00,-21.733139,57.231074,12.8,222.0,221.8,BOKA EXPEDITION,9479094,V7GE8,Other,under way using engine,94,20,5.5,,A,false
372711000,2020-07-25T15:52:24,-20.442196,57.745647,0.1,160.8,83.7,MV WAKASHIO,9337119,3FYL2,Cargo,aground,300,50,14.5,ballast,A,true
372711000,2020-07-25T15:54:24,-20.442115,57.745799,0.1,181.6,106.5,MV WAKASHIO,9337119,3FYL2,Cargo,aground,300,50,14.5,ballast,A,true
645136000,2020-07-25T15:55:00,-19.900164,57.557884,5.1,348.2,351.7,TRESTA STAR,8606572,3BRQ,Tanker,under way using engine,55,14,3.8,,A,false
538005998,2020-07-25T15:56:00,-21.744034,57.221232,12.8,222.0,221.5,BOKA EXPEDITION,9479094,V7GE8,Other,under way using engine,94,20,5.5,,A,false
372711000,2020-07-25T15:56:24,-20.442000,57.745622,0.0,205.2,144.9,MV WAKASHIO,9337119,3FYL2,Cargo,aground,300,50,14.5,ballast,A,true
372711000,2020-07-25T15:58:24,-20.442111,57.745705,0.1,228.1,189.4,MV WAKASHIO,9337119,3FYL2,Cargo,aground,300,50,14.5,ballast,A,true
372711000,2020-07-25T16:00:24,-20.442197,57.745771,0.1,246.5,229.1,MV WAKASHIO,9337119,3FYL2,Cargo,aground,300,50,14.5,ballast,A,true
372711000,2020-07-25T16:02:24,-20.442064,57.745600,0.1,257.6,254.4,MV WAKASHIO,9337119,3FYL2,Cargo,aground,300,50,14.5,ballast,A,true
372711000,2020-07-25T16:04:24,-20.442012,57.745762,0.0,259.6,259.0,MV WAKASHIO,9337119,3FYL2,Cargo,aground,300,50,14.5,ballast,A,true
372711000,2020-07-25T16:06:24,-20.442159,57.745717,0.1,252.2,241.9,MV WAKASHIO,9337119,3FYL2,Cargo,aground,300,50,14.5,ballast,A,true
372711000,2020-07-25T16:08:24,-20.442173,57.745615,0.1,236.5,207.1,MV WAKASHIO,9337119,3FYL2,Cargo,aground,300,50,14.5,ballast,A,true
372711000,2020-07-25T16:10:24,-20.442023,57.745796,0.0,215.1,163.2,MV WAKASHIO,9337119,3FYL2,Cargo,aground,300,50,14.5,ballast,A,true
372711000,2020-07-25T16:12:24,-20.442047,57.745657,0.0,191.3,121.0,MV WAKASHIO,9337119,3FYL2,Cargo,aground,300,50,14.5,ballast,A,true
372711000,2020-07-25T16:14:24,-20.442191,57.745662,0.1,168.8,90.8,MV WAKASHIO,9337119,3FYL2,Cargo,aground,300,50,14.5,ballast,A,true
372711000,2020-07-25T16:16:24,-20.442129,57.745794,0.1,151.3,80.0,MV WAKASHIO,9337119,3FYL2,Cargo,aground,300,50,14.5,ballast,A,true
372711000,2020-07-25T16:18:24,-20.442001,57.745613,0.0,141.5,91.2,MV WAKASHIO,9337119,3FYL2,Cargo,aground,300,50,14.5,ballast,A,true
372711000,2020-07-25T16:20:24,-20.442096,57.745722,0.0,140.9,121.7,MV WAKASHIO,9337119,3FYL2,Cargo,aground,300,50,14.5,ballast,A,true
372711000,2020-07-25T16:22:24,-20.442200,57.745758,0.1,149.7,164.0,MV WAKASHIO,9337119,3FYL2,Cargo,aground,300,50,14.5,ballast,A,true
372711000,2020-07-25T16:24:24,-20.442078,57.745601,0.1,166.3,207.8,MV WAKASHIO,9337119,3FYL2,Cargo,aground,300,50,14.5,ballast,A,true
372711000,2020-07-25T16:26:24,-20.442006,57.745774,0.0,188.3,242.3,MV WAKASHIO,9337119,3FYL2,Cargo,aground,300,50,14.5,ballast,A,true
372711000,2020-07-25T16:28:24,-20.442146,57.745700,0.0,212.2,259.2,MV WAKASHIO,9337119,3FYL2,Cargo,aground,300,50,14.5,ballast,A,true
