{
"type": "FeatureCollection",
"name": "sensitive_coastline_classified",
"crs": { "type": "name", "properties": { "name": "urn:ogc:def:crs:OGC:1.3:CRS84" } },
"features": [
{ "type": "Feature", "properties": { "receptor_type": "sensitive_coastline", "name": "Sensitive Coastline Segment 0000", "source": "Natural Earth 10m Physical Coastline", "source_year": 2024, "sensitivity_tier": "low", "protection_status": false, "metadata": { "segment_index": 0, "segment_length_km": 5.0, "buffer_km": 1.0, "proximity_km": 2.0, "near_mangrove": false, "near_coral": false, "near_mpa": false, "classification_reason": "no_ecological_association" } }, "geometry": { "type": "MultiPolygon", "coordinates": [ [ [ [ 67.530242387872249, 24.046475484652127 ], [ 67.510783339688217, 24.044945517724354 ], [ 67.509500397994415, 24.05869220205696 ], [ 67.528961437659035, 24.060222842813079 ], [ 67.530242387872249, 24.046475484652127 ] ] ] ] } },
{ "type": "Feature", "properties": { "receptor_type": "sensitive_coastline", "name": "Sensitive Coastline Segment 0001", "source": "Natural Earth 10m Physical Coastline", "source_year": 2024, "sensitivity_tier": "low", "protection_status": false, "metadata": { "segment_index": 1, "segment_length_km": 5.0, "buffer_km": 1.0, "proximity_km": 2.0, "near_mangrove": false, "near_coral": false, "near_mpa": false, "classification_reason": "no_ecological_association" } }, "geometry": { "type": "MultiPolygon", "coordinates": [ [ [ [ 67.525668653054396, 24.037935633078483 ], [ 67.512792179437284, 24.051420801014402 ], [ 67.514074109511753, 24.052453222001397 ], [ 67.526950615017896, 24.038967937279995 ], [ 67.525668653054396, 24.037935633078483 ] ] ] ] } },
{ "type": "Feature", "properties": { "receptor_type": "sensitive_coastline", "name": "Sensitive Coastline Segment 0002", "source": "Natural Earth 10m Physical Coastline", "source_year": 2024, "sensitivity_tier": "high", "protection_status": false, "metadata": { "segment_index": 2, "segment_length_km": 5.0, "buffer_km": 1.0, "proximity_km": 2.0, "near_mangrove": true, "near_coral": false, "near_mpa": false, "classification_reason": "near_mangrove" } }, "geometry": { "type": "MultiPolygon", "coordinates": [ [ [ [ 67.534403463925699, 23.927270296447531 ], [ 67.521116381999136, 23.914135949733531 ], [ 67.512587839235906, 23.921425743948088 ], [ 67.525874367759329, 23.934560807914995 ], [ 67.534403463925699, 23.927270296447531 ] ] ] ] } },
{ "type": "Feature", "properties": { "receptor_type": "sensitive_coastline", "name": "Sensitive Coastline Segment 0003", "source": "Natural Earth 10m Physical Coastline", "source_year": 2024, "sensitivity_tier": "high", "protection_status": false, "metadata": { "segment_index": 3, "segment_length_km": 5.0, "buffer_km": 1.0, "proximity_km": 2.0, "near_mangrove": true, "near_coral": false, "near_mpa": false, "classification_reason": "near_mangrove" } }, "geometry": { "type": "MultiPolygon", "coordinates": [ [ [ [ 67.527884161144911, 23.901492047412741 ], [ 67.510576923173389, 23.90976896592171 ], [ 67.519104716224064, 23.924841631973244 ], [ 67.536414006635212, 23.916564106810462 ], [ 67.527884161144911, 23.901492047412741 ] ] ] ] } },
{ "type": "Feature", "properties": { "receptor_type": "sensitive_coastline", "name": "Sensitive Coastline Segment 0004", "source": "Natural Earth 10m Physical Coastline", "source_year": 2024, "sensitivity_tier": "low", "protection_status": false, "metadata": { "segment_index": 4, "segment_length_km": 5.0, "buffer_km": 1.0, "proximity_km": 2.0, "near_mangrove": false, "near_coral": false, "near_mpa": false, "classification_reason": "no_ecological_association" } }, "geometry": { "type": "MultiPolygon", "coordinates": [ [ [ [ 67.528162507900475, 23.892659525128362 ], [ 67.538474695403764, 23.877434748315352 ], [ 67.524386749539701, 23.869366279099413 ], [ 67.514074096462409, 23.884589848366179 ], [ 67.528162507900475, 23.892659525128362 ] ] ] ] } },
{ "type": "Feature", "properties": { "receptor_type": "sensitive_coastline", "name": "Sensitive Coastline Segment 0005", "source": "Natural Earth 10m Physical Coastline", "source_year": 2024, "sensitivity_tier": "high", "protection_status": false, "metadata": { "segment_index": 5, "segment_length_km": 5.0, "buffer_km": 1.0, "proximity_km": 2.0, "near_mangrove": true, "near_coral": false, "near_mpa": false, "classification_reason": "near_mangrove" } }, "geometry": { "type": "MultiPolygon", "coordinates": [ [ [ [ 67.558940171214957, 23.895452106837148 ], [ 67.560112045931604, 23.87754745154588 ], [ 67.5339065175027, 23.876095509216768 ], [ 67.532731115211035, 23.893999067192553 ], [ 67.558940171214957, 23.895452106837148 ] ] ] ] } },
{ "type": "Feature", "properties": { "receptor_type": "sensitive_coastline", "name": "Sensitive Coastline Segment 0006", "source": "Natural Earth 10m Physical Coastline", "source_year": 2024, "sensitivity_tier": "high", "protection_status": false, "metadata": { "segment_index": 6, "segment_length_km": 5.0, "buffer_km": 1.0, "proximity_km": 2.0, "near_mangrove": true, "near_coral": false, "near_mpa": false, "classification_reason": "near_mangrove" } }, "geometry": { "type": "MultiPolygon", "coordinates": [ [ [ [ 67.591413978835959, 23.887371615125964 ], [ 67.58600215946457, 23.870137684182406 ], [ 67.556822532767342, 23.877882766045744 ], [ 67.562230156139023, 23.895116855614592 ], [ 67.591413978835959, 23.887371615125964 ] ] ] ] } },
{ "type": "Feature", "properties": { "receptor_type": "sensitive_coastline", "name": "Sensitive Coastline Segment 0007", "source": "Natural Earth 10m Physical Coastline", "source_year": 2024, "sensitivity_tier": "high", "protection_status": false, "metadata": { "segment_index": 7, "segment_length_km": 5.0, "buffer_km": 1.0, "proximity_km": 2.0, "near_mangrove": true, "near_coral": false, "near_mpa": false, "classification_reason": "near_mangrove" } }, "geometry": { "type": "MultiPolygon", "coordinates": [ [ [ [ 67.624296140518126, 23.857505387689219 ], [ 67.610197760380871, 23.845109227690276 ], [ 67.581659754129106, 23.872555116111275 ], [ 67.595756863120798, 23.884953982342122 ], [ 67.624296140518126, 23.857505387689219 ] ] ] ] } },
{ "type": "Feature", "properties": { "receptor_type": "sensitive_coastline", "name": "Sensitive Coastline Segment 0008", "source": "Natural Earth 10m Physical Coastline", "source_year": 2024, "sensitivity_tier": "high", "protection_status": false, "metadata": { "segment_index": 8, "segment_length_km": 5.0, "buffer_km": 1.0, "proximity_km": 2.0, "near_mangrove": true, "near_coral": false, "near_mpa": false, "classification_reason": "near_mangrove" } }, "geometry": { "type": "MultiPolygon", "coordinates": [ [ [ [ 67.628914054824207, 23.891825221433983 ], [ 67.646268086521872, 23.883627015866935 ], [ 67.625920917956947, 23.847208689733705 ], [ 67.608571846486726, 23.85540545716022 ], [ 67.628914054824207, 23.891825221433983 ] ] ] ] } },
{ "type": "Feature", "properties": { "receptor_type": "sensitive_coastline", "name": "Sensitive Coastline Segment 0009", "source": "Natural Earth 10m Physical Coastline", "source_year": 2024, "sensitivity_tier": "high", "protection_status": false, "metadata": { "segment_index": 9, "segment_length_km": 5.0, "buffer_km": 1.0, "proximity_km": 2.0, "near_mangrove": true, "near_coral": false, "near_mpa": false, "classification_reason": "near_mangrove" } }, "geometry": { "type": "MultiPolygon", "coordinates": [ [ [ [ 67.63853642153056, 23.931792985461922 ], [ 67.65756306154384, 23.92779586340097 ], [ 67.647101213504641, 23.885727477082423 ], [ 67.628081243327159, 23.889724723273744 ], [ 67.63853642153056, 23.931792985461922 ] ] ] ] } },
{ "type": "Feature", "properties": { "receptor_type": "sensitive_coastline", "name": "Sensitive Coastline Segment 0010", "source": "Natural Earth 10m Physical Coastline", "source_year": 2024, "sensitivity_tier": "high", "protection_status": false, "metadata": { "segment_index": 10, "segment_length_km": 5.0, "buffer_km": 1.0, "proximity_km": 2.0, "near_mangrove": true, "near_coral": false, "near_mpa": false, "classification_reason": "near_mangrove" } }, "geometry": { "type": "MultiPolygon", "coordinates": [ [ [ [ 67.659500605081192, 23.898483423648692 ], [ 67.640011864796122, 23.897598954836138 ], [ 67.638303215610961, 23.92935152732688 ], [ 67.657796648860256, 23.930237379994352 ], [ 67.659500605081192, 23.898483423648692 ] ] ] ] } },
{ "type": "Feature", "properties": { "receptor_type": "sensitive_coastline", "name": "Sensitive Coastline Segment 0011", "source": "Natural Earth 10m Physical Coastline", "source_year": 2024, "sensitivity_tier": "high", "protection_status": false, "metadata": { "segment_index": 11, "segment_length_km": 5.0, "buffer_km": 1.0, "proximity_km": 2.0, "near_mangrove": true, "near_coral": false, "near_mpa": false, "classification_reason": "near_mangrove" } }, "geometry": { "type": "MultiPolygon", "coordinates": [ [ [ [ 67.653027064854058, 23.852401830684787 ], [ 67.633690178293079, 23.854755418412211 ], [ 67.640084141915779, 23.899217566646733 ], [ 67.659428077972166, 23.896864761864222 ], [ 67.653027064854058, 23.852401830684787 ] ] ] ] } },
{ "type": "Feature", "properties": { "receptor_type": "sensitive_coastline", "name": "Sensitive Coastline Segment 0012", "source": "Natural Earth 10m Physical Coastline", "source_year": 2024, "sensitivity_tier": "high", "protection_status": false, "metadata": { "segment_index": 12, "segment_length_km": 5.0, "buffer_km": 1.0, "proximity_km": 2.0, "near_mangrove": true, "near_coral": false, "near_mpa": false, "classification_reason": "near_mangrove" } }, "geometry": { "type": "MultiPolygon", "coordinates": [ [ [ [ 67.638936369575887, 23.808698151571708 ], [ 67.620256107494157, 23.813840623223562 ], [ 67.634015095835338, 23.856150019196171 ], [ 67.652701927082703, 23.851007222653575 ], [ 67.638936369575887, 23.808698151571708 ] ] ] ] } },
{ "type": "Feature", "properties": { "receptor_type": "sensitive_coastline", "name": "Sensitive Coastline Segment 0013", "source": "Natural Earth 10m Physical Coastline", "source_year": 2024, "sensitivity_tier": "high", "protection_status": false, "metadata": { "segment_index": 13, "segment_length_km": 5.0, "buffer_km": 1.0, "proximity_km": 2.0, "near_mangrove": true, "near_coral": false, "near_mpa": false, "classification_reason": "near_mangrove" } }, "geometry": { "type": "MultiPolygon", "coordinates": [ [ [ [ 67.673825807409727, 23.807284645878493 ], [ 67.667711666145294, 23.790248652004287 ], [ 67.626542310914616, 23.802751506693355 ], [ 67.6326506480966, 23.819787968626876 ], [ 67.673825807409727, 23.807284645878493 ] ] ] ] } },
{ "type": "Feature", "properties": { "receptor_type": "sensitive_coastline", "name": "Sensitive Coastline Segment 0014", "source": "Natural Earth 10m Physical Coastline", "source_year": 2024, "sensitivity_tier": "high", "protection_status": false, "metadata": { "segment_index": 14, "segment_length_km": 5.0, "buffer_km": 1.0, "proximity_km": 2.0, "near_mangrove": true, "near_coral": false, "near_mpa": false, "classification_reason": "near_mangrove" } }, "geometry": { "type": "MultiPolygon", "coordinates": [ [ [ [ 67.720045415230686, 23.801202361640719 ], [ 67.717220433276623, 23.783449179033163 ], [ 67.669359606978887, 23.789890395057874 ], [ 67.672177628744478, 23.807642900037742 ], [ 67.720045415230686, 23.801202361640719 ] ] ] ] } },
{ "type": "Feature", "properties": { "receptor_type": "sensitive_coastline", "name": "Sensitive Coastline Segment 0015", "source": "Natural Earth 10m Physical Coastline", "source_year": 2024, "sensitivity_tier": "low", "protection_status": false, "metadata": { "segment_index": 15, "segment_length_km": 5.0, "buffer_km": 1.0, "proximity_km": 2.0, "near_mangrove": false, "near_coral": false, "near_mpa": false, "classification_reason": "no_ecological_association" } }, "geometry": { "type": "MultiPolygon", "coordinates": [ [ [ [ 67.732672601975025, 23.828286134612267 ], [ 67.748966610422769, 23.81842375458492 ], [ 67.726777851399717, 23.787395187045739 ], [ 67.710487420491503, 23.797255734834007 ], [ 67.732672601975025, 23.828286134612267 ] ] ] ] } },
{ "type": "Feature", "properties": { "receptor_type": "sensitive_coastline", "name": "Sensitive Coastline Segment 0016", "source": "Natural Earth 10m Physical Coastline", "source_year": 2024, "sensitivity_tier": "high", "protection_status": false, "metadata": { "segment_index": 16, "segment_length_km": 5.0, "buffer_km": 1.0, "proximity_km": 2.0, "near_mangrove": true, "near_coral": false, "near_mpa": false, "classification_reason": "near_mangrove" } }, "geometry": { "type": "MultiPolygon", "coordinates": [ [ [ [ 67.725245901614016, 23.833644656967486 ], [ 67.743101246018327, 23.840869087680666 ], [ 67.749747309453184, 23.826966675568528 ], [ 67.731893077804443, 23.819743396590539 ], [ 67.725245901614016, 23.833644656967486 ] ] ] ] } },
{ "type": "Feature", "properties": { "receptor_type": "sensitive_coastline", "name": "Sensitive Coastline Segment 0017", "source": "Natural Earth 10m Physical Coastline", "source_year": 2024, "sensitivity_tier": "high", "protection_status": false, "metadata": { "segment_index": 17, "segment_length_km": 5.0, "buffer_km": 1.0, "proximity_km": 2.0, "near_mangrove": true, "near_coral": false, "near_mpa": false, "classification_reason": "near_mangrove" } }, "geometry": { "type": "MultiPolygon", "coordinates": [ [ [ [ 67.782775856238061, 23.827738103997639 ], [ 67.775045513613648, 23.811263050835308 ], [ 67.730311252287919, 23.829018982816393 ], [ 67.738035646674774, 23.8454951850625 ], [ 67.782775856238061, 23.827738103997639 ] ] ] ] } },
{ "type": "Feature", "properties": { "receptor_type": "sensitive_coastline", "name": "Sensitive Coastline Segment 0018", "source": "Natural Earth 10m Physical Coastline", "source_year": 2024, "sensitivity_tier": "low", "protection_status": false, "metadata": { "segment_index": 18, "segment_length_km": 5.0, "buffer_km": 1.0, "proximity_km": 2.0, "near_mangrove": false, "near_coral": false, "near_mpa": false, "classification_reason": "no_ecological_association" } }, "geometry": { "type": "MultiPolygon", "coordinates": [ [ [ [ 67.828452411381974, 23.818889933239042 ], [ 67.824353510363494, 23.801344574310548 ], [ 67.776864551920553, 23.810728005793639 ], [ 67.780956562253508, 23.82827316792083 ], [ 67.828452411381974, 23.818889933239042 ] ] ] ] } },
{ "type": "Feature", "properties": { "receptor_type": "sensitive_coastline", "name": "Sensitive Coastline Segment 0019", "source": "Natural Earth 10m Physical Coastline", "source_year": 2024, "sensitivity_tier": "low", "protection_status": false, "metadata": { "segment_index": 19, "segment_length_km": 5.0, "buffer_km": 1.0, "proximity_km": 2.0, "near_mangrove": false, "near_coral": false, "near_mpa": false, "classification_reason": "no_ecological_association" } }, "geometry": { "type": "MultiPolygon", "coordinates": [ [ [ [ 67.833690889354628, 23.851003711018183 ], [ 67.851804435736469, 23.844332230040258 ], [ 67.835456740509059, 23.806781613580707 ], [ 67.817348720285523, 23.813452207039898 ], [ 67.833690889354628, 23.851003711018183 ] ] ] ] } },
{ "type": "Feature", "properties": { "receptor_type": "sensitive_coastline", "name": "Sensitive Coastline Segment 0020", "source": "Natural Earth 10m Physical Coastline", "source_year": 2024, "sensitivity_tier": "high", "protection_status": false, "metadata": { "segment_index": 20, "segment_length_km": 5.0, "buffer_km": 1.0, "proximity_km": 2.0, "near_mangrove": true, "near_coral": false, "near_mpa": false, "classification_reason": "near_mangrove" } }, "geometry": { "type": "MultiPolygon", "coordinates": [ [ [ [ 67.840175109075631, 23.8933483840298 ], [ 67.859487052634506, 23.890742336265102 ], [ 67.852400278135121, 23.846364620799672 ], [ 67.833095362087278, 23.848971312057312 ], [ 67.840175109075631, 23.8933483840298 ] ] ] ] } },
{ "type": "Feature", "properties": { "receptor_type": "sensitive_coastline", "name": "Sensitive Coastline Segment 0021", "source": "Natural Earth 10m Physical Coastline", "source_year": 2024, "sensitivity_tier": "high", "protection_status": false, "metadata": { "segment_index": 21, "segment_length_km": 5.0, "buffer_km": 1.0, "proximity_km": 2.0, "near_mangrove": true, "near_coral": false, "near_mpa": false, "classification_reason": "near_mangrove" } }, "geometry": { "type": "MultiPolygon", "coordinates": [ [ [ [ 67.865106552901892, 23.899080290961813 ], [ 67.862310039944504, 23.881318180202797 ], [ 67.848433862604693, 23.883164744225514 ], [ 67.85122835331309, 23.900926666951658 ], [ 67.865106552901892, 23.899080290961813 ] ] ] ] } },
{ "type": "Feature", "properties": { "receptor_type": "sensitive_coastline", "name": "Sensitive Coastline Segment 0022", "source": "Natural Earth 10m Physical Coastline", "source_year": 2024, "sensitivity_tier": "high", "protection_status": false, "metadata": { "segment_index": 22, "segment_length_km": 5.0, "buffer_km": 1.0, "proximity_km": 2.0, "near_mangrove": true, "near_coral": false, "near_mpa": false, "classification_reason": "near_mangrove" } }, "geometry": { "type": "MultiPolygon", "coordinates": [ [ [ [ 67.881873504352086, 23.855782247203724 ], [ 67.862809203607725, 23.851952119951228 ], [ 67.854174089188547, 23.888282746935744 ], [ 67.873242920803349, 23.892115161976108 ], [ 67.881873504352086, 23.855782247203724 ] ] ] ] } },
{ "type": "Feature", "properties": { "receptor_type": "sensitive_coastline", "name": "Sensitive Coastline Segment 0023", "source": "Natural Earth 10m Physical Coastline", "source_year": 2024, "sensitivity_tier": "high", "protection_status": false, "metadata": { "segment_index": 23, "segment_length_km": 5.0, "buffer_km": 1.0, "proximity_km": 2.0, "near_mangrove": true, "near_coral": false, "near_mpa": false, "classification_reason": "near_mangrove" } }, "geometry": { "type": "MultiPolygon", "coordinates": [ [ [ [ 67.904905153956847, 23.865064623523903 ], [ 67.906331704083783, 23.84716398575711 ], [ 67.873056488436447, 23.844917812587113 ], [ 67.871625505146341, 23.862817056430927 ], [ 67.904905153956847, 23.865064623523903 ] ] ] ] } },
{ "type": "Feature", "properties": { "receptor_type": "sensitive_coastline", "name": "Sensitive Coastline Segment 0024", "source": "Natural Earth 10m Physical Coastline", "source_year": 2024, "sensitivity_tier": "high", "protection_status": false, "metadata": { "segment_index": 24, "segment_length_km": 5.0, "buffer_km": 1.0, "proximity_km": 2.0, "near_mangrove": true, "near_coral": false, "near_mpa": false, "classification_reason": "near_mangrove" } }, "geometry": { "type": "MultiPolygon", "coordinates": [ [ [ [ 67.941168050496984, 23.838906469006233 ], [ 67.928157079304711, 23.825529639501827 ], [ 67.899114396699673, 23.849424677045356 ], [ 67.912123389678598, 23.862803840195991 ], [ 67.941168050496984, 23.838906469006233 ] ] ] ] } },
{ "type": "Feature", "properties": { "receptor_type": "sensitive_coastline", "name": "Sensitive Coastline Segment 0025", "source": "Natural Earth 10m Physical Coastline", "source_year": 2024, "sensitivity_tier": "high", "protection_status": false, "metadata": { "segment_index": 25, "segment_length_km": 5.0, "buffer_km": 1.0, "proximity_km": 2.0, "near_mangrove": true, "near_coral": false, "near_mpa": false, "classification_reason": "near_mangrove" } }, "geometry": { "type": "MultiPolygon", "coordinates": [ [ [ [ 67.974214655228863, 23.809706322265761 ], [ 67.96069662607205, 23.79676314961106 ], [ 67.927904488342591, 23.825745036902646 ], [ 67.941420657256259, 23.838691050520453 ], [ 67.974214655228863, 23.809706322265761 ] ] ] ] } },
{ "type": "Feature", "properties": { "receptor_type": "sensitive_coastline", "name": "Sensitive Coastline Segment 0026", "source": "Natural Earth 10m Physical Coastline", "source_year": 2024, "sensitivity_tier": "high", "protection_status": false, "metadata": { "segment_index": 26, "segment_length_km": 5.0, "buffer_km": 1.0, "proximity_km": 2.0, "near_mangrove": true, "near_coral": false, "near_mpa": false, "classification_reason": "near_mangrove" } }, "geometry": { "type": "MultiPolygon", "coordinates": [ [ [ [ 68.002851912842644, 23.804871965896453 ], [ 67.99842795940863, 23.787387809493246 ], [ 67.965245792803728, 23.794492762329426 ], [ 67.969664962128817, 23.811976888031953 ], [ 68.002851912842644, 23.804871965896453 ] ] ] ] } },
{ "type": "Feature", "properties": { "receptor_type": "sensitive_coastline", "name": "Sensitive Coastline Segment 0027", "source": "Natural Earth 10m Physical Coastline", "source_year": 2024, "sensitivity_tier": "high", "protection_status": false, "metadata": { "segment_index": 27, "segment_length_km": 5.0, "buffer_km": 1.0, "proximity_km": 2.0, "near_mangrove": true, "near_coral": false, "near_mpa": false, "classification_reason": "near_mangrove" } }, "geometry": { "type": "MultiPolygon", "coordinates": [ [ [ [ 68.032063801012171, 23.783705848610627 ], [ 68.019569533520581, 23.769918737064618 ], [ 67.994394022644698, 23.789235330645617 ], [ 68.006886340246439, 23.80302430712452 ], [ 68.032063801012171, 23.783705848610627 ] ] ] ] } },
{ "type": "Feature", "properties": { "receptor_type": "sensitive_coastline", "name": "Sensitive Coastline Segment 0028", "source": "Natural Earth 10m Physical Coastline", "source_year": 2024, "sensitivity_tier": "high", "protection_status": false, "metadata": { "segment_index": 28, "segment_length_km": 5.0, "buffer_km": 1.0, "proximity_km": 2.0, "near_mangrove": true, "near_coral": false, "near_mpa": false, "classification_reason": "near_mangrove" } }, "geometry": { "type": "MultiPolygon", "coordinates": [ [ [ [ 68.038981197081881, 23.820896504259636 ], [ 68.056416065288204, 23.812832040063007 ], [ 68.034530857253998, 23.772780579187355 ], [ 68.017101398681447, 23.780843484838961 ], [ 68.038981197081881, 23.820896504259636 ] ] ] ] } },
{ "type": "Feature", "properties": { "receptor_type": "sensitive_coastline", "name": "Sensitive Coastline Segment 0029", "source": "Natural Earth 10m Physical Coastline", "source_year": 2024, "sensitivity_tier": "high", "protection_status": false, "metadata": { "segment_index": 29, "segment_length_km": 5.0, "buffer_km": 1.0, "proximity_km": 2.0, "near_mangrove": true, "near_coral": false, "near_mpa": false, "classification_reason": "near_mangrove" } }, "geometry": { "type": "MultiPolygon", "coordinates": [ [ [ [ 68.030181263002973, 23.856030884961122 ], [ 68.049397373348796, 23.85918800722715 ], [ 68.057304434754727, 23.818441695527909 ], [ 68.038093666197057, 23.815286922195462 ], [ 68.030181263002973, 23.856030884961122 ] ] ] ] } },
{ "type": "Feature", "properties": { "receptor_type": "sensitive_coastline", "name": "Sensitive Coastline Segment 0030", "source": "Natural Earth 10m Physical Coastline", "source_year": 2024, "sensitivity_tier": "high", "protection_status": false, "metadata": { "segment_index": 30, "segment_length_km": 5.0, "buffer_km": 1.0, "proximity_km": 2.0, "near_mangrove": true, "near_coral": false, "near_mpa": false, "classification_reason": "near_mangrove" } }, "geometry": { "type": "MultiPolygon", "coordinates": [ [ [ [ 68.016588779607787, 23.898103918641148 ], [ 68.035313384224978, 23.903195450562947 ], [ 68.049149281946725, 23.860153736412499 ], [ 68.030429471996015, 23.855065217510738 ], [ 68.016588779607787, 23.898103918641148 ] ] ] ] } },
{ "type": "Feature", "properties": { "receptor_type": "sensitive_coastline", "name": "Sensitive Coastline Segment 0031", "source": "Natural Earth 10m Physical Coastline", "source_year": 2024, "sensitivity_tier": "high", "protection_status": false, "metadata": { "segment_index": 31, "segment_length_km": 5.0, "buffer_km": 1.0, "proximity_km": 2.0, "near_mangrove": true, "near_coral": false, "near_mpa": false, "classification_reason": "near_mangrove" } }, "geometry": { "type": "MultiPolygon", "coordinates": [ [ [ [ 68.008562092250955, 23.935813109416692 ], [ 68.027734263453524, 23.939241800443817 ], [ 68.035534733857148, 23.902362903432884 ], [ 68.016367329487124, 23.898936411720708 ], [ 68.008562092250955, 23.935813109416692 ] ] ] ] } },
{ "type": "Feature", "properties": { "receptor_type": "sensitive_coastline", "name": "Sensitive Coastline Segment 0032", "source": "Natural Earth 10m Physical Coastline", "source_year": 2024, "sensitivity_tier": "high", "protection_status": false, "metadata": { "segment_index": 32, "segment_length_km": 5.0, "buffer_km": 1.0, "proximity_km": 2.0, "near_mangrove": true, "near_coral": false, "near_mpa": false, "classification_reason": "near_mangrove" } }, "geometry": { "type": "MultiPolygon", "coordinates": [ [ [ [ 68.065175579568233, 23.931369036237491 ], [ 68.05850122872063, 23.914496216153815 ], [ 68.014813964556396, 23.929090945945617 ], [ 68.021482284290897, 23.945964536060995 ], [ 68.065175579568233, 23.931369036237491 ] ] ] ] } },
{ "type": "Feature", "properties": { "receptor_type": "sensitive_coastline", "name": "Sensitive Coastline Segment 0033", "source": "Natural Earth 10m Physical Coastline", "source_year": 2024, "sensitivity_tier": "high", "protection_status": false, "metadata": { "segment_index": 33, "segment_length_km": 5.0, "buffer_km": 1.0, "proximity_km": 2.0, "near_mangrove": true, "near_coral": false, "near_mpa": false, "classification_reason": "near_mangrove" } }, "geometry": { "type": "MultiPolygon", "coordinates": [ [ [ [ 68.064367148733396, 23.879827065713183 ], [ 68.045078526663971, 23.882608871655634 ], [ 68.052190613555481, 23.924322937011471 ], [ 68.071485838335676, 23.921541629895774 ], [ 68.064367148733396, 23.879827065713183 ] ] ] ] } },
{ "type": "Feature", "properties": { "receptor_type": "sensitive_coastline", "name": "Sensitive Coastline Segment 0034", "source": "Natural Earth 10m Physical Coastline", "source_year": 2024, "sensitivity_tier": "high", "protection_status": false, "metadata": { "segment_index": 34, "segment_length_km": 5.0, "buffer_km": 1.0, "proximity_km": 2.0, "near_mangrove": true, "near_coral": false, "near_mpa": false, "classification_reason": "near_mangrove" } }, "geometry": { "type": "MultiPolygon", "coordinates": [ [ [ [ 68.082741433830847, 23.844167480037527 ], [ 68.064819718218075, 23.837054369553201 ], [ 68.045760616530131, 23.877659890236384 ], [ 68.063685718641153, 23.884776291821701 ], [ 68.082741433830847, 23.844167480037527 ] ] ] ] } },
{ "type": "Feature", "properties": { "receptor_type": "sensitive_coastline", "name": "Sensitive Coastline Segment 0035", "source": "Natural Earth 10m Physical Coastline", "source_year": 2024, "sensitivity_tier": "high", "protection_status": false, "metadata": { "segment_index": 35, "segment_length_km": 5.0, "buffer_km": 1.0, "proximity_km": 2.0, "near_mangrove": true, "near_coral": false, "near_mpa": false, "classification_reason": "near_mangrove" } }, "geometry": { "type": "MultiPolygon", "coordinates": [ [ [ [ 68.107301081294651, 23.814956257849683 ], [ 68.091777908022166, 23.804075078907651 ], [ 68.066018959486442, 23.835168932458302 ], [ 68.081542282241585, 23.846053085225286 ], [ 68.107301081294651, 23.814956257849683 ] ] ] ] } },
{ "type": "Feature", "properties": { "receptor_type": "sensitive_coastline", "name": "Sensitive Coastline Segment 0036", "source": "Natural Earth 10m Physical Coastline", "source_year": 2024, "sensitivity_tier": "high", "protection_status": false, "metadata": { "segment_index": 36, "segment_length_km": 5.0, "buffer_km": 1.0, "proximity_km": 2.0, "near_mangrove": true, "near_coral": false, "near_mpa": false, "classification_reason": "near_mangrove" } }, "geometry": { "type": "MultiPolygon", "coordinates": [ [ [ [ 68.081085771706782, 23.774062372179269 ], [ 68.065878538393719, 23.78530953016579 ], [ 68.091933888187185, 23.815140255948279 ], [ 68.107143774469563, 23.803890794986625 ], [ 68.081085771706782, 23.774062372179269 ] ] ] ] } },
{ "type": "Feature", "properties": { "receptor_type": "sensitive_coastline", "name": "Sensitive Coastline Segment 0037", "source": "Natural Earth 10m Physical Coastline", "source_year": 2024, "sensitivity_tier": "high", "protection_status": false, "metadata": { "segment_index": 37, "segment_length_km": 5.0, "buffer_km": 1.0, "proximity_km": 2.0, "near_mangrove": true, "near_coral": false, "near_mpa": false, "classification_reason": "near_mangrove" } }, "geometry": { "type": "MultiPolygon", "coordinates": [ [ [ [ 68.06301211667629, 23.739024596749594 ], [ 68.045443099167628, 23.746820079272329 ], [ 68.064695224755852, 23.783584305810496 ], [ 68.082269286147124, 23.775787500185576 ], [ 68.06301211667629, 23.739024596749594 ] ] ] ] } },
{ "type": "Feature", "properties": { "receptor_type": "sensitive_coastline", "name": "Sensitive Coastline Segment 0038", "source": "Natural Earth 10m Physical Coastline", "source_year": 2024, "sensitivity_tier": "high", "protection_status": false, "metadata": { "segment_index": 38, "segment_length_km": 5.0, "buffer_km": 1.0, "proximity_km": 2.0, "near_mangrove": true, "near_coral": false, "near_mpa": false, "classification_reason": "near_mangrove" } }, "geometry": { "type": "MultiPolygon", "coordinates": [ [ [ [ 68.090465715783679, 23.714185141104426 ], [ 68.074993533815416, 23.703257960868406 ], [ 68.046492023625518, 23.737457309742684 ], [ 68.061964313340454, 23.748387752776893 ], [ 68.090465715783679, 23.714185141104426 ] ] ] ] } },
{ "type": "Feature", "properties": { "receptor_type": "sensitive_coastline", "name": "Sensitive Coastline Segment 0039", "source": "Natural Earth 10m Physical Coastline", "source_year": 2024, "sensitivity_tier": "high", "protection_status": false, "metadata": { "segment_index": 39, "segment_length_km": 5.0, "buffer_km": 1.0, "proximity_km": 2.0, "near_mangrove": true, "near_coral": false, "near_mpa": false, "classification_reason": "near_mangrove" } }, "geometry": { "type": "MultiPolygon", "coordinates": [ [ [ [ 68.099446975629206, 23.736517885390608 ], [ 68.113143213918434, 23.723735037158146 ], [ 68.089576514411945, 23.702331074524889 ], [ 68.075881361319389, 23.715111805449688 ], [ 68.099446975629206, 23.736517885390608 ] ] ] ] } },
{ "type": "Feature", "properties": { "receptor_type": "sensitive_coastline", "name": "Sensitive Coastline Segment 0040", "source": "Natural Earth 10m Physical Coastline", "source_year": 2024, "sensitivity_tier": "high", "protection_status": false, "metadata": { "segment_index": 40, "segment_length_km": 5.0, "buffer_km": 1.0, "proximity_km": 2.0, "near_mangrove": true, "near_coral": false, "near_mpa": false, "classification_reason": "near_mangrove" } }, "geometry": { "type": "MultiPolygon", "coordinates": [ [ [ [ 68.1486619156139, 23.706272381524879 ], [ 68.135417993642449, 23.693092843437334 ], [ 68.099674903699636, 23.723535375882388 ], [ 68.112916625307747, 23.736717876780258 ], [ 68.1486619156139, 23.706272381524879 ] ] ] ] } },
{ "type": "Feature", "properties": { "receptor_type": "sensitive_coastline", "name": "Sensitive Coastline Segment 0041", "source": "Natural Earth 10m Physical Coastline", "source_year": 2024, "sensitivity_tier": "high", "protection_status": false, "metadata": { "segment_index": 41, "segment_length_km": 5.0, "buffer_km": 1.0, "proximity_km": 2.0, "near_mangrove": true, "near_coral": false, "near_mpa": false, "classification_reason": "near_mangrove" } }, "geometry": { "type": "MultiPolygon", "coordinates": [ [ [ [ 68.141938970855648, 23.727114705616216 ], [ 68.160389977695175, 23.721294347111787 ], [ 68.151263149700611, 23.696772370475802 ], [ 68.132815818089824, 23.702592337231625 ], [ 68.141938970855648, 23.727114705616216 ] ] ] ] } },
{ "type": "Feature", "properties": { "receptor_type": "sensitive_coastline", "name": "Sensitive Coastline Segment 0042", "source": "Natural Earth 10m Physical Coastline", "source_year": 2024, "sensitivity_tier": "high", "protection_status": false, "metadata": { "segment_index": 42, "segment_length_km": 5.0, "buffer_km": 1.0, "proximity_km": 2.0, "near_mangrove": true, "near_coral": false, "near_mpa": false, "classification_reason": "near_mangrove" } }, "geometry": { "type": "MultiPolygon", "coordinates": [ [ [ [ 68.135459937781761, 23.766686810175134 ], [ 68.154814173940025, 23.768953991318092 ], [ 68.160838895963479, 23.72533704383277 ], [ 68.141490666223547, 23.723072086943603 ], [ 68.135459937781761, 23.766686810175134 ] ] ] ] } },
{ "type": "Feature", "properties": { "receptor_type": "sensitive_coastline", "name": "Sensitive Coastline Segment 0043", "source": "Natural Earth 10m Physical Coastline", "source_year": 2024, "sensitivity_tier": "high", "protection_status": false, "metadata": { "segment_index": 43, "segment_length_km": 5.0, "buffer_km": 1.0, "proximity_km": 2.0, "near_mangrove": true, "near_coral": false, "near_mpa": false, "classification_reason": "near_mangrove" } }, "geometry": { "type": "MultiPolygon", "coordinates": [ [ [ [ 68.1528912953939, 23.812926154756045 ], [ 68.171192663110801, 23.806687081813479 ], [ 68.154284305483685, 23.764701253317298 ], [ 68.135989159841884, 23.770939473909394 ], [ 68.1528912953939, 23.812926154756045 ] ] ] ] } },
{ "type": "Feature", "properties": { "receptor_type": "sensitive_coastline", "name": "Sensitive Coastline Segment 0044", "source": "Natural Earth 10m Physical Coastline", "source_year": 2024, "sensitivity_tier": "high", "protection_status": false, "metadata": { "segment_index": 44, "segment_length_km": 5.0, "buffer_km": 1.0, "proximity_km": 2.0, "near_mangrove": true, "near_coral": false, "near_mpa": false, "classification_reason": "near_mangrove" } }, "geometry": { "type": "MultiPolygon", "coordinates": [ [ [ [ 68.154240177839284, 23.852388078601344 ], [ 68.173746331211703, 23.851625653809826 ], [ 68.17179201409175, 23.809424815255429 ], [ 68.152292369066117, 23.810188434613021 ], [ 68.154240177839284, 23.852388078601344 ] ] ] ] } },
{ "type": "Feature", "properties": { "receptor_type": "sensitive_coastline", "name": "Sensitive Coastline Segment 0045", "source": "Natural Earth 10m Physical Coastline", "source_year": 2024, "sensitivity_tier": "high", "protection_status": false, "metadata": { "segment_index": 45, "segment_length_km": 5.0, "buffer_km": 1.0, "proximity_km": 2.0, "near_mangrove": true, "near_coral": false, "near_mpa": false, "classification_reason": "near_mangrove" } }, "geometry": { "type": "MultiPolygon", "coordinates": [ [ [ [ 68.147487666356781, 23.894107811591397 ], [ 68.166815455908193, 23.896685818804634 ], [ 68.173654312683354, 23.853294750572946 ], [ 68.154332441115486, 23.850719050288195 ], [ 68.147487666356781, 23.894107811591397 ] ] ] ] } },
{ "type": "Feature", "properties": { "receptor_type": "sensitive_coastline", "name": "Sensitive Coastline Segment 0046", "source": "Natural Earth 10m Physical Coastline", "source_year": 2024, "sensitivity_tier": "high", "protection_status": false, "metadata": { "segment_index": 46, "segment_length_km": 5.0, "buffer_km": 1.0, "proximity_km": 2.0, "near_mangrove": true, "near_coral": false, "near_mpa": false, "classification_reason": "near_mangrove" } }, "geometry": { "type": "MultiPolygon", "coordinates": [ [ [ [ 68.179687565347521, 23.876591693023677 ], [ 68.162618524698672, 23.867869774391469 ], [ 68.148616553998053, 23.891034944539975 ], [ 68.165686881734487, 23.899758907416828 ], [ 68.179687565347521, 23.876591693023677 ] ] ] ] } },
{ "type": "Feature", "properties": { "receptor_type": "sensitive_coastline", "name": "Sensitive Coastline Segment 0047", "source": "Natural Earth 10m Physical Coastline", "source_year": 2024, "sensitivity_tier": "high", "protection_status": false, "metadata": { "segment_index": 47, "segment_length_km": 5.0, "buffer_km": 1.0, "proximity_km": 2.0, "near_mangrove": true, "near_coral": false, "near_mpa": false, "classification_reason": "near_mangrove" } }, "geometry": { "type": "MultiPolygon", "coordinates": [ [ [ [ 68.190005680266239, 23.83143754685797 ], [ 68.170865815505366, 23.827906655493802 ], [ 68.161580262986661, 23.870463924625067 ], [ 68.180725577245724, 23.873997348566608 ], [ 68.190005680266239, 23.83143754685797 ] ] ] ] } },
{ "type": "Feature", "properties": { "receptor_type": "sensitive_coastline", "name": "Sensitive Coastline Segment 0048", "source": "Natural Earth 10m Physical Coastline", "source_year": 2024, "sensitivity_tier": "high", "protection_status": false, "metadata": { "segment_index": 48, "segment_length_km": 5.0, "buffer_km": 1.0, "proximity_km": 2.0, "near_mangrove": true, "near_coral": false, "near_mpa": false, "classification_reason": "near_mangrove" } }, "geometry": { "type": "MultiPolygon", "coordinates": [ [ [ [ 68.180452870683951, 23.78410024066271 ], [ 68.161319930679852, 23.787631569117934 ], [ 68.170865577215451, 23.831437597174599 ], [ 68.190005394214978, 23.827906486754372 ], [ 68.180452870683951, 23.78410024066271 ] ] ] ] } },
{ "type": "Feature", "properties": { "receptor_type": "sensitive_coastline", "name": "Sensitive Coastline Segment 0049", "source": "Natural Earth 10m Physical Coastline", "source_year": 2024, "sensitivity_tier": "high", "protection_status": false, "metadata": { "segment_index": 49, "segment_length_km": 5.0, "buffer_km": 1.0, "proximity_km": 2.0, "near_mangrove": true, "near_coral": false, "near_mpa": false, "classification_reason": "near_mangrove" } }, "geometry": { "type": "MultiPolygon", "coordinates": [ [ [ [ 68.182101506228094, 23.750656939987596 ], [ 68.162606875866899, 23.749975833782131 ], [ 68.161136621338173, 23.785524674636086 ], [ 68.180636505563044, 23.786207183022682 ], [ 68.182101506228094, 23.750656939987596 ] ] ] ] } },
{ "type": "Feature", "properties": { "receptor_type": "sensitive_coastline", "name": "Sensitive Coastline Segment 0050", "source": "Natural Earth 10m Physical Coastline", "source_year": 2024, "sensitivity_tier": "high", "protection_status": false, "metadata": { "segment_index": 50, "segment_length_km": 5.0, "buffer_km": 1.0, "proximity_km": 2.0, "near_mangrove": true, "near_coral": false, "near_mpa": false, "classification_reason": "near_mangrove" } }, "geometry": { "type": "MultiPolygon", "coordinates": [ [ [ [ 68.192959534705082, 23.771673652902138 ], [ 68.202734925230516, 23.756131925191198 ], [ 68.177242023395323, 23.7425467254964 ], [ 68.167465470380719, 23.758086366739075 ], [ 68.192959534705082, 23.771673652902138 ] ] ] ] } },
{ "type": "Feature", "properties": { "receptor_type": "sensitive_coastline", "name": "Sensitive Coastline Segment 0051", "source": "Natural Earth 10m Physical Coastline", "source_year": 2024, "sensitivity_tier": "high", "protection_status": false, "metadata": { "segment_index": 51, "segment_length_km": 5.0, "buffer_km": 1.0, "proximity_km": 2.0, "near_mangrove": true, "near_coral": false, "near_mpa": false, "classification_reason": "near_mangrove" } }, "geometry": { "type": "MultiPolygon", "coordinates": [ [ [ [ 68.206855682976084, 23.719014410245737 ], [ 68.187353154309449, 23.719289644465974 ], [ 68.188092977217067, 23.764039521427101 ], [ 68.207602298927824, 23.763765720251968 ], [ 68.206855682976084, 23.719014410245737 ] ] ] ] } },
{ "type": "Feature", "properties": { "receptor_type": "sensitive_coastline", "name": "Sensitive Coastline Segment 0052", "source": "Natural Earth 10m Physical Coastline", "source_year": 2024, "sensitivity_tier": "high", "protection_status": false, "metadata": { "segment_index": 52, "segment_length_km": 5.0, "buffer_km": 1.0, "proximity_km": 2.0, "near_mangrove": true, "near_coral": false, "near_mpa": false, "classification_reason": "near_mangrove" } }, "geometry": { "type": "MultiPolygon", "coordinates": [ [ [ [ 68.231843291448598, 23.687879425584537 ], [ 68.215688727740201, 23.677820690268454 ], [ 68.189026934548721, 23.714121150969575 ], [ 68.205182446243029, 23.724183245028676 ], [ 68.231843291448598, 23.687879425584537 ] ] ] ] } },
{ "type": "Feature", "properties": { "receptor_type": "sensitive_coastline", "name": "Sensitive Coastline Segment 0053", "source": "Natural Earth 10m Physical Coastline", "source_year": 2024, "sensitivity_tier": "high", "protection_status": false, "metadata": { "segment_index": 53, "segment_length_km": 5.0, "buffer_km": 1.0, "proximity_km": 2.0, "near_mangrove": true, "near_coral": false, "near_mpa": false, "classification_reason": "near_mangrove" } }, "geometry": { "type": "MultiPolygon", "coordinates": [ [ [ [ 68.269251953905368, 23.688674019164353 ], [ 68.267771674279999, 23.670765487412922 ], [ 68.223028677982342, 23.673896421056025 ], [ 68.224502591153581, 23.691803996723099 ], [ 68.269251953905368, 23.688674019164353 ] ] ] ] } },
{ "type": "Feature", "properties": { "receptor_type": "sensitive_coastline", "name": "Sensitive Coastline Segment 0054", "source": "Natural Earth 10m Physical Coastline", "source_year": 2024, "sensitivity_tier": "high", "protection_status": false, "metadata": { "segment_index": 54, "segment_length_km": 5.0, "buffer_km": 1.0, "proximity_km": 2.0, "near_mangrove": true, "near_coral": false, "near_mpa": false, "classification_reason": "near_mangrove" } }, "geometry": { "type": "MultiPolygon", "coordinates": [ [ [ [ 68.273366892645754, 23.659965381618211 ], [ 68.254412104239606, 23.664177163140995 ], [ 68.259033005215812, 23.681825319182934 ], [ 68.277990523055024, 23.677613514814574 ], [ 68.273366892645754, 23.659965381618211 ] ] ] ] } },
{ "type": "Feature", "properties": { "receptor_type": "sensitive_coastline", "name": "Sensitive Coastline Segment 0055", "source": "Natural Earth 10m Physical Coastline", "source_year": 2024, "sensitivity_tier": "high", "protection_status": false, "metadata": { "segment_index": 55, "segment_length_km": 5.0, "buffer_km": 1.0, "proximity_km": 2.0, "near_mangrove": true, "near_coral": false, "near_mpa": false, "classification_reason": "near_mangrove" } }, "geometry": { "type": "MultiPolygon", "coordinates": [ [ [ [ 68.229104829132851, 23.643468040689307 ], [ 68.223691489231086, 23.660720891665935 ], [ 68.26118458699851, 23.670699134807634 ], [ 68.266594071570353, 23.65344393418107 ], [ 68.229104829132851, 23.643468040689307 ] ] ] ] } },
{ "type": "Feature", "properties": { "receptor_type": "sensitive_coastline", "name": "Sensitive Coastline Segment 0056", "source": "Natural Earth 10m Physical Coastline", "source_year": 2024, "sensitivity_tier": "high", "protection_status": false, "metadata": { "segment_index": 56, "segment_length_km": 5.0, "buffer_km": 1.0, "proximity_km": 2.0, "near_mangrove": true, "near_coral": false, "near_mpa": false, "classification_reason": "near_mangrove" } }, "geometry": { "type": "MultiPolygon", "coordinates": [ [ [ [ 68.184647735631629, 23.64315111265271 ], [ 68.184662822996543, 23.661108846855367 ], [ 68.22640875518789, 23.661074051736087 ], [ 68.226387898262644, 23.643115010032904 ], [ 68.184647735631629, 23.64315111265271 ] ] ] ] } },
{ "type": "Feature", "properties": { "receptor_type": "sensitive_coastline", "name": "Sensitive Coastline Segment 0057", "source": "Natural Earth 10m Physical Coastline", "source_year": 2024, "sensitivity_tier": "high", "protection_status": false, "metadata": { "segment_index": 57, "segment_length_km": 5.0, "buffer_km": 1.0, "proximity_km": 2.0, "near_mangrove": true, "near_coral": false, "near_mpa": false, "classification_reason": "near_mangrove" } }, "geometry": { "type": "MultiPolygon", "coordinates": [ [ [ [ 68.156718802228113, 23.624214786705149 ], [ 68.145918049569929, 23.639162057761023 ], [ 68.179255076470156, 23.659604863359096 ], [ 68.19005496243102, 23.644654764679547 ], [ 68.156718802228113, 23.624214786705149 ] ] ] ] } },
{ "type": "Feature", "properties": { "receptor_type": "sensitive_coastline", "name": "Sensitive Coastline Segment 0058", "source": "Natural Earth 10m Physical Coastline", "source_year": 2024, "sensitivity_tier": "low", "protection_status": false, "metadata": { "segment_index": 58, "segment_length_km": 5.0, "buffer_km": 1.0, "proximity_km": 2.0, "near_mangrove": false, "near_coral": false, "near_mpa": false, "classification_reason": "no_ecological_association" } }, "geometry": { "type": "MultiPolygon", "coordinates": [ [ [ [ 68.173288198925817, 23.601966381240025 ], [ 68.154954201589831, 23.595884448258079 ], [ 68.142150454922543, 23.628646174929735 ], [ 68.160487640021969, 23.634730553947765 ], [ 68.173288198925817, 23.601966381240025 ] ] ] ] } },
{ "type": "Feature", "properties": { "receptor_type": "sensitive_coastline", "name": "Sensitive Coastline Segment 0059", "source": "Natural Earth 10m Physical Coastline", "source_year": 2024, "sensitivity_tier": "high", "protection_status": false, "metadata": { "segment_index": 59, "segment_length_km": 5.0, "buffer_km": 1.0, "proximity_km": 2.0, "near_mangrove": true, "near_coral": false, "near_mpa": false, "classification_reason": "near_mangrove" } }, "geometry": { "type": "MultiPolygon", "coordinates": [ [ [ [ 68.213647724761245, 23.599199019769724 ], [ 68.209925457664269, 23.581571081743661 ], [ 68.162263249314108, 23.590111822204349 ], [ 68.165978690527012, 23.60773948951093 ], [ 68.213647724761245, 23.599199019769724 ] ] ] ] } },
{ "type": "Feature", "properties": { "receptor_type": "sensitive_coastline", "name": "Sensitive Coastline Segment 0060", "source": "Natural Earth 10m Physical Coastline", "source_year": 2024, "sensitivity_tier": "high", "protection_status": false, "metadata": { "segment_index": 60, "segment_length_km": 5.0, "buffer_km": 1.0, "proximity_km": 2.0, "near_mangrove": true, "near_coral": false, "near_mpa": false, "classification_reason": "near_mangrove" } }, "geometry": { "type": "MultiPolygon", "coordinates": [ [ [ [ 68.260583314167675, 23.598141126338433 ], [ 68.260048317888106, 23.580187739815003 ], [ 68.21152236293544, 23.581409019664648 ], [ 68.21205059232696, 23.599361054716717 ], [ 68.260583314167675, 23.598141126338433 ] ] ] ] } },
{ "type": "Feature", "properties": { "receptor_type": "sensitive_coastline", "name": "Sensitive Coastline Segment 0061", "source": "Natural Earth 10m Physical Coastline", "source_year": 2024, "sensitivity_tier": "high", "protection_status": false, "metadata": { "segment_index": 61, "segment_length_km": 5.0, "buffer_km": 1.0, "proximity_km": 2.0, "near_mangrove": true, "near_coral": false, "near_mpa": false, "classification_reason": "near_mangrove" } }, "geometry": { "type": "MultiPolygon", "coordinates": [ [ [ [ 68.308969582566135, 23.597798377649632 ], [ 68.308815351850697, 23.579837272843385 ], [ 68.260242044629834, 23.580184609579213 ], [ 68.260389560526221, 23.598144250957567 ], [ 68.308969582566135, 23.597798377649632 ] ] ] ] } },
{ "type": "Feature", "properties": { "receptor_type": "sensitive_coastline", "name": "Sensitive Coastline Segment 0062", "source": "Natural Earth 10m Physical Coastline", "source_year": 2024, "sensitivity_tier": "high", "protection_status": false, "metadata": { "segment_index": 62, "segment_length_km": 5.0, "buffer_km": 1.0, "proximity_km": 2.0, "near_mangrove": true, "near_coral": false, "near_mpa": false, "classification_reason": "near_mangrove" } }, "geometry": { "type": "MultiPolygon", "coordinates": [ [ [ [ 68.345841063661922, 23.613011157746303 ], [ 68.353448090238942, 23.596472525286945 ], [ 68.312697345312955, 23.58054988659201 ], [ 68.305087146019659, 23.597085559171035 ], [ 68.345841063661922, 23.613011157746303 ] ] ] ] } },
{ "type": "Feature", "properties": { "receptor_type": "sensitive_coastline", "name": "Sensitive Coastline Segment 0063", "source": "Natural Earth 10m Physical Coastline", "source_year": 2024, "sensitivity_tier": "high", "protection_status": false, "metadata": { "segment_index": 63, "segment_length_km": 5.0, "buffer_km": 1.0, "proximity_km": 2.0, "near_mangrove": true, "near_coral": false, "near_mpa": false, "classification_reason": "near_mangrove" } }, "geometry": { "type": "MultiPolygon", "coordinates": [ [ [ [ 68.346305869712211, 23.640962265177293 ], [ 68.365539423591869, 23.638012634614576 ], [ 68.359258919107191, 23.603266638055509 ], [ 68.340030767165572, 23.606216598993552 ], [ 68.346305869712211, 23.640962265177293 ] ] ] ] } },
{ "type": "Feature", "properties": { "receptor_type": "sensitive_coastline", "name": "Sensitive Coastline Segment 0064", "source": "Natural Earth 10m Physical Coastline", "source_year": 2024, "sensitivity_tier": "high", "protection_status": false, "metadata": { "segment_index": 64, "segment_length_km": 5.0, "buffer_km": 1.0, "proximity_km": 2.0, "near_mangrove": true, "near_coral": false, "near_mpa": false, "classification_reason": "near_mangrove" } }, "geometry": { "type": "MultiPolygon", "coordinates": [ [ [ [ 68.379517395002097, 23.679800292141525 ], [ 68.394535695788136, 23.668338333194793 ], [ 68.363430089918424, 23.633757914859032 ], [ 68.348414636588444, 23.645217120492305 ], [ 68.379517395002097, 23.679800292141525 ] ] ] ] } },
{ "type": "Feature", "properties": { "receptor_type": "sensitive_coastline", "name": "Sensitive Coastline Segment 0065", "source": "Natural Earth 10m Physical Coastline", "source_year": 2024, "sensitivity_tier": "low", "protection_status": false, "metadata": { "segment_index": 65, "segment_length_km": 5.0, "buffer_km": 1.0, "proximity_km": 2.0, "near_mangrove": false, "near_coral": false, "near_mpa": false, "classification_reason": "no_ecological_association" } }, "geometry": { "type": "MultiPolygon", "coordinates": [ [ [ [ 68.412137661126238, 23.713494630008402 ], [ 68.42669746528118, 23.701536028367347 ], [ 68.394305253415951, 23.668091469051639 ], [ 68.379747818435533, 23.680047176787298 ], [ 68.412137661126238, 23.713494630008402 ] ] ] ] } },
{ "type": "Feature", "properties": { "receptor_type": "sensitive_coastline", "name": "Sensitive Coastline Segment 0066", "source": "Natural Earth 10m Physical Coastline", "source_year": 2024, "sensitivity_tier": "high", "protection_status": false, "metadata": { "segment_index": 66, "segment_length_km": 5.0, "buffer_km": 1.0, "proximity_km": 2.0, "near_mangrove": true, "near_coral": false, "near_mpa": false, "classification_reason": "near_mangrove" } }, "geometry": { "type": "MultiPolygon", "coordinates": [ [ [ [ 68.456057318299187, 23.737995276394365 ], [ 68.466019373088471, 23.72254623917237 ], [ 68.424399486540509, 23.699792609629796 ], [ 68.414435622319758, 23.715238248973364 ], [ 68.456057318299187, 23.737995276394365 ] ] ] ] } },
{ "type": "Feature", "properties": { "receptor_type": "sensitive_coastline", "name": "Sensitive Coastline Segment 0067", "source": "Natural Earth 10m Physical Coastline", "source_year": 2024, "sensitivity_tier": "high", "protection_status": false, "metadata": { "segment_index": 67, "segment_length_km": 5.0, "buffer_km": 1.0, "proximity_km": 2.0, "near_mangrove": true, "near_coral": false, "near_mpa": false, "classification_reason": "near_mangrove" } }, "geometry": { "type": "MultiPolygon", "coordinates": [ [ [ [ 68.503910031617323, 23.752092582411972 ], [ 68.509759862673988, 23.734950913737958 ], [ 68.463965617292658, 23.721701462957402 ], [ 68.458111226066364, 23.738840203265799 ], [ 68.503910031617323, 23.752092582411972 ] ] ] ] } },
{ "type": "Feature", "properties": { "receptor_type": "sensitive_coastline", "name": "Sensitive Coastline Segment 0068", "source": "Natural Earth 10m Physical Coastline", "source_year": 2024, "sensitivity_tier": "high", "protection_status": false, "metadata": { "segment_index": 68, "segment_length_km": 5.0, "buffer_km": 1.0, "proximity_km": 2.0, "near_mangrove": true, "near_coral": false, "near_mpa": false, "classification_reason": "near_mangrove" } }, "geometry": { "type": "MultiPolygon", "coordinates": [ [ [ [ 68.543870852322229, 23.773687275126548 ], [ 68.553666349272007, 23.758143774124104 ], [ 68.511733606538428, 23.735751621292131 ], [ 68.501936138750693, 23.751291731042979 ], [ 68.543870852322229, 23.773687275126548 ] ] ] ] } },
{ "type": "Feature", "properties": { "receptor_type": "sensitive_coastline", "name": "Sensitive Coastline Segment 0069", "source": "Natural Earth 10m Physical Coastline", "source_year": 2024, "sensitivity_tier": "low", "protection_status": false, "metadata": { "segment_index": 69, "segment_length_km": 5.0, "buffer_km": 1.0, "proximity_km": 2.0, "near_mangrove": false, "near_coral": false, "near_mpa": false, "classification_reason": "no_ecological_association" } }, "geometry": { "type": "MultiPolygon", "coordinates": [ [ [ [ 68.591831835862749, 23.78818930204196 ], [ 68.597843036570183, 23.771091779354816 ], [ 68.551776538027511, 23.757368316081546 ], [ 68.545760804890207, 23.774462871344749 ], [ 68.591831835862749, 23.78818930204196 ] ] ] ] } },
{ "type": "Feature", "properties": { "receptor_type": "sensitive_coastline", "name": "Sensitive Coastline Segment 0070", "source": "Natural Earth 10m Physical Coastline", "source_year": 2024, "sensitivity_tier": "low", "protection_status": false, "metadata": { "segment_index": 70, "segment_length_km": 5.0, "buffer_km": 1.0, "proximity_km": 2.0, "near_mangrove": false, "near_coral": false, "near_mpa": false, "classification_reason": "no_ecological_association" } }, "geometry": { "type": "MultiPolygon", "coordinates": [ [ [ [ 68.611409577937152, 23.822030452388649 ], [ 68.628101259118679, 23.812695756547672 ], [ 68.603181055453476, 23.774974001205994 ], [ 68.586493811828674, 23.784306642469456 ], [ 68.611409577937152, 23.822030452388649 ] ] ] ] } },
{ "type": "Feature", "properties": { "receptor_type": "sensitive_coastline", "name": "Sensitive Coastline Segment 0071", "source": "Natural Earth 10m Physical Coastline", "source_year": 2024, "sensitivity_tier": "low", "protection_status": false, "metadata": { "segment_index": 71, "segment_length_km": 5.0, "buffer_km": 1.0, "proximity_km": 2.0, "near_mangrove": false, "near_coral": false, "near_mpa": false, "classification_reason": "no_ecological_association" } }, "geometry": { "type": "MultiPolygon", "coordinates": [ [ [ [ 68.655161505603743, 23.844294527686785 ], [ 68.664123121710219, 23.828324564950755 ], [ 68.624237394755411, 23.809379835539296 ], [ 68.615273328904422, 23.825346706566393 ], [ 68.655161505603743, 23.844294527686785 ] ] ] ] } },
{ "type": "Feature", "properties": { "receptor_type": "sensitive_coastline", "name": "Sensitive Coastline Segment 0072", "source": "Natural Earth 10m Physical Coastline", "source_year": 2024, "sensitivity_tier": "low", "protection_status": false, "metadata": { "segment_index": 72, "segment_length_km": 5.0, "buffer_km": 1.0, "proximity_km": 2.0, "near_mangrove": false, "near_coral": false, "near_mpa": false, "classification_reason": "no_ecological_association" } }, "geometry": { "type": "MultiPolygon", "coordinates": [ [ [ [ 68.707543627200593, 23.848366088606319 ], [ 68.708888855245092, 23.830435283224549 ], [ 68.660318377619248, 23.827345172269101 ], [ 68.658966646349668, 23.845274144983552 ], [ 68.707543627200593, 23.848366088606319 ] ] ] ] } },
{ "type": "Feature", "properties": { "receptor_type": "sensitive_coastline", "name": "Sensitive Coastline Segment 0073", "source": "Natural Earth 10m Physical Coastline", "source_year": 2024, "sensitivity_tier": "low", "protection_status": false, "metadata": { "segment_index": 73, "segment_length_km": 5.0, "buffer_km": 1.0, "proximity_km": 2.0, "near_mangrove": false, "near_coral": false, "near_mpa": false, "classification_reason": "no_ecological_association" } }, "geometry": { "type": "MultiPolygon", "coordinates": [ [ [ [ 68.744293108330567, 23.869640182852176 ], [ 68.754297214547123, 23.854198786589446 ], [ 68.713219004746179, 23.831681523048069 ], [ 68.703213052139176, 23.847119583397102 ], [ 68.744293108330567, 23.869640182852176 ] ] ] ] } },
{ "type": "Feature", "properties": { "receptor_type": "sensitive_coastline", "name": "Sensitive Coastline Segment 0074", "source": "Natural Earth 10m Physical Coastline", "source_year": 2024, "sensitivity_tier": "low", "protection_status": false, "metadata": { "segment_index": 74, "segment_length_km": 5.0, "buffer_km": 1.0, "proximity_km": 2.0, "near_mangrove": false, "near_coral": false, "near_mpa": false, "classification_reason": "no_ecological_association" } }, "geometry": { "type": "MultiPolygon", "coordinates": [ [ [ [ 68.785137010040813, 23.885960208435392 ], [ 68.792891503844828, 23.869459306828674 ], [ 68.753174017909288, 23.853670506941707 ], [ 68.745416375678019, 23.870168548752417 ], [ 68.785137010040813, 23.885960208435392 ] ] ] ] } },
{ "type": "Feature", "properties": { "receptor_type": "sensitive_coastline", "name": "Sensitive Coastline Segment 0075", "source": "Natural Earth 10m Physical Coastline", "source_year": 2024, "sensitivity_tier": "low", "protection_status": false, "metadata": { "segment_index": 75, "segment_length_km": 5.0, "buffer_km": 1.0, "proximity_km": 2.0, "near_mangrove": false, "near_coral": false, "near_mpa": false, "classification_reason": "no_ecological_association" } }, "geometry": { "type": "MultiPolygon", "coordinates": [ [ [ [ 68.814095371918924, 23.879396042075047 ], [ 68.807829662174569, 23.862368145944423 ], [ 68.785883351523864, 23.869195735483775 ], [ 68.792146055946006, 23.886224000834954 ], [ 68.814095371918924, 23.879396042075047 ] ] ] ] } },
{ "type": "Feature", "properties": { "receptor_type": "sensitive_coastline", "name": "Sensitive Coastline Segment 0076", "source": "Natural Earth 10m Physical Coastline", "source_year": 2024, "sensitivity_tier": "low", "protection_status": false, "metadata": { "segment_index": 76, "segment_length_km": 5.0, "buffer_km": 1.0, "proximity_km": 2.0, "near_mangrove": false, "near_coral": false, "near_mpa": false, "classification_reason": "no_ecological_association" } }, "geometry": { "type": "MultiPolygon", "coordinates": [ [ [ [ 68.778146547512549, 23.83639409433593 ], [ 68.766247824327579, 23.850653399852071 ], [ 68.805012805974016, 23.878013236885998 ], [ 68.816911237385952, 23.863750564950308 ], [ 68.778146547512549, 23.83639409433593 ] ] ] ] } },
{ "type": "Feature", "properties": { "receptor_type": "sensitive_coastline", "name": "Sensitive Coastline Segment 0077", "source": "Natural Earth 10m Physical Coastline", "source_year": 2024, "sensitivity_tier": "low", "protection_status": false, "metadata": { "segment_index": 77, "segment_length_km": 5.0, "buffer_km": 1.0, "proximity_km": 2.0, "near_mangrove": false, "near_coral": false, "near_mpa": false, "classification_reason": "no_ecological_association" } }, "geometry": { "type": "MultiPolygon", "coordinates": [ [ [ [ 68.734698330357773, 23.81422377775894 ], [ 68.725256267316155, 23.829959578768509 ], [ 68.767477323919067, 23.85139336693592 ], [ 68.776917087681227, 23.835654229528782 ], [ 68.734698330357773, 23.81422377775894 ] ] ] ] } },
{ "type": "Feature", "properties": { "receptor_type": "sensitive_coastline", "name": "Sensitive Coastline Segment 0078", "source": "Natural Earth 10m Physical Coastline", "source_year": 2024, "sensitivity_tier": "low", "protection_status": false, "metadata": { "segment_index": 78, "segment_length_km": 5.0, "buffer_km": 1.0, "proximity_km": 2.0, "near_mangrove": false, "near_coral": false, "near_mpa": false, "classification_reason": "no_ecological_association" } }, "geometry": { "type": "MultiPolygon", "coordinates": [ [ [ [ 68.68398243214159, 23.808677331155753 ], [ 68.681967817497821, 23.82655424353409 ], [ 68.728973239967956, 23.831031228799699 ], [ 68.730981725254026, 23.813152356962078 ], [ 68.68398243214159, 23.808677331155753 ] ] ] ] } },
{ "type": "Feature", "properties": { "receptor_type": "sensitive_coastline", "name": "Sensitive Coastline Segment 0079", "source": "Natural Earth 10m Physical Coastline", "source_year": 2024, "sensitivity_tier": "low", "protection_status": false, "metadata": { "segment_index": 79, "segment_length_km": 5.0, "buffer_km": 1.0, "proximity_km": 2.0, "near_mangrove": false, "near_coral": false, "near_mpa": false, "classification_reason": "no_ecological_association" } }, "geometry": { "type": "MultiPolygon", "coordinates": [ [ [ [ 68.656717438176329, 23.782294694006133 ], [ 68.643270637353822, 23.795328312811609 ], [ 68.676250969397969, 23.824133874025051 ], [ 68.689698884554403, 23.811097299927368 ], [ 68.656717438176329, 23.782294694006133 ] ] ] ] } },
{ "type": "Feature", "properties": { "receptor_type": "sensitive_coastline", "name": "Sensitive Coastline Segment 0080", "source": "Natural Earth 10m Physical Coastline", "source_year": 2024, "sensitivity_tier": "low", "protection_status": false, "metadata": { "segment_index": 80, "segment_length_km": 5.0, "buffer_km": 1.0, "proximity_km": 2.0, "near_mangrove": false, "near_coral": false, "near_mpa": false, "classification_reason": "no_ecological_association" } }, "geometry": { "type": "MultiPolygon", "coordinates": [ [ [ [ 68.629899329629666, 23.750445464248543 ], [ 68.614494992687952, 23.761487247962208 ], [ 68.642290432711192, 23.7943335807465 ], [ 68.657697708692652, 23.783289338239104 ], [ 68.629899329629666, 23.750445464248543 ] ] ] ] } },
{ "type": "Feature", "properties": { "receptor_type": "sensitive_coastline", "name": "Sensitive Coastline Segment 0081", "source": "Natural Earth 10m Physical Coastline", "source_year": 2024, "sensitivity_tier": "low", "protection_status": false, "metadata": { "segment_index": 81, "segment_length_km": 5.0, "buffer_km": 1.0, "proximity_km": 2.0, "near_mangrove": false, "near_coral": false, "near_mpa": false, "classification_reason": "no_ecological_association" } }, "geometry": { "type": "MultiPolygon", "coordinates": [ [ [ [ 68.586185980201435, 23.725223742642594 ], [ 68.576019667653043, 23.740563915582747 ], [ 68.617114817184699, 23.76363824024433 ], [ 68.627279449802032, 23.748294701242191 ], [ 68.586185980201435, 23.725223742642594 ] ] ] ] } },
{ "type": "Feature", "properties": { "receptor_type": "sensitive_coastline", "name": "Sensitive Coastline Segment 0082", "source": "Natural Earth 10m Physical Coastline", "source_year": 2024, "sensitivity_tier": "low", "protection_status": false, "metadata": { "segment_index": 82, "segment_length_km": 5.0, "buffer_km": 1.0, "proximity_km": 2.0, "near_mangrove": false, "near_coral": false, "near_mpa": false, "classification_reason": "no_ecological_association" } }, "geometry": { "type": "MultiPolygon", "coordinates": [ [ [ [ 68.556745244296266, 23.69305892881852 ], [ 68.541953167543426, 23.704778318722493 ], [ 68.573705519108771, 23.738754840209335 ], [ 68.588500156756226, 23.727032615959583 ], [ 68.556745244296266, 23.69305892881852 ] ] ] ] } },
{ "type": "Feature", "properties": { "receptor_type": "sensitive_coastline", "name": "Sensitive Coastline Segment 0083", "source": "Natural Earth 10m Physical Coastline", "source_year": 2024, "sensitivity_tier": "low", "protection_status": false, "metadata": { "segment_index": 83, "segment_length_km": 5.0, "buffer_km": 1.0, "proximity_km": 2.0, "near_mangrove": false, "near_coral": false, "near_mpa": false, "classification_reason": "no_ecological_association" } }, "geometry": { "type": "MultiPolygon", "coordinates": [ [ [ [ 68.517804235607898, 23.667534613202079 ], [ 68.506589102116266, 23.682236559517452 ], [ 68.543741987890087, 23.706271258263957 ], [ 68.55495637921959, 23.691566147269082 ], [ 68.517804235607898, 23.667534613202079 ] ] ] ] } },
{ "type": "Feature", "properties": { "receptor_type": "sensitive_coastline", "name": "Sensitive Coastline Segment 0084", "source": "Natural Earth 10m Physical Coastline", "source_year": 2024, "sensitivity_tier": "low", "protection_status": false, "metadata": { "segment_index": 84, "segment_length_km": 5.0, "buffer_km": 1.0, "proximity_km": 2.0, "near_mangrove": false, "near_coral": false, "near_mpa": false, "classification_reason": "no_ecological_association" } }, "geometry": { "type": "MultiPolygon", "coordinates": [ [ [ [ 68.471832247794282, 23.649587262645774 ], [ 68.464299442671901, 23.666159785127434 ], [ 68.508432077201022, 23.683173504058757 ], [ 68.515961356983851, 23.666597814195761 ], [ 68.471832247794282, 23.649587262645774 ] ] ] ] } },
{ "type": "Feature", "properties": { "receptor_type": "sensitive_coastline", "name": "Sensitive Coastline Segment 0085", "source": "Natural Earth 10m Physical Coastline", "source_year": 2024, "sensitivity_tier": "high", "protection_status": false, "metadata": { "segment_index": 85, "segment_length_km": 5.0, "buffer_km": 1.0, "proximity_km": 2.0, "near_mangrove": true, "near_coral": false, "near_mpa": false, "classification_reason": "near_mangrove" } }, "geometry": { "type": "MultiPolygon", "coordinates": [ [ [ [ 68.499510621070158, 23.640740804518444 ], [ 68.485460789567412, 23.628280039614665 ], [ 68.461042049450995, 23.651642021435748 ], [ 68.475090912258196, 23.664105050641194 ], [ 68.499510621070158, 23.640740804518444 ] ] ] ] } },
{ "type": "Feature", "properties": { "receptor_type": "sensitive_coastline", "name": "Sensitive Coastline Segment 0086", "source": "Natural Earth 10m Physical Coastline", "source_year": 2024, "sensitivity_tier": "high", "protection_status": false, "metadata": { "segment_index": 86, "segment_length_km": 5.0, "buffer_km": 1.0, "proximity_km": 2.0, "near_mangrove": true, "near_coral": false, "near_mpa": false, "classification_reason": "near_mangrove" } }, "geometry": { "type": "MultiPolygon", "coordinates": [ [ [ [ 68.464114611748386, 23.613632305195143 ], [ 68.456481654492336, 23.630164843676813 ], [ 68.488669850361973, 23.6427778399785 ], [ 68.496300286991342, 23.626242977045191 ], [ 68.464114611748386, 23.613632305195143 ] ] ] ] } },
{ "type": "Feature", "properties": { "receptor_type": "sensitive_coastline", "name": "Sensitive Coastline Segment 0087", "source": "Natural Earth 10m Physical Coastline", "source_year": 2024, "sensitivity_tier": "high", "protection_status": false, "metadata": { "segment_index": 87, "segment_length_km": 5.0, "buffer_km": 1.0, "proximity_km": 2.0, "near_mangrove": true, "near_coral": false, "near_mpa": false, "classification_reason": "near_mangrove" } }, "geometry": { "type": "MultiPolygon", "coordinates": [ [ [ [ 68.414463090502508, 23.61574856918525 ], [ 68.415774046943525, 23.633672823251342 ], [ 68.4609570694616, 23.630861299730103 ], [ 68.459639724032115, 23.612936066947682 ], [ 68.414463090502508, 23.61574856918525 ] ] ] ] } },
{ "type": "Feature", "properties": { "receptor_type": "sensitive_coastline", "name": "Sensitive Coastline Segment 0088", "source": "Natural Earth 10m Physical Coastline", "source_year": 2024, "sensitivity_tier": "low", "protection_status": false, "metadata": { "segment_index": 88, "segment_length_km": 5.0, "buffer_km": 1.0, "proximity_km": 2.0, "near_mangrove": false, "near_coral": false, "near_mpa": false, "classification_reason": "no_ecological_association" } }, "geometry": { "type": "MultiPolygon", "coordinates": [ [ [ [ 68.416234833541864, 23.58178581799303 ], [ 68.397082286932289, 23.585121621571485 ], [ 68.405539084801902, 23.626378142466358 ], [ 68.424698027152587, 23.623042583819448 ], [ 68.416234833541864, 23.58178581799303 ] ] ] ] } },
{ "type": "Feature", "properties": { "receptor_type": "sensitive_coastline", "name": "Sensitive Coastline Segment 0089", "source": "Natural Earth 10m Physical Coastline", "source_year": 2024, "sensitivity_tier": "high", "protection_status": false, "metadata": { "segment_index": 89, "segment_length_km": 5.0, "buffer_km": 1.0, "proximity_km": 2.0, "near_mangrove": true, "near_coral": false, "near_mpa": false, "classification_reason": "near_mangrove" } }, "geometry": { "type": "MultiPolygon", "coordinates": [ [ [ [ 68.419364285684978, 23.539363625459124 ], [ 68.399916082517862, 23.538260632073712 ], [ 68.396931415076281, 23.582901326822416 ], [ 68.416386042441204, 23.584006166462991 ], [ 68.419364285684978, 23.539363625459124 ] ] ] ] } },
{ "type": "Feature", "properties": { "receptor_type": "sensitive_coastline", "name": "Sensitive Coastline Segment 0090", "source": "Natural Earth 10m Physical Coastline", "source_year": 2024, "sensitivity_tier": "high", "protection_status": false, "metadata": { "segment_index": 90, "segment_length_km": 5.0, "buffer_km": 1.0, "proximity_km": 2.0, "near_mangrove": true, "near_coral": false, "near_mpa": false, "classification_reason": "near_mangrove" } }, "geometry": { "type": "MultiPolygon", "coordinates": [ [ [ [ 68.421259741528374, 23.49531499365342 ], [ 68.401796536487481, 23.494603192769617 ], [ 68.399905374911725, 23.538455380783791 ], [ 68.41937496509648, 23.539168868974997 ], [ 68.421259741528374, 23.49531499365342 ] ] ] ] } },
{ "type": "Feature", "properties": { "receptor_type": "sensitive_coastline", "name": "Sensitive Coastline Segment 0091", "source": "Natural Earth 10m Physical Coastline", "source_year": 2024, "sensitivity_tier": "high", "protection_status": false, "metadata": { "segment_index": 91, "segment_length_km": 5.0, "buffer_km": 1.0, "proximity_km": 2.0, "near_mangrove": true, "near_coral": false, "near_mpa": false, "classification_reason": "near_mangrove" } }, "geometry": { "type": "MultiPolygon", "coordinates": [ [ [ [ 68.442767152878346, 23.520204321622998 ], [ 68.451810578482977, 23.504291199224241 ], [ 68.416050450649792, 23.487004098555143 ], [ 68.407004972784804, 23.502914432880225 ], [ 68.442767152878346, 23.520204321622998 ] ] ] ] } },
{ "type": "Feature", "properties": { "receptor_type": "sensitive_coastline", "name": "Sensitive Coastline Segment 0092", "source": "Natural Earth 10m Physical Coastline", "source_year": 2024, "sensitivity_tier": "high", "protection_status": false, "metadata": { "segment_index": 92, "segment_length_km": 5.0, "buffer_km": 1.0, "proximity_km": 2.0, "near_mangrove": true, "near_coral": false, "near_mpa": false, "classification_reason": "near_mangrove" } }, "geometry": { "type": "MultiPolygon", "coordinates": [ [ [ [ 68.432476713231665, 23.542024507261761 ], [ 68.451737860042172, 23.544750181294301 ], [ 68.456917867659968, 23.513609629433386 ], [ 68.43766085788728, 23.510885590958381 ], [ 68.432476713231665, 23.542024507261761 ] ] ] ] } },
{ "type": "Feature", "properties": { "receptor_type": "sensitive_coastline", "name": "Sensitive Coastline Segment 0093", "source": "Natural Earth 10m Physical Coastline", "source_year": 2024, "sensitivity_tier": "high", "protection_status": false, "metadata": { "segment_index": 93, "segment_length_km": 5.0, "buffer_km": 1.0, "proximity_km": 2.0, "near_mangrove": true, "near_coral": false, "near_mpa": false, "classification_reason": "near_mangrove" } }, "geometry": { "type": "MultiPolygon", "coordinates": [ [ [ [ 68.481823424250493, 23.532057700492814 ], [ 68.47185976140031, 23.516617472705587 ], [ 68.4371274423752, 23.535666667628583 ], [ 68.447087288241718, 23.551108545803729 ], [ 68.481823424250493, 23.532057700492814 ] ] ] ] } },
{ "type": "Feature", "properties": { "receptor_type": "sensitive_coastline", "name": "Sensitive Coastline Segment 0094", "source": "Natural Earth 10m Physical Coastline", "source_year": 2024, "sensitivity_tier": "high", "protection_status": false, "metadata": { "segment_index": 94, "segment_length_km": 5.0, "buffer_km": 1.0, "proximity_km": 2.0, "near_mangrove": true, "near_coral": false, "near_mpa": false, "classification_reason": "near_mangrove" } }, "geometry": { "type": "MultiPolygon", "coordinates": [ [ [ [ 68.467656567265195, 23.494411132590567 ], [ 68.451242660123839, 23.504087521172984 ], [ 68.468632702592345, 23.529176227967753 ], [ 68.48504943191206, 23.519498407125489 ], [ 68.467656567265195, 23.494411132590567 ] ] ] ] } },
{ "type": "Feature", "properties": { "receptor_type": "sensitive_coastline", "name": "Sensitive Coastline Segment 0095", "source": "Natural Earth 10m Physical Coastline", "source_year": 2024, "sensitivity_tier": "high", "protection_status": false, "metadata": { "segment_index": 95, "segment_length_km": 5.0, "buffer_km": 1.0, "proximity_km": 2.0, "near_mangrove": true, "near_coral": false, "near_mpa": false, "classification_reason": "near_mangrove" } }, "geometry": { "type": "MultiPolygon", "coordinates": [ [ [ [ 68.439477751107574, 23.457610499081532 ], [ 68.423572006107108, 23.467976409099737 ], [ 68.451494863394615, 23.504433479199818 ], [ 68.467404326850783, 23.494065195695459 ], [ 68.439477751107574, 23.457610499081532 ] ] ] ] } },
{ "type": "Feature", "properties": { "receptor_type": "sensitive_coastline", "name": "Sensitive Coastline Segment 0096", "source": "Natural Earth 10m Physical Coastline", "source_year": 2024, "sensitivity_tier": "high", "protection_status": false, "metadata": { "segment_index": 96, "segment_length_km": 5.0, "buffer_km": 1.0, "proximity_km": 2.0, "near_mangrove": true, "near_coral": false, "near_mpa": false, "classification_reason": "near_mangrove" } }, "geometry": { "type": "MultiPolygon", "coordinates": [ [ [ [ 68.455228867651741, 23.440279414377901 ], [ 68.437963220727411, 23.431974282942313 ], [ 68.42289182655324, 23.458639860194513 ], [ 68.440159143397949, 23.466947236825042 ], [ 68.455228867651741, 23.440279414377901 ] ] ] ] } },
{ "type": "Feature", "properties": { "receptor_type": "sensitive_coastline", "name": "Sensitive Coastline Segment 0097", "source": "Natural Earth 10m Physical Coastline", "source_year": 2024, "sensitivity_tier": "high", "protection_status": false, "metadata": { "segment_index": 97, "segment_length_km": 5.0, "buffer_km": 1.0, "proximity_km": 2.0, "near_mangrove": true, "near_coral": false, "near_mpa": false, "classification_reason": "near_mangrove" } }, "geometry": { "type": "MultiPolygon", "coordinates": [ [ [ [ 68.466741483084775, 23.427344767585154 ], [ 68.451568737278649, 23.416086549976171 ], [ 68.439009723469979, 23.430497127287676 ], [ 68.454182411805334, 23.441756702592965 ], [ 68.466741483084775, 23.427344767585154 ] ] ] ] } },
{ "type": "Feature", "properties": { "receptor_type": "sensitive_coastline", "name": "Sensitive Coastline Segment 0098", "source": "Natural Earth 10m Physical Coastline", "source_year": 2024, "sensitivity_tier": "high", "protection_status": false, "metadata": { "segment_index": 98, "segment_length_km": 5.0, "buffer_km": 1.0, "proximity_km": 2.0, "near_mangrove": true, "near_coral": false, "near_mpa": false, "classification_reason": "near_mangrove" } }, "geometry": { "type": "MultiPolygon", "coordinates": [ [ [ [ 68.495713812776827, 23.421822954664648 ], [ 68.490586914358502, 23.404489688057922 ], [ 68.456593785276169, 23.413049054334735 ], [ 68.461715950797668, 23.43038252211306 ], [ 68.495713812776827, 23.421822954664648 ] ] ] ] } },
{ "type": "Feature", "properties": { "receptor_type": "sensitive_coastline", "name": "Sensitive Coastline Segment 0099", "source": "Natural Earth 10m Physical Coastline", "source_year": 2024, "sensitivity_tier": "high", "protection_status": false, "metadata": { "segment_index": 99, "segment_length_km": 5.0, "buffer_km": 1.0, "proximity_km": 2.0, "near_mangrove": true, "near_coral": false, "near_mpa": false, "classification_reason": "near_mangrove" } }, "geometry": { "type": "MultiPolygon", "coordinates": [ [ [ [ 68.529547684975341, 23.432721998786576 ], [ 68.535192085806344, 23.415524866488312 ], [ 68.495974169080924, 23.404558898506476 ], [ 68.490325856180007, 23.421753578724051 ], [ 68.529547684975341, 23.432721998786576 ] ] ] ] } },
{ "type": "Feature", "properties": { "receptor_type": "sensitive_coastline", "name": "Sensitive Coastline Segment 0100", "source": "Natural Earth 10m Physical Coastline", "source_year": 2024, "sensitivity_tier": "high", "protection_status": false, "metadata": { "segment_index": 100, "segment_length_km": 5.0, "buffer_km": 1.0, "proximity_km": 2.0, "near_mangrove": true, "near_coral": false, "near_mpa": false, "classification_reason": "near_mangrove" } }, "geometry": { "type": "MultiPolygon", "coordinates": [ [ [ [ 68.523323147338942, 23.39429895073064 ], [ 68.506904000328021, 23.403952846480067 ], [ 68.524158893612281, 23.428950870635269 ], [ 68.54058084227421, 23.419295560682418 ], [ 68.523323147338942, 23.39429895073064 ] ] ] ] } },
{ "type": "Feature", "properties": { "receptor_type": "sensitive_coastline", "name": "Sensitive Coastline Segment 0101", "source": "Natural Earth 10m Physical Coastline", "source_year": 2024, "sensitivity_tier": "high", "protection_status": false, "metadata": { "segment_index": 101, "segment_length_km": 5.0, "buffer_km": 1.0, "proximity_km": 2.0, "near_mangrove": true, "near_coral": false, "near_mpa": false, "classification_reason": "near_mangrove" } }, "geometry": { "type": "MultiPolygon", "coordinates": [ [ [ [ 68.541290217656169, 23.365097102020723 ], [ 68.523367069886376, 23.358092774636052 ], [ 68.50615098376322, 23.39562235859059 ], [ 68.524077285943733, 23.402629593662123 ], [ 68.541290217656169, 23.365097102020723 ] ] ] ] } },
{ "type": "Feature", "properties": { "receptor_type": "sensitive_coastline", "name": "Sensitive Coastline Segment 0102", "source": "Natural Earth 10m Physical Coastline", "source_year": 2024, "sensitivity_tier": "high", "protection_status": false, "metadata": { "segment_index": 102, "segment_length_km": 5.0, "buffer_km": 1.0, "proximity_km": 2.0, "near_mangrove": true, "near_coral": false, "near_mpa": false, "classification_reason": "near_mangrove" } }, "geometry": { "type": "MultiPolygon", "coordinates": [ [ [ [ 68.571609895621663, 23.358756016271009 ], [ 68.565343352911427, 23.341743242342176 ], [ 68.529197656742284, 23.353088496925878 ], [ 68.535459322772084, 23.370101816566336 ], [ 68.571609895621663, 23.358756016271009 ] ] ] ] } },
{ "type": "Feature", "properties": { "receptor_type": "sensitive_coastline", "name": "Sensitive Coastline Segment 0103", "source": "Natural Earth 10m Physical Coastline", "source_year": 2024, "sensitivity_tier": "high", "protection_status": false, "metadata": { "segment_index": 103, "segment_length_km": 5.0, "buffer_km": 1.0, "proximity_km": 2.0, "near_mangrove": true, "near_coral": false, "near_mpa": false, "classification_reason": "near_mangrove" } }, "geometry": { "type": "MultiPolygon", "coordinates": [ [ [ [ 68.612140869909723, 23.333556723757074 ], [ 68.601151860018433, 23.318725394732898 ], [ 68.562984096057392, 23.342832828053432 ], [ 68.573969433575698, 23.357666346845036 ], [ 68.612140869909723, 23.333556723757074 ] ] ] ] } },
{ "type": "Feature", "properties": { "receptor_type": "sensitive_coastline", "name": "Sensitive Coastline Segment 0104", "source": "Natural Earth 10m Physical Coastline", "source_year": 2024, "sensitivity_tier": "high", "protection_status": false, "metadata": { "segment_index": 104, "segment_length_km": 5.0, "buffer_km": 1.0, "proximity_km": 2.0, "near_mangrove": true, "near_coral": false, "near_mpa": false, "classification_reason": "near_mangrove" } }, "geometry": { "type": "MultiPolygon", "coordinates": [ [ [ [ 68.563132696572922, 23.30689468811352 ], [ 68.558436571808826, 23.324332982153145 ], [ 68.604300278662762, 23.33486149733319 ], [ 68.608991443716718, 23.317420576825445 ], [ 68.563132696572922, 23.30689468811352 ] ] ] ] } },
{ "type": "Feature", "properties": { "receptor_type": "sensitive_coastline", "name": "Sensitive Coastline Segment 0105", "source": "Natural Earth 10m Physical Coastline", "source_year": 2024, "sensitivity_tier": "high", "protection_status": false, "metadata": { "segment_index": 105, "segment_length_km": 5.0, "buffer_km": 1.0, "proximity_km": 2.0, "near_mangrove": true, "near_coral": false, "near_mpa": false, "classification_reason": "near_mangrove" } }, "geometry": { "type": "MultiPolygon", "coordinates": [ [ [ [ 68.551771303383532, 23.27190260877909 ], [ 68.533792403042156, 23.278758731223679 ], [ 68.551792420926162, 23.319042172704329 ], [ 68.569776942082669, 23.312184980026473 ], [ 68.551771303383532, 23.27190260877909 ] ] ] ] } },
{ "type": "Feature", "properties": { "receptor_type": "sensitive_coastline", "name": "Sensitive Coastline Segment 0106", "source": "Natural Earth 10m Physical Coastline", "source_year": 2024, "sensitivity_tier": "high", "protection_status": false, "metadata": { "segment_index": 106, "segment_length_km": 5.0, "buffer_km": 1.0, "proximity_km": 2.0, "near_mangrove": true, "near_coral": false, "near_mpa": false, "classification_reason": "near_mangrove" } }, "geometry": { "type": "MultiPolygon", "coordinates": [ [ [ [ 68.58571763183555, 23.263637036011342 ], [ 68.576294103917746, 23.247917166650776 ], [ 68.538072675460072, 23.267470231770929 ], [ 68.547491858735398, 23.283191710606999 ], [ 68.58571763183555, 23.263637036011342 ] ] ] ] } },
{ "type": "Feature", "properties": { "receptor_type": "sensitive_coastline", "name": "Sensitive Coastline Segment 0107", "source": "Natural Earth 10m Physical Coastline", "source_year": 2024, "sensitivity_tier": "high", "protection_status": false, "metadata": { "segment_index": 107, "segment_length_km": 5.0, "buffer_km": 1.0, "proximity_km": 2.0, "near_mangrove": true, "near_coral": false, "near_mpa": false, "classification_reason": "near_mangrove" } }, "geometry": { "type": "MultiPolygon", "coordinates": [ [ [ [ 68.621157264617665, 23.272568734825239 ], [ 68.625067416555339, 23.254964136535847 ], [ 68.58296290762712, 23.246975886159301 ], [ 68.579047948832425, 23.26457825346148 ], [ 68.621157264617665, 23.272568734825239 ] ] ] ] } },
{ "type": "Feature", "properties": { "receptor_type": "sensitive_coastline", "name": "Sensitive Coastline Segment 0108", "source": "Natural Earth 10m Physical Coastline", "source_year": 2024, "sensitivity_tier": "high", "protection_status": false, "metadata": { "segment_index": 108, "segment_length_km": 5.0, "buffer_km": 1.0, "proximity_km": 2.0, "near_mangrove": true, "near_coral": false, "near_mpa": false, "classification_reason": "near_mangrove" } }, "geometry": { "type": "MultiPolygon", "coordinates": [ [ [ [ 68.614291643206784, 23.226352834685329 ], [ 68.596792908481987, 23.234190932025971 ], [ 68.614360766045195, 23.267685835210969 ], [ 68.631863897809879, 23.259846514187508 ], [ 68.614291643206784, 23.226352834685329 ] ] ] ] } },
{ "type": "Feature", "properties": { "receptor_type": "sensitive_coastline", "name": "Sensitive Coastline Segment 0109", "source": "Natural Earth 10m Physical Coastline", "source_year": 2024, "sensitivity_tier": "high", "protection_status": false, "metadata": { "segment_index": 109, "segment_length_km": 5.0, "buffer_km": 1.0, "proximity_km": 2.0, "near_mangrove": true, "near_coral": false, "near_mpa": false, "classification_reason": "near_mangrove" } }, "geometry": { "type": "MultiPolygon", "coordinates": [ [ [ [ 68.616700246245458, 23.211651413701194 ], [ 68.597304781195604, 23.210395173607338 ], [ 68.595843525379948, 23.22964337584764 ], [ 68.615241692542867, 23.230900412807404 ], [ 68.616700246245458, 23.211651413701194 ] ] ] ] } },
{ "type": "Feature", "properties": { "receptor_type": "sensitive_coastline", "name": "Sensitive Coastline Segment 0110", "source": "Natural Earth 10m Physical Coastline", "source_year": 2024, "sensitivity_tier": "high", "protection_status": false, "metadata": { "segment_index": 110, "segment_length_km": 5.0, "buffer_km": 1.0, "proximity_km": 2.0, "near_mangrove": true, "near_coral": false, "near_mpa": false, "classification_reason": "near_mangrove" } }, "geometry": { "type": "MultiPolygon", "coordinates": [ [ [ [ 68.64925953888158, 23.190386867059509 ], [ 68.636869952573079, 23.17653755339856 ], [ 68.60080923783508, 23.204097580649016 ], [ 68.613196158649444, 23.21794948433082 ], [ 68.64925953888158, 23.190386867059509 ] ] ] ] } },
{ "type": "Feature", "properties": { "receptor_type": "sensitive_coastline", "name": "Sensitive Coastline Segment 0111", "source": "Natural Earth 10m Physical Coastline", "source_year": 2024, "sensitivity_tier": "low", "protection_status": false, "metadata": { "segment_index": 111, "segment_length_km": 5.0, "buffer_km": 1.0, "proximity_km": 2.0, "near_mangrove": false, "near_coral": false, "near_mpa": false, "classification_reason": "no_ecological_association" } }, "geometry": { "type": "MultiPolygon", "coordinates": [ [ [ [ 68.674654493466363, 23.154584130691333 ], [ 68.658295668547296, 23.144879133732118 ], [ 68.634884769020459, 23.178608127532382 ], [ 68.651244768624466, 23.188316100366606 ], [ 68.674654493466363, 23.154584130691333 ] ] ] ] } },
{ "type": "Feature", "properties": { "receptor_type": "sensitive_coastline", "name": "Sensitive Coastline Segment 0112", "source": "Natural Earth 10m Physical Coastline", "source_year": 2024, "sensitivity_tier": "low", "protection_status": false, "metadata": { "segment_index": 112, "segment_length_km": 5.0, "buffer_km": 1.0, "proximity_km": 2.0, "near_mangrove": false, "near_coral": false, "near_mpa": false, "classification_reason": "no_ecological_association" } }, "geometry": { "type": "MultiPolygon", "coordinates": [ [ [ [ 68.710673654701225, 23.129125355406682 ], [ 68.698686826800923, 23.11497799258154 ], [ 68.660483169297777, 23.142656767417868 ], [ 68.672466931304996, 23.156806703382223 ], [ 68.710673654701225, 23.129125355406682 ] ] ] ] } },
{ "type": "Feature", "properties": { "receptor_type": "sensitive_coastline", "name": "Sensitive Coastline Segment 0113", "source": "Natural Earth 10m Physical Coastline", "source_year": 2024, "sensitivity_tier": "low", "protection_status": false, "metadata": { "segment_index": 113, "segment_length_km": 5.0, "buffer_km": 1.0, "proximity_km": 2.0, "near_mangrove": false, "near_coral": false, "near_mpa": false, "classification_reason": "no_ecological_association" } }, "geometry": { "type": "MultiPolygon", "coordinates": [ [ [ [ 68.750286483427857, 23.104148953310983 ], [ 68.739332755373567, 23.089302197033433 ], [ 68.699205261701152, 23.114627173930238 ], [ 68.710155174205312, 23.129476206182389 ], [ 68.750286483427857, 23.104148953310983 ] ] ] ] } },
{ "type": "Feature", "properties": { "receptor_type": "sensitive_coastline", "name": "Sensitive Coastline Segment 0114", "source": "Natural Earth 10m Physical Coastline", "source_year": 2024, "sensitivity_tier": "low", "protection_status": false, "metadata": { "segment_index": 114, "segment_length_km": 5.0, "buffer_km": 1.0, "proximity_km": 2.0, "near_mangrove": false, "near_coral": false, "near_mpa": false, "classification_reason": "no_ecological_association" } }, "geometry": { "type": "MultiPolygon", "coordinates": [ [ [ [ 68.790403981449288, 23.078808063137693 ], [ 68.779446453771541, 23.063963583757232 ], [ 68.739332755373567, 23.089302197033433 ], [ 68.750286483427857, 23.104148953310983 ], [ 68.790403981449288, 23.078808063137693 ] ] ] ] } },
{ "type": "Feature", "properties": { "receptor_type": "sensitive_coastline", "name": "Sensitive Coastline Segment 0115", "source": "Natural Earth 10m Physical Coastline", "source_year": 2024, "sensitivity_tier": "low", "protection_status": false, "metadata": { "segment_index": 115, "segment_length_km": 5.0, "buffer_km": 1.0, "proximity_km": 2.0, "near_mangrove": false, "near_coral": false, "near_mpa": false, "classification_reason": "no_ecological_association" } }, "geometry": { "type": "MultiPolygon", "coordinates": [ [ [ [ 68.830507674839168, 23.053453571525615 ], [ 68.819546363450954, 23.038611369952026 ], [ 68.779446453771541, 23.063963583757232 ], [ 68.790403981449288, 23.078808063137693 ], [ 68.830507674839168, 23.053453571525615 ] ] ] ] } },
{ "type": "Feature", "properties": { "receptor_type": "sensitive_coastline", "name": "Sensitive Coastline Segment 0116", "source": "Natural Earth 10m Physical Coastline", "source_year": 2024, "sensitivity_tier": "low", "protection_status": false, "metadata": { "segment_index": 116, "segment_length_km": 5.0, "buffer_km": 1.0, "proximity_km": 2.0, "near_mangrove": false, "near_coral": false, "near_mpa": false, "classification_reason": "no_ecological_association" } }, "geometry": { "type": "MultiPolygon", "coordinates": [ [ [ [ 68.870597570218806, 23.02808551434569 ], [ 68.859632491019553, 23.013245591476068 ], [ 68.819546363450954, 23.038611369952026 ], [ 68.830507674839168, 23.053453571525615 ], [ 68.870597570218806, 23.02808551434569 ] ] ] ] } },
{ "type": "Feature", "properties": { "receptor_type": "sensitive_coastline", "name": "Sensitive Coastline Segment 0117", "source": "Natural Earth 10m Physical Coastline", "source_year": 2024, "sensitivity_tier": "low", "protection_status": false, "metadata": { "segment_index": 117, "segment_length_km": 5.0, "buffer_km": 1.0, "proximity_km": 2.0, "near_mangrove": false, "near_coral": false, "near_mpa": false, "classification_reason": "no_ecological_association" } }, "geometry": { "type": "MultiPolygon", "coordinates": [ [ [ [ 68.913471166560072, 23.010887240466463 ], [ 68.905680662596851, 22.994417010830112 ], [ 68.861222444418516, 23.012429845878483 ], [ 68.869007440829833, 23.028901326865391 ], [ 68.913471166560072, 23.010887240466463 ] ] ] ] } },
{ "type": "Feature", "properties": { "receptor_type": "sensitive_coastline", "name": "Sensitive Coastline Segment 0118", "source": "Natural Earth 10m Physical Coastline", "source_year": 2024, "sensitivity_tier": "low", "protection_status": false, "metadata": { "segment_index": 118, "segment_length_km": 5.0, "buffer_km": 1.0, "proximity_km": 2.0, "near_mangrove": false, "near_coral": false, "near_mpa": false, "classification_reason": "no_ecological_association" } }, "geometry": { "type": "MultiPolygon", "coordinates": [ [ [ [ 68.958003027411053, 22.993086165286769 ], [ 68.950301259744577, 22.976579222460103 ], [ 68.905727795304259, 22.994398041779725 ], [ 68.91342402800683, 23.010906210828438 ], [ 68.958003027411053, 22.993086165286769 ] ] ] ] } },
{ "type": "Feature", "properties": { "receptor_type": "sensitive_coastline", "name": "Sensitive Coastline Segment 0119", "source": "Natural Earth 10m Physical Coastline", "source_year": 2024, "sensitivity_tier": "low", "protection_status": false, "metadata": { "segment_index": 119, "segment_length_km": 5.0, "buffer_km": 1.0, "proximity_km": 2.0, "near_mangrove": false, "near_coral": false, "near_mpa": false, "classification_reason": "no_ecological_association" } }, "geometry": { "type": "MultiPolygon", "coordinates": [ [ [ [ 69.00257275044126, 22.975250942538075 ], [ 68.994865462585423, 22.958745232499716 ], [ 68.950301259744577, 22.976579222460103 ], [ 68.958003027411053, 22.993086165286769 ], [ 69.00257275044126, 22.975250942538075 ] ] ] ] } },
{ "type": "Feature", "properties": { "receptor_type": "sensitive_coastline", "name": "Sensitive Coastline Segment 0120", "source": "Natural Earth 10m Physical Coastline", "source_year": 2024, "sensitivity_tier": "low", "protection_status": false, "metadata": { "segment_index": 120, "segment_length_km": 5.0, "buffer_km": 1.0, "proximity_km": 2.0, "near_mangrove": false, "near_coral": false, "near_mpa": false, "classification_reason": "no_ecological_association" } }, "geometry": { "type": "MultiPolygon", "coordinates": [ [ [ [ 69.046904927201467, 22.956741249594852 ], [ 69.03892000971463, 22.940348174464731 ], [ 68.994729346696133, 22.958800883193064 ], [ 69.002708883050047, 22.975195287914346 ], [ 69.046904927201467, 22.956741249594852 ] ] ] ] } },
{ "type": "Feature", "properties": { "receptor_type": "sensitive_coastline", "name": "Sensitive Coastline Segment 0121", "source": "Natural Earth 10m Physical Coastline", "source_year": 2024, "sensitivity_tier": "low", "protection_status": false, "metadata": { "segment_index": 121, "segment_length_km": 5.0, "buffer_km": 1.0, "proximity_km": 2.0, "near_mangrove": false, "near_coral": false, "near_mpa": false, "classification_reason": "no_ecological_association" } }, "geometry": { "type": "MultiPolygon", "coordinates": [ [ [ [ 69.08824133711569, 22.930110991093532 ], [ 69.077098286453918, 22.915382773736471 ], [ 69.0373428177557, 22.941179401804455 ], [ 69.048482289029181, 22.95590995278366 ], [ 69.08824133711569, 22.930110991093532 ] ] ] ] } },
{ "type": "Feature", "properties": { "receptor_type": "sensitive_coastline", "name": "Sensitive Coastline Segment 0122", "source": "Natural Earth 10m Physical Coastline", "source_year": 2024, "sensitivity_tier": "low", "protection_status": false, "metadata": { "segment_index": 122, "segment_length_km": 5.0, "buffer_km": 1.0, "proximity_km": 2.0, "near_mangrove": false, "near_coral": false, "near_mpa": false, "classification_reason": "no_ecological_association" } }, "geometry": { "type": "MultiPolygon", "coordinates": [ [ [ [ 69.127986421627099, 22.904298787972511 ], [ 69.116839807321583, 22.889572904767245 ], [ 69.077098286453918, 22.915382773736471 ], [ 69.08824133711569, 22.930110991093532 ], [ 69.127986421627099, 22.904298787972511 ] ] ] ] } },
{ "type": "Feature", "properties": { "receptor_type": "sensitive_coastline", "name": "Sensitive Coastline Segment 0123", "source": "Natural Earth 10m Physical Coastline", "source_year": 2024, "sensitivity_tier": "low", "protection_status": false, "metadata": { "segment_index": 123, "segment_length_km": 5.0, "buffer_km": 1.0, "proximity_km": 2.0, "near_mangrove": false, "near_coral": false, "near_mpa": false, "classification_reason": "no_ecological_association" } }, "geometry": { "type": "MultiPolygon", "coordinates": [ [ [ [ 69.168694232164967, 22.880773992512125 ], [ 69.158414197163935, 22.865516245072111 ], [ 69.117275137916806, 22.889305946013131 ], [ 69.127551049625936, 22.904565770481703 ], [ 69.168694232164967, 22.880773992512125 ] ] ] ] } },
{ "type": "Feature", "properties": { "receptor_type": "sensitive_coastline", "name": "Sensitive Coastline Segment 0124", "source": "Natural Earth 10m Physical Coastline", "source_year": 2024, "sensitivity_tier": "low", "protection_status": false, "metadata": { "segment_index": 124, "segment_length_km": 5.0, "buffer_km": 1.0, "proximity_km": 2.0, "near_mangrove": false, "near_coral": false, "near_mpa": false, "classification_reason": "no_ecological_association" } }, "geometry": { "type": "MultiPolygon", "coordinates": [ [ [ [ 69.21052299152295, 22.859005467793025 ], [ 69.201012735268563, 22.843324375644009 ], [ 69.158801346822571, 22.865303663090558 ], [ 69.168307042146637, 22.880986592681477 ], [ 69.21052299152295, 22.859005467793025 ] ] ] ] } },
{ "type": "Feature", "properties": { "receptor_type": "sensitive_coastline", "name": "Sensitive Coastline Segment 0125", "source": "Natural Earth 10m Physical Coastline", "source_year": 2024, "sensitivity_tier": "low", "protection_status": false, "metadata": { "segment_index": 125, "segment_length_km": 5.0, "buffer_km": 1.0, "proximity_km": 2.0, "near_mangrove": false, "near_coral": false, "near_mpa": false, "classification_reason": "no_ecological_association" } }, "geometry": { "type": "MultiPolygon", "coordinates": [ [ [ [ 69.255028828856595, 22.849447284616968 ], [ 69.25049179960412, 22.831955973265234 ], [ 69.203502370308669, 22.84241920777059 ], [ 69.208033045882615, 22.859910692760025 ], [ 69.255028828856595, 22.849447284616968 ] ] ] ] } },
{ "type": "Feature", "properties": { "receptor_type": "sensitive_coastline", "name": "Sensitive Coastline Segment 0126", "source": "Natural Earth 10m Physical Coastline", "source_year": 2024, "sensitivity_tier": "low", "protection_status": false, "metadata": { "segment_index": 126, "segment_length_km": 5.0, "buffer_km": 1.0, "proximity_km": 2.0, "near_mangrove": false, "near_coral": false, "near_mpa": false, "classification_reason": "no_ecological_association" } }, "geometry": { "type": "MultiPolygon", "coordinates": [ [ [ [ 69.301992458650446, 22.845347414758628 ], [ 69.300129932040861, 22.827439421994981 ], [ 69.251832252172051, 22.831747986016836 ], [ 69.253688193406404, 22.849655264229543 ], [ 69.301992458650446, 22.845347414758628 ] ] ] ] } },
{ "type": "Feature", "properties": { "receptor_type": "sensitive_coastline", "name": "Sensitive Coastline Segment 0127", "source": "Natural Earth 10m Physical Coastline", "source_year": 2024, "sensitivity_tier": "low", "protection_status": false, "metadata": { "segment_index": 127, "segment_length_km": 5.0, "buffer_km": 1.0, "proximity_km": 2.0, "near_mangrove": false, "near_coral": false, "near_mpa": false, "classification_reason": "no_ecological_association" } }, "geometry": { "type": "MultiPolygon", "coordinates": [ [ [ [ 69.350098259676301, 22.837725950970267 ], [ 69.346814206710121, 22.819993058334024 ], [ 69.299422452735428, 22.827527090995826 ], [ 69.302700034630746, 22.845259752738048 ], [ 69.350098259676301, 22.837725950970267 ] ] ] ] } },
{ "type": "Feature", "properties": { "receptor_type": "sensitive_coastline", "name": "Sensitive Coastline Segment 0128", "source": "Natural Earth 10m Physical Coastline", "source_year": 2024, "sensitivity_tier": "low", "protection_status": false, "metadata": { "segment_index": 128, "segment_length_km": 5.0, "buffer_km": 1.0, "proximity_km": 2.0, "near_mangrove": false, "near_coral": false, "near_mpa": false, "classification_reason": "no_ecological_association" } }, "geometry": { "type": "MultiPolygon", "coordinates": [ [ [ [ 69.397319752680758, 22.824091813000425 ], [ 69.39151198011254, 22.80692268860976 ], [ 69.34555544316737, 22.820274625163055 ], [ 69.351357192489431, 22.837444378739285 ], [ 69.397319752680758, 22.824091813000425 ] ] ] ] } },
{ "type": "Feature", "properties": { "receptor_type": "sensitive_coastline", "name": "Sensitive Coastline Segment 0129", "source": "Natural Earth 10m Physical Coastline", "source_year": 2024, "sensitivity_tier": "low", "protection_status": false, "metadata": { "segment_index": 129, "segment_length_km": 5.0, "buffer_km": 1.0, "proximity_km": 2.0, "near_mangrove": false, "near_coral": false, "near_mpa": false, "classification_reason": "no_ecological_association" } }, "geometry": { "type": "MultiPolygon", "coordinates": [ [ [ [ 69.442966803798555, 22.809717718483125 ], [ 69.436720267808781, 22.792680412264612 ], [ 69.39129554427025, 22.806988205489052 ], [ 69.397536216681019, 22.824026292779081 ], [ 69.442966803798555, 22.809717718483125 ] ] ] ] } },
{ "type": "Feature", "properties": { "receptor_type": "sensitive_coastline", "name": "Sensitive Coastline Segment 0130", "source": "Natural Earth 10m Physical Coastline", "source_year": 2024, "sensitivity_tier": "high", "protection_status": false, "metadata": { "segment_index": 130, "segment_length_km": 5.0, "buffer_km": 1.0, "proximity_km": 2.0, "near_mangrove": true, "near_coral": false, "near_mpa": false, "classification_reason": "near_mangrove" } }, "geometry": { "type": "MultiPolygon", "coordinates": [ [ [ [ 69.488302118224325, 22.795576981676223 ], [ 69.482110508211662, 22.778521391108868 ], [ 69.436750656549947, 22.792670886668184 ], [ 69.442936411134625, 22.809727244597848 ], [ 69.488302118224325, 22.795576981676223 ] ] ] ] } },
{ "type": "Feature", "properties": { "receptor_type": "sensitive_coastline", "name": "Sensitive Coastline Segment 0131", "source": "Natural Earth 10m Physical Coastline", "source_year": 2024, "sensitivity_tier": "high", "protection_status": false, "metadata": { "segment_index": 131, "segment_length_km": 5.0, "buffer_km": 1.0, "proximity_km": 2.0, "near_mangrove": true, "near_coral": false, "near_mpa": false, "classification_reason": "near_mangrove" } }, "geometry": { "type": "MultiPolygon", "coordinates": [ [ [ [ 69.533725838687914, 22.790185482320972 ], [ 69.531182024523119, 22.772343591867383 ], [ 69.483937498637928, 22.778128461964148 ], [ 69.486474883169834, 22.795969917355162 ], [ 69.533725838687914, 22.790185482320972 ] ] ] ] } },
{ "type": "Feature", "properties": { "receptor_type": "sensitive_coastline", "name": "Sensitive Coastline Segment 0132", "source": "Natural Earth 10m Physical Coastline", "source_year": 2024, "sensitivity_tier": "high", "protection_status": false, "metadata": { "segment_index": 132, "segment_length_km": 5.0, "buffer_km": 1.0, "proximity_km": 2.0, "near_mangrove": true, "near_coral": false, "near_mpa": false, "classification_reason": "near_mangrove" } }, "geometry": { "type": "MultiPolygon", "coordinates": [ [ [ [ 69.578949447312851, 22.773020138428116 ], [ 69.571471350407236, 22.756411653113236 ], [ 69.528717652434324, 22.772959700798147 ], [ 69.536190535178193, 22.789569352294968 ], [ 69.578949447312851, 22.773020138428116 ] ] ] ] } },
{ "type": "Feature", "properties": { "receptor_type": "sensitive_coastline", "name": "Sensitive Coastline Segment 0133", "source": "Natural Earth 10m Physical Coastline", "source_year": 2024, "sensitivity_tier": "high", "protection_status": false, "metadata": { "segment_index": 133, "segment_length_km": 5.0, "buffer_km": 1.0, "proximity_km": 2.0, "near_mangrove": true, "near_coral": false, "near_mpa": false, "classification_reason": "near_mangrove" } }, "geometry": { "type": "MultiPolygon", "coordinates": [ [ [ [ 69.623872970661722, 22.769765271762111 ], [ 69.622162478110639, 22.751835840919021 ], [ 69.574358197295297, 22.755751532769541 ], [ 69.576062219255448, 22.773680275374932 ], [ 69.623872970661722, 22.769765271762111 ] ] ] ] } },
{ "type": "Feature", "properties": { "receptor_type": "sensitive_coastline", "name": "Sensitive Coastline Segment 0134", "source": "Natural Earth 10m Physical Coastline", "source_year": 2024, "sensitivity_tier": "high", "protection_status": false, "metadata": { "segment_index": 134, "segment_length_km": 5.0, "buffer_km": 1.0, "proximity_km": 2.0, "near_mangrove": true, "near_coral": false, "near_mpa": false, "classification_reason": "near_mangrove" } }, "geometry": { "type": "MultiPolygon", "coordinates": [ [ [ [ 69.671906745253366, 22.764901009210451 ], [ 69.669795690840417, 22.747007123987476 ], [ 69.621965453074324, 22.751853890617859 ], [ 69.624070022392814, 22.769747224617287 ], [ 69.671906745253366, 22.764901009210451 ] ] ] ] } },
{ "type": "Feature", "properties": { "receptor_type": "sensitive_coastline", "name": "Sensitive Coastline Segment 0135", "source": "Natural Earth 10m Physical Coastline", "source_year": 2024, "sensitivity_tier": "high", "protection_status": false, "metadata": { "segment_index": 135, "segment_length_km": 5.0, "buffer_km": 1.0, "proximity_km": 2.0, "near_mangrove": true, "near_coral": false, "near_mpa": false, "classification_reason": "near_mangrove" } }, "geometry": { "type": "MultiPolygon", "coordinates": [ [ [ [ 69.719543534056058, 22.756964827980092 ], [ 69.716099509018576, 22.739248643137067 ], [ 69.6691324258706, 22.747096029097829 ], [ 69.672570100147553, 22.764812108682968 ], [ 69.719543534056058, 22.756964827980092 ] ] ] ] } },
{ "type": "Feature", "properties": { "receptor_type": "sensitive_coastline", "name": "Sensitive Coastline Segment 0136", "source": "Natural Earth 10m Physical Coastline", "source_year": 2024, "sensitivity_tier": "high", "protection_status": false, "metadata": { "segment_index": 136, "segment_length_km": 5.0, "buffer_km": 1.0, "proximity_km": 2.0, "near_mangrove": true, "near_coral": false, "near_mpa": false, "classification_reason": "near_mangrove" } }, "geometry": { "type": "MultiPolygon", "coordinates": [ [ [ [ 69.737824084371113, 22.788932899141386 ], [ 69.753527024605873, 22.778346213229565 ], [ 69.725671090105493, 22.74281431661052 ], [ 69.709971282024568, 22.753398631653077 ], [ 69.737824084371113, 22.788932899141386 ] ] ] ] } },
{ "type": "Feature", "properties": { "receptor_type": "sensitive_coastline", "name": "Sensitive Coastline Segment 0137", "source": "Natural Earth 10m Physical Coastline", "source_year": 2024, "sensitivity_tier": "high", "protection_status": false, "metadata": { "segment_index": 137, "segment_length_km": 5.0, "buffer_km": 1.0, "proximity_km": 2.0, "near_mangrove": true, "near_coral": false, "near_mpa": false, "classification_reason": "near_mangrove" } }, "geometry": { "type": "MultiPolygon", "coordinates": [ [ [ [ 69.764794644525509, 22.825556532386734 ], [ 69.780831434652839, 22.815402204930127 ], [ 69.753692206738705, 22.778563530909025 ], [ 69.737658922166915, 22.78871556745705 ], [ 69.764794644525509, 22.825556532386734 ] ] ] ] } },
{ "type": "Feature", "properties": { "receptor_type": "sensitive_coastline", "name": "Sensitive Coastline Segment 0138", "source": "Natural Earth 10m Physical Coastline", "source_year": 2024, "sensitivity_tier": "low", "protection_status": false, "metadata": { "segment_index": 138, "segment_length_km": 5.0, "buffer_km": 1.0, "proximity_km": 2.0, "near_mangrove": false, "near_coral": false, "near_mpa": false, "classification_reason": "no_ecological_association" } }, "geometry": { "type": "MultiPolygon", "coordinates": [ [ [ [ 69.805496285857657, 22.854731860674015 ], [ 69.817227132710229, 22.840381338775419 ], [ 69.778678664969107, 22.813305774655795 ], [ 69.766947312636219, 22.827653145973425 ], [ 69.805496285857657, 22.854731860674015 ] ] ] ] } },
{ "type": "Feature", "properties": { "receptor_type": "sensitive_coastline", "name": "Sensitive Coastline Segment 0139", "source": "Natural Earth 10m Physical Coastline", "source_year": 2024, "sensitivity_tier": "low", "protection_status": false, "metadata": { "segment_index": 139, "segment_length_km": 5.0, "buffer_km": 1.0, "proximity_km": 2.0, "near_mangrove": false, "near_coral": false, "near_mpa": false, "classification_reason": "no_ecological_association" } }, "geometry": { "type": "MultiPolygon", "coordinates": [ [ [ [ 69.852578735160478, 22.872403786194209 ], [ 69.859743902880126, 22.855667773858478 ], [ 69.814946247212859, 22.839190107974183 ], [ 69.807777291221782, 22.855923259166055 ], [ 69.852578735160478, 22.872403786194209 ] ] ] ] } },
{ "type": "Feature", "properties": { "receptor_type": "sensitive_coastline", "name": "Sensitive Coastline Segment 0140", "source": "Natural Earth 10m Physical Coastline", "source_year": 2024, "sensitivity_tier": "low", "protection_status": false, "metadata": { "segment_index": 140, "segment_length_km": 5.0, "buffer_km": 1.0, "proximity_km": 2.0, "near_mangrove": false, "near_coral": false, "near_mpa": false, "classification_reason": "no_ecological_association" } }, "geometry": { "type": "MultiPolygon", "coordinates": [ [ [ [ 69.901147720546021, 22.88278025748378 ], [ 69.90546670563414, 22.865224439726749 ], [ 69.858323501170233, 22.855259072817322 ], [ 69.853999277159474, 22.872812567839585 ], [ 69.901147720546021, 22.88278025748378 ] ] ] ] } },
{ "type": "Feature", "properties": { "receptor_type": "sensitive_coastline", "name": "Sensitive Coastline Segment 0141", "source": "Natural Earth 10m Physical Coastline", "source_year": 2024, "sensitivity_tier": "low", "protection_status": false, "metadata": { "segment_index": 141, "segment_length_km": 5.0, "buffer_km": 1.0, "proximity_km": 2.0, "near_mangrove": false, "near_coral": false, "near_mpa": false, "classification_reason": "no_ecological_association" } }, "geometry": { "type": "MultiPolygon", "coordinates": [ [ [ [ 69.946681560015719, 22.895942188454008 ], [ 69.952455004889103, 22.878747792022555 ], [ 69.90619619228292, 22.865406442627272 ], [ 69.900418157017214, 22.882598215904927 ], [ 69.946681560015719, 22.895942188454008 ] ] ] ] } },
{ "type": "Feature", "properties": { "receptor_type": "sensitive_coastline", "name": "Sensitive Coastline Segment 0142", "source": "Natural Earth 10m Physical Coastline", "source_year": 2024, "sensitivity_tier": "low", "protection_status": false, "metadata": { "segment_index": 142, "segment_length_km": 5.0, "buffer_km": 1.0, "proximity_km": 2.0, "near_mangrove": false, "near_coral": false, "near_mpa": false, "classification_reason": "no_ecological_association" } }, "geometry": { "type": "MultiPolygon", "coordinates": [ [ [ [ 69.99615257972782, 22.902944845543722 ], [ 69.999041577597438, 22.885136458072175 ], [ 69.951015762296365, 22.878441813888671 ], [ 69.948120962197265, 22.896248237058273 ], [ 69.99615257972782, 22.902944845543722 ] ] ] ] } },
{ "type": "Feature", "properties": { "receptor_type": "sensitive_coastline", "name": "Sensitive Coastline Segment 0143", "source": "Natural Earth 10m Physical Coastline", "source_year": 2024, "sensitivity_tier": "low", "protection_status": false, "metadata": { "segment_index": 143, "segment_length_km": 5.0, "buffer_km": 1.0, "proximity_km": 2.0, "near_mangrove": false, "near_coral": false, "near_mpa": false, "classification_reason": "no_ecological_association" } }, "geometry": { "type": "MultiPolygon", "coordinates": [ [ [ [ 70.038960500855779, 22.919333263236034 ], [ 70.046276974447608, 22.902647902675334 ], [ 70.001257086546474, 22.885699351995662 ], [ 69.993936839570068, 22.902381834731337 ], [ 70.038960500855779, 22.919333263236034 ] ] ] ] } },
{ "type": "Feature", "properties": { "receptor_type": "sensitive_coastline", "name": "Sensitive Coastline Segment 0144", "source": "Natural Earth 10m Physical Coastline", "source_year": 2024, "sensitivity_tier": "high", "protection_status": false, "metadata": { "segment_index": 144, "segment_length_km": 5.0, "buffer_km": 1.0, "proximity_km": 2.0, "near_mangrove": true, "near_coral": false, "near_mpa": false, "classification_reason": "near_mangrove" } }, "geometry": { "type": "MultiPolygon", "coordinates": [ [ [ [ 70.087208328869167, 22.930202641457392 ], [ 70.091758553945084, 22.912692266943392 ], [ 70.044896497318646, 22.902236600043057 ], [ 70.040341113050616, 22.919744644538476 ], [ 70.087208328869167, 22.930202641457392 ] ] ] ] } },
{ "type": "Feature", "properties": { "receptor_type": "sensitive_coastline", "name": "Sensitive Coastline Segment 0145", "source": "Natural Earth 10m Physical Coastline", "source_year": 2024, "sensitivity_tier": "high", "protection_status": false, "metadata": { "segment_index": 145, "segment_length_km": 5.0, "buffer_km": 1.0, "proximity_km": 2.0, "near_mangrove": true, "near_coral": false, "near_mpa": false, "classification_reason": "near_mangrove" } }, "geometry": { "type": "MultiPolygon", "coordinates": [ [ [ [ 70.132827592389702, 22.940122833836416 ], [ 70.137268862178018, 22.922587343961034 ], [ 70.091706609703991, 22.912680825300825 ], [ 70.087260278854799, 22.930214085662158 ], [ 70.132827592389702, 22.940122833836416 ] ] ] ] } },
{ "type": "Feature", "properties": { "receptor_type": "sensitive_coastline", "name": "Sensitive Coastline Segment 0146", "source": "Natural Earth 10m Physical Coastline", "source_year": 2024, "sensitivity_tier": "high", "protection_status": false, "metadata": { "segment_index": 146, "segment_length_km": 5.0, "buffer_km": 1.0, "proximity_km": 2.0, "near_mangrove": true, "near_coral": false, "near_mpa": false, "classification_reason": "near_mangrove" } }, "geometry": { "type": "MultiPolygon", "coordinates": [ [ [ [ 70.104894196988681, 22.960681859980394 ], [ 70.121609063887519, 22.969892041582696 ], [ 70.143405278388769, 22.935958674503908 ], [ 70.126692196586646, 22.92675124309779 ], [ 70.104894196988681, 22.960681859980394 ] ] ] ] } },
{ "type": "Feature", "properties": { "receptor_type": "sensitive_coastline", "name": "Sensitive Coastline Segment 0147", "source": "Natural Earth 10m Physical Coastline", "source_year": 2024, "sensitivity_tier": "high", "protection_status": false, "metadata": { "segment_index": 147, "segment_length_km": 5.0, "buffer_km": 1.0, "proximity_km": 2.0, "near_mangrove": true, "near_coral": false, "near_mpa": false, "classification_reason": "near_mangrove" } }, "geometry": { "type": "MultiPolygon", "coordinates": [ [ [ [ 70.117876742176577, 22.987734759164439 ], [ 70.134001566784434, 22.977659527249887 ], [ 70.121312625664586, 22.960249794812714 ], [ 70.105189452233716, 22.97032393620723 ], [ 70.117876742176577, 22.987734759164439 ] ] ] ] } },
{ "type": "Feature", "properties": { "receptor_type": "sensitive_coastline", "name": "Sensitive Coastline Segment 0148", "source": "Natural Earth 10m Physical Coastline", "source_year": 2024, "sensitivity_tier": "high", "protection_status": false, "metadata": { "segment_index": 148, "segment_length_km": 5.0, "buffer_km": 1.0, "proximity_km": 2.0, "near_mangrove": true, "near_coral": false, "near_mpa": false, "classification_reason": "near_mangrove" } }, "geometry": { "type": "MultiPolygon", "coordinates": [ [ [ [ 70.162126663241466, 22.9616453441012 ], [ 70.14830159163759, 22.948975926778552 ], [ 70.119027705001372, 22.976361320556222 ], [ 70.132851810635216, 22.989033287979801 ], [ 70.162126663241466, 22.9616453441012 ] ] ] ] } },
{ "type": "Feature", "properties": { "receptor_type": "sensitive_coastline", "name": "Sensitive Coastline Segment 0149", "source": "Natural Earth 10m Physical Coastline", "source_year": 2024, "sensitivity_tier": "high", "protection_status": false, "metadata": { "segment_index": 149, "segment_length_km": 5.0, "buffer_km": 1.0, "proximity_km": 2.0, "near_mangrove": true, "near_coral": false, "near_mpa": false, "classification_reason": "near_mangrove" } }, "geometry": { "type": "MultiPolygon", "coordinates": [ [ [ [ 70.200807274570593, 22.961326652535995 ], [ 70.199419585364126, 22.943359568881267 ], [ 70.15452299081312, 22.946327503000109 ], [ 70.15590458891819, 22.964293969946869 ], [ 70.200807274570593, 22.961326652535995 ] ] ] ] } },
{ "type": "Feature", "properties": { "receptor_type": "sensitive_coastline", "name": "Sensitive Coastline Segment 0150", "source": "Natural Earth 10m Physical Coastline", "source_year": 2024, "sensitivity_tier": "high", "protection_status": false, "metadata": { "segment_index": 150, "segment_length_km": 5.0, "buffer_km": 1.0, "proximity_km": 2.0, "near_mangrove": true, "near_coral": false, "near_mpa": false, "classification_reason": "near_mangrove" } }, "geometry": { "type": "MultiPolygon", "coordinates": [ [ [ [ 70.22554089506832, 22.986616882605766 ], [ 70.238808355437953, 22.973441639189186 ], [ 70.206746519865519, 22.945756658834803 ], [ 70.193479710482549, 22.958929164982496 ], [ 70.22554089506832, 22.986616882605766 ] ] ] ] } },
{ "type": "Feature", "properties": { "receptor_type": "sensitive_coastline", "name": "Sensitive Coastline Segment 0151", "source": "Natural Earth 10m Physical Coastline", "source_year": 2024, "sensitivity_tier": "high", "protection_status": false, "metadata": { "segment_index": 151, "segment_length_km": 5.0, "buffer_km": 1.0, "proximity_km": 2.0, "near_mangrove": true, "near_coral": false, "near_mpa": false, "classification_reason": "near_mangrove" } }, "geometry": { "type": "MultiPolygon", "coordinates": [ [ [ [ 70.250567276766148, 22.991927323062015 ], [ 70.253692186440247, 22.974147086707788 ], [ 70.233738450623747, 22.971139719477787 ], [ 70.230611138085877, 22.988919137057419 ], [ 70.250567276766148, 22.991927323062015 ] ] ] ] } },
{ "type": "Feature", "properties": { "receptor_type": "sensitive_coastline", "name": "Sensitive Coastline Segment 0152", "source": "Natural Earth 10m Physical Coastline", "source_year": 2024, "sensitivity_tier": "high", "protection_status": false, "metadata": { "segment_index": 152, "segment_length_km": 5.0, "buffer_km": 1.0, "proximity_km": 2.0, "near_mangrove": true, "near_coral": false, "near_mpa": false, "classification_reason": "near_mangrove" } }, "geometry": { "type": "MultiPolygon", "coordinates": [ [ [ [ 70.292295209587991, 22.96115589969634 ], [ 70.279146649340987, 22.94787932997005 ], [ 70.245556733942635, 22.976397521591064 ], [ 70.258703681908301, 22.98967677432578 ], [ 70.292295209587991, 22.96115589969634 ] ] ] ] } },
{ "type": "Feature", "properties": { "receptor_type": "sensitive_coastline", "name": "Sensitive Coastline Segment 0153", "source": "Natural Earth 10m Physical Coastline", "source_year": 2024, "sensitivity_tier": "high", "protection_status": false, "metadata": { "segment_index": 153, "segment_length_km": 5.0, "buffer_km": 1.0, "proximity_km": 2.0, "near_mangrove": true, "near_coral": false, "near_mpa": false, "classification_reason": "near_mangrove" } }, "geometry": { "type": "MultiPolygon", "coordinates": [ [ [ [ 70.326256922343788, 22.953862660970394 ], [ 70.321258751942494, 22.936451768598847 ], [ 70.283224143662991, 22.945812038061852 ], [ 70.288217300629086, 22.963223369777733 ], [ 70.326256922343788, 22.953862660970394 ] ] ] ] } },
{ "type": "Feature", "properties": { "receptor_type": "sensitive_coastline", "name": "Sensitive Coastline Segment 0154", "source": "Natural Earth 10m Physical Coastline", "source_year": 2024, "sensitivity_tier": "high", "protection_status": false, "metadata": { "segment_index": 154, "segment_length_km": 5.0, "buffer_km": 1.0, "proximity_km": 2.0, "near_mangrove": true, "near_coral": false, "near_mpa": false, "classification_reason": "near_mangrove" } }, "geometry": { "type": "MultiPolygon", "coordinates": [ [ [ [ 70.366969219967217, 22.947606108547845 ], [ 70.363761871214976, 22.929836034846353 ], [ 70.322156919013182, 22.936272197846119 ], [ 70.325358635004108, 22.954042236476557 ], [ 70.366969219967217, 22.947606108547845 ] ] ] ] } },
{ "type": "Feature", "properties": { "receptor_type": "sensitive_coastline", "name": "Sensitive Coastline Segment 0155", "source": "Natural Earth 10m Physical Coastline", "source_year": 2024, "sensitivity_tier": "high", "protection_status": false, "metadata": { "segment_index": 155, "segment_length_km": 5.0, "buffer_km": 1.0, "proximity_km": 2.0, "near_mangrove": true, "near_coral": false, "near_mpa": false, "classification_reason": "near_mangrove" } }, "geometry": { "type": "MultiPolygon", "coordinates": [ [ [ [ 70.397421031015824, 22.965199036990256 ], [ 70.406744552366973, 22.949385130826883 ], [ 70.370028046057953, 22.93081531404728 ], [ 70.360702336320486, 22.94662658602892 ], [ 70.397421031015824, 22.965199036990256 ] ] ] ] } },
{ "type": "Feature", "properties": { "receptor_type": "sensitive_coastline", "name": "Sensitive Coastline Segment 0156", "source": "Natural Earth 10m Physical Coastline", "source_year": 2024, "sensitivity_tier": "high", "protection_status": false, "metadata": { "segment_index": 156, "segment_length_km": 5.0, "buffer_km": 1.0, "proximity_km": 2.0, "near_mangrove": true, "near_coral": false, "near_mpa": false, "classification_reason": "near_mangrove" } }, "geometry": { "type": "MultiPolygon", "coordinates": [ [ [ [ 70.393154225911204, 23.002075388317952 ], [ 70.412614049185635, 23.001776520054481 ], [ 70.411809821199697, 22.95714199380544 ], [ 70.392356459855336, 22.957441802002005 ], [ 70.393154225911204, 23.002075388317952 ] ] ] ] } },
{ "type": "Feature", "properties": { "receptor_type": "sensitive_coastline", "name": "Sensitive Coastline Segment 0157", "source": "Natural Earth 10m Physical Coastline", "source_year": 2024, "sensitivity_tier": "high", "protection_status": false, "metadata": { "segment_index": 157, "segment_length_km": 5.0, "buffer_km": 1.0, "proximity_km": 2.0, "near_mangrove": true, "near_coral": false, "near_mpa": false, "classification_reason": "near_mangrove" } }, "geometry": { "type": "MultiPolygon", "coordinates": [ [ [ [ 70.391807901326445, 23.043416463006636 ], [ 70.411267717597326, 23.043954466637231 ], [ 70.412611097069785, 23.002194393940172 ], [ 70.393157238116828, 23.00165752450944 ], [ 70.391807901326445, 23.043416463006636 ] ] ] ] } },
{ "type": "Feature", "properties": { "receptor_type": "sensitive_coastline", "name": "Sensitive Coastline Segment 0158", "source": "Natural Earth 10m Physical Coastline", "source_year": 2024, "sensitivity_tier": "low", "protection_status": false, "metadata": { "segment_index": 158, "segment_length_km": 5.0, "buffer_km": 1.0, "proximity_km": 2.0, "near_mangrove": false, "near_coral": false, "near_mpa": false, "classification_reason": "no_ecological_association" } }, "geometry": { "type": "MultiPolygon", "coordinates": [ [ [ [ 70.400667960542151, 23.08710215412879 ], [ 70.419790473108534, 23.083690955188196 ], [ 70.411095870359915, 23.041979917760717 ], [ 70.391979459772415, 23.045390987506138 ], [ 70.400667960542151, 23.08710215412879 ] ] ] ] } },
{ "type": "Feature", "properties": { "receptor_type": "sensitive_coastline", "name": "Sensitive Coastline Segment 0159", "source": "Natural Earth 10m Physical Coastline", "source_year": 2024, "sensitivity_tier": "low", "protection_status": false, "metadata": { "segment_index": 159, "segment_length_km": 5.0, "buffer_km": 1.0, "proximity_km": 2.0, "near_mangrove": false, "near_coral": false, "near_mpa": false, "classification_reason": "no_ecological_association" } }, "geometry": { "type": "MultiPolygon", "coordinates": [ [ [ [ 70.44784178489418, 23.115103197086974 ], [ 70.457322358327062, 23.099363093345765 ], [ 70.414970498901766, 23.077528231051097 ], [ 70.405487458090789, 23.093265262055954 ], [ 70.44784178489418, 23.115103197086974 ] ] ] ] } },
{ "type": "Feature", "properties": { "receptor_type": "sensitive_coastline", "name": "Sensitive Coastline Segment 0160", "source": "Natural Earth 10m Physical Coastline", "source_year": 2024, "sensitivity_tier": "low", "protection_status": false, "metadata": { "segment_index": 160, "segment_length_km": 5.0, "buffer_km": 1.0, "proximity_km": 2.0, "near_mangrove": false, "near_coral": false, "near_mpa": false, "classification_reason": "no_ecological_association" } }, "geometry": { "type": "MultiPolygon", "coordinates": [ [ [ [ 70.480759981521203, 23.129595206256887 ], [ 70.489120540770628, 23.113319901358356 ], [ 70.456763569737845, 23.099096603919801 ], [ 70.448400610609752, 23.115369725652819 ], [ 70.480759981521203, 23.129595206256887 ] ] ] ] } },
{ "type": "Feature", "properties": { "receptor_type": "sensitive_coastline", "name": "Sensitive Coastline Segment 0161", "source": "Natural Earth 10m Physical Coastline", "source_year": 2024, "sensitivity_tier": "low", "protection_status": false, "metadata": { "segment_index": 161, "segment_length_km": 5.0, "buffer_km": 1.0, "proximity_km": 2.0, "near_mangrove": false, "near_coral": false, "near_mpa": false, "classification_reason": "no_ecological_association" } }, "geometry": { "type": "MultiPolygon", "coordinates": [ [ [ [ 70.523509043548586, 23.0928503747215 ], [ 70.508568099969082, 23.081290084827149 ], [ 70.477470377896665, 23.115675826238444 ], [ 70.492411384565131, 23.127239220790933 ], [ 70.523509043548586, 23.0928503747215 ] ] ] ] } },
{ "type": "Feature", "properties": { "receptor_type": "sensitive_coastline", "name": "Sensitive Coastline Segment 0162", "source": "Natural Earth 10m Physical Coastline", "source_year": 2024, "sensitivity_tier": "low", "protection_status": false, "metadata": { "segment_index": 162, "segment_length_km": 5.0, "buffer_km": 1.0, "proximity_km": 2.0, "near_mangrove": false, "near_coral": false, "near_mpa": false, "classification_reason": "no_ecological_association" } }, "geometry": { "type": "MultiPolygon", "coordinates": [ [ [ [ 70.537733041129954, 23.046176308403592 ], [ 70.518902079885748, 23.041592574907277 ], [ 70.50662042576991, 23.084777067616564 ], [ 70.525456473264185, 23.089363134796333 ], [ 70.537733041129954, 23.046176308403592 ] ] ] ] } },
{ "type": "Feature", "properties": { "receptor_type": "sensitive_coastline", "name": "Sensitive Coastline Segment 0163", "source": "Natural Earth 10m Physical Coastline", "source_year": 2024, "sensitivity_tier": "low", "protection_status": false, "metadata": { "segment_index": 163, "segment_length_km": 5.0, "buffer_km": 1.0, "proximity_km": 2.0, "near_mangrove": false, "near_coral": false, "near_mpa": false, "classification_reason": "no_ecological_association" } }, "geometry": { "type": "MultiPolygon", "coordinates": [ [ [ [ 70.525524527974341, 22.998813069838501 ], [ 70.506704627912939, 23.003413700918696 ], [ 70.518904246316708, 23.046184992360736 ], [ 70.537730232903627, 23.041583790827239 ], [ 70.525524527974341, 22.998813069838501 ] ] ] ] } },
{ "type": "Feature", "properties": { "receptor_type": "sensitive_coastline", "name": "Sensitive Coastline Segment 0164", "source": "Natural Earth 10m Physical Coastline", "source_year": 2024, "sensitivity_tier": "high", "protection_status": false, "metadata": { "segment_index": 164, "segment_length_km": 5.0, "buffer_km": 1.0, "proximity_km": 2.0, "near_mangrove": true, "near_coral": false, "near_mpa": false, "classification_reason": "near_mangrove" } }, "geometry": { "type": "MultiPolygon", "coordinates": [ [ [ [ 70.496855501945703, 22.959961452937769 ], [ 70.480917642316115, 22.970299747769257 ], [ 70.50814388627218, 23.006283778077648 ], [ 70.524084921530459, 22.995943104003885 ], [ 70.496855501945703, 22.959961452937769 ] ] ] ] } },
{ "type": "Feature", "properties": { "receptor_type": "sensitive_coastline", "name": "Sensitive Coastline Segment 0165", "source": "Natural Earth 10m Physical Coastline", "source_year": 2024, "sensitivity_tier": "high", "protection_status": false, "metadata": { "segment_index": 165, "segment_length_km": 5.0, "buffer_km": 1.0, "proximity_km": 2.0, "near_mangrove": true, "near_coral": false, "near_mpa": false, "classification_reason": "near_mangrove" } }, "geometry": { "type": "MultiPolygon", "coordinates": [ [ [ [ 70.44480690726725, 22.950711183575873 ], [ 70.442282874094758, 22.968577248074364 ], [ 70.487627512909782, 22.974064689197093 ], [ 70.490145928857245, 22.956196969696908 ], [ 70.44480690726725, 22.950711183575873 ] ] ] ] } },
{ "type": "Feature", "properties": { "receptor_type": "sensitive_coastline", "name": "Sensitive Coastline Segment 0166", "source": "Natural Earth 10m Physical Coastline", "source_year": 2024, "sensitivity_tier": "high", "protection_status": false, "metadata": { "segment_index": 166, "segment_length_km": 5.0, "buffer_km": 1.0, "proximity_km": 2.0, "near_mangrove": true, "near_coral": false, "near_mpa": false, "classification_reason": "near_mangrove" } }, "geometry": { "type": "MultiPolygon", "coordinates": [ [ [ [ 70.418132770160142, 22.920366817698632 ], [ 70.403739080689135, 22.932486295465651 ], [ 70.436347001805984, 22.965705179558451 ], [ 70.450742420233126, 22.953582860800033 ], [ 70.418132770160142, 22.920366817698632 ] ] ] ] } },
{ "type": "Feature", "properties": { "receptor_type": "sensitive_coastline", "name": "Sensitive Coastline Segment 0167", "source": "Natural Earth 10m Physical Coastline", "source_year": 2024, "sensitivity_tier": "high", "protection_status": false, "metadata": { "segment_index": 167, "segment_length_km": 5.0, "buffer_km": 1.0, "proximity_km": 2.0, "near_mangrove": true, "near_coral": false, "near_mpa": false, "classification_reason": "near_mangrove" } }, "geometry": { "type": "MultiPolygon", "coordinates": [ [ [ [ 70.379417024206859, 22.892201325205615 ], [ 70.367447493001109, 22.906401200661659 ], [ 70.404951377577675, 22.933528074739705 ], [ 70.416920451528156, 22.919325141107368 ], [ 70.379417024206859, 22.892201325205615 ] ] ] ] } },
{ "type": "Feature", "properties": { "receptor_type": "sensitive_coastline", "name": "Sensitive Coastline Segment 0168", "source": "Natural Earth 10m Physical Coastline", "source_year": 2024, "sensitivity_tier": "high", "protection_status": false, "metadata": { "segment_index": 168, "segment_length_km": 5.0, "buffer_km": 1.0, "proximity_km": 2.0, "near_mangrove": true, "near_coral": false, "near_mpa": false, "classification_reason": "near_mangrove" } }, "geometry": { "type": "MultiPolygon", "coordinates": [ [ [ [ 70.360262901793547, 22.855018116654996 ], [ 70.342896884054412, 22.863116621904386 ], [ 70.364746971606792, 22.903351271703599 ], [ 70.382117748863308, 22.895251023967347 ], [ 70.360262901793547, 22.855018116654996 ] ] ] ] } },
{ "type": "Feature", "properties": { "receptor_type": "sensitive_coastline", "name": "Sensitive Coastline Segment 0169", "source": "Natural Earth 10m Physical Coastline", "source_year": 2024, "sensitivity_tier": "high", "protection_status": false, "metadata": { "segment_index": 169, "segment_length_km": 5.0, "buffer_km": 1.0, "proximity_km": 2.0, "near_mangrove": true, "near_coral": false, "near_mpa": false, "classification_reason": "near_mangrove" } }, "geometry": { "type": "MultiPolygon", "coordinates": [ [ [ [ 70.330784618542765, 22.81786655308867 ], [ 70.315159183571794, 22.828579708952894 ], [ 70.343765633446964, 22.864425225465901 ], [ 70.359394018994621, 22.853709586392881 ], [ 70.330784618542765, 22.81786655308867 ] ] ] ] } },
{ "type": "Feature", "properties": { "receptor_type": "sensitive_coastline", "name": "Sensitive Coastline Segment 0170", "source": "Natural Earth 10m Physical Coastline", "source_year": 2024, "sensitivity_tier": "high", "protection_status": false, "metadata": { "segment_index": 170, "segment_length_km": 5.0, "buffer_km": 1.0, "proximity_km": 2.0, "near_mangrove": true, "near_coral": false, "near_mpa": false, "classification_reason": "near_mangrove" } }, "geometry": { "type": "MultiPolygon", "coordinates": [ [ [ [ 70.329159553957979, 22.778440139089582 ], [ 70.309783319749641, 22.779762154547054 ], [ 70.313280881624891, 22.823883772269035 ], [ 70.332663521379388, 22.82256237097193 ], [ 70.329159553957979, 22.778440139089582 ] ] ] ] } },
{ "type": "Feature", "properties": { "receptor_type": "sensitive_coastline", "name": "Sensitive Coastline Segment 0171", "source": "Natural Earth 10m Physical Coastline", "source_year": 2024, "sensitivity_tier": "high", "protection_status": false, "metadata": { "segment_index": 171, "segment_length_km": 5.0, "buffer_km": 1.0, "proximity_km": 2.0, "near_mangrove": true, "near_coral": false, "near_mpa": false, "classification_reason": "near_mangrove" } }, "geometry": { "type": "MultiPolygon", "coordinates": [ [ [ [ 70.300855169377243, 22.736557049442908 ], [ 70.28463964761724, 22.74647334422502 ], [ 70.311361601776369, 22.784060479028128 ], [ 70.327580707667991, 22.774141907130769 ], [ 70.300855169377243, 22.736557049442908 ] ] ] ] } },
{ "type": "Feature", "properties": { "receptor_type": "sensitive_coastline", "name": "Sensitive Coastline Segment 0172", "source": "Natural Earth 10m Physical Coastline", "source_year": 2024, "sensitivity_tier": "high", "protection_status": false, "metadata": { "segment_index": 172, "segment_length_km": 5.0, "buffer_km": 1.0, "proximity_km": 2.0, "near_mangrove": true, "near_coral": false, "near_mpa": false, "classification_reason": "near_mangrove" } }, "geometry": { "type": "MultiPolygon", "coordinates": [ [ [ [ 70.274201157290065, 22.698942109186341 ], [ 70.257974935502347, 22.708835990994903 ], [ 70.284632497496901, 22.746463269341572 ], [ 70.300862320460041, 22.73656712371811 ], [ 70.274201157290065, 22.698942109186341 ] ] ] ] } },
{ "type": "Feature", "properties": { "receptor_type": "sensitive_coastline", "name": "Sensitive Coastline Segment 0173", "source": "Natural Earth 10m Physical Coastline", "source_year": 2024, "sensitivity_tier": "high", "protection_status": false, "metadata": { "segment_index": 173, "segment_length_km": 5.0, "buffer_km": 1.0, "proximity_km": 2.0, "near_mangrove": true, "near_coral": false, "near_mpa": false, "classification_reason": "near_mangrove" } }, "geometry": { "type": "MultiPolygon", "coordinates": [ [ [ [ 70.252064645234441, 22.659842792591196 ], [ 70.23488895356887, 22.668234655025202 ], [ 70.257497953802627, 22.708085861608957 ], [ 70.274678218335993, 22.699692199132542 ], [ 70.252064645234441, 22.659842792591196 ] ] ] ] } },
{ "type": "Feature", "properties": { "receptor_type": "sensitive_coastline", "name": "Sensitive Coastline Segment 0174", "source": "Natural Earth 10m Physical Coastline", "source_year": 2024, "sensitivity_tier": "high", "protection_status": false, "metadata": { "segment_index": 174, "segment_length_km": 5.0, "buffer_km": 1.0, "proximity_km": 2.0, "near_mangrove": true, "near_coral": false, "near_mpa": false, "classification_reason": "near_mangrove" } }, "geometry": { "type": "MultiPolygon", "coordinates": [ [ [ [ 70.224845626227577, 22.621640523232958 ], [ 70.208669902220322, 22.63159064498128 ], [ 70.235387121140107, 22.669014934758042 ], [ 70.251566395467265, 22.659062553956641 ], [ 70.224845626227577, 22.621640523232958 ] ] ] ] } },
{ "type": "Feature", "properties": { "receptor_type": "sensitive_coastline", "name": "Sensitive Coastline Segment 0175", "source": "Natural Earth 10m Physical Coastline", "source_year": 2024, "sensitivity_tier": "high", "protection_status": false, "metadata": { "segment_index": 175, "segment_length_km": 5.0, "buffer_km": 1.0, "proximity_km": 2.0, "near_mangrove": true, "near_coral": false, "near_mpa": false, "classification_reason": "near_mangrove" } }, "geometry": { "type": "MultiPolygon", "coordinates": [ [ [ [ 70.202670524373119, 22.582866095007237 ], [ 70.185545374389889, 22.591327443106685 ], [ 70.208192978295671, 22.630847136602259 ], [ 70.225322628153165, 22.622383992342336 ], [ 70.202670524373119, 22.582866095007237 ] ] ] ] } },
{ "type": "Feature", "properties": { "receptor_type": "sensitive_coastline", "name": "Sensitive Coastline Segment 0176", "source": "Natural Earth 10m Physical Coastline", "source_year": 2024, "sensitivity_tier": "high", "protection_status": false, "metadata": { "segment_index": 176, "segment_length_km": 5.0, "buffer_km": 1.0, "proximity_km": 2.0, "near_mangrove": true, "near_coral": false, "near_mpa": false, "classification_reason": "near_mangrove" } }, "geometry": { "type": "MultiPolygon", "coordinates": [ [ [ [ 70.170017342006318, 22.549330562589876 ], [ 70.15571396274693, 22.561494475429914 ], [ 70.18695534990519, 22.593180122184908 ], [ 70.201260387326684, 22.581013534868241 ], [ 70.170017342006318, 22.549330562589876 ] ] ] ] } },
{ "type": "Feature", "properties": { "receptor_type": "sensitive_coastline", "name": "Sensitive Coastline Segment 0177", "source": "Natural Earth 10m Physical Coastline", "source_year": 2024, "sensitivity_tier": "high", "protection_status": false, "metadata": { "segment_index": 177, "segment_length_km": 5.0, "buffer_km": 1.0, "proximity_km": 2.0, "near_mangrove": true, "near_coral": false, "near_mpa": false, "classification_reason": "near_mangrove" } }, "geometry": { "type": "MultiPolygon", "coordinates": [ [ [ [ 70.11732157915975, 22.542347741522427 ], [ 70.115484759698134, 22.560278413750613 ], [ 70.161950320328756, 22.564378844082228 ], [ 70.163781368929151, 22.546446594571318 ], [ 70.11732157915975, 22.542347741522427 ] ] ] ] } },
{ "type": "Feature", "properties": { "receptor_type": "sensitive_coastline", "name": "Sensitive Coastline Segment 0178", "source": "Natural Earth 10m Physical Coastline", "source_year": 2024, "sensitivity_tier": "high", "protection_status": false, "metadata": { "segment_index": 178, "segment_length_km": 5.0, "buffer_km": 1.0, "proximity_km": 2.0, "near_mangrove": true, "near_coral": true, "near_mpa": false, "classification_reason": "near_mangrove_and_coral" } }, "geometry": { "type": "MultiPolygon", "coordinates": [ [ [ [ 70.067070088648379, 22.548344588213585 ], [ 70.06963260212359, 22.566197172494867 ], [ 70.117687784135285, 22.560239551848046 ], [ 70.115118842502397, 22.542386648781267 ], [ 70.067070088648379, 22.548344588213585 ] ] ] ] } },
{ "type": "Feature", "properties": { "receptor_type": "sensitive_coastline", "name": "Sensitive Coastline Segment 0179", "source": "Natural Earth 10m Physical Coastline", "source_year": 2024, "sensitivity_tier": "high", "protection_status": false, "metadata": { "segment_index": 179, "segment_length_km": 5.0, "buffer_km": 1.0, "proximity_km": 2.0, "near_mangrove": true, "near_coral": true, "near_mpa": false, "classification_reason": "near_mangrove_and_coral" } }, "geometry": { "type": "MultiPolygon", "coordinates": [ [ [ [ 70.020806017544174, 22.54574260946605 ], [ 70.019703056290808, 22.563722867552912 ], [ 70.067802802682181, 22.566261715110389 ], [ 70.0688996471373, 22.54828001165977 ], [ 70.020806017544174, 22.54574260946605 ] ] ] ] } },
{ "type": "Feature", "properties": { "receptor_type": "sensitive_coastline", "name": "Sensitive Coastline Segment 0180", "source": "Natural Earth 10m Physical Coastline", "source_year": 2024, "sensitivity_tier": "high", "protection_status": false, "metadata": { "segment_index": 180, "segment_length_km": 5.0, "buffer_km": 1.0, "proximity_km": 2.0, "near_mangrove": true, "near_coral": false, "near_mpa": false, "classification_reason": "near_mangrove" } }, "geometry": { "type": "MultiPolygon", "coordinates": [ [ [ [ 69.979316775234082, 22.531644394881901 ], [ 69.972815029984744, 22.548609815862282 ], [ 70.017005512250691, 22.56321670553924 ], [ 70.023503260294092, 22.546248649087573 ], [ 69.979316775234082, 22.531644394881901 ] ] ] ] } },
{ "type": "Feature", "properties": { "receptor_type": "sensitive_coastline", "name": "Sensitive Coastline Segment 0181", "source": "Natural Earth 10m Physical Coastline", "source_year": 2024, "sensitivity_tier": "high", "protection_status": false, "metadata": { "segment_index": 181, "segment_length_km": 5.0, "buffer_km": 1.0, "proximity_km": 2.0, "near_mangrove": true, "near_coral": false, "near_mpa": false, "classification_reason": "near_mangrove" } }, "geometry": { "type": "MultiPolygon", "coordinates": [ [ [ [ 69.944469540344215, 22.507985404305167 ], [ 69.933169003664929, 22.522615447076944 ], [ 69.970415965075219, 22.547443519514129 ], [ 69.981715696747131, 22.532810522847722 ], [ 69.944469540344215, 22.507985404305167 ] ] ] ] } },
{ "type": "Feature", "properties": { "receptor_type": "sensitive_coastline", "name": "Sensitive Coastline Segment 0182", "source": "Natural Earth 10m Physical Coastline", "source_year": 2024, "sensitivity_tier": "high", "protection_status": false, "metadata": { "segment_index": 182, "segment_length_km": 5.0, "buffer_km": 1.0, "proximity_km": 2.0, "near_mangrove": true, "near_coral": false, "near_mpa": false, "classification_reason": "near_mangrove" } }, "geometry": { "type": "MultiPolygon", "coordinates": [ [ [ [ 69.909565568355475, 22.478338932980265 ], [ 69.896510350718572, 22.491645057501231 ], [ 69.93229133190232, 22.521954950058905 ], [ 69.945347209890144, 22.508645829606902 ], [ 69.909565568355475, 22.478338932980265 ] ] ] ] } },
{ "type": "Feature", "properties": { "receptor_type": "sensitive_coastline", "name": "Sensitive Coastline Segment 0183", "source": "Natural Earth 10m Physical Coastline", "source_year": 2024, "sensitivity_tier": "high", "protection_status": false, "metadata": { "segment_index": 183, "segment_length_km": 5.0, "buffer_km": 1.0, "proximity_km": 2.0, "near_mangrove": true, "near_coral": false, "near_mpa": false, "classification_reason": "near_mangrove" } }, "geometry": { "type": "MultiPolygon", "coordinates": [ [ [ [ 69.864194709883307, 22.45750496757671 ], [ 69.855747869839888, 22.47370903786112 ], [ 69.898816016282211, 22.493095601376545 ], [ 69.907259969910982, 22.476888566919204 ], [ 69.864194709883307, 22.45750496757671 ] ] ] ] } },
{ "type": "Feature", "properties": { "receptor_type": "sensitive_coastline", "name": "Sensitive Coastline Segment 0184", "source": "Natural Earth 10m Physical Coastline", "source_year": 2024, "sensitivity_tier": "high", "protection_status": false, "metadata": { "segment_index": 184, "segment_length_km": 5.0, "buffer_km": 1.0, "proximity_km": 2.0, "near_mangrove": true, "near_coral": false, "near_mpa": false, "classification_reason": "near_mangrove" } }, "geometry": { "type": "MultiPolygon", "coordinates": [ [ [ [ 69.824569799753505, 22.440157055847429 ], [ 69.816314041707543, 22.456444479651015 ], [ 69.855844782530383, 22.473752064531595 ], [ 69.864097803794778, 22.457461947542772 ], [ 69.824569799753505, 22.440157055847429 ] ] ] ] } },
{ "type": "Feature", "properties": { "receptor_type": "sensitive_coastline", "name": "Sensitive Coastline Segment 0185", "source": "Natural Earth 10m Physical Coastline", "source_year": 2024, "sensitivity_tier": "high", "protection_status": false, "metadata": { "segment_index": 185, "segment_length_km": 5.0, "buffer_km": 1.0, "proximity_km": 2.0, "near_mangrove": true, "near_coral": false, "near_mpa": false, "classification_reason": "near_mangrove" } }, "geometry": { "type": "MultiPolygon", "coordinates": [ [ [ [ 69.799170387253639, 22.414449057708296 ], [ 69.785137950672564, 22.426856292014797 ], [ 69.813425000576459, 22.454505472227936 ], [ 69.827458785011999, 22.442095837466979 ], [ 69.799170387253639, 22.414449057708296 ] ] ] ] } },
{ "type": "Feature", "properties": { "receptor_type": "sensitive_coastline", "name": "Sensitive Coastline Segment 0186", "source": "Natural Earth 10m Physical Coastline", "source_year": 2024, "sensitivity_tier": "high", "protection_status": false, "metadata": { "segment_index": 186, "segment_length_km": 5.0, "buffer_km": 1.0, "proximity_km": 2.0, "near_mangrove": true, "near_coral": false, "near_mpa": false, "classification_reason": "near_mangrove" } }, "geometry": { "type": "MultiPolygon", "coordinates": [ [ [ [ 69.752643412087821, 22.448075371759678 ], [ 69.767051376962129, 22.460107192640439 ], [ 69.799359082828488, 22.426667194555819 ], [ 69.784950515119007, 22.414638375877153 ], [ 69.752643412087821, 22.448075371759678 ] ] ] ] } },
{ "type": "Feature", "properties": { "receptor_type": "sensitive_coastline", "name": "Sensitive Coastline Segment 0187", "source": "Natural Earth 10m Physical Coastline", "source_year": 2024, "sensitivity_tier": "high", "protection_status": false, "metadata": { "segment_index": 187, "segment_length_km": 5.0, "buffer_km": 1.0, "proximity_km": 2.0, "near_mangrove": true, "near_coral": false, "near_mpa": false, "classification_reason": "near_mangrove" } }, "geometry": { "type": "MultiPolygon", "coordinates": [ [ [ [ 69.724012818790968, 22.464118417478819 ], [ 69.734204681857406, 22.479427491099752 ], [ 69.76494473992112, 22.461745124541856 ], [ 69.754749915473681, 22.446437588120251 ], [ 69.724012818790968, 22.464118417478819 ] ] ] ] } },
{ "type": "Feature", "properties": { "receptor_type": "sensitive_coastline", "name": "Sensitive Coastline Segment 0188", "source": "Natural Earth 10m Physical Coastline", "source_year": 2024, "sensitivity_tier": "high", "protection_status": false, "metadata": { "segment_index": 188, "segment_length_km": 5.0, "buffer_km": 1.0, "proximity_km": 2.0, "near_mangrove": true, "near_coral": false, "near_mpa": false, "classification_reason": "near_mangrove" } }, "geometry": { "type": "MultiPolygon", "coordinates": [ [ [ [ 69.721894904919452, 22.426421896586461 ], [ 69.703667786652488, 22.432499349586319 ], [ 69.719991948309769, 22.474811866710457 ], [ 69.738224745362274, 22.46873350420022 ], [ 69.721894904919452, 22.426421896586461 ] ] ] ] } },
{ "type": "Feature", "properties": { "receptor_type": "sensitive_coastline", "name": "Sensitive Coastline Segment 0189", "source": "Natural Earth 10m Physical Coastline", "source_year": 2024, "sensitivity_tier": "high", "protection_status": false, "metadata": { "segment_index": 189, "segment_length_km": 5.0, "buffer_km": 1.0, "proximity_km": 2.0, "near_mangrove": true, "near_coral": false, "near_mpa": false, "classification_reason": "near_mangrove" } }, "geometry": { "type": "MultiPolygon", "coordinates": [ [ [ [ 69.68824081757684, 22.40164568605007 ], [ 69.676818731613096, 22.416180405252028 ], [ 69.707070392202212, 22.436729328552691 ], [ 69.718491960118172, 22.422192190858379 ], [ 69.68824081757684, 22.40164568605007 ] ] ] ] } },
{ "type": "Feature", "properties": { "receptor_type": "sensitive_coastline", "name": "Sensitive Coastline Segment 0190", "source": "Natural Earth 10m Physical Coastline", "source_year": 2024, "sensitivity_tier": "high", "protection_status": false, "metadata": { "segment_index": 190, "segment_length_km": 5.0, "buffer_km": 1.0, "proximity_km": 2.0, "near_mangrove": true, "near_coral": true, "near_mpa": false, "classification_reason": "near_mangrove_and_coral" } }, "geometry": { "type": "MultiPolygon", "coordinates": [ [ [ [ 69.655028035866962, 22.376586850964358 ], [ 69.642835116224674, 22.390566970066796 ], [ 69.676433319231691, 22.415904466025342 ], [ 69.688626226520086, 22.401921594066152 ], [ 69.655028035866962, 22.376586850964358 ] ] ] ] } },
{ "type": "Feature", "properties": { "receptor_type": "sensitive_coastline", "name": "Sensitive Coastline Segment 0191", "source": "Natural Earth 10m Physical Coastline", "source_year": 2024, "sensitivity_tier": "high", "protection_status": false, "metadata": { "segment_index": 191, "segment_length_km": 5.0, "buffer_km": 1.0, "proximity_km": 2.0, "near_mangrove": true, "near_coral": true, "near_mpa": false, "classification_reason": "near_mangrove_and_coral" } }, "geometry": { "type": "MultiPolygon", "coordinates": [ [ [ [ 69.622849572139032, 22.358300636778992 ], [ 69.612796193467901, 22.373681105772818 ], [ 69.643905544007907, 22.391268364029546 ], [ 69.65395763164598, 22.37588554155198 ], [ 69.622849572139032, 22.358300636778992 ] ] ] ] } },
{ "type": "Feature", "properties": { "receptor_type": "sensitive_coastline", "name": "Sensitive Coastline Segment 0192", "source": "Natural Earth 10m Physical Coastline", "source_year": 2024, "sensitivity_tier": "high", "protection_status": false, "metadata": { "segment_index": 192, "segment_length_km": 5.0, "buffer_km": 1.0, "proximity_km": 2.0, "near_mangrove": true, "near_coral": true, "near_mpa": false, "classification_reason": "near_mangrove_and_coral" } }, "geometry": { "type": "MultiPolygon", "coordinates": [ [ [ [ 69.580885552064942, 22.358966052214601 ], [ 69.582001983412994, 22.376934972695008 ], [ 69.618383779563558, 22.374975806373904 ], [ 69.61726254434295, 22.357006213469756 ], [ 69.580885552064942, 22.358966052214601 ] ] ] ] } },
{ "type": "Feature", "properties": { "receptor_type": "sensitive_coastline", "name": "Sensitive Coastline Segment 0193", "source": "Natural Earth 10m Physical Coastline", "source_year": 2024, "sensitivity_tier": "high", "protection_status": false, "metadata": { "segment_index": 193, "segment_length_km": 5.0, "buffer_km": 1.0, "proximity_km": 2.0, "near_mangrove": true, "near_coral": true, "near_mpa": false, "classification_reason": "near_mangrove_and_coral" } }, "geometry": { "type": "MultiPolygon", "coordinates": [ [ [ [ 69.553547100819742, 22.389047985452009 ], [ 69.569348342750729, 22.399441946645727 ], [ 69.58934443865806, 22.373146230055937 ], [ 69.573543792122237, 22.362754514326546 ], [ 69.553547100819742, 22.389047985452009 ] ] ] ] } },
{ "type": "Feature", "properties": { "receptor_type": "sensitive_coastline", "name": "Sensitive Coastline Segment 0194", "source": "Natural Earth 10m Physical Coastline", "source_year": 2024, "sensitivity_tier": "high", "protection_status": false, "metadata": { "segment_index": 194, "segment_length_km": 5.0, "buffer_km": 1.0, "proximity_km": 2.0, "near_mangrove": true, "near_coral": true, "near_mpa": false, "classification_reason": "near_mangrove_and_coral" } }, "geometry": { "type": "MultiPolygon", "coordinates": [ [ [ [ 69.542472074112851, 22.436419997457168 ], [ 69.561454228987103, 22.439962072757325 ], [ 69.57093603305357, 22.396014756335713 ], [ 69.551959139553219, 22.392474936053965 ], [ 69.542472074112851, 22.436419997457168 ] ] ] ] } },
{ "type": "Feature", "properties": { "receptor_type": "sensitive_coastline", "name": "Sensitive Coastline Segment 0195", "source": "Natural Earth 10m Physical Coastline", "source_year": 2024, "sensitivity_tier": "high", "protection_status": false, "metadata": { "segment_index": 195, "segment_length_km": 5.0, "buffer_km": 1.0, "proximity_km": 2.0, "near_mangrove": true, "near_coral": true, "near_mpa": false, "classification_reason": "near_mangrove_and_coral" } }, "geometry": { "type": "MultiPolygon", "coordinates": [ [ [ [ 69.514457260041169, 22.439744486204891 ], [ 69.520274768971461, 22.45691000310552 ], [ 69.554874069196657, 22.446773818049628 ], [ 69.549052118852117, 22.429608780143223 ], [ 69.514457260041169, 22.439744486204891 ] ] ] ] } },
{ "type": "Feature", "properties": { "receptor_type": "sensitive_coastline", "name": "Sensitive Coastline Segment 0196", "source": "Natural Earth 10m Physical Coastline", "source_year": 2024, "sensitivity_tier": "high", "protection_status": false, "metadata": { "segment_index": 196, "segment_length_km": 5.0, "buffer_km": 1.0, "proximity_km": 2.0, "near_mangrove": true, "near_coral": true, "near_mpa": false, "classification_reason": "near_mangrove_and_coral" } }, "geometry": { "type": "MultiPolygon", "coordinates": [ [ [ [ 69.531471514479279, 22.406747363926602 ], [ 69.512208197885798, 22.404993502788695 ], [ 69.50773155773831, 22.447449180810683 ], [ 69.527000475168805, 22.449204739092465 ], [ 69.531471514479279, 22.406747363926602 ] ] ] ] } },
{ "type": "Feature", "properties": { "receptor_type": "sensitive_coastline", "name": "Sensitive Coastline Segment 0197", "source": "Natural Earth 10m Physical Coastline", "source_year": 2024, "sensitivity_tier": "high", "protection_status": false, "metadata": { "segment_index": 197, "segment_length_km": 5.0, "buffer_km": 1.0, "proximity_km": 2.0, "near_mangrove": true, "near_coral": true, "near_mpa": false, "classification_reason": "near_mangrove_and_coral" } }, "geometry": { "type": "MultiPolygon", "coordinates": [ [ [ [ 69.513125011672273, 22.36889201236977 ], [ 69.49574919233946, 22.376812084058646 ], [ 69.513149606494437, 22.409831080726065 ], [ 69.530529438031635, 22.401909769389516 ], [ 69.513125011672273, 22.36889201236977 ] ] ] ] } },
{ "type": "Feature", "properties": { "receptor_type": "sensitive_coastline", "name": "Sensitive Coastline Segment 0198", "source": "Natural Earth 10m Physical Coastline", "source_year": 2024, "sensitivity_tier": "high", "protection_status": false, "metadata": { "segment_index": 198, "segment_length_km": 5.0, "buffer_km": 1.0, "proximity_km": 2.0, "near_mangrove": true, "near_coral": false, "near_mpa": false, "classification_reason": "near_mangrove" } }, "geometry": { "type": "MultiPolygon", "coordinates": [ [ [ [ 69.480905753934096, 22.333855138002768 ], [ 69.466285386486121, 22.345639589025339 ], [ 69.497125737941175, 22.378745632717195 ], [ 69.511748277471781, 22.366958574580785 ], [ 69.480905753934096, 22.333855138002768 ] ] ] ] } },
{ "type": "Feature", "properties": { "receptor_type": "sensitive_coastline", "name": "Sensitive Coastline Segment 0199", "source": "Natural Earth 10m Physical Coastline", "source_year": 2024, "sensitivity_tier": "high", "protection_status": false, "metadata": { "segment_index": 199, "segment_length_km": 5.0, "buffer_km": 1.0, "proximity_km": 2.0, "near_mangrove": true, "near_coral": false, "near_mpa": false, "classification_reason": "near_mangrove" } }, "geometry": { "type": "MultiPolygon", "coordinates": [ [ [ [ 69.428667465428731, 22.321457553452206 ], [ 69.424557405428857, 22.339041524472762 ], [ 69.47154319660585, 22.348540705574639 ], [ 69.475648160775791, 22.330954397567517 ], [ 69.428667465428731, 22.321457553452206 ] ] ] ] } },
{ "type": "Feature", "properties": { "receptor_type": "sensitive_coastline", "name": "Sensitive Coastline Segment 0200", "source": "Natural Earth 10m Physical Coastline", "source_year": 2024, "sensitivity_tier": "high", "protection_status": false, "metadata": { "segment_index": 200, "segment_length_km": 5.0, "buffer_km": 1.0, "proximity_km": 2.0, "near_mangrove": true, "near_coral": false, "near_mpa": false, "classification_reason": "near_mangrove" } }, "geometry": { "type": "MultiPolygon", "coordinates": [ [ [ [ 69.378435311314902, 22.320474109343163 ], [ 69.378096841707091, 22.338464998165051 ], [ 69.426446414620713, 22.339245709706049 ], [ 69.426778682171658, 22.321253442599406 ], [ 69.378435311314902, 22.320474109343163 ] ] ] ] } },
{ "type": "Feature", "properties": { "receptor_type": "sensitive_coastline", "name": "Sensitive Coastline Segment 0201", "source": "Natural Earth 10m Physical Coastline", "source_year": 2024, "sensitivity_tier": "high", "protection_status": false, "metadata": { "segment_index": 201, "segment_length_km": 5.0, "buffer_km": 1.0, "proximity_km": 2.0, "near_mangrove": true, "near_coral": false, "near_mpa": false, "classification_reason": "near_mangrove" } }, "geometry": { "type": "MultiPolygon", "coordinates": [ [ [ [ 69.343217544211811, 22.30384315305357 ], [ 69.334849647624523, 22.320063872440322 ], [ 69.374083194551062, 22.337581186545709 ], [ 69.382448544201338, 22.321357717567 ], [ 69.343217544211811, 22.30384315305357 ] ] ] ] } },
{ "type": "Feature", "properties": { "receptor_type": "sensitive_coastline", "name": "Sensitive Coastline Segment 0202", "source": "Natural Earth 10m Physical Coastline", "source_year": 2024, "sensitivity_tier": "high", "protection_status": false, "metadata": { "segment_index": 202, "segment_length_km": 5.0, "buffer_km": 1.0, "proximity_km": 2.0, "near_mangrove": true, "near_coral": false, "near_mpa": false, "classification_reason": "near_mangrove" } }, "geometry": { "type": "MultiPolygon", "coordinates": [ [ [ [ 69.303244431724153, 22.28205066179224 ], [ 69.29348086075349, 22.297579281939658 ], [ 69.3341526899397, 22.319719330977492 ], [ 69.343914463648474, 22.304187643763424 ], [ 69.303244431724153, 22.28205066179224 ] ] ] ] } },
{ "type": "Feature", "properties": { "receptor_type": "sensitive_coastline", "name": "Sensitive Coastline Segment 0203", "source": "Natural Earth 10m Physical Coastline", "source_year": 2024, "sensitivity_tier": "high", "protection_status": false, "metadata": { "segment_index": 203, "segment_length_km": 5.0, "buffer_km": 1.0, "proximity_km": 2.0, "near_mangrove": true, "near_coral": false, "near_mpa": false, "classification_reason": "near_mangrove" } }, "geometry": { "type": "MultiPolygon", "coordinates": [ [ [ [ 69.253905717751763, 22.270857981795913 ], [ 69.249483268553178, 22.288371124255725 ], [ 69.296153986138208, 22.29857284566425 ], [ 69.300571515879824, 22.281057270452742 ], [ 69.253905717751763, 22.270857981795913 ] ] ] ] } },
{ "type": "Feature", "properties": { "receptor_type": "sensitive_coastline", "name": "Sensitive Coastline Segment 0204", "source": "Natural Earth 10m Physical Coastline", "source_year": 2024, "sensitivity_tier": "high", "protection_status": false, "metadata": { "segment_index": 204, "segment_length_km": 5.0, "buffer_km": 1.0, "proximity_km": 2.0, "near_mangrove": true, "near_coral": false, "near_mpa": false, "classification_reason": "near_mangrove" } }, "geometry": { "type": "MultiPolygon", "coordinates": [ [ [ [ 69.211424652629191, 22.272504236399335 ], [ 69.21239852669845, 22.290470600524536 ], [ 69.252184209562586, 22.288598206093152 ], [ 69.251205103539249, 22.270631000403185 ], [ 69.211424652629191, 22.272504236399335 ] ] ] ] } },
{ "type": "Feature", "properties": { "receptor_type": "sensitive_coastline", "name": "Sensitive Coastline Segment 0205", "source": "Natural Earth 10m Physical Coastline", "source_year": 2024, "sensitivity_tier": "high", "protection_status": false, "metadata": { "segment_index": 205, "segment_length_km": 5.0, "buffer_km": 1.0, "proximity_km": 2.0, "near_mangrove": true, "near_coral": false, "near_mpa": false, "classification_reason": "near_mangrove" } }, "geometry": { "type": "MultiPolygon", "coordinates": [ [ [ [ 69.16800294755302, 22.301138172736444 ], [ 69.179668703323628, 22.315481971644392 ], [ 69.217746302654561, 22.288658079090496 ], [ 69.20607751704199, 22.27431666351848 ], [ 69.16800294755302, 22.301138172736444 ] ] ] ] } },
{ "type": "Feature", "properties": { "receptor_type": "sensitive_coastline", "name": "Sensitive Coastline Segment 0206", "source": "Natural Earth 10m Physical Coastline", "source_year": 2024, "sensitivity_tier": "high", "protection_status": false, "metadata": { "segment_index": 206, "segment_length_km": 5.0, "buffer_km": 1.0, "proximity_km": 2.0, "near_mangrove": true, "near_coral": false, "near_mpa": false, "classification_reason": "near_mangrove" } }, "geometry": { "type": "MultiPolygon", "coordinates": [ [ [ [ 69.175220219227825, 22.350857072577945 ], [ 69.193988937444516, 22.346525223629065 ], [ 69.183216954580061, 22.30614396621127 ], [ 69.164453968539988, 22.310475654791574 ], [ 69.175220219227825, 22.350857072577945 ] ] ] ] } },
{ "type": "Feature", "properties": { "receptor_type": "sensitive_coastline", "name": "Sensitive Coastline Segment 0207", "source": "Natural Earth 10m Physical Coastline", "source_year": 2024, "sensitivity_tier": "high", "protection_status": false, "metadata": { "segment_index": 207, "segment_length_km": 5.0, "buffer_km": 1.0, "proximity_km": 2.0, "near_mangrove": true, "near_coral": false, "near_mpa": false, "classification_reason": "near_mangrove" } }, "geometry": { "type": "MultiPolygon", "coordinates": [ [ [ [ 69.189126999108737, 22.391305739649393 ], [ 69.207548443521517, 22.385817334791515 ], [ 69.19381250006316, 22.345947227698385 ], [ 69.175396575468397, 22.35143507368203 ], [ 69.189126999108737, 22.391305739649393 ] ] ] ] } },
{ "type": "Feature", "properties": { "receptor_type": "sensitive_coastline", "name": "Sensitive Coastline Segment 0208", "source": "Natural Earth 10m Physical Coastline", "source_year": 2024, "sensitivity_tier": "high", "protection_status": false, "metadata": { "segment_index": 208, "segment_length_km": 5.0, "buffer_km": 1.0, "proximity_km": 2.0, "near_mangrove": true, "near_coral": false, "near_mpa": false, "classification_reason": "near_mangrove" } }, "geometry": { "type": "MultiPolygon", "coordinates": [ [ [ [ 69.179727123978623, 22.423643333840456 ], [ 69.198582560262125, 22.427679098885058 ], [ 69.207763637689553, 22.390578434378799 ], [ 69.188912455965834, 22.386544750147589 ], [ 69.179727123978623, 22.423643333840456 ] ] ] ] } },
{ "type": "Feature", "properties": { "receptor_type": "sensitive_coastline", "name": "Sensitive Coastline Segment 0209", "source": "Natural Earth 10m Physical Coastline", "source_year": 2024, "sensitivity_tier": "low", "protection_status": false, "metadata": { "segment_index": 209, "segment_length_km": 5.0, "buffer_km": 1.0, "proximity_km": 2.0, "near_mangrove": false, "near_coral": false, "near_mpa": false, "classification_reason": "no_ecological_association" } }, "geometry": { "type": "MultiPolygon", "coordinates": [ [ [ [ 69.154413568046067, 22.397994649415722 ], [ 69.145218789050134, 22.413820257676502 ], [ 69.18455798847809, 22.433575603077443 ], [ 69.193750688569068, 22.417747080476303 ], [ 69.154413568046067, 22.397994649415722 ] ] ] ] } },
{ "type": "Feature", "properties": { "receptor_type": "sensitive_coastline", "name": "Sensitive Coastline Segment 0210", "source": "Natural Earth 10m Physical Coastline", "source_year": 2024, "sensitivity_tier": "high", "protection_status": false, "metadata": { "segment_index": 210, "segment_length_km": 5.0, "buffer_km": 1.0, "proximity_km": 2.0, "near_mangrove": true, "near_coral": false, "near_mpa": false, "classification_reason": "near_mangrove" } }, "geometry": { "type": "MultiPolygon", "coordinates": [ [ [ [ 69.105630705671018, 22.394043845387884 ], [ 69.104289732861687, 22.411986704010253 ], [ 69.149148678874283, 22.414879796540689 ], [ 69.150484053491979, 22.396935331945986 ], [ 69.105630705671018, 22.394043845387884 ] ] ] ] } },
{ "type": "Feature", "properties": { "receptor_type": "sensitive_coastline", "name": "Sensitive Coastline Segment 0211", "source": "Natural Earth 10m Physical Coastline", "source_year": 2024, "sensitivity_tier": "high", "protection_status": false, "metadata": { "segment_index": 211, "segment_length_km": 5.0, "buffer_km": 1.0, "proximity_km": 2.0, "near_mangrove": true, "near_coral": false, "near_mpa": false, "classification_reason": "near_mangrove" } }, "geometry": { "type": "MultiPolygon", "coordinates": [ [ [ [ 69.060814489915288, 22.399174598271536 ], [ 69.063253694444271, 22.417015947944808 ], [ 69.106182828529455, 22.411936232662729 ], [ 69.103737857568021, 22.394094362612435 ], [ 69.060814489915288, 22.399174598271536 ] ] ] ] } },
{ "type": "Feature", "properties": { "receptor_type": "sensitive_coastline", "name": "Sensitive Coastline Segment 0212", "source": "Natural Earth 10m Physical Coastline", "source_year": 2024, "sensitivity_tier": "high", "protection_status": false, "metadata": { "segment_index": 212, "segment_length_km": 5.0, "buffer_km": 1.0, "proximity_km": 2.0, "near_mangrove": true, "near_coral": false, "near_mpa": false, "classification_reason": "near_mangrove" } }, "geometry": { "type": "MultiPolygon", "coordinates": [ [ [ [ 69.051844285757738, 22.443991985678252 ], [ 69.071190006464121, 22.444232556142275 ], [ 69.071704523520594, 22.408214684589886 ], [ 69.052363807169243, 22.407975261162314 ], [ 69.051844285757738, 22.443991985678252 ] ] ] ] } },
{ "type": "Feature", "properties": { "receptor_type": "sensitive_coastline", "name": "Sensitive Coastline Segment 0213", "source": "Natural Earth 10m Physical Coastline", "source_year": 2024, "sensitivity_tier": "high", "protection_status": false, "metadata": { "segment_index": 213, "segment_length_km": 5.0, "buffer_km": 1.0, "proximity_km": 2.0, "near_mangrove": false, "near_coral": true, "near_mpa": false, "classification_reason": "near_coral" } }, "geometry": { "type": "MultiPolygon", "coordinates": [ [ [ [ 69.074233762391344, 22.482584054215998 ], [ 69.090994895500998, 22.47359307029701 ], [ 69.069895470925189, 22.439617593127043 ], [ 69.053138186723828, 22.448606972699533 ], [ 69.074233762391344, 22.482584054215998 ] ] ] ] } },
{ "type": "Feature", "properties": { "receptor_type": "sensitive_coastline", "name": "Sensitive Coastline Segment 0214", "source": "Natural Earth 10m Physical Coastline", "source_year": 2024, "sensitivity_tier": "high", "protection_status": false, "metadata": { "segment_index": 214, "segment_length_km": 5.0, "buffer_km": 1.0, "proximity_km": 2.0, "near_mangrove": false, "near_coral": true, "near_mpa": false, "classification_reason": "near_coral" } }, "geometry": { "type": "MultiPolygon", "coordinates": [ [ [ [ 69.046973871297141, 22.453460805241168 ], [ 69.039086817002286, 22.469883289494216 ], [ 69.078672155568626, 22.486301356657123 ], [ 69.086556409475847, 22.469876123939109 ], [ 69.046973871297141, 22.453460805241168 ] ] ] ] } },
{ "type": "Feature", "properties": { "receptor_type": "sensitive_coastline", "name": "Sensitive Coastline Segment 0215", "source": "Natural Earth 10m Physical Coastline", "source_year": 2024, "sensitivity_tier": "high", "protection_status": false, "metadata": { "segment_index": 215, "segment_length_km": 5.0, "buffer_km": 1.0, "proximity_km": 2.0, "near_mangrove": false, "near_coral": true, "near_mpa": false, "classification_reason": "near_coral" } }, "geometry": { "type": "MultiPolygon", "coordinates": [ [ [ [ 69.006675879037488, 22.430854716132028 ], [ 68.996703278937488, 22.44626415090665 ], [ 69.038044840404552, 22.469378324383868 ], [ 69.048015789493533, 22.453965693733874 ], [ 69.006675879037488, 22.430854716132028 ] ] ] ] } },
{ "type": "Feature", "properties": { "receptor_type": "sensitive_coastline", "name": "Sensitive Coastline Segment 0216", "source": "Natural Earth 10m Physical Coastline", "source_year": 2024, "sensitivity_tier": "high", "protection_status": false, "metadata": { "segment_index": 216, "segment_length_km": 5.0, "buffer_km": 1.0, "proximity_km": 2.0, "near_mangrove": false, "near_coral": true, "near_mpa": false, "classification_reason": "near_coral" } }, "geometry": { "type": "MultiPolygon", "coordinates": [ [ [ [ 68.981376766909904, 22.397316495562837 ], [ 68.965737443128276, 22.407894284832796 ], [ 68.993868301878976, 22.443849366397643 ], [ 69.009510927554814, 22.433269266049905 ], [ 68.981376766909904, 22.397316495562837 ] ] ] ] } },
{ "type": "Feature", "properties": { "receptor_type": "sensitive_coastline", "name": "Sensitive Coastline Segment 0217", "source": "Natural Earth 10m Physical Coastline", "source_year": 2024, "sensitivity_tier": "high", "protection_status": false, "metadata": { "segment_index": 217, "segment_length_km": 5.0, "buffer_km": 1.0, "proximity_km": 2.0, "near_mangrove": false, "near_coral": true, "near_mpa": false, "classification_reason": "near_coral" } }, "geometry": { "type": "MultiPolygon", "coordinates": [ [ [ [ 68.972462271104959, 22.356999094725843 ], [ 68.953598599386581, 22.360935512006421 ], [ 68.964122342749931, 22.404573544537236 ], [ 68.982992284616657, 22.40063713518855 ], [ 68.972462271104959, 22.356999094725843 ] ] ] ] } },
{ "type": "Feature", "properties": { "receptor_type": "sensitive_coastline", "name": "Sensitive Coastline Segment 0218", "source": "Natural Earth 10m Physical Coastline", "source_year": 2024, "sensitivity_tier": "low", "protection_status": false, "metadata": { "segment_index": 218, "segment_length_km": 5.0, "buffer_km": 1.0, "proximity_km": 2.0, "near_mangrove": false, "near_coral": false, "near_mpa": false, "classification_reason": "no_ecological_association" } }, "geometry": { "type": "MultiPolygon", "coordinates": [ [ [ [ 68.952902051049719, 22.314403157459545 ], [ 68.935154484145031, 22.321521304664287 ], [ 68.954153872687783, 22.362526960226006 ], [ 68.971906777696361, 22.35540766811317 ], [ 68.952902051049719, 22.314403157459545 ] ] ] ] } },
{ "type": "Feature", "properties": { "receptor_type": "sensitive_coastline", "name": "Sensitive Coastline Segment 0219", "source": "Natural Earth 10m Physical Coastline", "source_year": 2024, "sensitivity_tier": "low", "protection_status": false, "metadata": { "segment_index": 219, "segment_length_km": 5.0, "buffer_km": 1.0, "proximity_km": 2.0, "near_mangrove": false, "near_coral": false, "near_mpa": false, "classification_reason": "no_ecological_association" } }, "geometry": { "type": "MultiPolygon", "coordinates": [ [ [ [ 68.963514585568078, 22.276778878093339 ], [ 68.944632890522996, 22.27296779088627 ], [ 68.934585309292146, 22.316055531773461 ], [ 68.953471972495905, 22.319869023682731 ], [ 68.963514585568078, 22.276778878093339 ] ] ] ] } },
{ "type": "Feature", "properties": { "receptor_type": "sensitive_coastline", "name": "Sensitive Coastline Segment 0220", "source": "Natural Earth 10m Physical Coastline", "source_year": 2024, "sensitivity_tier": "low", "protection_status": false, "metadata": { "segment_index": 220, "segment_length_km": 5.0, "buffer_km": 1.0, "proximity_km": 2.0, "near_mangrove": false, "near_coral": false, "near_mpa": false, "classification_reason": "no_ecological_association" } }, "geometry": { "type": "MultiPolygon", "coordinates": [ [ [ [ 68.987859415709579, 22.241513775749542 ], [ 68.971477663267464, 22.231985498327834 ], [ 68.945882278464268, 22.270107702471559 ], [ 68.962265429756144, 22.279639169355644 ], [ 68.987859415709579, 22.241513775749542 ] ] ] ] } },
{ "type": "Feature", "properties": { "receptor_type": "sensitive_coastline", "name": "Sensitive Coastline Segment 0221", "source": "Natural Earth 10m Physical Coastline", "source_year": 2024, "sensitivity_tier": "low", "protection_status": false, "metadata": { "segment_index": 221, "segment_length_km": 5.0, "buffer_km": 1.0, "proximity_km": 2.0, "near_mangrove": false, "near_coral": false, "near_mpa": false, "classification_reason": "no_ecological_association" } }, "geometry": { "type": "MultiPolygon", "coordinates": [ [ [ [ 69.009714039252742, 22.201056667328348 ], [ 68.992454045502072, 22.192990940273237 ], [ 68.971037273453845, 22.232715200515059 ], [ 68.988299768807693, 22.240784014613144 ], [ 69.009714039252742, 22.201056667328348 ] ] ] ] } },
{ "type": "Feature", "properties": { "receptor_type": "sensitive_coastline", "name": "Sensitive Coastline Segment 0222", "source": "Natural Earth 10m Physical Coastline", "source_year": 2024, "sensitivity_tier": "low", "protection_status": false, "metadata": { "segment_index": 222, "segment_length_km": 5.0, "buffer_km": 1.0, "proximity_km": 2.0, "near_mangrove": false, "near_coral": false, "near_mpa": false, "classification_reason": "no_ecological_association" } }, "geometry": { "type": "MultiPolygon", "coordinates": [ [ [ [ 69.043225176567304, 22.173466578494558 ], [ 69.030228055230154, 22.160166806755186 ], [ 68.994586511388405, 22.190372670690955 ], [ 69.007581591783264, 22.203675161935056 ], [ 69.043225176567304, 22.173466578494558 ] ] ] ] } },
{ "type": "Feature", "properties": { "receptor_type": "sensitive_coastline", "name": "Sensitive Coastline Segment 0223", "source": "Natural Earth 10m Physical Coastline", "source_year": 2024, "sensitivity_tier": "low", "protection_status": false, "metadata": { "segment_index": 223, "segment_length_km": 5.0, "buffer_km": 1.0, "proximity_km": 2.0, "near_mangrove": false, "near_coral": false, "near_mpa": false, "classification_reason": "no_ecological_association" } }, "geometry": { "type": "MultiPolygon", "coordinates": [ [ [ [ 69.074752082100858, 22.138217784230939 ], [ 69.0598961108564, 22.126732894059245 ], [ 69.029298792881235, 22.161072687214418 ], [ 69.044154471714833, 22.172560616797174 ], [ 69.074752082100858, 22.138217784230939 ] ] ] ] } },
{ "type": "Feature", "properties": { "receptor_type": "sensitive_coastline", "name": "Sensitive Coastline Segment 0224", "source": "Natural Earth 10m Physical Coastline", "source_year": 2024, "sensitivity_tier": "low", "protection_status": false, "metadata": { "segment_index": 224, "segment_length_km": 5.0, "buffer_km": 1.0, "proximity_km": 2.0, "near_mangrove": false, "near_coral": false, "near_mpa": false, "classification_reason": "no_ecological_association" } }, "geometry": { "type": "MultiPolygon", "coordinates": [ [ [ [ 69.102153189332128, 22.100194316070525 ], [ 69.086118256380132, 22.090184352578916 ], [ 69.05930612447365, 22.127468750670779 ], [ 69.075342061170701, 22.137481863856358 ], [ 69.102153189332128, 22.100194316070525 ] ] ] ] } },
{ "type": "Feature", "properties": { "receptor_type": "sensitive_coastline", "name": "Sensitive Coastline Segment 0225", "source": "Natural Earth 10m Physical Coastline", "source_year": 2024, "sensitivity_tier": "high", "protection_status": false, "metadata": { "segment_index": 225, "segment_length_km": 5.0, "buffer_km": 1.0, "proximity_km": 2.0, "near_mangrove": false, "near_coral": true, "near_mpa": false, "classification_reason": "near_coral" } }, "geometry": { "type": "MultiPolygon", "coordinates": [ [ [ [ 69.130139106407341, 22.065404380019334 ], [ 69.114695934838693, 22.054620025718386 ], [ 69.086413972972906, 22.089795651932501 ], [ 69.101857479886718, 22.100583049966392 ], [ 69.130139106407341, 22.065404380019334 ] ] ] ] } },
{ "type": "Feature", "properties": { "receptor_type": "sensitive_coastline", "name": "Sensitive Coastline Segment 0226", "source": "Natural Earth 10m Physical Coastline", "source_year": 2024, "sensitivity_tier": "high", "protection_status": false, "metadata": { "segment_index": 226, "segment_length_km": 5.0, "buffer_km": 1.0, "proximity_km": 2.0, "near_mangrove": false, "near_coral": true, "near_mpa": false, "classification_reason": "near_coral" } }, "geometry": { "type": "MultiPolygon", "coordinates": [ [ [ [ 69.164886259692182, 22.037799050043049 ], [ 69.152297646473627, 22.024167779590485 ], [ 69.116124348651468, 22.053195337705521 ], [ 69.128710648477067, 22.066829194411977 ], [ 69.164886259692182, 22.037799050043049 ] ] ] ] } },
{ "type": "Feature", "properties": { "receptor_type": "sensitive_coastline", "name": "Sensitive Coastline Segment 0227", "source": "Natural Earth 10m Physical Coastline", "source_year": 2024, "sensitivity_tier": "high", "protection_status": false, "metadata": { "segment_index": 227, "segment_length_km": 5.0, "buffer_km": 1.0, "proximity_km": 2.0, "near_mangrove": false, "near_coral": true, "near_mpa": false, "classification_reason": "near_coral" } }, "geometry": { "type": "MultiPolygon", "coordinates": [ [ [ [ 69.194699014954693, 21.999842615870055 ], [ 69.179077547503411, 21.989289981447612 ], [ 69.150780963555505, 22.025705472591543 ], [ 69.166402984818248, 22.036261221178496 ], [ 69.194699014954693, 21.999842615870055 ] ] ] ] } },
{ "type": "Feature", "properties": { "receptor_type": "sensitive_coastline", "name": "Sensitive Coastline Segment 0228", "source": "Natural Earth 10m Physical Coastline", "source_year": 2024, "sensitivity_tier": "high", "protection_status": false, "metadata": { "segment_index": 228, "segment_length_km": 5.0, "buffer_km": 1.0, "proximity_km": 2.0, "near_mangrove": false, "near_coral": true, "near_mpa": false, "classification_reason": "near_coral" } }, "geometry": { "type": "MultiPolygon", "coordinates": [ [ [ [ 69.22690043891771, 21.968467061449569 ], [ 69.212942260689559, 21.956053191083825 ], [ 69.179909749566505, 21.988357967672581 ], [ 69.193866805018246, 22.000774711212049 ], [ 69.22690043891771, 21.968467061449569 ] ] ] ] } },
{ "type": "Feature", "properties": { "receptor_type": "sensitive_coastline", "name": "Sensitive Coastline Segment 0229", "source": "Natural Earth 10m Physical Coastline", "source_year": 2024, "sensitivity_tier": "high", "protection_status": false, "metadata": { "segment_index": 229, "segment_length_km": 5.0, "buffer_km": 1.0, "proximity_km": 2.0, "near_mangrove": false, "near_coral": true, "near_mpa": false, "classification_reason": "near_coral" } }, "geometry": { "type": "MultiPolygon", "coordinates": [ [ [ [ 69.263304466756992, 21.940894285256885 ], [ 69.251123994882533, 21.926947169487821 ], [ 69.21383239861116, 21.955285353059367 ], [ 69.226010253489889, 21.969234967746825 ], [ 69.263304466756992, 21.940894285256885 ] ] ] ] } },
{ "type": "Feature", "properties": { "receptor_type": "sensitive_coastline", "name": "Sensitive Coastline Segment 0230", "source": "Natural Earth 10m Physical Coastline", "source_year": 2024, "sensitivity_tier": "high", "protection_status": false, "metadata": { "segment_index": 230, "segment_length_km": 5.0, "buffer_km": 1.0, "proximity_km": 2.0, "near_mangrove": false, "near_coral": true, "near_mpa": false, "classification_reason": "near_coral" } }, "geometry": { "type": "MultiPolygon", "coordinates": [ [ [ [ 69.298536529401318, 21.909074576960371 ], [ 69.285116046357672, 21.896157392978324 ], [ 69.250504805326017, 21.927460720954308 ], [ 69.263923692657755, 21.940380688214201 ], [ 69.298536529401318, 21.909074576960371 ] ] ] ] } },
{ "type": "Feature", "properties": { "receptor_type": "sensitive_coastline", "name": "Sensitive Coastline Segment 0231", "source": "Natural Earth 10m Physical Coastline", "source_year": 2024, "sensitivity_tier": "high", "protection_status": false, "metadata": { "segment_index": 231, "segment_length_km": 5.0, "buffer_km": 1.0, "proximity_km": 2.0, "near_mangrove": false, "near_coral": true, "near_mpa": false, "classification_reason": "near_coral" } }, "geometry": { "type": "MultiPolygon", "coordinates": [ [ [ [ 69.333134218353777, 21.877757800508945 ], [ 69.31971215167647, 21.864843396054624 ], [ 69.285116046357672, 21.896157392978324 ], [ 69.298536529401318, 21.909074576960371 ], [ 69.333134218353777, 21.877757800508945 ] ] ] ] } },
{ "type": "Feature", "properties": { "receptor_type": "sensitive_coastline", "name": "Sensitive Coastline Segment 0232", "source": "Natural Earth 10m Physical Coastline", "source_year": 2024, "sensitivity_tier": "high", "protection_status": false, "metadata": { "segment_index": 232, "segment_length_km": 5.0, "buffer_km": 1.0, "proximity_km": 2.0, "near_mangrove": false, "near_coral": true, "near_mpa": false, "classification_reason": "near_coral" } }, "geometry": { "type": "MultiPolygon", "coordinates": [ [ [ [ 69.371439066547637, 21.864563273157255 ], [ 69.364430215873199, 21.847801056387116 ], [ 69.322921118371752, 21.862919127145986 ], [ 69.329924956855436, 21.879682226344645 ], [ 69.371439066547637, 21.864563273157255 ] ] ] ] } },
{ "type": "Feature", "properties": { "receptor_type": "sensitive_coastline", "name": "Sensitive Coastline Segment 0233", "source": "Natural Earth 10m Physical Coastline", "source_year": 2024, "sensitivity_tier": "high", "protection_status": false, "metadata": { "segment_index": 233, "segment_length_km": 5.0, "buffer_km": 1.0, "proximity_km": 2.0, "near_mangrove": false, "near_coral": true, "near_mpa": false, "classification_reason": "near_coral" } }, "geometry": { "type": "MultiPolygon", "coordinates": [ [ [ [ 69.39292652518499, 21.870644133663781 ], [ 69.39714978276055, 21.853086665456757 ], [ 69.370047337915324, 21.847404065765627 ], [ 69.365821248482618, 21.86496016843936 ], [ 69.39292652518499, 21.870644133663781 ] ] ] ] } },
{ "type": "Feature", "properties": { "receptor_type": "sensitive_coastline", "name": "Sensitive Coastline Segment 0234", "source": "Natural Earth 10m Physical Coastline", "source_year": 2024, "sensitivity_tier": "high", "protection_status": false, "metadata": { "segment_index": 234, "segment_length_km": 5.0, "buffer_km": 1.0, "proximity_km": 2.0, "near_mangrove": false, "near_coral": true, "near_mpa": false, "classification_reason": "near_coral" } }, "geometry": { "type": "MultiPolygon", "coordinates": [ [ [ [ 69.406442743661486, 21.81816072000046 ], [ 69.387185162303737, 21.817484654944458 ], [ 69.385406727567897, 21.86152640025939 ], [ 69.404670148239859, 21.862203928015088 ], [ 69.406442743661486, 21.81816072000046 ] ] ] ] } },
{ "type": "Feature", "properties": { "receptor_type": "sensitive_coastline", "name": "Sensitive Coastline Segment 0235", "source": "Natural Earth 10m Physical Coastline", "source_year": 2024, "sensitivity_tier": "high", "protection_status": false, "metadata": { "segment_index": 235, "segment_length_km": 5.0, "buffer_km": 1.0, "proximity_km": 2.0, "near_mangrove": false, "near_coral": true, "near_mpa": false, "classification_reason": "near_coral" } }, "geometry": { "type": "MultiPolygon", "coordinates": [ [ [ [ 69.433927113218232, 21.788017187035209 ], [ 69.418733412297343, 21.776951056894127 ], [ 69.389217249824384, 21.812288273982695 ], [ 69.404411095858009, 21.823357427846158 ], [ 69.433927113218232, 21.788017187035209 ] ] ] ] } },
{ "type": "Feature", "properties": { "receptor_type": "sensitive_coastline", "name": "Sensitive Coastline Segment 0236", "source": "Natural Earth 10m Physical Coastline", "source_year": 2024, "sensitivity_tier": "high", "protection_status": false, "metadata": { "segment_index": 236, "segment_length_km": 5.0, "buffer_km": 1.0, "proximity_km": 2.0, "near_mangrove": false, "near_coral": true, "near_mpa": false, "classification_reason": "near_coral" } }, "geometry": { "type": "MultiPolygon", "coordinates": [ [ [ [ 69.471376713322286, 21.765424114265301 ], [ 69.460741048127105, 21.750418566264891 ], [ 69.421014163243782, 21.774980403966719 ], [ 69.431646245397829, 21.789988011664747 ], [ 69.471376713322286, 21.765424114265301 ] ] ] ] } },
{ "type": "Feature", "properties": { "receptor_type": "sensitive_coastline", "name": "Sensitive Coastline Segment 0237", "source": "Natural Earth 10m Physical Coastline", "source_year": 2024, "sensitivity_tier": "high", "protection_status": false, "metadata": { "segment_index": 237, "segment_length_km": 5.0, "buffer_km": 1.0, "proximity_km": 2.0, "near_mangrove": false, "near_coral": true, "near_mpa": false, "classification_reason": "near_coral" } }, "geometry": { "type": "MultiPolygon", "coordinates": [ [ [ [ 69.503574531334593, 21.73087958634207 ], [ 69.488952877141372, 21.719163974648744 ], [ 69.458748313035869, 21.752062037514815 ], [ 69.473369563166784, 21.763780499673754 ], [ 69.503574531334593, 21.73087958634207 ] ] ] ] } },
{ "type": "Feature", "properties": { "receptor_type": "sensitive_coastline", "name": "Sensitive Coastline Segment 0238", "source": "Natural Earth 10m Physical Coastline", "source_year": 2024, "sensitivity_tier": "low", "protection_status": false, "metadata": { "segment_index": 238, "segment_length_km": 5.0, "buffer_km": 1.0, "proximity_km": 2.0, "near_mangrove": false, "near_coral": false, "near_mpa": false, "classification_reason": "no_ecological_association" } }, "geometry": { "type": "MultiPolygon", "coordinates": [ [ [ [ 69.536436133748751, 21.699348333086498 ], [ 69.52263270831881, 21.686797667797318 ], [ 69.489362572718932, 21.718745065643638 ], [ 69.503164825625987, 21.731298531886235 ], [ 69.536436133748751, 21.699348333086498 ] ] ] ] } },
{ "type": "Feature", "properties": { "receptor_type": "sensitive_coastline", "name": "Sensitive Coastline Segment 0239", "source": "Natural Earth 10m Physical Coastline", "source_year": 2024, "sensitivity_tier": "high", "protection_status": false, "metadata": { "segment_index": 239, "segment_length_km": 5.0, "buffer_km": 1.0, "proximity_km": 2.0, "near_mangrove": false, "near_coral": true, "near_mpa": false, "classification_reason": "near_coral" } }, "geometry": { "type": "MultiPolygon", "coordinates": [ [ [ [ 69.567372680534021, 21.663897329487693 ], [ 69.552441707139351, 21.652532705618615 ], [ 69.522068986591933, 21.687389171880088 ], [ 69.536999866733183, 21.698756777690747 ], [ 69.567372680534021, 21.663897329487693 ] ] ] ] } },
{ "type": "Feature", "properties": { "receptor_type": "sensitive_coastline", "name": "Sensitive Coastline Segment 0240", "source": "Natural Earth 10m Physical Coastline", "source_year": 2024, "sensitivity_tier": "high", "protection_status": false, "metadata": { "segment_index": 240, "segment_length_km": 5.0, "buffer_km": 1.0, "proximity_km": 2.0, "near_mangrove": true, "near_coral": true, "near_mpa": false, "classification_reason": "near_mangrove_and_coral" } }, "geometry": { "type": "MultiPolygon", "coordinates": [ [ [ [ 69.604757347414804, 21.640319756439261 ], [ 69.593851128661299, 21.625486404224464 ], [ 69.554455720964256, 21.650797347735111 ], [ 69.565358564103292, 21.665632838060951 ], [ 69.604757347414804, 21.640319756439261 ] ] ] ] } },
{ "type": "Feature", "properties": { "receptor_type": "sensitive_coastline", "name": "Sensitive Coastline Segment 0241", "source": "Natural Earth 10m Physical Coastline", "source_year": 2024, "sensitivity_tier": "high", "protection_status": false, "metadata": { "segment_index": 241, "segment_length_km": 5.0, "buffer_km": 1.0, "proximity_km": 2.0, "near_mangrove": true, "near_coral": true, "near_mpa": false, "classification_reason": "near_mangrove_and_coral" } }, "geometry": { "type": "MultiPolygon", "coordinates": [ [ [ [ 69.643991623327906, 21.614743825485679 ], [ 69.632980497565725, 21.599978399880115 ], [ 69.593800323592333, 21.625519283883303 ], [ 69.604808156795244, 21.640286873998363 ], [ 69.643991623327906, 21.614743825485679 ] ] ] ] } },
{ "type": "Feature", "properties": { "receptor_type": "sensitive_coastline", "name": "Sensitive Coastline Segment 0242", "source": "Natural Earth 10m Physical Coastline", "source_year": 2024, "sensitivity_tier": "low", "protection_status": false, "metadata": { "segment_index": 242, "segment_length_km": 5.0, "buffer_km": 1.0, "proximity_km": 2.0, "near_mangrove": false, "near_coral": false, "near_mpa": false, "classification_reason": "no_ecological_association" } }, "geometry": { "type": "MultiPolygon", "coordinates": [ [ [ [ 69.678511441081511, 21.580806046043801 ], [ 69.664511852055256, 21.568452580340079 ], [ 69.631486792596377, 21.601182906311198 ], [ 69.645485417408921, 21.613539214400539 ], [ 69.678511441081511, 21.580806046043801 ] ] ] ] } },
{ "type": "Feature", "properties": { "receptor_type": "sensitive_coastline", "name": "Sensitive Coastline Segment 0243", "source": "Natural Earth 10m Physical Coastline", "source_year": 2024, "sensitivity_tier": "low", "protection_status": false, "metadata": { "segment_index": 243, "segment_length_km": 5.0, "buffer_km": 1.0, "proximity_km": 2.0, "near_mangrove": false, "near_coral": false, "near_mpa": false, "classification_reason": "no_ecological_association" } }, "geometry": { "type": "MultiPolygon", "coordinates": [ [ [ [ 69.711522322751279, 21.548063155914718 ], [ 69.697521780036624, 21.53571252784177 ], [ 69.664511852055256, 21.568452580340079 ], [ 69.678511441081511, 21.580806046043801 ], [ 69.711522322751279, 21.548063155914718 ] ] ] ] } },
{ "type": "Feature", "properties": { "receptor_type": "sensitive_coastline", "name": "Sensitive Coastline Segment 0244", "source": "Natural Earth 10m Physical Coastline", "source_year": 2024, "sensitivity_tier": "low", "protection_status": false, "metadata": { "segment_index": 244, "segment_length_km": 5.0, "buffer_km": 1.0, "proximity_km": 2.0, "near_mangrove": false, "near_coral": false, "near_mpa": false, "classification_reason": "no_ecological_association" } }, "geometry": { "type": "MultiPolygon", "coordinates": [ [ [ [ 69.744518090663433, 21.515310576127625 ], [ 69.730516604763636, 21.502962780924047 ], [ 69.697521780036624, 21.53571252784177 ], [ 69.711522322751279, 21.548063155914718 ], [ 69.744518090663433, 21.515310576127625 ] ] ] ] } },
{ "type": "Feature", "properties": { "receptor_type": "sensitive_coastline", "name": "Sensitive Coastline Segment 0245", "source": "Natural Earth 10m Physical Coastline", "source_year": 2024, "sensitivity_tier": "low", "protection_status": false, "metadata": { "segment_index": 245, "segment_length_km": 5.0, "buffer_km": 1.0, "proximity_km": 2.0, "near_mangrove": false, "near_coral": false, "near_mpa": false, "classification_reason": "no_ecological_association" } }, "geometry": { "type": "MultiPolygon", "coordinates": [ [ [ [ 69.778830038021567, 21.48456073143532 ], [ 69.765520531738616, 21.471561378382134 ], [ 69.730863358389357, 21.502635665393314 ], [ 69.744171324292893, 21.51563772003988 ], [ 69.778830038021567, 21.48456073143532 ] ] ] ] } },
{ "type": "Feature", "properties": { "receptor_type": "sensitive_coastline", "name": "Sensitive Coastline Segment 0246", "source": "Natural Earth 10m Physical Coastline", "source_year": 2024, "sensitivity_tier": "low", "protection_status": false, "metadata": { "segment_index": 246, "segment_length_km": 5.0, "buffer_km": 1.0, "proximity_km": 2.0, "near_mangrove": false, "near_coral": false, "near_mpa": false, "classification_reason": "no_ecological_association" } }, "geometry": { "type": "MultiPolygon", "coordinates": [ [ [ [ 69.814944463193612, 21.465453700797596 ], [ 69.805364026648462, 21.449840387924336 ], [ 69.767386866304534, 21.470253644742897 ], [ 69.776963563379226, 21.485868576159657 ], [ 69.814944463193612, 21.465453700797596 ] ] ] ] } },
{ "type": "Feature", "properties": { "receptor_type": "sensitive_coastline", "name": "Sensitive Coastline Segment 0247", "source": "Natural Earth 10m Physical Coastline", "source_year": 2024, "sensitivity_tier": "low", "protection_status": false, "metadata": { "segment_index": 247, "segment_length_km": 5.0, "buffer_km": 1.0, "proximity_km": 2.0, "near_mangrove": false, "near_coral": false, "near_mpa": false, "classification_reason": "no_ecological_association" } }, "geometry": { "type": "MultiPolygon", "coordinates": [ [ [ [ 69.835650988838282, 21.419440393336696 ], [ 69.817635315695284, 21.41314445755728 ], [ 69.801144635715161, 21.45449756431892 ], [ 69.81916389083645, 21.46079615253608 ], [ 69.835650988838282, 21.419440393336696 ] ] ] ] } },
{ "type": "Feature", "properties": { "receptor_type": "sensitive_coastline", "name": "Sensitive Coastline Segment 0248", "source": "Natural Earth 10m Physical Coastline", "source_year": 2024, "sensitivity_tier": "low", "protection_status": false, "metadata": { "segment_index": 248, "segment_length_km": 5.0, "buffer_km": 1.0, "proximity_km": 2.0, "near_mangrove": false, "near_coral": false, "near_mpa": false, "classification_reason": "no_ecological_association" } }, "geometry": { "type": "MultiPolygon", "coordinates": [ [ [ [ 69.8619671334625, 21.384566046265633 ], [ 69.84619249367833, 21.374272778114882 ], [ 69.818755459868768, 21.411144372698224 ], [ 69.834530960541358, 21.421440624495496 ], [ 69.8619671334625, 21.384566046265633 ] ] ] ] } },
{ "type": "Feature", "properties": { "receptor_type": "sensitive_coastline", "name": "Sensitive Coastline Segment 0249", "source": "Natural Earth 10m Physical Coastline", "source_year": 2024, "sensitivity_tier": "low", "protection_status": false, "metadata": { "segment_index": 249, "segment_length_km": 5.0, "buffer_km": 1.0, "proximity_km": 2.0, "near_mangrove": false, "near_coral": false, "near_mpa": false, "classification_reason": "no_ecological_association" } }, "geometry": { "type": "MultiPolygon", "coordinates": [ [ [ [ 69.892301317575004, 21.350681417218905 ], [ 69.877561883831504, 21.339122827141029 ], [ 69.846710200753719, 21.373638689931113 ], [ 69.861449432240121, 21.385200186868477 ], [ 69.892301317575004, 21.350681417218905 ] ] ] ] } },
{ "type": "Feature", "properties": { "receptor_type": "sensitive_coastline", "name": "Sensitive Coastline Segment 0250", "source": "Natural Earth 10m Physical Coastline", "source_year": 2024, "sensitivity_tier": "low", "protection_status": false, "metadata": { "segment_index": 250, "segment_length_km": 5.0, "buffer_km": 1.0, "proximity_km": 2.0, "near_mangrove": false, "near_coral": false, "near_mpa": false, "classification_reason": "no_ecological_association" } }, "geometry": { "type": "MultiPolygon", "coordinates": [ [ [ [ 69.923573930404174, 21.316722809559739 ], [ 69.909022080282853, 21.30495992572984 ], [ 69.87765586302929, 21.339019246033509 ], [ 69.892207337503763, 21.350785007063408 ], [ 69.923573930404174, 21.316722809559739 ] ] ] ] } },
{ "type": "Feature", "properties": { "receptor_type": "sensitive_coastline", "name": "Sensitive Coastline Segment 0251", "source": "Natural Earth 10m Physical Coastline", "source_year": 2024, "sensitivity_tier": "low", "protection_status": false, "metadata": { "segment_index": 251, "segment_length_km": 5.0, "buffer_km": 1.0, "proximity_km": 2.0, "near_mangrove": false, "near_coral": false, "near_mpa": false, "classification_reason": "no_ecological_association" } }, "geometry": { "type": "MultiPolygon", "coordinates": [ [ [ [ 69.957698690329565, 21.286290045737481 ], [ 69.944437690559425, 21.273257120001244 ], [ 69.909668258867427, 21.304323595385057 ], [ 69.92292773318843, 21.317359194255722 ], [ 69.957698690329565, 21.286290045737481 ] ] ] ] } },
{ "type": "Feature", "properties": { "receptor_type": "sensitive_coastline", "name": "Sensitive Coastline Segment 0252", "source": "Natural Earth 10m Physical Coastline", "source_year": 2024, "sensitivity_tier": "low", "protection_status": false, "metadata": { "segment_index": 252, "segment_length_km": 5.0, "buffer_km": 1.0, "proximity_km": 2.0, "near_mangrove": false, "near_coral": false, "near_mpa": false, "classification_reason": "no_ecological_association" } }, "geometry": { "type": "MultiPolygon", "coordinates": [ [ [ [ 69.987252239659597, 21.249453743833804 ], [ 69.971866341259272, 21.238669172390615 ], [ 69.943375015171583, 21.274379791980699 ], [ 69.958761383370415, 21.285167279123446 ], [ 69.987252239659597, 21.249453743833804 ] ] ] ] } },
{ "type": "Feature", "properties": { "receptor_type": "sensitive_coastline", "name": "Sensitive Coastline Segment 0253", "source": "Natural Earth 10m Physical Coastline", "source_year": 2024, "sensitivity_tier": "low", "protection_status": false, "metadata": { "segment_index": 253, "segment_length_km": 5.0, "buffer_km": 1.0, "proximity_km": 2.0, "near_mangrove": false, "near_coral": false, "near_mpa": false, "classification_reason": "no_ecological_association" } }, "geometry": { "type": "MultiPolygon", "coordinates": [ [ [ [ 70.016524146040084, 21.213940355339133 ], [ 70.001325296566776, 21.20292840884186 ], [ 69.971959722235269, 21.238554027142975 ], [ 69.987158859908021, 21.249568898509207 ], [ 70.016524146040084, 21.213940355339133 ] ] ] ] } },
{ "type": "Feature", "properties": { "receptor_type": "sensitive_coastline", "name": "Sensitive Coastline Segment 0254", "source": "Natural Earth 10m Physical Coastline", "source_year": 2024, "sensitivity_tier": "low", "protection_status": false, "metadata": { "segment_index": 254, "segment_length_km": 5.0, "buffer_km": 1.0, "proximity_km": 2.0, "near_mangrove": false, "near_coral": false, "near_mpa": false, "classification_reason": "no_ecological_association" } }, "geometry": { "type": "MultiPolygon", "coordinates": [ [ [ [ 70.045874472676488, 21.17830380034507 ], [ 70.030675918068312, 21.167294772235607 ], [ 70.001325296566776, 21.20292840884186 ], [ 70.016524146040084, 21.213940355339133 ], [ 70.045874472676488, 21.17830380034507 ] ] ] ] } },
{ "type": "Feature", "properties": { "receptor_type": "sensitive_coastline", "name": "Sensitive Coastline Segment 0255", "source": "Natural Earth 10m Physical Coastline", "source_year": 2024, "sensitivity_tier": "low", "protection_status": false, "metadata": { "segment_index": 255, "segment_length_km": 5.0, "buffer_km": 1.0, "proximity_km": 2.0, "near_mangrove": false, "near_coral": false, "near_mpa": false, "classification_reason": "no_ecological_association" } }, "geometry": { "type": "MultiPolygon", "coordinates": [ [ [ [ 70.078113478068218, 21.14661247111443 ], [ 70.064207385872592, 21.13419284755177 ], [ 70.031322607494573, 21.166588131057694 ], [ 70.045227776644907, 21.179010500512419 ], [ 70.078113478068218, 21.14661247111443 ] ] ] ] } },
{ "type": "Feature", "properties": { "receptor_type": "sensitive_coastline", "name": "Sensitive Coastline Segment 0256", "source": "Natural Earth 10m Physical Coastline", "source_year": 2024, "sensitivity_tier": "high", "protection_status": false, "metadata": { "segment_index": 256, "segment_length_km": 5.0, "buffer_km": 1.0, "proximity_km": 2.0, "near_mangrove": false, "near_coral": true, "near_mpa": false, "classification_reason": "near_coral" } }, "geometry": { "type": "MultiPolygon", "coordinates": [ [ [ [ 70.114449186151106, 21.118967935321955 ], [ 70.102331754928045, 21.10499657376964 ], [ 70.06510288000554, 21.133415801787606 ], [ 70.077217941742163, 21.147389583131616 ], [ 70.114449186151106, 21.118967935321955 ] ] ] ] } },
{ "type": "Feature", "properties": { "receptor_type": "sensitive_coastline", "name": "Sensitive Coastline Segment 0257", "source": "Natural Earth 10m Physical Coastline", "source_year": 2024, "sensitivity_tier": "high", "protection_status": false, "metadata": { "segment_index": 257, "segment_length_km": 5.0, "buffer_km": 1.0, "proximity_km": 2.0, "near_mangrove": false, "near_coral": true, "near_mpa": false, "classification_reason": "near_coral" } }, "geometry": { "type": "MultiPolygon", "coordinates": [ [ [ [ 70.151666765224235, 21.090535237304103 ], [ 70.13954697836877, 21.076566293958315 ], [ 70.102331754928045, 21.10499657376964 ], [ 70.114449186151106, 21.118967935321955 ], [ 70.151666765224235, 21.090535237304103 ] ] ] ] } },
{ "type": "Feature", "properties": { "receptor_type": "sensitive_coastline", "name": "Sensitive Coastline Segment 0258", "source": "Natural Earth 10m Physical Coastline", "source_year": 2024, "sensitivity_tier": "high", "protection_status": false, "metadata": { "segment_index": 258, "segment_length_km": 5.0, "buffer_km": 1.0, "proximity_km": 2.0, "near_mangrove": false, "near_coral": true, "near_mpa": false, "classification_reason": "near_coral" } }, "geometry": { "type": "MultiPolygon", "coordinates": [ [ [ [ 70.1874722630305, 21.059804025624597 ], [ 70.174515368984942, 21.046514522619507 ], [ 70.139129286492462, 21.076904705843955 ], [ 70.152084480448906, 21.090196796589762 ], [ 70.1874722630305, 21.059804025624597 ] ] ] ] } },
{ "type": "Feature", "properties": { "receptor_type": "sensitive_coastline", "name": "Sensitive Coastline Segment 0259", "source": "Natural Earth 10m Physical Coastline", "source_year": 2024, "sensitivity_tier": "low", "protection_status": false, "metadata": { "segment_index": 259, "segment_length_km": 5.0, "buffer_km": 1.0, "proximity_km": 2.0, "near_mangrove": false, "near_coral": false, "near_mpa": false, "classification_reason": "no_ecological_association" } }, "geometry": { "type": "MultiPolygon", "coordinates": [ [ [ [ 70.222542253336115, 21.028906299337752 ], [ 70.209409837447382, 21.015770749680158 ], [ 70.174428383769325, 21.046590187118284 ], [ 70.187559252260471, 21.059728354690407 ], [ 70.222542253336115, 21.028906299337752 ] ] ] ] } },
{ "type": "Feature", "properties": { "receptor_type": "sensitive_coastline", "name": "Sensitive Coastline Segment 0260", "source": "Natural Earth 10m Physical Coastline", "source_year": 2024, "sensitivity_tier": "high", "protection_status": false, "metadata": { "segment_index": 260, "segment_length_km": 5.0, "buffer_km": 1.0, "proximity_km": 2.0, "near_mangrove": false, "near_coral": true, "near_mpa": false, "classification_reason": "near_coral" } }, "geometry": { "type": "MultiPolygon", "coordinates": [ [ [ [ 70.257510966309979, 20.998074179680803 ], [ 70.244377015188618, 20.984941244529971 ], [ 70.209409837447382, 21.015770749680158 ], [ 70.222542253336115, 21.028906299337752 ], [ 70.257510966309979, 20.998074179680803 ] ] ] ] } },
{ "type": "Feature", "properties": { "receptor_type": "sensitive_coastline", "name": "Sensitive Coastline Segment 0261", "source": "Natural Earth 10m Physical Coastline", "source_year": 2024, "sensitivity_tier": "high", "protection_status": false, "metadata": { "segment_index": 261, "segment_length_km": 5.0, "buffer_km": 1.0, "proximity_km": 2.0, "near_mangrove": false, "near_coral": true, "near_mpa": false, "classification_reason": "near_coral" } }, "geometry": { "type": "MultiPolygon", "coordinates": [ [ [ [ 70.295094287503858, 20.972154884669113 ], [ 70.283716188305903, 20.957648879421029 ], [ 70.245256322949828, 20.984253623185023 ], [ 70.256631606215251, 20.998761859224125 ], [ 70.295094287503858, 20.972154884669113 ] ] ] ] } },
{ "type": "Feature", "properties": { "receptor_type": "sensitive_coastline", "name": "Sensitive Coastline Segment 0262", "source": "Natural Earth 10m Physical Coastline", "source_year": 2024, "sensitivity_tier": "high", "protection_status": false, "metadata": { "segment_index": 262, "segment_length_km": 5.0, "buffer_km": 1.0, "proximity_km": 2.0, "near_mangrove": false, "near_coral": true, "near_mpa": false, "classification_reason": "near_coral" } }, "geometry": { "type": "MultiPolygon", "coordinates": [ [ [ [ 70.332267781330728, 20.943048149266932 ], [ 70.319980395639931, 20.929212737063462 ], [ 70.283262643082608, 20.957982944055143 ], [ 70.295547862808718, 20.971820791853524 ], [ 70.332267781330728, 20.943048149266932 ] ] ] ] } },
{ "type": "Feature", "properties": { "receptor_type": "sensitive_coastline", "name": "Sensitive Coastline Segment 0263", "source": "Natural Earth 10m Physical Coastline", "source_year": 2024, "sensitivity_tier": "high", "protection_status": false, "metadata": { "segment_index": 263, "segment_length_km": 5.0, "buffer_km": 1.0, "proximity_km": 2.0, "near_mangrove": false, "near_coral": true, "near_mpa": false, "classification_reason": "near_coral" } }, "geometry": { "type": "MultiPolygon", "coordinates": [ [ [ [ 70.372390637357597, 20.923186682666152 ], [ 70.36337291950484, 20.907283350917591 ], [ 70.321617219652964, 20.928178020062958 ], [ 70.330630824751026, 20.944082951158538 ], [ 70.372390637357597, 20.923186682666152 ] ] ] ] } },
{ "type": "Feature", "properties": { "receptor_type": "sensitive_coastline", "name": "Sensitive Coastline Segment 0264", "source": "Natural Earth 10m Physical Coastline", "source_year": 2024, "sensitivity_tier": "low", "protection_status": false, "metadata": { "segment_index": 264, "segment_length_km": 5.0, "buffer_km": 1.0, "proximity_km": 2.0, "near_mangrove": false, "near_coral": false, "near_mpa": false, "classification_reason": "no_ecological_association" } }, "geometry": { "type": "MultiPolygon", "coordinates": [ [ [ [ 70.414707930180512, 20.903228458461598 ], [ 70.406102102690866, 20.88712435986033 ], [ 70.363581013260742, 20.907182223559857 ], [ 70.372182522782708, 20.923287817666822 ], [ 70.414707930180512, 20.903228458461598 ] ] ] ] } },
{ "type": "Feature", "properties": { "receptor_type": "sensitive_coastline", "name": "Sensitive Coastline Segment 0265", "source": "Natural Earth 10m Physical Coastline", "source_year": 2024, "sensitivity_tier": "low", "protection_status": false, "metadata": { "segment_index": 265, "segment_length_km": 5.0, "buffer_km": 1.0, "proximity_km": 2.0, "near_mangrove": false, "near_coral": false, "near_mpa": false, "classification_reason": "no_ecological_association" } }, "geometry": { "type": "MultiPolygon", "coordinates": [ [ [ [ 70.450906772272319, 20.869602456202561 ], [ 70.43729410529906, 20.856911476361191 ], [ 70.403599313140873, 20.888829512495864 ], [ 70.417210901967366, 20.901523165203308 ], [ 70.450906772272319, 20.869602456202561 ] ] ] ] } },
{ "type": "Feature", "properties": { "receptor_type": "sensitive_coastline", "name": "Sensitive Coastline Segment 0266", "source": "Natural Earth 10m Physical Coastline", "source_year": 2024, "sensitivity_tier": "low", "protection_status": false, "metadata": { "segment_index": 266, "segment_length_km": 5.0, "buffer_km": 1.0, "proximity_km": 2.0, "near_mangrove": false, "near_coral": false, "near_mpa": false, "classification_reason": "no_ecological_association" } }, "geometry": { "type": "MultiPolygon", "coordinates": [ [ [ [ 70.489929271620738, 20.851074712638859 ], [ 70.481103425126562, 20.835075681973642 ], [ 70.43968948458668, 20.855256753495464 ], [ 70.448511222300098, 20.871257315767902 ], [ 70.489929271620738, 20.851074712638859 ] ] ] ] } },
{ "type": "Feature", "properties": { "receptor_type": "sensitive_coastline", "name": "Sensitive Coastline Segment 0267", "source": "Natural Earth 10m Physical Coastline", "source_year": 2024, "sensitivity_tier": "low", "protection_status": false, "metadata": { "segment_index": 267, "segment_length_km": 5.0, "buffer_km": 1.0, "proximity_km": 2.0, "near_mangrove": false, "near_coral": false, "near_mpa": false, "classification_reason": "no_ecological_association" } }, "geometry": { "type": "MultiPolygon", "coordinates": [ [ [ [ 70.530680378601744, 20.825509819106117 ], [ 70.520018819273645, 20.810531355693222 ], [ 70.480187215586341, 20.835584913274396 ], [ 70.490845564077659, 20.850565440739061 ], [ 70.530680378601744, 20.825509819106117 ] ] ] ] } },
{ "type": "Feature", "properties": { "receptor_type": "sensitive_coastline", "name": "Sensitive Coastline Segment 0268", "source": "Natural Earth 10m Physical Coastline", "source_year": 2024, "sensitivity_tier": "low", "protection_status": false, "metadata": { "segment_index": 268, "segment_length_km": 5.0, "buffer_km": 1.0, "proximity_km": 2.0, "near_mangrove": false, "near_coral": false, "near_mpa": false, "classification_reason": "no_ecological_association" } }, "geometry": { "type": "MultiPolygon", "coordinates": [ [ [ [ 70.572172758805721, 20.805588765993352 ], [ 70.563429935001835, 20.789548717545102 ], [ 70.520980251109094, 20.809999809976411 ], [ 70.529718859678098, 20.82604140714448 ], [ 70.572172758805721, 20.805588765993352 ] ] ] ] } },
{ "type": "Feature", "properties": { "receptor_type": "sensitive_coastline", "name": "Sensitive Coastline Segment 0269", "source": "Natural Earth 10m Physical Coastline", "source_year": 2024, "sensitivity_tier": "low", "protection_status": false, "metadata": { "segment_index": 269, "segment_length_km": 5.0, "buffer_km": 1.0, "proximity_km": 2.0, "near_mangrove": false, "near_coral": false, "near_mpa": false, "classification_reason": "no_ecological_association" } }, "geometry": { "type": "MultiPolygon", "coordinates": [ [ [ [ 70.615728544129638, 20.788595835443161 ], [ 70.608369804675434, 20.771952117726318 ], [ 70.564124343157999, 20.789246312647006 ], [ 70.571478278300447, 20.805891192640015 ], [ 70.615728544129638, 20.788595835443161 ] ] ] ] } },
{ "type": "Feature", "properties": { "receptor_type": "sensitive_coastline", "name": "Sensitive Coastline Segment 0270", "source": "Natural Earth 10m Physical Coastline", "source_year": 2024, "sensitivity_tier": "low", "protection_status": false, "metadata": { "segment_index": 270, "segment_length_km": 5.0, "buffer_km": 1.0, "proximity_km": 2.0, "near_mangrove": false, "near_coral": false, "near_mpa": false, "classification_reason": "no_ecological_association" } }, "geometry": { "type": "MultiPolygon", "coordinates": [ [ [ [ 70.659970575344332, 20.771287189701788 ], [ 70.652607045327855, 20.754644640966688 ], [ 70.608369804675434, 20.771952117726318 ], [ 70.615728544129638, 20.788595835443161 ], [ 70.659970575344332, 20.771287189701788 ] ] ] ] } },
{ "type": "Feature", "properties": { "receptor_type": "sensitive_coastline", "name": "Sensitive Coastline Segment 0271", "source": "Natural Earth 10m Physical Coastline", "source_year": 2024, "sensitivity_tier": "low", "protection_status": false, "metadata": { "segment_index": 271, "segment_length_km": 5.0, "buffer_km": 1.0, "proximity_km": 2.0, "near_mangrove": false, "near_coral": false, "near_mpa": false, "classification_reason": "no_ecological_association" } }, "geometry": { "type": "MultiPolygon", "coordinates": [ [ [ [ 70.704032449662535, 20.75348452041132 ], [ 70.696465981727769, 20.736922030819322 ], [ 70.652507929150445, 20.754684053430793 ], [ 70.660069702182128, 20.771247774539624 ], [ 70.704032449662535, 20.75348452041132 ] ] ] ] } },
{ "type": "Feature", "properties": { "receptor_type": "sensitive_coastline", "name": "Sensitive Coastline Segment 0272", "source": "Natural Earth 10m Physical Coastline", "source_year": 2024, "sensitivity_tier": "low", "protection_status": false, "metadata": { "segment_index": 272, "segment_length_km": 5.0, "buffer_km": 1.0, "proximity_km": 2.0, "near_mangrove": false, "near_coral": false, "near_mpa": false, "classification_reason": "no_ecological_association" } }, "geometry": { "type": "MultiPolygon", "coordinates": [ [ [ [ 70.744709556455575, 20.726378277601153 ], [ 70.733562702388085, 20.711714690525703 ], [ 70.694677288550196, 20.737870354984857 ], [ 70.705821307328577, 20.752536121654504 ], [ 70.744709556455575, 20.726378277601153 ] ] ] ] } },
{ "type": "Feature", "properties": { "receptor_type": "sensitive_coastline", "name": "Sensitive Coastline Segment 0273", "source": "Natural Earth 10m Physical Coastline", "source_year": 2024, "sensitivity_tier": "low", "protection_status": false, "metadata": { "segment_index": 273, "segment_length_km": 5.0, "buffer_km": 1.0, "proximity_km": 2.0, "near_mangrove": false, "near_coral": false, "near_mpa": false, "classification_reason": "no_ecological_association" } }, "geometry": { "type": "MultiPolygon", "coordinates": [ [ [ [ 70.783274719214376, 20.731663645358324 ], [ 70.784913192278239, 20.713700807637132 ], [ 70.739957572590399, 20.710065766107945 ], [ 70.738313980385016, 20.728027266842609 ], [ 70.783274719214376, 20.731663645358324 ] ] ] ] } },
{ "type": "Feature", "properties": { "receptor_type": "sensitive_coastline", "name": "Sensitive Coastline Segment 0274", "source": "Natural Earth 10m Physical Coastline", "source_year": 2024, "sensitivity_tier": "high", "protection_status": false, "metadata": { "segment_index": 274, "segment_length_km": 5.0, "buffer_km": 1.0, "proximity_km": 2.0, "near_mangrove": true, "near_coral": false, "near_mpa": false, "classification_reason": "near_mangrove" } }, "geometry": { "type": "MultiPolygon", "coordinates": [ [ [ [ 70.82999100877916, 20.710662422067767 ], [ 70.821243090127012, 20.69462132094074 ], [ 70.779722323842648, 20.71466090106663 ], [ 70.788466189070363, 20.730703541630159 ], [ 70.82999100877916, 20.710662422067767 ] ] ] ] } },
{ "type": "Feature", "properties": { "receptor_type": "sensitive_coastline", "name": "Sensitive Coastline Segment 0275", "source": "Natural Earth 10m Physical Coastline", "source_year": 2024, "sensitivity_tier": "high", "protection_status": false, "metadata": { "segment_index": 275, "segment_length_km": 5.0, "buffer_km": 1.0, "proximity_km": 2.0, "near_mangrove": true, "near_coral": false, "near_mpa": false, "classification_reason": "near_mangrove" } }, "geometry": { "type": "MultiPolygon", "coordinates": [ [ [ [ 70.873184430143112, 20.712841296125582 ], [ 70.873687022215307, 20.694816807129083 ], [ 70.825870888161404, 20.693630189354774 ], [ 70.825362675580436, 20.711653579693007 ], [ 70.873184430143112, 20.712841296125582 ] ] ] ] } },
{ "type": "Feature", "properties": { "receptor_type": "sensitive_coastline", "name": "Sensitive Coastline Segment 0276", "source": "Natural Earth 10m Physical Coastline", "source_year": 2024, "sensitivity_tier": "high", "protection_status": false, "metadata": { "segment_index": 276, "segment_length_km": 5.0, "buffer_km": 1.0, "proximity_km": 2.0, "near_mangrove": true, "near_coral": false, "near_mpa": false, "classification_reason": "near_mangrove" } }, "geometry": { "type": "MultiPolygon", "coordinates": [ [ [ [ 70.920661961870763, 20.715611193248474 ], [ 70.921842478672104, 20.697613801360088 ], [ 70.874028726234727, 20.694830986290441 ], [ 70.872842686294973, 20.712827108499642 ], [ 70.920661961870763, 20.715611193248474 ] ] ] ] } },
{ "type": "Feature", "properties": { "receptor_type": "sensitive_coastline", "name": "Sensitive Coastline Segment 0277", "source": "Natural Earth 10m Physical Coastline", "source_year": 2024, "sensitivity_tier": "high", "protection_status": false, "metadata": { "segment_index": 277, "segment_length_km": 5.0, "buffer_km": 1.0, "proximity_km": 2.0, "near_mangrove": true, "near_coral": false, "near_mpa": false, "classification_reason": "near_mangrove" } }, "geometry": { "type": "MultiPolygon", "coordinates": [ [ [ [ 70.968482384250009, 20.718393234896947 ], [ 70.969662114179613, 20.7003948602365 ], [ 70.921844847929236, 20.697613939201592 ], [ 70.920659592339874, 20.715611055344326 ], [ 70.968482384250009, 20.718393234896947 ] ] ] ] } },
{ "type": "Feature", "properties": { "receptor_type": "sensitive_coastline", "name": "Sensitive Coastline Segment 0278", "source": "Natural Earth 10m Physical Coastline", "source_year": 2024, "sensitivity_tier": "high", "protection_status": false, "metadata": { "segment_index": 278, "segment_length_km": 5.0, "buffer_km": 1.0, "proximity_km": 2.0, "near_mangrove": true, "near_coral": false, "near_mpa": false, "classification_reason": "near_mangrove" } }, "geometry": { "type": "MultiPolygon", "coordinates": [ [ [ [ 70.999163085971759, 20.740363683933264 ], [ 71.010200009040474, 20.72561953141555 ], [ 70.974590958996473, 20.702023120378009 ], [ 70.963553138493921, 20.716764724917422 ], [ 70.999163085971759, 20.740363683933264 ] ] ] ] } },
{ "type": "Feature", "properties": { "receptor_type": "sensitive_coastline", "name": "Sensitive Coastline Segment 0279", "source": "Natural Earth 10m Physical Coastline", "source_year": 2024, "sensitivity_tier": "high", "protection_status": false, "metadata": { "segment_index": 279, "segment_length_km": 5.0, "buffer_km": 1.0, "proximity_km": 2.0, "near_mangrove": true, "near_coral": false, "near_mpa": false, "classification_reason": "near_mangrove" } }, "geometry": { "type": "MultiPolygon", "coordinates": [ [ [ [ 71.043380899118674, 20.74932513388152 ], [ 71.047070359951064, 20.731628265508576 ], [ 71.006528525443514, 20.724144076382949 ], [ 71.002834832735019, 20.741839346923499 ], [ 71.043380899118674, 20.74932513388152 ] ] ] ] } },
{ "type": "Feature", "properties": { "receptor_type": "sensitive_coastline", "name": "Sensitive Coastline Segment 0280", "source": "Natural Earth 10m Physical Coastline", "source_year": 2024, "sensitivity_tier": "high", "protection_status": false, "metadata": { "segment_index": 280, "segment_length_km": 5.0, "buffer_km": 1.0, "proximity_km": 2.0, "near_mangrove": true, "near_coral": false, "near_mpa": false, "classification_reason": "near_mangrove" } }, "geometry": { "type": "MultiPolygon", "coordinates": [ [ [ [ 71.081403678566943, 20.765994533671254 ], [ 71.089390805701939, 20.7495990690893 ], [ 71.049220476408209, 20.732280112944682 ], [ 71.041230592591205, 20.748673179264546 ], [ 71.081403678566943, 20.765994533671254 ] ] ] ] } },
{ "type": "Feature", "properties": { "receptor_type": "sensitive_coastline", "name": "Sensitive Coastline Segment 0281", "source": "Natural Earth 10m Physical Coastline", "source_year": 2024, "sensitivity_tier": "high", "protection_status": false, "metadata": { "segment_index": 281, "segment_length_km": 5.0, "buffer_km": 1.0, "proximity_km": 2.0, "near_mangrove": true, "near_coral": false, "near_mpa": false, "classification_reason": "near_mangrove" } }, "geometry": { "type": "MultiPolygon", "coordinates": [ [ [ [ 71.125143917372398, 20.775196050896717 ], [ 71.129234955825098, 20.757575783665711 ], [ 71.087444983180021, 20.748987576193603 ], [ 71.083349670555123, 20.766606125190503 ], [ 71.125143917372398, 20.775196050896717 ] ] ] ] } },
{ "type": "Feature", "properties": { "receptor_type": "sensitive_coastline", "name": "Sensitive Coastline Segment 0282", "source": "Natural Earth 10m Physical Coastline", "source_year": 2024, "sensitivity_tier": "high", "protection_status": false, "metadata": { "segment_index": 282, "segment_length_km": 5.0, "buffer_km": 1.0, "proximity_km": 2.0, "near_mangrove": true, "near_coral": false, "near_mpa": false, "classification_reason": "near_mangrove" } }, "geometry": { "type": "MultiPolygon", "coordinates": [ [ [ [ 71.168451549903949, 20.788757288749299 ], [ 71.174486218845118, 20.771637160342259 ], [ 71.13020867769481, 20.757826949614149 ], [ 71.124170102416841, 20.774944840273065 ], [ 71.168451549903949, 20.788757288749299 ] ] ] ] } },
{ "type": "Feature", "properties": { "receptor_type": "sensitive_coastline", "name": "Sensitive Coastline Segment 0283", "source": "Natural Earth 10m Physical Coastline", "source_year": 2024, "sensitivity_tier": "high", "protection_status": false, "metadata": { "segment_index": 283, "segment_length_km": 5.0, "buffer_km": 1.0, "proximity_km": 2.0, "near_mangrove": true, "near_coral": false, "near_mpa": false, "classification_reason": "near_mangrove" } }, "geometry": { "type": "MultiPolygon", "coordinates": [ [ [ [ 71.210070285296709, 20.808427458824795 ], [ 71.21864540424572, 20.792293128306991 ], [ 71.175757736302216, 20.772131349287118 ], [ 71.167179935637648, 20.788263028234944 ], [ 71.210070285296709, 20.808427458824795 ] ] ] ] } },
{ "type": "Feature", "properties": { "receptor_type": "sensitive_coastline", "name": "Sensitive Coastline Segment 0284", "source": "Natural Earth 10m Physical Coastline", "source_year": 2024, "sensitivity_tier": "high", "protection_status": false, "metadata": { "segment_index": 284, "segment_length_km": 5.0, "buffer_km": 1.0, "proximity_km": 2.0, "near_mangrove": true, "near_coral": false, "near_mpa": false, "classification_reason": "near_mangrove" } }, "geometry": { "type": "MultiPolygon", "coordinates": [ [ [ [ 71.252973486393373, 20.828582839552517 ], [ 71.261545908605967, 20.812445861852687 ], [ 71.21864540424572, 20.792293128306991 ], [ 71.210070285296709, 20.808427458824795 ], [ 71.252973486393373, 20.828582839552517 ] ] ] ] } },
{ "type": "Feature", "properties": { "receptor_type": "sensitive_coastline", "name": "Sensitive Coastline Segment 0285", "source": "Natural Earth 10m Physical Coastline", "source_year": 2024, "sensitivity_tier": "low", "protection_status": false, "metadata": { "segment_index": 285, "segment_length_km": 5.0, "buffer_km": 1.0, "proximity_km": 2.0, "near_mangrove": false, "near_coral": false, "near_mpa": false, "classification_reason": "no_ecological_association" } }, "geometry": { "type": "MultiPolygon", "coordinates": [ [ [ [ 71.295889533458094, 20.84872913552363 ], [ 71.304459243904304, 20.832589515040638 ], [ 71.261545908605967, 20.812445861852687 ], [ 71.252973486393373, 20.828582839552517 ], [ 71.295889533458094, 20.84872913552363 ] ] ] ] } },
{ "type": "Feature", "properties": { "receptor_type": "sensitive_coastline", "name": "Sensitive Coastline Segment 0286", "source": "Natural Earth 10m Physical Coastline", "source_year": 2024, "sensitivity_tier": "high", "protection_status": false, "metadata": { "segment_index": 286, "segment_length_km": 5.0, "buffer_km": 1.0, "proximity_km": 2.0, "near_mangrove": true, "near_coral": false, "near_mpa": false, "classification_reason": "near_mangrove" } }, "geometry": { "type": "MultiPolygon", "coordinates": [ [ [ [ 71.342697395532625, 20.862513776246306 ], [ 71.348385047222379, 20.845284901873534 ], [ 71.303020358651992, 20.832046021276685 ], [ 71.297328531830871, 20.84927270851956 ], [ 71.342697395532625, 20.862513776246306 ] ] ] ] } },
{ "type": "Feature", "properties": { "receptor_type": "sensitive_coastline", "name": "Sensitive Coastline Segment 0287", "source": "Natural Earth 10m Physical Coastline", "source_year": 2024, "sensitivity_tier": "high", "protection_status": false, "metadata": { "segment_index": 287, "segment_length_km": 5.0, "buffer_km": 1.0, "proximity_km": 2.0, "near_mangrove": true, "near_coral": false, "near_mpa": false, "classification_reason": "near_mangrove" } }, "geometry": { "type": "MultiPolygon", "coordinates": [ [ [ [ 71.390143102674116, 20.872596838883808 ], [ 71.394361305578485, 20.854997783931886 ], [ 71.3476527553821, 20.845100776972366 ], [ 71.343429758810103, 20.862697933708073 ], [ 71.390143102674116, 20.872596838883808 ] ] ] ] } },
{ "type": "Feature", "properties": { "receptor_type": "sensitive_coastline", "name": "Sensitive Coastline Segment 0288", "source": "Natural Earth 10m Physical Coastline", "source_year": 2024, "sensitivity_tier": "high", "protection_status": false, "metadata": { "segment_index": 288, "segment_length_km": 5.0, "buffer_km": 1.0, "proximity_km": 2.0, "near_mangrove": true, "near_coral": true, "near_mpa": false, "classification_reason": "near_mangrove_and_coral" } }, "geometry": { "type": "MultiPolygon", "coordinates": [ [ [ [ 71.434874322430517, 20.886398173666148 ], [ 71.440842123972473, 20.869251287511805 ], [ 71.395238118789422, 20.855224970771079 ], [ 71.389266204685441, 20.87236961262186 ], [ 71.434874322430517, 20.886398173666148 ] ] ] ] } },
{ "type": "Feature", "properties": { "receptor_type": "sensitive_coastline", "name": "Sensitive Coastline Segment 0289", "source": "Natural Earth 10m Physical Coastline", "source_year": 2024, "sensitivity_tier": "high", "protection_status": false, "metadata": { "segment_index": 289, "segment_length_km": 5.0, "buffer_km": 1.0, "proximity_km": 2.0, "near_mangrove": true, "near_coral": true, "near_mpa": false, "classification_reason": "near_mangrove_and_coral" } }, "geometry": { "type": "MultiPolygon", "coordinates": [ [ [ [ 71.474508195329747, 20.906981700304556 ], [ 71.483731374949599, 20.891158295359116 ], [ 71.442470909376624, 20.869914299353333 ], [ 71.433245415771651, 20.885735069468605 ], [ 71.474508195329747, 20.906981700304556 ] ] ] ] } },
{ "type": "Feature", "properties": { "receptor_type": "sensitive_coastline", "name": "Sensitive Coastline Segment 0290", "source": "Natural Earth 10m Physical Coastline", "source_year": 2024, "sensitivity_tier": "high", "protection_status": false, "metadata": { "segment_index": 290, "segment_length_km": 5.0, "buffer_km": 1.0, "proximity_km": 2.0, "near_mangrove": true, "near_coral": true, "near_mpa": false, "classification_reason": "near_mangrove_and_coral" } }, "geometry": { "type": "MultiPolygon", "coordinates": [ [ [ [ 71.494240091929498, 20.941091026281381 ], [ 71.510801095929011, 20.931956343125599 ], [ 71.487398606730821, 20.894503449357885 ], [ 71.470841035101159, 20.903636270274941 ], [ 71.494240091929498, 20.941091026281381 ] ] ] ] } },
{ "type": "Feature", "properties": { "receptor_type": "sensitive_coastline", "name": "Sensitive Coastline Segment 0291", "source": "Natural Earth 10m Physical Coastline", "source_year": 2024, "sensitivity_tier": "high", "protection_status": false, "metadata": { "segment_index": 291, "segment_length_km": 5.0, "buffer_km": 1.0, "proximity_km": 2.0, "near_mangrove": true, "near_coral": false, "near_mpa": false, "classification_reason": "near_mangrove" } }, "geometry": { "type": "MultiPolygon", "coordinates": [ [ [ [ 71.532830084211767, 20.972634669384867 ], [ 71.545286307499794, 20.95889994137486 ], [ 71.508748679627956, 20.929657785620087 ], [ 71.496292386676998, 20.943389747085376 ], [ 71.532830084211767, 20.972634669384867 ] ] ] ] } },
{ "type": "Feature", "properties": { "receptor_type": "sensitive_coastline", "name": "Sensitive Coastline Segment 0292", "source": "Natural Earth 10m Physical Coastline", "source_year": 2024, "sensitivity_tier": "high", "protection_status": false, "metadata": { "segment_index": 292, "segment_length_km": 5.0, "buffer_km": 1.0, "proximity_km": 2.0, "near_mangrove": true, "near_coral": true, "near_mpa": false, "classification_reason": "near_mangrove_and_coral" } }, "geometry": { "type": "MultiPolygon", "coordinates": [ [ [ [ 71.558007787133761, 20.978298976546846 ], [ 71.561561398688411, 20.960567588381821 ], [ 71.540836263121335, 20.95690211681854 ], [ 71.537280422960819, 20.974632750588629 ], [ 71.558007787133761, 20.978298976546846 ] ] ] ] } },
{ "type": "Feature", "properties": { "receptor_type": "sensitive_coastline", "name": "Sensitive Coastline Segment 0293", "source": "Natural Earth 10m Physical Coastline", "source_year": 2024, "sensitivity_tier": "high", "protection_status": false, "metadata": { "segment_index": 293, "segment_length_km": 5.0, "buffer_km": 1.0, "proximity_km": 2.0, "near_mangrove": true, "near_coral": true, "near_mpa": false, "classification_reason": "near_mangrove_and_coral" } }, "geometry": { "type": "MultiPolygon", "coordinates": [ [ [ [ 71.581486117666401, 20.9631928382884 ], [ 71.568618181929139, 20.949797018196595 ], [ 71.55335135995044, 20.962734763477574 ], [ 71.566218681390978, 20.976131687914261 ], [ 71.581486117666401, 20.9631928382884 ] ] ] ] } },
{ "type": "Feature", "properties": { "receptor_type": "sensitive_coastline", "name": "Sensitive Coastline Segment 0294", "source": "Natural Earth 10m Physical Coastline", "source_year": 2024, "sensitivity_tier": "high", "protection_status": false, "metadata": { "segment_index": 294, "segment_length_km": 5.0, "buffer_km": 1.0, "proximity_km": 2.0, "near_mangrove": true, "near_coral": true, "near_mpa": false, "classification_reason": "near_mangrove_and_coral" } }, "geometry": { "type": "MultiPolygon", "coordinates": [ [ [ [ 71.610279549880019, 20.987653489927141 ], [ 71.620410050004907, 20.972322156675872 ], [ 71.580117733993561, 20.948830588808509 ], [ 71.56998544450596, 20.964159208812209 ], [ 71.610279549880019, 20.987653489927141 ] ] ] ] } },
{ "type": "Feature", "properties": { "receptor_type": "sensitive_coastline", "name": "Sensitive Coastline Segment 0295", "source": "Natural Earth 10m Physical Coastline", "source_year": 2024, "sensitivity_tier": "high", "protection_status": false, "metadata": { "segment_index": 295, "segment_length_km": 5.0, "buffer_km": 1.0, "proximity_km": 2.0, "near_mangrove": true, "near_coral": true, "near_mpa": false, "classification_reason": "near_mangrove_and_coral" } }, "geometry": { "type": "MultiPolygon", "coordinates": [ [ [ [ 71.651701449978859, 21.010203847489571 ], [ 71.66133474586583, 20.994590865191032 ], [ 71.620162522516367, 20.972182683445137 ], [ 71.610527089300604, 20.987792979569317 ], [ 71.651701449978859, 21.010203847489571 ] ] ] ] } },
{ "type": "Feature", "properties": { "receptor_type": "sensitive_coastline", "name": "Sensitive Coastline Segment 0296", "source": "Natural Earth 10m Physical Coastline", "source_year": 2024, "sensitivity_tier": "high", "protection_status": false, "metadata": { "segment_index": 296, "segment_length_km": 5.0, "buffer_km": 1.0, "proximity_km": 2.0, "near_mangrove": true, "near_coral": false, "near_mpa": false, "classification_reason": "near_mangrove" } }, "geometry": { "type": "MultiPolygon", "coordinates": [ [ [ [ 71.695740649795937, 21.029518376863628 ], [ 71.703857721192819, 21.013161828711624 ], [ 71.660578197067792, 20.994220371978333 ], [ 71.652458045598081, 21.010574387561778 ], [ 71.695740649795937, 21.029518376863628 ] ] ] ] } },
{ "type": "Feature", "properties": { "receptor_type": "sensitive_coastline", "name": "Sensitive Coastline Segment 0297", "source": "Natural Earth 10m Physical Coastline", "source_year": 2024, "sensitivity_tier": "high", "protection_status": false, "metadata": { "segment_index": 297, "segment_length_km": 5.0, "buffer_km": 1.0, "proximity_km": 2.0, "near_mangrove": false, "near_coral": true, "near_mpa": false, "classification_reason": "near_coral" } }, "geometry": { "type": "MultiPolygon", "coordinates": [ [ [ [ 71.7425656548495, 21.036579333324923 ], [ 71.745455553431725, 21.01873880415593 ], [ 71.701246722315972, 21.012420606661017 ], [ 71.698351894592662, 21.030259718199744 ], [ 71.7425656548495, 21.036579333324923 ] ] ] ] } },
{ "type": "Feature", "properties": { "receptor_type": "sensitive_coastline", "name": "Sensitive Coastline Segment 0298", "source": "Natural Earth 10m Physical Coastline", "source_year": 2024, "sensitivity_tier": "high", "protection_status": false, "metadata": { "segment_index": 298, "segment_length_km": 5.0, "buffer_km": 1.0, "proximity_km": 2.0, "near_mangrove": false, "near_coral": true, "near_mpa": false, "classification_reason": "near_coral" } }, "geometry": { "type": "MultiPolygon", "coordinates": [ [ [ [ 71.782944658165519, 21.0547557459474 ], [ 71.791100590835654, 21.038414171366284 ], [ 71.748089978489972, 21.019489477873556 ], [ 71.739930981673353, 21.035828539492162 ], [ 71.782944658165519, 21.0547557459474 ] ] ] ] } },
{ "type": "Feature", "properties": { "receptor_type": "sensitive_coastline", "name": "Sensitive Coastline Segment 0299", "source": "Natural Earth 10m Physical Coastline", "source_year": 2024, "sensitivity_tier": "high", "protection_status": false, "metadata": { "segment_index": 299, "segment_length_km": 5.0, "buffer_km": 1.0, "proximity_km": 2.0, "near_mangrove": false, "near_coral": true, "near_mpa": false, "classification_reason": "near_coral" } }, "geometry": { "type": "MultiPolygon", "coordinates": [ [ [ [ 71.819982736830227, 21.08040064303659 ], [ 71.831333923654782, 21.065834341585091 ], [ 71.792698679775455, 21.039303142645213 ], [ 71.781346488692321, 21.05386667029882 ], [ 71.819982736830227, 21.08040064303659 ] ] ] ] } },
{ "type": "Feature", "properties": { "receptor_type": "sensitive_coastline", "name": "Sensitive Coastline Segment 0300", "source": "Natural Earth 10m Physical Coastline", "source_year": 2024, "sensitivity_tier": "high", "protection_status": false, "metadata": { "segment_index": 300, "segment_length_km": 5.0, "buffer_km": 1.0, "proximity_km": 2.0, "near_mangrove": false, "near_coral": true, "near_mpa": false, "classification_reason": "near_coral" } }, "geometry": { "type": "MultiPolygon", "coordinates": [ [ [ [ 71.861862400457284, 21.104143208368718 ], [ 71.871790823713425, 21.08868689090637 ], [ 71.830623569401496, 21.065390718218215 ], [ 71.820693118107627, 21.08084431542061 ], [ 71.861862400457284, 21.104143208368718 ] ] ] ] } },
{ "type": "Feature", "properties": { "receptor_type": "sensitive_coastline", "name": "Sensitive Coastline Segment 0301", "source": "Natural Earth 10m Physical Coastline", "source_year": 2024, "sensitivity_tier": "high", "protection_status": false, "metadata": { "segment_index": 301, "segment_length_km": 5.0, "buffer_km": 1.0, "proximity_km": 2.0, "near_mangrove": false, "near_coral": true, "near_mpa": false, "classification_reason": "near_coral" } }, "geometry": { "type": "MultiPolygon", "coordinates": [ [ [ [ 71.903045467763889, 21.127433628307656 ], [ 71.912971847690329, 21.111974592656633 ], [ 71.871790823713425, 21.08868689090637 ], [ 71.861862400457284, 21.104143208368718 ], [ 71.903045467763889, 21.127433628307656 ] ] ] ] } },
{ "type": "Feature", "properties": { "receptor_type": "sensitive_coastline", "name": "Sensitive Coastline Segment 0302", "source": "Natural Earth 10m Physical Coastline", "source_year": 2024, "sensitivity_tier": "high", "protection_status": false, "metadata": { "segment_index": 302, "segment_length_km": 5.0, "buffer_km": 1.0, "proximity_km": 2.0, "near_mangrove": false, "near_coral": true, "near_mpa": false, "classification_reason": "near_coral" } }, "geometry": { "type": "MultiPolygon", "coordinates": [ [ [ [ 71.950452032392107, 21.140030120605132 ], [ 71.955556544547974, 21.122628456184902 ], [ 71.910563250908297, 21.111004310199966 ], [ 71.905454251569708, 21.128404042911672 ], [ 71.950452032392107, 21.140030120605132 ] ] ] ] } },
{ "type": "Feature", "properties": { "receptor_type": "sensitive_coastline", "name": "Sensitive Coastline Segment 0303", "source": "Natural Earth 10m Physical Coastline", "source_year": 2024, "sensitivity_tier": "high", "protection_status": false, "metadata": { "segment_index": 303, "segment_length_km": 5.0, "buffer_km": 1.0, "proximity_km": 2.0, "near_mangrove": false, "near_coral": true, "near_mpa": false, "classification_reason": "near_coral" } }, "geometry": { "type": "MultiPolygon", "coordinates": [ [ [ [ 71.997388351438431, 21.149521170706784 ], [ 72.00143301158829, 21.1318752282648 ], [ 71.955029119990073, 21.122507190096112 ], [ 71.950979511432365, 21.140151407827098 ], [ 71.997388351438431, 21.149521170706784 ] ] ] ] } },
{ "type": "Feature", "properties": { "receptor_type": "sensitive_coastline", "name": "Sensitive Coastline Segment 0304", "source": "Natural Earth 10m Physical Coastline", "source_year": 2024, "sensitivity_tier": "high", "protection_status": false, "metadata": { "segment_index": 304, "segment_length_km": 5.0, "buffer_km": 1.0, "proximity_km": 2.0, "near_mangrove": false, "near_coral": true, "near_mpa": false, "classification_reason": "near_coral" } }, "geometry": { "type": "MultiPolygon", "coordinates": [ [ [ [ 72.037399734431389, 21.169812928866875 ], [ 72.046412852172324, 21.153865556470134 ], [ 72.003918466136057, 21.132725762069988 ], [ 71.994902679450036, 21.148670513305895 ], [ 72.037399734431389, 21.169812928866875 ] ] ] ] } },
{ "type": "Feature", "properties": { "receptor_type": "sensitive_coastline", "name": "Sensitive Coastline Segment 0305", "source": "Natural Earth 10m Physical Coastline", "source_year": 2024, "sensitivity_tier": "high", "protection_status": false, "metadata": { "segment_index": 305, "segment_length_km": 5.0, "buffer_km": 1.0, "proximity_km": 2.0, "near_mangrove": false, "near_coral": true, "near_mpa": false, "classification_reason": "near_coral" } }, "geometry": { "type": "MultiPolygon", "coordinates": [ [ [ [ 72.07457461455455, 21.194570431846277 ], [ 72.085687809060232, 21.179833281446747 ], [ 72.047463480254933, 21.154471982699672 ], [ 72.036349055599899, 21.169206433050295 ], [ 72.07457461455455, 21.194570431846277 ] ] ] ] } },
{ "type": "Feature", "properties": { "receptor_type": "sensitive_coastline", "name": "Sensitive Coastline Segment 0306", "source": "Natural Earth 10m Physical Coastline", "source_year": 2024, "sensitivity_tier": "high", "protection_status": false, "metadata": { "segment_index": 306, "segment_length_km": 5.0, "buffer_km": 1.0, "proximity_km": 2.0, "near_mangrove": false, "near_coral": true, "near_mpa": false, "classification_reason": "near_coral" } }, "geometry": { "type": "MultiPolygon", "coordinates": [ [ [ [ 72.096600337079039, 21.22554011235146 ], [ 72.112454292890973, 21.215300848984075 ], [ 72.088056983568336, 21.182083154572307 ], [ 72.072205494822455, 21.192320372790817 ], [ 72.096600337079039, 21.22554011235146 ] ] ] ] } },
{ "type": "Feature", "properties": { "receptor_type": "sensitive_coastline", "name": "Sensitive Coastline Segment 0307", "source": "Natural Earth 10m Physical Coastline", "source_year": 2024, "sensitivity_tier": "high", "protection_status": false, "metadata": { "segment_index": 307, "segment_length_km": 5.0, "buffer_km": 1.0, "proximity_km": 2.0, "near_mangrove": false, "near_coral": true, "near_mpa": false, "classification_reason": "near_coral" } }, "geometry": { "type": "MultiPolygon", "coordinates": [ [ [ [ 72.086843822443839, 21.259700592076282 ], [ 72.105767397983939, 21.263040513344336 ], [ 72.113987098066801, 21.222089663221375 ], [ 72.095068334335892, 21.218751229320638 ], [ 72.086843822443839, 21.259700592076282 ] ] ] ] } },
{ "type": "Feature", "properties": { "receptor_type": "sensitive_coastline", "name": "Sensitive Coastline Segment 0308", "source": "Natural Earth 10m Physical Coastline", "source_year": 2024, "sensitivity_tier": "high", "protection_status": false, "metadata": { "segment_index": 308, "segment_length_km": 5.0, "buffer_km": 1.0, "proximity_km": 2.0, "near_mangrove": true, "near_coral": false, "near_mpa": false, "classification_reason": "near_mangrove" } }, "geometry": { "type": "MultiPolygon", "coordinates": [ [ [ [ 72.102054181309711, 21.298628541520504 ], [ 72.119899293442742, 21.291836325703009 ], [ 72.105225936194344, 21.257975010711373 ], [ 72.087384645051628, 21.264766081690119 ], [ 72.102054181309711, 21.298628541520504 ] ] ] ] } },
{ "type": "Feature", "properties": { "receptor_type": "sensitive_coastline", "name": "Sensitive Coastline Segment 0309", "source": "Natural Earth 10m Physical Coastline", "source_year": 2024, "sensitivity_tier": "high", "protection_status": false, "metadata": { "segment_index": 309, "segment_length_km": 5.0, "buffer_km": 1.0, "proximity_km": 2.0, "near_mangrove": true, "near_coral": false, "near_mpa": false, "classification_reason": "near_mangrove" } }, "geometry": { "type": "MultiPolygon", "coordinates": [ [ [ [ 72.114412620484899, 21.333480633180137 ], [ 72.132691703158727, 21.327778675710206 ], [ 72.120114182751621, 21.292381900362606 ], [ 72.101839355661738, 21.298082950655033 ], [ 72.114412620484899, 21.333480633180137 ] ] ] ] } },
{ "type": "Feature", "properties": { "receptor_type": "sensitive_coastline", "name": "Sensitive Coastline Segment 0310", "source": "Natural Earth 10m Physical Coastline", "source_year": 2024, "sensitivity_tier": "low", "protection_status": false, "metadata": { "segment_index": 310, "segment_length_km": 5.0, "buffer_km": 1.0, "proximity_km": 2.0, "near_mangrove": false, "near_coral": false, "near_mpa": false, "classification_reason": "no_ecological_association" } }, "geometry": { "type": "MultiPolygon", "coordinates": [ [ [ [ 72.147077676074332, 21.370884692738809 ], [ 72.161829294688673, 21.359270041760933 ], [ 72.130926980952893, 21.324823683634897 ], [ 72.11617707042771, 21.33643577067722 ], [ 72.147077676074332, 21.370884692738809 ] ] ] ] } },
{ "type": "Feature", "properties": { "receptor_type": "sensitive_coastline", "name": "Sensitive Coastline Segment 0311", "source": "Natural Earth 10m Physical Coastline", "source_year": 2024, "sensitivity_tier": "low", "protection_status": false, "metadata": { "segment_index": 311, "segment_length_km": 5.0, "buffer_km": 1.0, "proximity_km": 2.0, "near_mangrove": false, "near_coral": false, "near_mpa": false, "classification_reason": "no_ecological_association" } }, "geometry": { "type": "MultiPolygon", "coordinates": [ [ [ [ 72.170006041864568, 21.408028851578045 ], [ 72.1866628201509, 21.398944039837946 ], [ 72.162780180995867, 21.360535931762929 ], [ 72.146126880645269, 21.369618722575744 ], [ 72.170006041864568, 21.408028851578045 ] ] ] ] } },
{ "type": "Feature", "properties": { "receptor_type": "sensitive_coastline", "name": "Sensitive Coastline Segment 0312", "source": "Natural Earth 10m Physical Coastline", "source_year": 2024, "sensitivity_tier": "low", "protection_status": false, "metadata": { "segment_index": 312, "segment_length_km": 5.0, "buffer_km": 1.0, "proximity_km": 2.0, "near_mangrove": false, "near_coral": false, "near_mpa": false, "classification_reason": "no_ecological_association" } }, "geometry": { "type": "MultiPolygon", "coordinates": [ [ [ [ 72.204400647966395, 21.442504258664449 ], [ 72.218422437228128, 21.430113975024096 ], [ 72.185344754778967, 21.397292706022583 ], [ 72.171324000719451, 21.409680296 ], [ 72.204400647966395, 21.442504258664449 ] ] ] ] } },
{ "type": "Feature", "properties": { "receptor_type": "sensitive_coastline", "name": "Sensitive Coastline Segment 0313", "source": "Natural Earth 10m Physical Coastline", "source_year": 2024, "sensitivity_tier": "low", "protection_status": false, "metadata": { "segment_index": 313, "segment_length_km": 5.0, "buffer_km": 1.0, "proximity_km": 2.0, "near_mangrove": false, "near_coral": false, "near_mpa": false, "classification_reason": "no_ecological_association" } }, "geometry": { "type": "MultiPolygon", "coordinates": [ [ [ [ 72.229814053735168, 21.47874281718461 ], [ 72.245902340799034, 21.468787712959642 ], [ 72.219454248071926, 21.431332650742519 ], [ 72.203368906687373, 21.441285496476908 ], [ 72.229814053735168, 21.47874281718461 ] ] ] ] } },
{ "type": "Feature", "properties": { "receptor_type": "sensitive_coastline", "name": "Sensitive Coastline Segment 0314", "source": "Natural Earth 10m Physical Coastline", "source_year": 2024, "sensitivity_tier": "low", "protection_status": false, "metadata": { "segment_index": 314, "segment_length_km": 5.0, "buffer_km": 1.0, "proximity_km": 2.0, "near_mangrove": false, "near_coral": false, "near_mpa": false, "classification_reason": "no_ecological_association" } }, "geometry": { "type": "MultiPolygon", "coordinates": [ [ [ [ 72.243275725337412, 21.51928398312247 ], [ 72.261651774919045, 21.513788099634962 ], [ 72.247043725839745, 21.47101781054268 ], [ 72.228672900049119, 21.476512625291797 ], [ 72.243275725337412, 21.51928398312247 ] ] ] ] } },
{ "type": "Feature", "properties": { "receptor_type": "sensitive_coastline", "name": "Sensitive Coastline Segment 0315", "source": "Natural Earth 10m Physical Coastline", "source_year": 2024, "sensitivity_tier": "low", "protection_status": false, "metadata": { "segment_index": 315, "segment_length_km": 5.0, "buffer_km": 1.0, "proximity_km": 2.0, "near_mangrove": false, "near_coral": false, "near_mpa": false, "classification_reason": "no_ecological_association" } }, "geometry": { "type": "MultiPolygon", "coordinates": [ [ [ [ 72.255664383322596, 21.562462773668436 ], [ 72.274300826839635, 21.557777329692879 ], [ 72.26177924216509, 21.514193730822068 ], [ 72.243148308532426, 21.518878342998338 ], [ 72.255664383322596, 21.562462773668436 ] ] ] ] } },
{ "type": "Feature", "properties": { "receptor_type": "sensitive_coastline", "name": "Sensitive Coastline Segment 0316", "source": "Natural Earth 10m Physical Coastline", "source_year": 2024, "sensitivity_tier": "low", "protection_status": false, "metadata": { "segment_index": 316, "segment_length_km": 5.0, "buffer_km": 1.0, "proximity_km": 2.0, "near_mangrove": false, "near_coral": false, "near_mpa": false, "classification_reason": "no_ecological_association" } }, "geometry": { "type": "MultiPolygon", "coordinates": [ [ [ [ 72.271787978884205, 21.605068511354073 ], [ 72.289980716353639, 21.599032998033437 ], [ 72.27407643044981, 21.557102918887747 ], [ 72.255888696674688, 21.563137200790901 ], [ 72.271787978884205, 21.605068511354073 ] ] ] ] } },
{ "type": "Feature", "properties": { "receptor_type": "sensitive_coastline", "name": "Sensitive Coastline Segment 0317", "source": "Natural Earth 10m Physical Coastline", "source_year": 2024, "sensitivity_tier": "high", "protection_status": false, "metadata": { "segment_index": 317, "segment_length_km": 5.0, "buffer_km": 1.0, "proximity_km": 2.0, "near_mangrove": true, "near_coral": false, "near_mpa": false, "classification_reason": "near_mangrove" } }, "geometry": { "type": "MultiPolygon", "coordinates": [ [ [ [ 72.287928439475778, 21.644134045992473 ], [ 72.305938795335919, 21.63762552089479 ], [ 72.289887254639893, 21.598797139470832 ], [ 72.271881412805527, 21.60530437728913 ], [ 72.287928439475778, 21.644134045992473 ] ] ] ] } },
{ "type": "Feature", "properties": { "receptor_type": "sensitive_coastline", "name": "Sensitive Coastline Segment 0318", "source": "Natural Earth 10m Physical Coastline", "source_year": 2024, "sensitivity_tier": "high", "protection_status": false, "metadata": { "segment_index": 318, "segment_length_km": 5.0, "buffer_km": 1.0, "proximity_km": 2.0, "near_mangrove": true, "near_coral": false, "near_mpa": false, "classification_reason": "near_mangrove" } }, "geometry": { "type": "MultiPolygon", "coordinates": [ [ [ [ 72.267263635980484, 21.674954523040299 ], [ 72.284427239435999, 21.683232191491005 ], [ 72.30551445924398, 21.645017438310326 ], [ 72.288353658962151, 21.63674226570777 ], [ 72.267263635980484, 21.674954523040299 ] ] ] ] } },
{ "type": "Feature", "properties": { "receptor_type": "sensitive_coastline", "name": "Sensitive Coastline Segment 0319", "source": "Natural Earth 10m Physical Coastline", "source_year": 2024, "sensitivity_tier": "high", "protection_status": false, "metadata": { "segment_index": 319, "segment_length_km": 5.0, "buffer_km": 1.0, "proximity_km": 2.0, "near_mangrove": true, "near_coral": false, "near_mpa": false, "classification_reason": "near_mangrove" } }, "geometry": { "type": "MultiPolygon", "coordinates": [ [ [ [ 72.233824381070633, 21.684601868424451 ], [ 72.24078769028587, 21.701439557718469 ], [ 72.279329108038425, 21.687511782460657 ], [ 72.272361593081769, 21.670675288820721 ], [ 72.233824381070633, 21.684601868424451 ] ] ] ] } },
{ "type": "Feature", "properties": { "receptor_type": "sensitive_coastline", "name": "Sensitive Coastline Segment 0320", "source": "Natural Earth 10m Physical Coastline", "source_year": 2024, "sensitivity_tier": "high", "protection_status": false, "metadata": { "segment_index": 320, "segment_length_km": 5.0, "buffer_km": 1.0, "proximity_km": 2.0, "near_mangrove": true, "near_coral": false, "near_mpa": false, "classification_reason": "near_mangrove" } }, "geometry": { "type": "MultiPolygon", "coordinates": [ [ [ [ 72.201761149439108, 21.721863528512792 ], [ 72.217150299786269, 21.732776281450246 ], [ 72.24500027253444, 21.698475600894735 ], [ 72.22961204280206, 21.68756556371024 ], [ 72.201761149439108, 21.721863528512792 ] ] ] ] } },
{ "type": "Feature", "properties": { "receptor_type": "sensitive_coastline", "name": "Sensitive Coastline Segment 0321", "source": "Natural Earth 10m Physical Coastline", "source_year": 2024, "sensitivity_tier": "low", "protection_status": false, "metadata": { "segment_index": 321, "segment_length_km": 5.0, "buffer_km": 1.0, "proximity_km": 2.0, "near_mangrove": false, "near_coral": false, "near_mpa": false, "classification_reason": "no_ecological_association" } }, "geometry": { "type": "MultiPolygon", "coordinates": [ [ [ [ 72.176539686111511, 21.758156586918808 ], [ 72.192752484937586, 21.767978262229079 ], [ 72.217561246934082, 21.732229398407046 ], [ 72.201350181523111, 21.722410369644059 ], [ 72.176539686111511, 21.758156586918808 ] ] ] ] } },
{ "type": "Feature", "properties": { "receptor_type": "sensitive_coastline", "name": "Sensitive Coastline Segment 0322", "source": "Natural Earth 10m Physical Coastline", "source_year": 2024, "sensitivity_tier": "low", "protection_status": false, "metadata": { "segment_index": 322, "segment_length_km": 5.0, "buffer_km": 1.0, "proximity_km": 2.0, "near_mangrove": false, "near_coral": false, "near_mpa": false, "classification_reason": "no_ecological_association" } }, "geometry": { "type": "MultiPolygon", "coordinates": [ [ [ [ 72.152078236066018, 21.785892401844819 ], [ 72.167014298428796, 21.79734802563021 ], [ 72.192113927383318, 21.76879409764307 ], [ 72.177178269907344, 21.757340815230283 ], [ 72.152078236066018, 21.785892401844819 ] ] ] ] } },
{ "type": "Feature", "properties": { "receptor_type": "sensitive_coastline", "name": "Sensitive Coastline Segment 0323", "source": "Natural Earth 10m Physical Coastline", "source_year": 2024, "sensitivity_tier": "low", "protection_status": false, "metadata": { "segment_index": 323, "segment_length_km": 5.0, "buffer_km": 1.0, "proximity_km": 2.0, "near_mangrove": false, "near_coral": false, "near_mpa": false, "classification_reason": "no_ecological_association" } }, "geometry": { "type": "MultiPolygon", "coordinates": [ [ [ [ 72.117508601685586, 21.767799232267265 ], [ 72.110924427243887, 21.784768992957318 ], [ 72.15625575146646, 21.800106318802197 ], [ 72.162835732534319, 21.783134270949233 ], [ 72.117508601685586, 21.767799232267265 ] ] ] ] } },
{ "type": "Feature", "properties": { "receptor_type": "sensitive_coastline", "name": "Sensitive Coastline Segment 0324", "source": "Natural Earth 10m Physical Coastline", "source_year": 2024, "sensitivity_tier": "low", "protection_status": false, "metadata": { "segment_index": 324, "segment_length_km": 5.0, "buffer_km": 1.0, "proximity_km": 2.0, "near_mangrove": false, "near_coral": false, "near_mpa": false, "classification_reason": "no_ecological_association" } }, "geometry": { "type": "MultiPolygon", "coordinates": [ [ [ [ 72.067015309133154, 21.779331163721803 ], [ 72.072254094892571, 21.796704442290189 ], [ 72.11683891395711, 21.784970378819462 ], [ 72.111594813533642, 21.767597947427198 ], [ 72.067015309133154, 21.779331163721803 ] ] ] ] } },
{ "type": "Feature", "properties": { "receptor_type": "sensitive_coastline", "name": "Sensitive Coastline Segment 0325", "source": "Natural Earth 10m Physical Coastline", "source_year": 2024, "sensitivity_tier": "low", "protection_status": false, "metadata": { "segment_index": 325, "segment_length_km": 5.0, "buffer_km": 1.0, "proximity_km": 2.0, "near_mangrove": false, "near_coral": false, "near_mpa": false, "classification_reason": "no_ecological_association" } }, "geometry": { "type": "MultiPolygon", "coordinates": [ [ [ [ 72.02638542926924, 21.766281696197368 ], [ 72.020753077094653, 21.78354643169256 ], [ 72.066820504725413, 21.796651187203885 ], [ 72.072448246774186, 21.779384339617977 ], [ 72.02638542926924, 21.766281696197368 ] ] ] ] } },
{ "type": "Feature", "properties": { "receptor_type": "sensitive_coastline", "name": "Sensitive Coastline Segment 0326", "source": "Natural Earth 10m Physical Coastline", "source_year": 2024, "sensitivity_tier": "low", "protection_status": false, "metadata": { "segment_index": 326, "segment_length_km": 5.0, "buffer_km": 1.0, "proximity_km": 2.0, "near_mangrove": false, "near_coral": false, "near_mpa": false, "classification_reason": "no_ecological_association" } }, "geometry": { "type": "MultiPolygon", "coordinates": [ [ [ [ 71.998769835255274, 21.78731992000365 ], [ 72.013189030989466, 21.799336269039468 ], [ 72.030779367450577, 21.780921381326021 ], [ 72.016360147911954, 21.768906589986056 ], [ 71.998769835255274, 21.78731992000365 ] ] ] ] } },
{ "type": "Feature", "properties": { "receptor_type": "sensitive_coastline", "name": "Sensitive Coastline Segment 0327", "source": "Natural Earth 10m Physical Coastline", "source_year": 2024, "sensitivity_tier": "low", "protection_status": false, "metadata": { "segment_index": 327, "segment_length_km": 5.0, "buffer_km": 1.0, "proximity_km": 2.0, "near_mangrove": false, "near_coral": false, "near_mpa": false, "classification_reason": "no_ecological_association" } }, "geometry": { "type": "MultiPolygon", "coordinates": [ [ [ [ 71.98523647475352, 21.822037081777125 ], [ 72.003522945253678, 21.827884778252937 ], [ 72.015120969140284, 21.796250998851516 ], [ 71.996837716265858, 21.790404975167498 ], [ 71.98523647475352, 21.822037081777125 ] ] ] ] } },
{ "type": "Feature", "properties": { "receptor_type": "sensitive_coastline", "name": "Sensitive Coastline Segment 0328", "source": "Natural Earth 10m Physical Coastline", "source_year": 2024, "sensitivity_tier": "low", "protection_status": false, "metadata": { "segment_index": 328, "segment_length_km": 5.0, "buffer_km": 1.0, "proximity_km": 2.0, "near_mangrove": false, "near_coral": false, "near_mpa": false, "classification_reason": "no_ecological_association" } }, "geometry": { "type": "MultiPolygon", "coordinates": [ [ [ [ 72.003574368788378, 21.858988710444034 ], [ 72.020473370721788, 21.850221244981 ], [ 72.002827314289846, 21.820577938477768 ], [ 71.985931197968171, 21.82934389345311 ], [ 72.003574368788378, 21.858988710444034 ] ] ] ] } },
{ "type": "Feature", "properties": { "receptor_type": "sensitive_coastline", "name": "Sensitive Coastline Segment 0329", "source": "Natural Earth 10m Physical Coastline", "source_year": 2024, "sensitivity_tier": "low", "protection_status": false, "metadata": { "segment_index": 329, "segment_length_km": 5.0, "buffer_km": 1.0, "proximity_km": 2.0, "near_mangrove": false, "near_coral": false, "near_mpa": false, "classification_reason": "no_ecological_association" } }, "geometry": { "type": "MultiPolygon", "coordinates": [ [ [ [ 72.060275589293838, 21.845208489846001 ], [ 72.052690578285791, 21.828606961768738 ], [ 72.008234166781051, 21.846303666001742 ], [ 72.015814438550635, 21.862906739041961 ], [ 72.060275589293838, 21.845208489846001 ] ] ] ] } },
{ "type": "Feature", "properties": { "receptor_type": "sensitive_coastline", "name": "Sensitive Coastline Segment 0330", "source": "Natural Earth 10m Physical Coastline", "source_year": 2024, "sensitivity_tier": "low", "protection_status": false, "metadata": { "segment_index": 330, "segment_length_km": 5.0, "buffer_km": 1.0, "proximity_km": 2.0, "near_mangrove": false, "near_coral": false, "near_mpa": false, "classification_reason": "no_ecological_association" } }, "geometry": { "type": "MultiPolygon", "coordinates": [ [ [ [ 72.103348343488292, 21.844310109323864 ], [ 72.102626339775995, 21.826273216350675 ], [ 72.056124818465506, 21.827889523014555 ], [ 72.056840933143107, 21.845925969967027 ], [ 72.103348343488292, 21.844310109323864 ] ] ] ] } },
{ "type": "Feature", "properties": { "receptor_type": "sensitive_coastline", "name": "Sensitive Coastline Segment 0331", "source": "Natural Earth 10m Physical Coastline", "source_year": 2024, "sensitivity_tier": "low", "protection_status": false, "metadata": { "segment_index": 331, "segment_length_km": 5.0, "buffer_km": 1.0, "proximity_km": 2.0, "near_mangrove": false, "near_coral": false, "near_mpa": false, "classification_reason": "no_ecological_association" } }, "geometry": { "type": "MultiPolygon", "coordinates": [ [ [ [ 72.069926056857568, 21.865090470197572 ], [ 72.085981790499233, 21.875148693399858 ], [ 72.111014752976942, 21.840319289352966 ], [ 72.094960545803204, 21.830263708407447 ], [ 72.069926056857568, 21.865090470197572 ] ] ] ] } },
{ "type": "Feature", "properties": { "receptor_type": "sensitive_coastline", "name": "Sensitive Coastline Segment 0332", "source": "Natural Earth 10m Physical Coastline", "source_year": 2024, "sensitivity_tier": "low", "protection_status": false, "metadata": { "segment_index": 332, "segment_length_km": 5.0, "buffer_km": 1.0, "proximity_km": 2.0, "near_mangrove": false, "near_coral": false, "near_mpa": false, "classification_reason": "no_ecological_association" } }, "geometry": { "type": "MultiPolygon", "coordinates": [ [ [ [ 72.048615677703097, 21.888941650787704 ], [ 72.063486659506353, 21.900480540441933 ], [ 72.085389282621534, 21.875888036201033 ], [ 72.07051858574475, 21.864351186167152 ], [ 72.048615677703097, 21.888941650787704 ] ] ] ] } },
{ "type": "Feature", "properties": { "receptor_type": "sensitive_coastline", "name": "Sensitive Coastline Segment 0333", "source": "Natural Earth 10m Physical Coastline", "source_year": 2024, "sensitivity_tier": "low", "protection_status": false, "metadata": { "segment_index": 333, "segment_length_km": 5.0, "buffer_km": 1.0, "proximity_km": 2.0, "near_mangrove": false, "near_coral": false, "near_mpa": false, "classification_reason": "no_ecological_association" } }, "geometry": { "type": "MultiPolygon", "coordinates": [ [ [ [ 72.099804546741083, 21.890266738557518 ], [ 72.093536939123354, 21.873191690299315 ], [ 72.052919551980523, 21.886173168731062 ], [ 72.059182488611356, 21.903249270101675 ], [ 72.099804546741083, 21.890266738557518 ] ] ] ] } },
{ "type": "Feature", "properties": { "receptor_type": "sensitive_coastline", "name": "Sensitive Coastline Segment 0334", "source": "Natural Earth 10m Physical Coastline", "source_year": 2024, "sensitivity_tier": "low", "protection_status": false, "metadata": { "segment_index": 334, "segment_length_km": 5.0, "buffer_km": 1.0, "proximity_km": 2.0, "near_mangrove": false, "near_coral": false, "near_mpa": false, "classification_reason": "no_ecological_association" } }, "geometry": { "type": "MultiPolygon", "coordinates": [ [ [ [ 72.135930497742862, 21.854398175784926 ], [ 72.121538156254118, 21.842345531793487 ], [ 72.089474745639677, 21.875701361940809 ], [ 72.103867036746351, 21.887756840913767 ], [ 72.135930497742862, 21.854398175784926 ] ] ] ] } },
{ "type": "Feature", "properties": { "receptor_type": "sensitive_coastline", "name": "Sensitive Coastline Segment 0335", "source": "Natural Earth 10m Physical Coastline", "source_year": 2024, "sensitivity_tier": "low", "protection_status": false, "metadata": { "segment_index": 335, "segment_length_km": 5.0, "buffer_km": 1.0, "proximity_km": 2.0, "near_mangrove": false, "near_coral": false, "near_mpa": false, "classification_reason": "no_ecological_association" } }, "geometry": { "type": "MultiPolygon", "coordinates": [ [ [ [ 72.167539235956369, 21.854764019103754 ], [ 72.1661223813622, 21.836762213139025 ], [ 72.12802802125023, 21.839371171878234 ], [ 72.129440038814735, 21.857372786512894 ], [ 72.167539235956369, 21.854764019103754 ] ] ] ] } },
{ "type": "Feature", "properties": { "receptor_type": "sensitive_coastline", "name": "Sensitive Coastline Segment 0336", "source": "Natural Earth 10m Physical Coastline", "source_year": 2024, "sensitivity_tier": "low", "protection_status": false, "metadata": { "segment_index": 336, "segment_length_km": 5.0, "buffer_km": 1.0, "proximity_km": 2.0, "near_mangrove": false, "near_coral": false, "near_mpa": false, "classification_reason": "no_ecological_association" } }, "geometry": { "type": "MultiPolygon", "coordinates": [ [ [ [ 72.159542468442211, 21.888278870359368 ], [ 72.178856073464772, 21.887331155291271 ], [ 72.1764847448284, 21.845288807337198 ], [ 72.157176858489407, 21.846236853858603 ], [ 72.159542468442211, 21.888278870359368 ] ] ] ] } },
{ "type": "Feature", "properties": { "receptor_type": "sensitive_coastline", "name": "Sensitive Coastline Segment 0337", "source": "Natural Earth 10m Physical Coastline", "source_year": 2024, "sensitivity_tier": "low", "protection_status": false, "metadata": { "segment_index": 337, "segment_length_km": 5.0, "buffer_km": 1.0, "proximity_km": 2.0, "near_mangrove": false, "near_coral": false, "near_mpa": false, "classification_reason": "no_ecological_association" } }, "geometry": { "type": "MultiPolygon", "coordinates": [ [ [ [ 72.138267816651322, 21.905638643426485 ], [ 72.152444132276884, 21.917918960406041 ], [ 72.176287821630766, 21.893944305161618 ], [ 72.162111327974699, 21.881666050102364 ], [ 72.138267816651322, 21.905638643426485 ] ] ] ] } },
{ "type": "Feature", "properties": { "receptor_type": "sensitive_coastline", "name": "Sensitive Coastline Segment 0338", "source": "Natural Earth 10m Physical Coastline", "source_year": 2024, "sensitivity_tier": "low", "protection_status": false, "metadata": { "segment_index": 338, "segment_length_km": 5.0, "buffer_km": 1.0, "proximity_km": 2.0, "near_mangrove": false, "near_coral": false, "near_mpa": false, "classification_reason": "no_ecological_association" } }, "geometry": { "type": "MultiPolygon", "coordinates": [ [ [ [ 72.123426129718908, 21.91502617219825 ], [ 72.134476426240965, 21.929841031683765 ], [ 72.15088166495643, 21.919185792292733 ], [ 72.139830217996973, 21.904371925851727 ], [ 72.123426129718908, 21.91502617219825 ] ] ] ] } },
{ "type": "Feature", "properties": { "receptor_type": "sensitive_coastline", "name": "Sensitive Coastline Segment 0339", "source": "Natural Earth 10m Physical Coastline", "source_year": 2024, "sensitivity_tier": "low", "protection_status": false, "metadata": { "segment_index": 339, "segment_length_km": 5.0, "buffer_km": 1.0, "proximity_km": 2.0, "near_mangrove": false, "near_coral": false, "near_mpa": false, "classification_reason": "no_ecological_association" } }, "geometry": { "type": "MultiPolygon", "coordinates": [ [ [ [ 72.081788204458121, 21.912580175296796 ], [ 72.081421599821439, 21.93062595796917 ], [ 72.128770630588406, 21.931456930332928 ], [ 72.129131283504094, 21.913410392088466 ], [ 72.081788204458121, 21.912580175296796 ] ] ] ] } },
{ "type": "Feature", "properties": { "receptor_type": "sensitive_coastline", "name": "Sensitive Coastline Segment 0340", "source": "Natural Earth 10m Physical Coastline", "source_year": 2024, "sensitivity_tier": "low", "protection_status": false, "metadata": { "segment_index": 340, "segment_length_km": 5.0, "buffer_km": 1.0, "proximity_km": 2.0, "near_mangrove": false, "near_coral": false, "near_mpa": false, "classification_reason": "no_ecological_association" } }, "geometry": { "type": "MultiPolygon", "coordinates": [ [ [ [ 72.032752910731446, 21.927905305489215 ], [ 72.03910630743367, 21.944952504114521 ], [ 72.084784430761431, 21.930126051842922 ], [ 72.078425791502795, 21.913080065230314 ], [ 72.032752910731446, 21.927905305489215 ] ] ] ] } },
{ "type": "Feature", "properties": { "receptor_type": "sensitive_coastline", "name": "Sensitive Coastline Segment 0341", "source": "Natural Earth 10m Physical Coastline", "source_year": 2024, "sensitivity_tier": "low", "protection_status": false, "metadata": { "segment_index": 341, "segment_length_km": 5.0, "buffer_km": 1.0, "proximity_km": 2.0, "near_mangrove": false, "near_coral": false, "near_mpa": false, "classification_reason": "no_ecological_association" } }, "geometry": { "type": "MultiPolygon", "coordinates": [ [ [ [ 72.058986615451744, 21.961532588571028 ], [ 72.069682499982449, 21.946492630584014 ], [ 72.041277695870676, 21.928909823262579 ], [ 72.030580608485906, 21.943947769919095 ], [ 72.058986615451744, 21.961532588571028 ] ] ] ] } },
{ "type": "Feature", "properties": { "receptor_type": "sensitive_coastline", "name": "Sensitive Coastline Segment 0342", "source": "Natural Earth 10m Physical Coastline", "source_year": 2024, "sensitivity_tier": "low", "protection_status": false, "metadata": { "segment_index": 342, "segment_length_km": 5.0, "buffer_km": 1.0, "proximity_km": 2.0, "near_mangrove": false, "near_coral": false, "near_mpa": false, "classification_reason": "no_ecological_association" } }, "geometry": { "type": "MultiPolygon", "coordinates": [ [ [ [ 72.105424266435321, 21.960176222767306 ], [ 72.103968725207835, 21.94217808296909 ], [ 72.063609669900231, 21.945013761692874 ], [ 72.065060057475009, 21.963011698535798 ], [ 72.105424266435321, 21.960176222767306 ] ] ] ] } },
{ "type": "Feature", "properties": { "receptor_type": "sensitive_coastline", "name": "Sensitive Coastline Segment 0343", "source": "Natural Earth 10m Physical Coastline", "source_year": 2024, "sensitivity_tier": "low", "protection_status": false, "metadata": { "segment_index": 343, "segment_length_km": 5.0, "buffer_km": 1.0, "proximity_km": 2.0, "near_mangrove": false, "near_coral": false, "near_mpa": false, "classification_reason": "no_ecological_association" } }, "geometry": { "type": "MultiPolygon", "coordinates": [ [ [ [ 72.072831818745058, 21.972953684023103 ], [ 72.087742417383637, 21.984458289743113 ], [ 72.112151916007093, 21.956928174515621 ], [ 72.097241668947404, 21.945425855966242 ], [ 72.072831818745058, 21.972953684023103 ] ] ] ] } },
{ "type": "Feature", "properties": { "receptor_type": "sensitive_coastline", "name": "Sensitive Coastline Segment 0344", "source": "Natural Earth 10m Physical Coastline", "source_year": 2024, "sensitivity_tier": "low", "protection_status": false, "metadata": { "segment_index": 344, "segment_length_km": 5.0, "buffer_km": 1.0, "proximity_km": 2.0, "near_mangrove": false, "near_coral": false, "near_mpa": false, "classification_reason": "no_ecological_association" } }, "geometry": { "type": "MultiPolygon", "coordinates": [ [ [ [ 72.126416693588695, 21.983014185641565 ], [ 72.124280629013086, 21.965074957538985 ], [ 72.07922168513835, 21.969736526778668 ], [ 72.0813519992534, 21.987675723140413 ], [ 72.126416693588695, 21.983014185641565 ] ] ] ] } },
{ "type": "Feature", "properties": { "receptor_type": "sensitive_coastline", "name": "Sensitive Coastline Segment 0345", "source": "Natural Earth 10m Physical Coastline", "source_year": 2024, "sensitivity_tier": "low", "protection_status": false, "metadata": { "segment_index": 345, "segment_length_km": 5.0, "buffer_km": 1.0, "proximity_km": 2.0, "near_mangrove": false, "near_coral": false, "near_mpa": false, "classification_reason": "no_ecological_association" } }, "geometry": { "type": "MultiPolygon", "coordinates": [ [ [ [ 72.091558519825028, 22.000193263937614 ], [ 72.106895799157243, 22.011203027804548 ], [ 72.133017183539437, 21.979548024486196 ], [ 72.117680684303579, 21.968540821454486 ], [ 72.091558519825028, 22.000193263937614 ] ] ] ] } },
{ "type": "Feature", "properties": { "receptor_type": "sensitive_coastline", "name": "Sensitive Coastline Segment 0346", "source": "Natural Earth 10m Physical Coastline", "source_year": 2024, "sensitivity_tier": "low", "protection_status": false, "metadata": { "segment_index": 346, "segment_length_km": 5.0, "buffer_km": 1.0, "proximity_km": 2.0, "near_mangrove": false, "near_coral": false, "near_mpa": false, "classification_reason": "no_ecological_association" } }, "geometry": { "type": "MultiPolygon", "coordinates": [ [ [ [ 72.141397793609812, 22.009905555160344 ], [ 72.139008277339812, 21.991993956268978 ], [ 72.098034749196216, 21.996742474926467 ], [ 72.100419038710925, 22.014654114060647 ], [ 72.141397793609812, 22.009905555160344 ] ] ] ] } },
{ "type": "Feature", "properties": { "receptor_type": "sensitive_coastline", "name": "Sensitive Coastline Segment 0347", "source": "Natural Earth 10m Physical Coastline", "source_year": 2024, "sensitivity_tier": "low", "protection_status": false, "metadata": { "segment_index": 347, "segment_length_km": 5.0, "buffer_km": 1.0, "proximity_km": 2.0, "near_mangrove": false, "near_coral": false, "near_mpa": false, "classification_reason": "no_ecological_association" } }, "geometry": { "type": "MultiPolygon", "coordinates": [ [ [ [ 72.178757749922127, 21.982398838523558 ], [ 72.166270648553976, 21.968609097631081 ], [ 72.133960491723926, 21.994053631246178 ], [ 72.14644609044187, 22.007845702994942 ], [ 72.178757749922127, 21.982398838523558 ] ] ] ] } },
{ "type": "Feature", "properties": { "receptor_type": "sensitive_coastline", "name": "Sensitive Coastline Segment 0348", "source": "Natural Earth 10m Physical Coastline", "source_year": 2024, "sensitivity_tier": "high", "protection_status": false, "metadata": { "segment_index": 348, "segment_length_km": 5.0, "buffer_km": 1.0, "proximity_km": 2.0, "near_mangrove": true, "near_coral": false, "near_mpa": false, "classification_reason": "near_mangrove" } }, "geometry": { "type": "MultiPolygon", "coordinates": [ [ [ [ 72.194426313945044, 22.010073470263819 ], [ 72.208447638026485, 21.997629323823226 ], [ 72.179523828203457, 21.969283005368219 ], [ 72.165503369212871, 21.981724740518505 ], [ 72.194426313945044, 22.010073470263819 ] ] ] ] } },
{ "type": "Feature", "properties": { "receptor_type": "sensitive_coastline", "name": "Sensitive Coastline Segment 0349", "source": "Natural Earth 10m Physical Coastline", "source_year": 2024, "sensitivity_tier": "high", "protection_status": false, "metadata": { "segment_index": 349, "segment_length_km": 5.0, "buffer_km": 1.0, "proximity_km": 2.0, "near_mangrove": true, "near_coral": false, "near_mpa": false, "classification_reason": "near_mangrove" } }, "geometry": { "type": "MultiPolygon", "coordinates": [ [ [ [ 72.226994630474806, 22.017897023637488 ], [ 72.230842517450711, 22.000206391250622 ], [ 72.203362633123362, 21.995006726503071 ], [ 72.199511625525929, 22.012696380245792 ], [ 72.226994630474806, 22.017897023637488 ] ] ] ] } },
{ "type": "Feature", "properties": { "receptor_type": "sensitive_coastline", "name": "Sensitive Coastline Segment 0350", "source": "Natural Earth 10m Physical Coastline", "source_year": 2024, "sensitivity_tier": "high", "protection_status": false, "metadata": { "segment_index": 350, "segment_length_km": 5.0, "buffer_km": 1.0, "proximity_km": 2.0, "near_mangrove": true, "near_coral": false, "near_mpa": false, "classification_reason": "near_mangrove" } }, "geometry": { "type": "MultiPolygon", "coordinates": [ [ [ [ 72.267573150096524, 22.032316996402056 ], [ 72.274412897445288, 22.015429683944927 ], [ 72.232340302679702, 22.000609105456594 ], [ 72.225496690067416, 22.01749424390896 ], [ 72.267573150096524, 22.032316996402056 ] ] ] ] } },
{ "type": "Feature", "properties": { "receptor_type": "sensitive_coastline", "name": "Sensitive Coastline Segment 0351", "source": "Natural Earth 10m Physical Coastline", "source_year": 2024, "sensitivity_tier": "high", "protection_status": false, "metadata": { "segment_index": 351, "segment_length_km": 5.0, "buffer_km": 1.0, "proximity_km": 2.0, "near_mangrove": true, "near_coral": false, "near_mpa": false, "classification_reason": "near_mangrove" } }, "geometry": { "type": "MultiPolygon", "coordinates": [ [ [ [ 72.289012340213034, 22.06150583977308 ], [ 72.304536247097488, 22.050714693892079 ], [ 72.278753852355266, 22.018478737687467 ], [ 72.263232082249232, 22.029267631768953 ], [ 72.289012340213034, 22.06150583977308 ] ] ] ] } },
{ "type": "Feature", "properties": { "receptor_type": "sensitive_coastline", "name": "Sensitive Coastline Segment 0352", "source": "Natural Earth 10m Physical Coastline", "source_year": 2024, "sensitivity_tier": "high", "protection_status": false, "metadata": { "segment_index": 352, "segment_length_km": 5.0, "buffer_km": 1.0, "proximity_km": 2.0, "near_mangrove": true, "near_coral": false, "near_mpa": false, "classification_reason": "near_mangrove" } }, "geometry": { "type": "MultiPolygon", "coordinates": [ [ [ [ 72.300092449339445, 22.101273376508907 ], [ 72.318765989101678, 22.096473205354162 ], [ 72.306108451135117, 22.053710564877136 ], [ 72.287440448912776, 22.058509834535688 ], [ 72.300092449339445, 22.101273376508907 ] ] ] ] } },
{ "type": "Feature", "properties": { "receptor_type": "sensitive_coastline", "name": "Sensitive Coastline Segment 0353", "source": "Natural Earth 10m Physical Coastline", "source_year": 2024, "sensitivity_tier": "high", "protection_status": false, "metadata": { "segment_index": 353, "segment_length_km": 5.0, "buffer_km": 1.0, "proximity_km": 2.0, "near_mangrove": true, "near_coral": false, "near_mpa": false, "classification_reason": "near_mangrove" } }, "geometry": { "type": "MultiPolygon", "coordinates": [ [ [ [ 72.303853589403147, 22.14460224280991 ], [ 72.323161937832538, 22.14308228325012 ], [ 72.319080402558455, 22.09811323685183 ], [ 72.299778257158678, 22.099633330330803 ], [ 72.303853589403147, 22.14460224280991 ] ] ] ] } },
{ "type": "Feature", "properties": { "receptor_type": "sensitive_coastline", "name": "Sensitive Coastline Segment 0354", "source": "Natural Earth 10m Physical Coastline", "source_year": 2024, "sensitivity_tier": "high", "protection_status": false, "metadata": { "segment_index": 354, "segment_length_km": 5.0, "buffer_km": 1.0, "proximity_km": 2.0, "near_mangrove": true, "near_coral": false, "near_mpa": false, "classification_reason": "near_mangrove" } }, "geometry": { "type": "MultiPolygon", "coordinates": [ [ [ [ 72.306630331118086, 22.18925302899267 ], [ 72.325981113234789, 22.188206872591575 ], [ 72.323180067369577, 22.143319043684624 ], [ 72.303835492571125, 22.144365483475006 ], [ 72.306630331118086, 22.18925302899267 ] ] ] ] } },
{ "type": "Feature", "properties": { "receptor_type": "sensitive_coastline", "name": "Sensitive Coastline Segment 0355", "source": "Natural Earth 10m Physical Coastline", "source_year": 2024, "sensitivity_tier": "low", "protection_status": false, "metadata": { "segment_index": 355, "segment_length_km": 5.0, "buffer_km": 1.0, "proximity_km": 2.0, "near_mangrove": false, "near_coral": false, "near_mpa": false, "classification_reason": "no_ecological_association" } }, "geometry": { "type": "MultiPolygon", "coordinates": [ [ [ [ 72.293697853951173, 22.226658147417833 ], [ 72.312236962609944, 22.23194333105106 ], [ 72.325573236241695, 22.191371596782389 ], [ 72.307038616178531, 22.186088393281278 ], [ 72.293697853951173, 22.226658147417833 ] ] ] ] } },
{ "type": "Feature", "properties": { "receptor_type": "sensitive_coastline", "name": "Sensitive Coastline Segment 0356", "source": "Natural Earth 10m Physical Coastline", "source_year": 2024, "sensitivity_tier": "low", "protection_status": false, "metadata": { "segment_index": 356, "segment_length_km": 5.0, "buffer_km": 1.0, "proximity_km": 2.0, "near_mangrove": false, "near_coral": false, "near_mpa": false, "classification_reason": "no_ecological_association" } }, "geometry": { "type": "MultiPolygon", "coordinates": [ [ [ [ 72.255214330857001, 22.222958199959752 ], [ 72.256386261275722, 22.240975962480519 ], [ 72.303556224687725, 22.238310000833106 ], [ 72.302378197929286, 22.220291969450301 ], [ 72.255214330857001, 22.222958199959752 ] ] ] ] } },
{ "type": "Feature", "properties": { "receptor_type": "sensitive_coastline", "name": "Sensitive Coastline Segment 0357", "source": "Natural Earth 10m Physical Coastline", "source_year": 2024, "sensitivity_tier": "low", "protection_status": false, "metadata": { "segment_index": 357, "segment_length_km": 5.0, "buffer_km": 1.0, "proximity_km": 2.0, "near_mangrove": false, "near_coral": false, "near_mpa": false, "classification_reason": "no_ecological_association" } }, "geometry": { "type": "MultiPolygon", "coordinates": [ [ [ [ 72.232831485362723, 22.260240652606146 ], [ 72.250767328922521, 22.267104599694619 ], [ 72.264766957536921, 22.2353978976045 ], [ 72.246834112243334, 22.228535815961081 ], [ 72.232831485362723, 22.260240652606146 ] ] ] ] } },
{ "type": "Feature", "properties": { "receptor_type": "sensitive_coastline", "name": "Sensitive Coastline Segment 0358", "source": "Natural Earth 10m Physical Coastline", "source_year": 2024, "sensitivity_tier": "low", "protection_status": false, "metadata": { "segment_index": 358, "segment_length_km": 5.0, "buffer_km": 1.0, "proximity_km": 2.0, "near_mangrove": false, "near_coral": false, "near_mpa": false, "classification_reason": "no_ecological_association" } }, "geometry": { "type": "MultiPolygon", "coordinates": [ [ [ [ 72.220149281855257, 22.267863953177166 ], [ 72.23202376769251, 22.282135305890009 ], [ 72.247737154799168, 22.270807913902196 ], [ 72.23586175906641, 22.256537629490388 ], [ 72.220149281855257, 22.267863953177166 ] ] ] ] } },
{ "type": "Feature", "properties": { "receptor_type": "sensitive_coastline", "name": "Sensitive Coastline Segment 0359", "source": "Natural Earth 10m Physical Coastline", "source_year": 2024, "sensitivity_tier": "low", "protection_status": false, "metadata": { "segment_index": 359, "segment_length_km": 5.0, "buffer_km": 1.0, "proximity_km": 2.0, "near_mangrove": false, "near_coral": false, "near_mpa": false, "classification_reason": "no_ecological_association" } }, "geometry": { "type": "MultiPolygon", "coordinates": [ [ [ [ 72.191793354265485, 22.245018580967532 ], [ 72.181713738711892, 22.260438036334964 ], [ 72.221047200584835, 22.282710672024482 ], [ 72.23112467758115, 22.267288528693953 ], [ 72.191793354265485, 22.245018580967532 ] ] ] ] } },
{ "type": "Feature", "properties": { "receptor_type": "sensitive_coastline", "name": "Sensitive Coastline Segment 0360", "source": "Natural Earth 10m Physical Coastline", "source_year": 2024, "sensitivity_tier": "low", "protection_status": false, "metadata": { "segment_index": 360, "segment_length_km": 5.0, "buffer_km": 1.0, "proximity_km": 2.0, "near_mangrove": false, "near_coral": false, "near_mpa": false, "classification_reason": "no_ecological_association" } }, "geometry": { "type": "MultiPolygon", "coordinates": [ [ [ [ 72.143675008774039, 22.270743279675727 ], [ 72.155083228815684, 22.285339276057265 ], [ 72.192459465239082, 22.260025144734513 ], [ 72.181048783662277, 22.2454315480487 ], [ 72.143675008774039, 22.270743279675727 ] ] ] ] } },
{ "type": "Feature", "properties": { "receptor_type": "sensitive_coastline", "name": "Sensitive Coastline Segment 0361", "source": "Natural Earth 10m Physical Coastline", "source_year": 2024, "sensitivity_tier": "low", "protection_status": false, "metadata": { "segment_index": 361, "segment_length_km": 5.0, "buffer_km": 1.0, "proximity_km": 2.0, "near_mangrove": false, "near_coral": false, "near_mpa": false, "classification_reason": "no_ecological_association" } }, "geometry": { "type": "MultiPolygon", "coordinates": [ [ [ [ 72.197552558163125, 22.284398332203487 ], [ 72.196390535872951, 22.266380852922861 ], [ 72.148800908388424, 22.26903275821023 ], [ 72.149956762022782, 22.287049938749508 ], [ 72.197552558163125, 22.284398332203487 ] ] ] ] } },
{ "type": "Feature", "properties": { "receptor_type": "sensitive_coastline", "name": "Sensitive Coastline Segment 0362", "source": "Natural Earth 10m Physical Coastline", "source_year": 2024, "sensitivity_tier": "low", "protection_status": false, "metadata": { "segment_index": 362, "segment_length_km": 5.0, "buffer_km": 1.0, "proximity_km": 2.0, "near_mangrove": false, "near_coral": false, "near_mpa": false, "classification_reason": "no_ecological_association" } }, "geometry": { "type": "MultiPolygon", "coordinates": [ [ [ [ 72.207408143210628, 22.306673271597106 ], [ 72.223630984474184, 22.296777867483222 ], [ 72.205081603642583, 22.270442483556984 ], [ 72.188860940541247, 22.280336237184077 ], [ 72.207408143210628, 22.306673271597106 ] ] ] ] } },
{ "type": "Feature", "properties": { "receptor_type": "sensitive_coastline", "name": "Sensitive Coastline Segment 0363", "source": "Natural Earth 10m Physical Coastline", "source_year": 2024, "sensitivity_tier": "low", "protection_status": false, "metadata": { "segment_index": 363, "segment_length_km": 5.0, "buffer_km": 1.0, "proximity_km": 2.0, "near_mangrove": false, "near_coral": false, "near_mpa": false, "classification_reason": "no_ecological_association" } }, "geometry": { "type": "MultiPolygon", "coordinates": [ [ [ [ 72.264158236301185, 22.304674485002437 ], [ 72.26153934767953, 22.286789025722605 ], [ 72.214213494266914, 22.292782997147615 ], [ 72.21682627890867, 22.310668607421718 ], [ 72.264158236301185, 22.304674485002437 ] ] ] ] } },
{ "type": "Feature", "properties": { "receptor_type": "sensitive_coastline", "name": "Sensitive Coastline Segment 0364", "source": "Natural Earth 10m Physical Coastline", "source_year": 2024, "sensitivity_tier": "low", "protection_status": false, "metadata": { "segment_index": 364, "segment_length_km": 5.0, "buffer_km": 1.0, "proximity_km": 2.0, "near_mangrove": false, "near_coral": false, "near_mpa": false, "classification_reason": "no_ecological_association" } }, "geometry": { "type": "MultiPolygon", "coordinates": [ [ [ [ 72.288881908854734, 22.264436411341951 ], [ 72.27124401276258, 22.256932875092769 ], [ 72.254028526804788, 22.291978673769112 ], [ 72.271669471504595, 22.299484405100362 ], [ 72.288881908854734, 22.264436411341951 ] ] ] ] } },
{ "type": "Feature", "properties": { "receptor_type": "sensitive_coastline", "name": "Sensitive Coastline Segment 0365", "source": "Natural Earth 10m Physical Coastline", "source_year": 2024, "sensitivity_tier": "low", "protection_status": false, "metadata": { "segment_index": 365, "segment_length_km": 5.0, "buffer_km": 1.0, "proximity_km": 2.0, "near_mangrove": false, "near_coral": false, "near_mpa": false, "classification_reason": "no_ecological_association" } }, "geometry": { "type": "MultiPolygon", "coordinates": [ [ [ [ 72.32772554749863, 22.26964691046518 ], [ 72.32769460987069, 22.251595299305084 ], [ 72.280050263301078, 22.251659350556896 ], [ 72.280075077880895, 22.269710361017673 ], [ 72.32772554749863, 22.26964691046518 ] ] ] ] } },
{ "type": "Feature", "properties": { "receptor_type": "sensitive_coastline", "name": "Sensitive Coastline Segment 0366", "source": "Natural Earth 10m Physical Coastline", "source_year": 2024, "sensitivity_tier": "low", "protection_status": false, "metadata": { "segment_index": 366, "segment_length_km": 5.0, "buffer_km": 1.0, "proximity_km": 2.0, "near_mangrove": false, "near_coral": false, "near_mpa": false, "classification_reason": "no_ecological_association" } }, "geometry": { "type": "MultiPolygon", "coordinates": [ [ [ [ 72.331377665894323, 22.3061389128559 ], [ 72.350053777189586, 22.301255197712333 ], [ 72.337045223353968, 22.258179445292122 ], [ 72.318374729912904, 22.263062203238484 ], [ 72.331377665894323, 22.3061389128559 ] ] ] ] } },
{ "type": "Feature", "properties": { "receptor_type": "sensitive_coastline", "name": "Sensitive Coastline Segment 0367", "source": "Natural Earth 10m Physical Coastline", "source_year": 2024, "sensitivity_tier": "low", "protection_status": false, "metadata": { "segment_index": 367, "segment_length_km": 5.0, "buffer_km": 1.0, "proximity_km": 2.0, "near_mangrove": false, "near_coral": false, "near_mpa": false, "classification_reason": "no_ecological_association" } }, "geometry": { "type": "MultiPolygon", "coordinates": [ [ [ [ 72.352946833236402, 22.348180058437979 ], [ 72.370433935757703, 22.34035420090941 ], [ 72.349456983055987, 22.299785077650903 ], [ 72.331974282456983, 22.30760908261108 ], [ 72.352946833236402, 22.348180058437979 ] ] ] ] } },
{ "type": "Feature", "properties": { "receptor_type": "sensitive_coastline", "name": "Sensitive Coastline Segment 0368", "source": "Natural Earth 10m Physical Coastline", "source_year": 2024, "sensitivity_tier": "low", "protection_status": false, "metadata": { "segment_index": 368, "segment_length_km": 5.0, "buffer_km": 1.0, "proximity_km": 2.0, "near_mangrove": false, "near_coral": false, "near_mpa": false, "classification_reason": "no_ecological_association" } }, "geometry": { "type": "MultiPolygon", "coordinates": [ [ [ [ 72.395201503458352, 22.371490082199873 ], [ 72.404470496043402, 22.35562942454931 ], [ 72.366326104978299, 22.336338189511345 ], [ 72.35705455161019, 22.352196400932957 ], [ 72.395201503458352, 22.371490082199873 ] ] ] ] } },
{ "type": "Feature", "properties": { "receptor_type": "sensitive_coastline", "name": "Sensitive Coastline Segment 0369", "source": "Natural Earth 10m Physical Coastline", "source_year": 2024, "sensitivity_tier": "low", "protection_status": false, "metadata": { "segment_index": 369, "segment_length_km": 5.0, "buffer_km": 1.0, "proximity_km": 2.0, "near_mangrove": false, "near_coral": false, "near_mpa": false, "classification_reason": "no_ecological_association" } }, "geometry": { "type": "MultiPolygon", "coordinates": [ [ [ [ 72.404128142843462, 22.325144377088616 ], [ 72.384894283383161, 22.327525582227409 ], [ 72.390216716354075, 22.364750228548647 ], [ 72.40945574190917, 22.362368879813165 ], [ 72.404128142843462, 22.325144377088616 ] ] ] ] } },
{ "type": "Feature", "properties": { "receptor_type": "sensitive_coastline", "name": "Sensitive Coastline Segment 0370", "source": "Natural Earth 10m Physical Coastline", "source_year": 2024, "sensitivity_tier": "low", "protection_status": false, "metadata": { "segment_index": 370, "segment_length_km": 5.0, "buffer_km": 1.0, "proximity_km": 2.0, "near_mangrove": false, "near_coral": false, "near_mpa": false, "classification_reason": "no_ecological_association" } }, "geometry": { "type": "MultiPolygon", "coordinates": [ [ [ [ 72.391028174266637, 22.284168679886502 ], [ 72.372450060263958, 22.289360815264452 ], [ 72.385219513338271, 22.328931549639744 ], [ 72.40380272348375, 22.323738429777595 ], [ 72.391028174266637, 22.284168679886502 ] ] ] ] } },
{ "type": "Feature", "properties": { "receptor_type": "sensitive_coastline", "name": "Sensitive Coastline Segment 0371", "source": "Natural Earth 10m Physical Coastline", "source_year": 2024, "sensitivity_tier": "low", "protection_status": false, "metadata": { "segment_index": 371, "segment_length_km": 5.0, "buffer_km": 1.0, "proximity_km": 2.0, "near_mangrove": false, "near_coral": false, "near_mpa": false, "classification_reason": "no_ecological_association" } }, "geometry": { "type": "MultiPolygon", "coordinates": [ [ [ [ 72.410999952595262, 22.254220688247216 ], [ 72.393820115253462, 22.245845836987083 ], [ 72.373148231347926, 22.28257616625368 ], [ 72.390330842517614, 22.290953487285723 ], [ 72.410999952595262, 22.254220688247216 ] ] ] ] } },
{ "type": "Feature", "properties": { "receptor_type": "sensitive_coastline", "name": "Sensitive Coastline Segment 0372", "source": "Natural Earth 10m Physical Coastline", "source_year": 2024, "sensitivity_tier": "low", "protection_status": false, "metadata": { "segment_index": 372, "segment_length_km": 5.0, "buffer_km": 1.0, "proximity_km": 2.0, "near_mangrove": false, "near_coral": false, "near_mpa": false, "classification_reason": "no_ecological_association" } }, "geometry": { "type": "MultiPolygon", "coordinates": [ [ [ [ 72.441443960265133, 22.272638472085657 ], [ 72.447982743108483, 22.255642254109247 ], [ 72.405680970902679, 22.241536353053736 ], [ 72.399138103862484, 22.258530467961403 ], [ 72.441443960265133, 22.272638472085657 ] ] ] ] } },
{ "type": "Feature", "properties": { "receptor_type": "sensitive_coastline", "name": "Sensitive Coastline Segment 0373", "source": "Natural Earth 10m Physical Coastline", "source_year": 2024, "sensitivity_tier": "low", "protection_status": false, "metadata": { "segment_index": 373, "segment_length_km": 5.0, "buffer_km": 1.0, "proximity_km": 2.0, "near_mangrove": false, "near_coral": false, "near_mpa": false, "classification_reason": "no_ecological_association" } }, "geometry": { "type": "MultiPolygon", "coordinates": [ [ [ [ 72.464117546535618, 22.247168271232795 ], [ 72.446602745038561, 22.239418075737035 ], [ 72.435955554190613, 22.260264446073275 ], [ 72.453472116352756, 22.268015962214168 ], [ 72.464117546535618, 22.247168271232795 ] ] ] ] } },
{ "type": "Feature", "properties": { "receptor_type": "sensitive_coastline", "name": "Sensitive Coastline Segment 0374", "source": "Natural Earth 10m Physical Coastline", "source_year": 2024, "sensitivity_tier": "low", "protection_status": false, "metadata": { "segment_index": 374, "segment_length_km": 5.0, "buffer_km": 1.0, "proximity_km": 2.0, "near_mangrove": false, "near_coral": false, "near_mpa": false, "classification_reason": "no_ecological_association" } }, "geometry": { "type": "MultiPolygon", "coordinates": [ [ [ [ 72.497424527239147, 22.247697684160801 ], [ 72.495117253923652, 22.22977217406611 ], [ 72.454208922409265, 22.234330584878379 ], [ 72.456510932619224, 22.252256187636302 ], [ 72.497424527239147, 22.247697684160801 ] ] ] ] } },
{ "type": "Feature", "properties": { "receptor_type": "sensitive_coastline", "name": "Sensitive Coastline Segment 0375", "source": "Natural Earth 10m Physical Coastline", "source_year": 2024, "sensitivity_tier": "low", "protection_status": false, "metadata": { "segment_index": 375, "segment_length_km": 5.0, "buffer_km": 1.0, "proximity_km": 2.0, "near_mangrove": false, "near_coral": false, "near_mpa": false, "classification_reason": "no_ecological_association" } }, "geometry": { "type": "MultiPolygon", "coordinates": [ [ [ [ 72.528858627010109, 22.272765505953579 ], [ 72.540493502004821, 22.258319952534919 ], [ 72.502088549299089, 22.231513453930727 ], [ 72.490452530449417, 22.245956138284335 ], [ 72.528858627010109, 22.272765505953579 ] ] ] ] } },
{ "type": "Feature", "properties": { "receptor_type": "sensitive_coastline", "name": "Sensitive Coastline Segment 0376", "source": "Natural Earth 10m Physical Coastline", "source_year": 2024, "sensitivity_tier": "low", "protection_status": false, "metadata": { "segment_index": 376, "segment_length_km": 5.0, "buffer_km": 1.0, "proximity_km": 2.0, "near_mangrove": false, "near_coral": false, "near_mpa": false, "classification_reason": "no_ecological_association" } }, "geometry": { "type": "MultiPolygon", "coordinates": [ [ [ [ 72.569769259425044, 22.295894597916597 ], [ 72.579822809272088, 22.280453401602276 ], [ 72.539703993014584, 22.257823509331597 ], [ 72.52964817055333, 22.273262005270002 ], [ 72.569769259425044, 22.295894597916597 ] ] ] ] } },
{ "type": "Feature", "properties": { "receptor_type": "sensitive_coastline", "name": "Sensitive Coastline Segment 0377", "source": "Natural Earth 10m Physical Coastline", "source_year": 2024, "sensitivity_tier": "low", "protection_status": false, "metadata": { "segment_index": 377, "segment_length_km": 5.0, "buffer_km": 1.0, "proximity_km": 2.0, "near_mangrove": false, "near_coral": false, "near_mpa": false, "classification_reason": "no_ecological_association" } }, "geometry": { "type": "MultiPolygon", "coordinates": [ [ [ [ 72.622565251260482, 22.283629435339076 ], [ 72.616731794175436, 22.266409985260548 ], [ 72.571882392282191, 22.279563791777786 ], [ 72.57771056551978, 22.296784390950432 ], [ 72.622565251260482, 22.283629435339076 ] ] ] ] } },
{ "type": "Feature", "properties": { "receptor_type": "sensitive_coastline", "name": "Sensitive Coastline Segment 0378", "source": "Natural Earth 10m Physical Coastline", "source_year": 2024, "sensitivity_tier": "low", "protection_status": false, "metadata": { "segment_index": 378, "segment_length_km": 5.0, "buffer_km": 1.0, "proximity_km": 2.0, "near_mangrove": false, "near_coral": false, "near_mpa": false, "classification_reason": "no_ecological_association" } }, "geometry": { "type": "MultiPolygon", "coordinates": [ [ [ [ 72.666901420307298, 22.280430649289819 ], [ 72.66529486476324, 22.262437045884607 ], [ 72.618848112755444, 22.266022952015724 ], [ 72.620448667819389, 22.284016493950315 ], [ 72.666901420307298, 22.280430649289819 ] ] ] ] } },
{ "type": "Feature", "properties": { "receptor_type": "sensitive_coastline", "name": "Sensitive Coastline Segment 0379", "source": "Natural Earth 10m Physical Coastline", "source_year": 2024, "sensitivity_tier": "low", "protection_status": false, "metadata": { "segment_index": 379, "segment_length_km": 5.0, "buffer_km": 1.0, "proximity_km": 2.0, "near_mangrove": false, "near_coral": false, "near_mpa": false, "classification_reason": "no_ecological_association" } }, "geometry": { "type": "MultiPolygon", "coordinates": [ [ [ [ 72.714730919244033, 22.263061006762577 ], [ 72.707528013364509, 22.246295870940333 ], [ 72.662499313528855, 22.263050465442156 ], [ 72.669697313225342, 22.279817183161729 ], [ 72.714730919244033, 22.263061006762577 ] ] ] ] } },
{ "type": "Feature", "properties": { "receptor_type": "sensitive_coastline", "name": "Sensitive Coastline Segment 0380", "source": "Natural Earth 10m Physical Coastline", "source_year": 2024, "sensitivity_tier": "low", "protection_status": false, "metadata": { "segment_index": 380, "segment_length_km": 5.0, "buffer_km": 1.0, "proximity_km": 2.0, "near_mangrove": false, "near_coral": false, "near_mpa": false, "classification_reason": "no_ecological_association" } }, "geometry": { "type": "MultiPolygon", "coordinates": [ [ [ [ 72.760044542008146, 22.253037768694043 ], [ 72.755516130185214, 22.235480084753082 ], [ 72.708868051564679, 22.245899204148142 ], [ 72.713390724597772, 22.263457708772911 ], [ 72.760044542008146, 22.253037768694043 ] ] ] ] } },
{ "type": "Feature", "properties": { "receptor_type": "sensitive_coastline", "name": "Sensitive Coastline Segment 0381", "source": "Natural Earth 10m Physical Coastline", "source_year": 2024, "sensitivity_tier": "low", "protection_status": false, "metadata": { "segment_index": 381, "segment_length_km": 5.0, "buffer_km": 1.0, "proximity_km": 2.0, "near_mangrove": false, "near_coral": false, "near_mpa": false, "classification_reason": "no_ecological_association" } }, "geometry": { "type": "MultiPolygon", "coordinates": [ [ [ [ 72.795342053971893, 22.274016507446525 ], [ 72.804762732578112, 22.258231363232607 ], [ 72.762491687420805, 22.236367611090863 ], [ 72.753068193868003, 22.25215007169923 ], [ 72.795342053971893, 22.274016507446525 ] ] ] ] } },
{ "type": "Feature", "properties": { "receptor_type": "sensitive_coastline", "name": "Sensitive Coastline Segment 0382", "source": "Natural Earth 10m Physical Coastline", "source_year": 2024, "sensitivity_tier": "low", "protection_status": false, "metadata": { "segment_index": 382, "segment_length_km": 5.0, "buffer_km": 1.0, "proximity_km": 2.0, "near_mangrove": false, "near_coral": false, "near_mpa": false, "classification_reason": "no_ecological_association" } }, "geometry": { "type": "MultiPolygon", "coordinates": [ [ [ [ 72.844386396314164, 22.282702858913844 ], [ 72.84781087505182, 22.264928831084905 ], [ 72.801767505226763, 22.257237697276011 ], [ 72.798337571225048, 22.275010315457582 ], [ 72.844386396314164, 22.282702858913844 ] ] ] ] } },
{ "type": "Feature", "properties": { "receptor_type": "sensitive_coastline", "name": "Sensitive Coastline Segment 0383", "source": "Natural Earth 10m Physical Coastline", "source_year": 2024, "sensitivity_tier": "low", "protection_status": false, "metadata": { "segment_index": 383, "segment_length_km": 5.0, "buffer_km": 1.0, "proximity_km": 2.0, "near_mangrove": false, "near_coral": false, "near_mpa": false, "classification_reason": "no_ecological_association" } }, "geometry": { "type": "MultiPolygon", "coordinates": [ [ [ [ 72.892912149513933, 22.273609081017732 ], [ 72.888799031501122, 22.255961567274174 ], [ 72.844045095364152, 22.264991755800626 ], [ 72.848152651978836, 22.282639964086428 ], [ 72.892912149513933, 22.273609081017732 ] ] ] ] } },
{ "type": "Feature", "properties": { "receptor_type": "sensitive_coastline", "name": "Sensitive Coastline Segment 0384", "source": "Natural Earth 10m Physical Coastline", "source_year": 2024, "sensitivity_tier": "low", "protection_status": false, "metadata": { "segment_index": 384, "segment_length_km": 5.0, "buffer_km": 1.0, "proximity_km": 2.0, "near_mangrove": false, "near_coral": false, "near_mpa": false, "classification_reason": "no_ecological_association" } }, "geometry": { "type": "MultiPolygon", "coordinates": [ [ [ [ 72.919983625450371, 22.273159167526174 ], [ 72.919511073357882, 22.255106230593295 ], [ 72.890621059442566, 22.255758961528482 ], [ 72.891089888899302, 22.273811694325506 ], [ 72.919983625450371, 22.273159167526174 ] ] ] ] } },
{ "type": "Feature", "properties": { "receptor_type": "sensitive_coastline", "name": "Sensitive Coastline Segment 0385", "source": "Natural Earth 10m Physical Coastline", "source_year": 2024, "sensitivity_tier": "low", "protection_status": false, "metadata": { "segment_index": 385, "segment_length_km": 5.0, "buffer_km": 1.0, "proximity_km": 2.0, "near_mangrove": false, "near_coral": false, "near_mpa": false, "classification_reason": "no_ecological_association" } }, "geometry": { "type": "MultiPolygon", "coordinates": [ [ [ [ 72.92325786378774, 22.220616489558278 ], [ 72.904035049870558, 22.223018582598534 ], [ 72.910132993390008, 22.265333594890219 ], [ 72.929361611677308, 22.262931228236734 ], [ 72.92325786378774, 22.220616489558278 ] ] ] ] } },
{ "type": "Feature", "properties": { "receptor_type": "sensitive_coastline", "name": "Sensitive Coastline Segment 0386", "source": "Natural Earth 10m Physical Coastline", "source_year": 2024, "sensitivity_tier": "low", "protection_status": false, "metadata": { "segment_index": 386, "segment_length_km": 5.0, "buffer_km": 1.0, "proximity_km": 2.0, "near_mangrove": false, "near_coral": false, "near_mpa": false, "classification_reason": "no_ecological_association" } }, "geometry": { "type": "MultiPolygon", "coordinates": [ [ [ [ 72.870960506892985, 22.218587343145323 ], [ 72.873804720212078, 22.236450025986194 ], [ 72.915071309790761, 22.230749008081112 ], [ 72.912221849350033, 22.212886637598253 ], [ 72.870960506892985, 22.218587343145323 ] ] ] ] } },
{ "type": "Feature", "properties": { "receptor_type": "sensitive_coastline", "name": "Sensitive Coastline Segment 0387", "source": "Natural Earth 10m Physical Coastline", "source_year": 2024, "sensitivity_tier": "low", "protection_status": false, "metadata": { "segment_index": 387, "segment_length_km": 5.0, "buffer_km": 1.0, "proximity_km": 2.0, "near_mangrove": false, "near_coral": false, "near_mpa": false, "classification_reason": "no_ecological_association" } }, "geometry": { "type": "MultiPolygon", "coordinates": [ [ [ [ 72.825993725061124, 22.228169436628416 ], [ 72.830330663645483, 22.245769685169552 ], [ 72.874553856076801, 22.236318431215054 ], [ 72.870211464981196, 22.218718928774248 ], [ 72.825993725061124, 22.228169436628416 ] ] ] ] } },
{ "type": "Feature", "properties": { "receptor_type": "sensitive_coastline", "name": "Sensitive Coastline Segment 0388", "source": "Natural Earth 10m Physical Coastline", "source_year": 2024, "sensitivity_tier": "low", "protection_status": false, "metadata": { "segment_index": 388, "segment_length_km": 5.0, "buffer_km": 1.0, "proximity_km": 2.0, "near_mangrove": false, "near_coral": false, "near_mpa": false, "classification_reason": "no_ecological_association" } }, "geometry": { "type": "MultiPolygon", "coordinates": [ [ [ [ 72.793000775901689, 22.206690058220346 ], [ 72.782985703971079, 22.222152812190661 ], [ 72.823155431442203, 22.244702175001656 ], [ 72.833168159371425, 22.229236757530622 ], [ 72.793000775901689, 22.206690058220346 ] ] ] ] } },
{ "type": "Feature", "properties": { "receptor_type": "sensitive_coastline", "name": "Sensitive Coastline Segment 0389", "source": "Natural Earth 10m Physical Coastline", "source_year": 2024, "sensitivity_tier": "low", "protection_status": false, "metadata": { "segment_index": 389, "segment_length_km": 5.0, "buffer_km": 1.0, "proximity_km": 2.0, "near_mangrove": false, "near_coral": false, "near_mpa": false, "classification_reason": "no_ecological_association" } }, "geometry": { "type": "MultiPolygon", "coordinates": [ [ [ [ 72.76708483502982, 22.172705621480397 ], [ 72.751464961913683, 22.183401864419153 ], [ 72.78018211527926, 22.219770726844327 ], [ 72.795804362789042, 22.209071922442067 ], [ 72.76708483502982, 22.172705621480397 ] ] ] ] } },
{ "type": "Feature", "properties": { "receptor_type": "sensitive_coastline", "name": "Sensitive Coastline Segment 0390", "source": "Natural Earth 10m Physical Coastline", "source_year": 2024, "sensitivity_tier": "low", "protection_status": false, "metadata": { "segment_index": 390, "segment_length_km": 5.0, "buffer_km": 1.0, "proximity_km": 2.0, "near_mangrove": false, "near_coral": false, "near_mpa": false, "classification_reason": "no_ecological_association" } }, "geometry": { "type": "MultiPolygon", "coordinates": [ [ [ [ 72.723349873622539, 22.17100211340556 ], [ 72.724499999758677, 22.189026757017505 ], [ 72.759852531538087, 22.187066341049604 ], [ 72.758697859394303, 22.169041566942315 ], [ 72.723349873622539, 22.17100211340556 ] ] ] ] } },
{ "type": "Feature", "properties": { "receptor_type": "sensitive_coastline", "name": "Sensitive Coastline Segment 0391", "source": "Natural Earth 10m Physical Coastline", "source_year": 2024, "sensitivity_tier": "low", "protection_status": false, "metadata": { "segment_index": 391, "segment_length_km": 5.0, "buffer_km": 1.0, "proximity_km": 2.0, "near_mangrove": false, "near_coral": false, "near_mpa": false, "classification_reason": "no_ecological_association" } }, "geometry": { "type": "MultiPolygon", "coordinates": [ [ [ [ 72.677175176862534, 22.174888517811066 ], [ 72.678919002762271, 22.192871265647113 ], [ 72.724799816089856, 22.189005814261989 ], [ 72.723050095833528, 22.17102305674274 ], [ 72.677175176862534, 22.174888517811066 ] ] ] ] } },
{ "type": "Feature", "properties": { "receptor_type": "sensitive_coastline", "name": "Sensitive Coastline Segment 0392", "source": "Natural Earth 10m Physical Coastline", "source_year": 2024, "sensitivity_tier": "low", "protection_status": false, "metadata": { "segment_index": 392, "segment_length_km": 5.0, "buffer_km": 1.0, "proximity_km": 2.0, "near_mangrove": false, "near_coral": false, "near_mpa": false, "classification_reason": "no_ecological_association" } }, "geometry": { "type": "MultiPolygon", "coordinates": [ [ [ [ 72.632593935882284, 22.201300005725649 ], [ 72.643362888811239, 22.21631485453776 ], [ 72.683433260937733, 22.191386047244968 ], [ 72.672661415004995, 22.176373605119235 ], [ 72.632593935882284, 22.201300005725649 ] ] ] ] } },
{ "type": "Feature", "properties": { "receptor_type": "sensitive_coastline", "name": "Sensitive Coastline Segment 0393", "source": "Natural Earth 10m Physical Coastline", "source_year": 2024, "sensitivity_tier": "low", "protection_status": false, "metadata": { "segment_index": 393, "segment_length_km": 5.0, "buffer_km": 1.0, "proximity_km": 2.0, "near_mangrove": false, "near_coral": false, "near_mpa": false, "classification_reason": "no_ecological_association" } }, "geometry": { "type": "MultiPolygon", "coordinates": [ [ [ [ 72.591804599107761, 22.196167621586358 ], [ 72.59019224717531, 22.21416000351735 ], [ 72.637174811143069, 22.217804169269463 ], [ 72.638781302191873, 22.199810803496426 ], [ 72.591804599107761, 22.196167621586358 ] ] ] ] } },
{ "type": "Feature", "properties": { "receptor_type": "sensitive_coastline", "name": "Sensitive Coastline Segment 0394", "source": "Natural Earth 10m Physical Coastline", "source_year": 2024, "sensitivity_tier": "low", "protection_status": false, "metadata": { "segment_index": 394, "segment_length_km": 5.0, "buffer_km": 1.0, "proximity_km": 2.0, "near_mangrove": false, "near_coral": false, "near_mpa": false, "classification_reason": "no_ecological_association" } }, "geometry": { "type": "MultiPolygon", "coordinates": [ [ [ [ 72.562377770799799, 22.16794215323938 ], [ 72.54915055825856, 22.181140358376414 ], [ 72.584384501487094, 22.211764190944603 ], [ 72.597611882845555, 22.198563127185196 ], [ 72.562377770799799, 22.16794215323938 ] ] ] ] } },
{ "type": "Feature", "properties": { "receptor_type": "sensitive_coastline", "name": "Sensitive Coastline Segment 0395", "source": "Natural Earth 10m Physical Coastline", "source_year": 2024, "sensitivity_tier": "low", "protection_status": false, "metadata": { "segment_index": 395, "segment_length_km": 5.0, "buffer_km": 1.0, "proximity_km": 2.0, "near_mangrove": false, "near_coral": false, "near_mpa": false, "classification_reason": "no_ecological_association" } }, "geometry": { "type": "MultiPolygon", "coordinates": [ [ [ [ 72.543948390574386, 22.130608496233556 ], [ 72.526465810173164, 22.13839756617763 ], [ 72.547020820831051, 22.178436610100128 ], [ 72.564507686038624, 22.170645715994738 ], [ 72.543948390574386, 22.130608496233556 ] ] ] ] } },
{ "type": "Feature", "properties": { "receptor_type": "sensitive_coastline", "name": "Sensitive Coastline Segment 0396", "source": "Natural Earth 10m Physical Coastline", "source_year": 2024, "sensitivity_tier": "low", "protection_status": false, "metadata": { "segment_index": 396, "segment_length_km": 5.0, "buffer_km": 1.0, "proximity_km": 2.0, "near_mangrove": false, "near_coral": false, "near_mpa": false, "classification_reason": "no_ecological_association" } }, "geometry": { "type": "MultiPolygon", "coordinates": [ [ [ [ 72.530682548717323, 22.089227566753873 ], [ 72.512133424839078, 22.094435996582455 ], [ 72.52592990649903, 22.137107761932651 ], [ 72.544484446444756, 22.13189825495072 ], [ 72.530682548717323, 22.089227566753873 ] ] ] ] } },
{ "type": "Feature", "properties": { "receptor_type": "sensitive_coastline", "name": "Sensitive Coastline Segment 0397", "source": "Natural Earth 10m Physical Coastline", "source_year": 2024, "sensitivity_tier": "low", "protection_status": false, "metadata": { "segment_index": 397, "segment_length_km": 5.0, "buffer_km": 1.0, "proximity_km": 2.0, "near_mangrove": false, "near_coral": false, "near_mpa": false, "classification_reason": "no_ecological_association" } }, "geometry": { "type": "MultiPolygon", "coordinates": [ [ [ [ 72.530521862058194, 22.047293633441583 ], [ 72.511156539823119, 22.04750936172454 ], [ 72.511722454883483, 22.091939389869427 ], [ 72.531093854928315, 22.091724156598506 ], [ 72.530521862058194, 22.047293633441583 ] ] ] ] } },
{ "type": "Feature", "properties": { "receptor_type": "sensitive_coastline", "name": "Sensitive Coastline Segment 0398", "source": "Natural Earth 10m Physical Coastline", "source_year": 2024, "sensitivity_tier": "low", "protection_status": false, "metadata": { "segment_index": 398, "segment_length_km": 5.0, "buffer_km": 1.0, "proximity_km": 2.0, "near_mangrove": false, "near_coral": false, "near_mpa": false, "classification_reason": "no_ecological_association" } }, "geometry": { "type": "MultiPolygon", "coordinates": [ [ [ [ 72.517293672385932, 22.001571654958411 ], [ 72.498632891371727, 22.006382024464042 ], [ 72.511505866443841, 22.04980716630239 ], [ 72.530172225369242, 22.044995840931293 ], [ 72.517293672385932, 22.001571654958411 ] ] ] ] } },
{ "type": "Feature", "properties": { "receptor_type": "sensitive_coastline", "name": "Sensitive Coastline Segment 0399", "source": "Natural Earth 10m Physical Coastline", "source_year": 2024, "sensitivity_tier": "low", "protection_status": false, "metadata": { "segment_index": 399, "segment_length_km": 5.0, "buffer_km": 1.0, "proximity_km": 2.0, "near_mangrove": false, "near_coral": false, "near_mpa": false, "classification_reason": "no_ecological_association" } }, "geometry": { "type": "MultiPolygon", "coordinates": [ [ [ [ 72.517787778366539, 21.960706747801265 ], [ 72.498433124393898, 21.960649861226273 ], [ 72.498283180348409, 22.003948107568057 ], [ 72.517643711304942, 22.004005561698857 ], [ 72.517787778366539, 21.960706747801265 ] ] ] ] } },
{ "type": "Feature", "properties": { "receptor_type": "sensitive_coastline", "name": "Sensitive Coastline Segment 0400", "source": "Natural Earth 10m Physical Coastline", "source_year": 2024, "sensitivity_tier": "high", "protection_status": false, "metadata": { "segment_index": 400, "segment_length_km": 5.0, "buffer_km": 1.0, "proximity_km": 2.0, "near_mangrove": true, "near_coral": false, "near_mpa": false, "classification_reason": "near_mangrove" } }, "geometry": { "type": "MultiPolygon", "coordinates": [ [ [ [ 72.540863925118728, 21.926253371719117 ], [ 72.524153893429641, 21.917149845795972 ], [ 72.499754448633922, 21.956125274701861 ], [ 72.516466952286933, 21.965231526962409 ], [ 72.540863925118728, 21.926253371719117 ] ] ] ] } },
{ "type": "Feature", "properties": { "receptor_type": "sensitive_coastline", "name": "Sensitive Coastline Segment 0401", "source": "Natural Earth 10m Physical Coastline", "source_year": 2024, "sensitivity_tier": "high", "protection_status": false, "metadata": { "segment_index": 401, "segment_length_km": 5.0, "buffer_km": 1.0, "proximity_km": 2.0, "near_mangrove": true, "near_coral": false, "near_mpa": false, "classification_reason": "near_mangrove" } }, "geometry": { "type": "MultiPolygon", "coordinates": [ [ [ [ 72.572236397004673, 21.932065387351802 ], [ 72.572927787236338, 21.914021644965924 ], [ 72.532856778673406, 21.912680236036557 ], [ 72.532160373200526, 21.930723345569401 ], [ 72.572236397004673, 21.932065387351802 ] ] ] ] } },
{ "type": "Feature", "properties": { "receptor_type": "sensitive_coastline", "name": "Sensitive Coastline Segment 0402", "source": "Natural Earth 10m Physical Coastline", "source_year": 2024, "sensitivity_tier": "high", "protection_status": false, "metadata": { "segment_index": 402, "segment_length_km": 5.0, "buffer_km": 1.0, "proximity_km": 2.0, "near_mangrove": true, "near_coral": false, "near_mpa": false, "classification_reason": "near_mangrove" } }, "geometry": { "type": "MultiPolygon", "coordinates": [ [ [ [ 72.602701413386967, 21.958884691562488 ], [ 72.615261789869152, 21.945147453358182 ], [ 72.578862211419676, 21.916176167608217 ], [ 72.566301463454806, 21.929910577787155 ], [ 72.602701413386967, 21.958884691562488 ] ] ] ] } },
{ "type": "Feature", "properties": { "receptor_type": "sensitive_coastline", "name": "Sensitive Coastline Segment 0403", "source": "Natural Earth 10m Physical Coastline", "source_year": 2024, "sensitivity_tier": "low", "protection_status": false, "metadata": { "segment_index": 403, "segment_length_km": 5.0, "buffer_km": 1.0, "proximity_km": 2.0, "near_mangrove": false, "near_coral": false, "near_mpa": false, "classification_reason": "no_ecological_association" } }, "geometry": { "type": "MultiPolygon", "coordinates": [ [ [ [ 72.646376821874753, 21.977095996123005 ], [ 72.654119589996242, 21.960547229095496 ], [ 72.612854784846419, 21.943742900841134 ], [ 72.605108543001151, 21.960289404686925 ], [ 72.646376821874753, 21.977095996123005 ] ] ] ] } },
{ "type": "Feature", "properties": { "receptor_type": "sensitive_coastline", "name": "Sensitive Coastline Segment 0404", "source": "Natural Earth 10m Physical Coastline", "source_year": 2024, "sensitivity_tier": "low", "protection_status": false, "metadata": { "segment_index": 404, "segment_length_km": 5.0, "buffer_km": 1.0, "proximity_km": 2.0, "near_mangrove": false, "near_coral": false, "near_mpa": false, "classification_reason": "no_ecological_association" } }, "geometry": { "type": "MultiPolygon", "coordinates": [ [ [ [ 72.694101807797026, 21.985293680633532 ], [ 72.697500731726407, 21.967517607708004 ], [ 72.651950432097749, 21.959934328379724 ], [ 72.64854620182868, 21.977708990351861 ], [ 72.694101807797026, 21.985293680633532 ] ] ] ] } },
{ "type": "Feature", "properties": { "receptor_type": "sensitive_coastline", "name": "Sensitive Coastline Segment 0405", "source": "Natural Earth 10m Physical Coastline", "source_year": 2024, "sensitivity_tier": "low", "protection_status": false, "metadata": { "segment_index": 405, "segment_length_km": 5.0, "buffer_km": 1.0, "proximity_km": 2.0, "near_mangrove": false, "near_coral": false, "near_mpa": false, "classification_reason": "no_ecological_association" } }, "geometry": { "type": "MultiPolygon", "coordinates": [ [ [ [ 72.727975224670459, 22.002460714557074 ], [ 72.737014235556714, 21.986492242997716 ], [ 72.700321921043411, 21.968422466224172 ], [ 72.691280345476855, 21.984388691275122 ], [ 72.727975224670459, 22.002460714557074 ] ] ] ] } },
{ "type": "Feature", "properties": { "receptor_type": "sensitive_coastline", "name": "Sensitive Coastline Segment 0406", "source": "Natural Earth 10m Physical Coastline", "source_year": 2024, "sensitivity_tier": "low", "protection_status": false, "metadata": { "segment_index": 406, "segment_length_km": 5.0, "buffer_km": 1.0, "proximity_km": 2.0, "near_mangrove": false, "near_coral": false, "near_mpa": false, "classification_reason": "no_ecological_association" } }, "geometry": { "type": "MultiPolygon", "coordinates": [ [ [ [ 72.71484571172266, 21.96196468180295 ], [ 72.700278743976256, 21.973856738288127 ], [ 72.725210679446135, 22.00042346785122 ], [ 72.739778718228024, 21.98852928505492 ], [ 72.71484571172266, 21.96196468180295 ] ] ] ] } },
{ "type": "Feature", "properties": { "receptor_type": "sensitive_coastline", "name": "Sensitive Coastline Segment 0407", "source": "Natural Earth 10m Physical Coastline", "source_year": 2024, "sensitivity_tier": "low", "protection_status": false, "metadata": { "segment_index": 407, "segment_length_km": 5.0, "buffer_km": 1.0, "proximity_km": 2.0, "near_mangrove": false, "near_coral": false, "near_mpa": false, "classification_reason": "no_ecological_association" } }, "geometry": { "type": "MultiPolygon", "coordinates": [ [ [ [ 72.686748996613701, 21.933323968179277 ], [ 72.672470611432416, 21.945513416459804 ], [ 72.70042255838311, 21.974006617252588 ], [ 72.714701891796267, 21.9618148150272 ], [ 72.686748996613701, 21.933323968179277 ] ] ] ] } },
{ "type": "Feature", "properties": { "receptor_type": "sensitive_coastline", "name": "Sensitive Coastline Segment 0408", "source": "Natural Earth 10m Physical Coastline", "source_year": 2024, "sensitivity_tier": "low", "protection_status": false, "metadata": { "segment_index": 408, "segment_length_km": 5.0, "buffer_km": 1.0, "proximity_km": 2.0, "near_mangrove": false, "near_coral": false, "near_mpa": false, "classification_reason": "no_ecological_association" } }, "geometry": { "type": "MultiPolygon", "coordinates": [ [ [ [ 72.632979861014817, 21.927060746595366 ], [ 72.631511267882445, 21.945064610245105 ], [ 72.678878659312687, 21.948421268076334 ], [ 72.680341403971056, 21.930416464123919 ], [ 72.632979861014817, 21.927060746595366 ] ] ] ] } },
{ "type": "Feature", "properties": { "receptor_type": "sensitive_coastline", "name": "Sensitive Coastline Segment 0409", "source": "Natural Earth 10m Physical Coastline", "source_year": 2024, "sensitivity_tier": "high", "protection_status": false, "metadata": { "segment_index": 409, "segment_length_km": 5.0, "buffer_km": 1.0, "proximity_km": 2.0, "near_mangrove": true, "near_coral": false, "near_mpa": false, "classification_reason": "near_mangrove" } }, "geometry": { "type": "MultiPolygon", "coordinates": [ [ [ [ 72.614972515421073, 21.894180288286023 ], [ 72.598681864123691, 21.903921023765271 ], [ 72.62409854587186, 21.940933957198499 ], [ 72.64039220223151, 21.931190963643395 ], [ 72.614972515421073, 21.894180288286023 ] ] ] ] } },
{ "type": "Feature", "properties": { "receptor_type": "sensitive_coastline", "name": "Sensitive Coastline Segment 0410", "source": "Natural Earth 10m Physical Coastline", "source_year": 2024, "sensitivity_tier": "high", "protection_status": false, "metadata": { "segment_index": 410, "segment_length_km": 5.0, "buffer_km": 1.0, "proximity_km": 2.0, "near_mangrove": true, "near_coral": false, "near_mpa": false, "classification_reason": "near_mangrove" } }, "geometry": { "type": "MultiPolygon", "coordinates": [ [ [ [ 72.593918894435959, 21.854739466736678 ], [ 72.576615831826132, 21.862808340751997 ], [ 72.598173635272232, 21.903086020767525 ], [ 72.615480821424839, 21.89501524615709 ], [ 72.593918894435959, 21.854739466736678 ] ] ] ] } },
{ "type": "Feature", "properties": { "receptor_type": "sensitive_coastline", "name": "Sensitive Coastline Segment 0411", "source": "Natural Earth 10m Physical Coastline", "source_year": 2024, "sensitivity_tier": "high", "protection_status": false, "metadata": { "segment_index": 411, "segment_length_km": 5.0, "buffer_km": 1.0, "proximity_km": 2.0, "near_mangrove": true, "near_coral": false, "near_mpa": false, "classification_reason": "near_mangrove" } }, "geometry": { "type": "MultiPolygon", "coordinates": [ [ [ [ 72.569377440333312, 21.819622738214019 ], [ 72.553196838450845, 21.829509080556321 ], [ 72.577175669749948, 21.863718157722605 ], [ 72.59335897340452, 21.853829699310658 ], [ 72.569377440333312, 21.819622738214019 ] ] ] ] } },
{ "type": "Feature", "properties": { "receptor_type": "sensitive_coastline", "name": "Sensitive Coastline Segment 0412", "source": "Natural Earth 10m Physical Coastline", "source_year": 2024, "sensitivity_tier": "high", "protection_status": false, "metadata": { "segment_index": 412, "segment_length_km": 5.0, "buffer_km": 1.0, "proximity_km": 2.0, "near_mangrove": true, "near_coral": false, "near_mpa": false, "classification_reason": "near_mangrove" } }, "geometry": { "type": "MultiPolygon", "coordinates": [ [ [ [ 72.566473562998439, 21.778789178203208 ], [ 72.547224307556178, 21.780447166051133 ], [ 72.551659714418662, 21.825394820868265 ], [ 72.570915045058229, 21.82373687646561 ], [ 72.566473562998439, 21.778789178203208 ] ] ] ] } },
{ "type": "Feature", "properties": { "receptor_type": "sensitive_coastline", "name": "Sensitive Coastline Segment 0413", "source": "Natural Earth 10m Physical Coastline", "source_year": 2024, "sensitivity_tier": "high", "protection_status": false, "metadata": { "segment_index": 413, "segment_length_km": 5.0, "buffer_km": 1.0, "proximity_km": 2.0, "near_mangrove": true, "near_coral": false, "near_mpa": false, "classification_reason": "near_mangrove" } }, "geometry": { "type": "MultiPolygon", "coordinates": [ [ [ [ 72.552142226154317, 21.734047432102429 ], [ 72.533649846292448, 21.739290116172388 ], [ 72.547599959190606, 21.782240059937557 ], [ 72.566097676225709, 21.776996305589542 ], [ 72.552142226154317, 21.734047432102429 ] ] ] ] } },
{ "type": "Feature", "properties": { "receptor_type": "sensitive_coastline", "name": "Sensitive Coastline Segment 0414", "source": "Natural Earth 10m Physical Coastline", "source_year": 2024, "sensitivity_tier": "high", "protection_status": false, "metadata": { "segment_index": 414, "segment_length_km": 5.0, "buffer_km": 1.0, "proximity_km": 2.0, "near_mangrove": true, "near_coral": false, "near_mpa": false, "classification_reason": "near_mangrove" } }, "geometry": { "type": "MultiPolygon", "coordinates": [ [ [ [ 72.538038471943295, 21.69134388207776 ], [ 72.519577994458288, 21.696666787598456 ], [ 72.533663158751821, 21.739330768739862 ], [ 72.552128908657195, 21.73400678055728 ], [ 72.538038471943295, 21.69134388207776 ] ] ] ] } },
{ "type": "Feature", "properties": { "receptor_type": "sensitive_coastline", "name": "Sensitive Coastline Segment 0415", "source": "Natural Earth 10m Physical Coastline", "source_year": 2024, "sensitivity_tier": "high", "protection_status": false, "metadata": { "segment_index": 415, "segment_length_km": 5.0, "buffer_km": 1.0, "proximity_km": 2.0, "near_mangrove": true, "near_coral": false, "near_mpa": false, "classification_reason": "near_mangrove" } }, "geometry": { "type": "MultiPolygon", "coordinates": [ [ [ [ 72.564767436688967, 21.674732202695946 ], [ 72.551517151050433, 21.661594461450104 ], [ 72.522183935457662, 21.68743549097567 ], [ 72.535433418541601, 21.700575513300919 ], [ 72.564767436688967, 21.674732202695946 ] ] ] ] } },
{ "type": "Feature", "properties": { "receptor_type": "sensitive_coastline", "name": "Sensitive Coastline Segment 0416", "source": "Natural Earth 10m Physical Coastline", "source_year": 2024, "sensitivity_tier": "low", "protection_status": false, "metadata": { "segment_index": 416, "segment_length_km": 5.0, "buffer_km": 1.0, "proximity_km": 2.0, "near_mangrove": false, "near_coral": false, "near_mpa": false, "classification_reason": "no_ecological_association" } }, "geometry": { "type": "MultiPolygon", "coordinates": [ [ [ [ 72.601300032376798, 21.690166991273163 ], [ 72.607035600661789, 21.672925034592737 ], [ 72.561011889924529, 21.659543429125549 ], [ 72.555271709030109, 21.676783358488859 ], [ 72.601300032376798, 21.690166991273163 ] ] ] ] } },
{ "type": "Feature", "properties": { "receptor_type": "sensitive_coastline", "name": "Sensitive Coastline Segment 0417", "source": "Natural Earth 10m Physical Coastline", "source_year": 2024, "sensitivity_tier": "low", "protection_status": false, "metadata": { "segment_index": 417, "segment_length_km": 5.0, "buffer_km": 1.0, "proximity_km": 2.0, "near_mangrove": false, "near_coral": false, "near_mpa": false, "classification_reason": "no_ecological_association" } }, "geometry": { "type": "MultiPolygon", "coordinates": [ [ [ [ 72.651395125574297, 21.689988279959596 ], [ 72.651135346273676, 21.671933262605787 ], [ 72.604041045011328, 21.672518776007987 ], [ 72.604294935100583, 21.690573331420904 ], [ 72.651395125574297, 21.689988279959596 ] ] ] ] } },
{ "type": "Feature", "properties": { "receptor_type": "sensitive_coastline", "name": "Sensitive Coastline Segment 0418", "source": "Natural Earth 10m Physical Coastline", "source_year": 2024, "sensitivity_tier": "low", "protection_status": false, "metadata": { "segment_index": 418, "segment_length_km": 5.0, "buffer_km": 1.0, "proximity_km": 2.0, "near_mangrove": false, "near_coral": false, "near_mpa": false, "classification_reason": "no_ecological_association" } }, "geometry": { "type": "MultiPolygon", "coordinates": [ [ [ [ 72.698828468211715, 21.690876213352297 ], [ 72.699210053259534, 21.672822557133372 ], [ 72.651458973898883, 21.671934260949133 ], [ 72.651071457605894, 21.689987277861306 ], [ 72.698828468211715, 21.690876213352297 ] ] ] ] } },
{ "type": "Feature", "properties": { "receptor_type": "sensitive_coastline", "name": "Sensitive Coastline Segment 0419", "source": "Natural Earth 10m Physical Coastline", "source_year": 2024, "sensitivity_tier": "low", "protection_status": false, "metadata": { "segment_index": 419, "segment_length_km": 5.0, "buffer_km": 1.0, "proximity_km": 2.0, "near_mangrove": false, "near_coral": false, "near_mpa": false, "classification_reason": "no_ecological_association" } }, "geometry": { "type": "MultiPolygon", "coordinates": [ [ [ [ 72.745807143686548, 21.694960964477211 ], [ 72.74758341547799, 21.676979751553215 ], [ 72.699910238683856, 21.672859280670796 ], [ 72.698128196824072, 21.690839477657743 ], [ 72.745807143686548, 21.694960964477211 ] ] ] ] } },
{ "type": "Feature", "properties": { "receptor_type": "sensitive_coastline", "name": "Sensitive Coastline Segment 0420", "source": "Natural Earth 10m Physical Coastline", "source_year": 2024, "sensitivity_tier": "low", "protection_status": false, "metadata": { "segment_index": 420, "segment_length_km": 5.0, "buffer_km": 1.0, "proximity_km": 2.0, "near_mangrove": false, "near_coral": false, "near_mpa": false, "classification_reason": "no_ecological_association" } }, "geometry": { "type": "MultiPolygon", "coordinates": [ [ [ [ 72.795793423742197, 21.683544434050553 ], [ 72.790999892989646, 21.666050899031756 ], [ 72.744301485925703, 21.677223154171049 ], [ 72.749089478873586, 21.694717567003732 ], [ 72.795793423742197, 21.683544434050553 ] ] ] ] } },
{ "type": "Feature", "properties": { "receptor_type": "sensitive_coastline", "name": "Sensitive Coastline Segment 0421", "source": "Natural Earth 10m Physical Coastline", "source_year": 2024, "sensitivity_tier": "low", "protection_status": false, "metadata": { "segment_index": 421, "segment_length_km": 5.0, "buffer_km": 1.0, "proximity_km": 2.0, "near_mangrove": false, "near_coral": false, "near_mpa": false, "classification_reason": "no_ecological_association" } }, "geometry": { "type": "MultiPolygon", "coordinates": [ [ [ [ 72.834969525946008, 21.695352642411343 ], [ 72.840300931452788, 21.67799505743492 ], [ 72.796064353974842, 21.666119748263796 ], [ 72.790728355070158, 21.683475525133598 ], [ 72.834969525946008, 21.695352642411343 ] ] ] ] } },
{ "type": "Feature", "properties": { "receptor_type": "sensitive_coastline", "name": "Sensitive Coastline Segment 0422", "source": "Natural Earth 10m Physical Coastline", "source_year": 2024, "sensitivity_tier": "low", "protection_status": false, "metadata": { "segment_index": 422, "segment_length_km": 5.0, "buffer_km": 1.0, "proximity_km": 2.0, "near_mangrove": false, "near_coral": false, "near_mpa": false, "classification_reason": "no_ecological_association" } }, "geometry": { "type": "MultiPolygon", "coordinates": [ [ [ [ 72.882572556259376, 21.701758008883374 ], [ 72.885286446532078, 21.683877901160805 ], [ 72.838994977675412, 21.677734420900268 ], [ 72.836275625439328, 21.695613322728594 ], [ 72.882572556259376, 21.701758008883374 ] ] ] ] } },
{ "type": "Feature", "properties": { "receptor_type": "sensitive_coastline", "name": "Sensitive Coastline Segment 0423", "source": "Natural Earth 10m Physical Coastline", "source_year": 2024, "sensitivity_tier": "low", "protection_status": false, "metadata": { "segment_index": 423, "segment_length_km": 5.0, "buffer_km": 1.0, "proximity_km": 2.0, "near_mangrove": false, "near_coral": false, "near_mpa": false, "classification_reason": "no_ecological_association" } }, "geometry": { "type": "MultiPolygon", "coordinates": [ [ [ [ 72.932863601729409, 21.694674880406495 ], [ 72.929820320239344, 21.676840679756165 ], [ 72.882410965297495, 21.683900667892903 ], [ 72.885448392885223, 21.701735268139171 ], [ 72.932863601729409, 21.694674880406495 ] ] ] ] } },
{ "type": "Feature", "properties": { "receptor_type": "sensitive_coastline", "name": "Sensitive Coastline Segment 0424", "source": "Natural Earth 10m Physical Coastline", "source_year": 2024, "sensitivity_tier": "low", "protection_status": false, "metadata": { "segment_index": 424, "segment_length_km": 5.0, "buffer_km": 1.0, "proximity_km": 2.0, "near_mangrove": false, "near_coral": false, "near_mpa": false, "classification_reason": "no_ecological_association" } }, "geometry": { "type": "MultiPolygon", "coordinates": [ [ [ [ 72.972869997076984, 21.709787674154235 ], [ 72.979589171680047, 21.692854436831635 ], [ 72.934703364346518, 21.677292184889616 ], [ 72.92797998679282, 21.694223275919644 ], [ 72.972869997076984, 21.709787674154235 ] ] ] ] } },
{ "type": "Feature", "properties": { "receptor_type": "sensitive_coastline", "name": "Sensitive Coastline Segment 0425", "source": "Natural Earth 10m Physical Coastline", "source_year": 2024, "sensitivity_tier": "low", "protection_status": false, "metadata": { "segment_index": 425, "segment_length_km": 5.0, "buffer_km": 1.0, "proximity_km": 2.0, "near_mangrove": false, "near_coral": false, "near_mpa": false, "classification_reason": "no_ecological_association" } }, "geometry": { "type": "MultiPolygon", "coordinates": [ [ [ [ 73.018599920604657, 21.724318192307642 ], [ 73.024817815857133, 21.707217907411501 ], [ 72.979340772489195, 21.692771941078043 ], [ 72.973118420078009, 21.709870181431715 ], [ 73.018599920604657, 21.724318192307642 ] ] ] ] } },
{ "type": "Feature", "properties": { "receptor_type": "sensitive_coastline", "name": "Sensitive Coastline Segment 0426", "source": "Natural Earth 10m Physical Coastline", "source_year": 2024, "sensitivity_tier": "low", "protection_status": false, "metadata": { "segment_index": 426, "segment_length_km": 5.0, "buffer_km": 1.0, "proximity_km": 2.0, "near_mangrove": false, "near_coral": false, "near_mpa": false, "classification_reason": "no_ecological_association" } }, "geometry": { "type": "MultiPolygon", "coordinates": [ [ [ [ 73.057551067134966, 21.746634285172664 ], [ 73.067571505573738, 21.731189387113979 ], [ 73.026720180603519, 21.708046868643216 ], [ 73.016697404446489, 21.723489126610545 ], [ 73.057551067134966, 21.746634285172664 ] ] ] ] } },
{ "type": "Feature", "properties": { "receptor_type": "sensitive_coastline", "name": "Sensitive Coastline Segment 0427", "source": "Natural Earth 10m Physical Coastline", "source_year": 2024, "sensitivity_tier": "low", "protection_status": false, "metadata": { "segment_index": 427, "segment_length_km": 5.0, "buffer_km": 1.0, "proximity_km": 2.0, "near_mangrove": false, "near_coral": false, "near_mpa": false, "classification_reason": "no_ecological_association" } }, "geometry": { "type": "MultiPolygon", "coordinates": [ [ [ [ 73.102058731812221, 21.766237375252331 ], [ 73.110281917379226, 21.749891297394843 ], [ 73.066674652188681, 21.730740031486313 ], [ 73.058447982471705, 21.747083694659818 ], [ 73.102058731812221, 21.766237375252331 ] ] ] ] } },
{ "type": "Feature", "properties": { "receptor_type": "sensitive_coastline", "name": "Sensitive Coastline Segment 0428", "source": "Natural Earth 10m Physical Coastline", "source_year": 2024, "sensitivity_tier": "low", "protection_status": false, "metadata": { "segment_index": 428, "segment_length_km": 5.0, "buffer_km": 1.0, "proximity_km": 2.0, "near_mangrove": false, "near_coral": false, "near_mpa": false, "classification_reason": "no_ecological_association" } }, "geometry": { "type": "MultiPolygon", "coordinates": [ [ [ [ 73.131088256996605, 21.752842455726544 ], [ 73.120029751126893, 21.738027766688187 ], [ 73.100642213570197, 21.750656387600433 ], [ 73.11169948305708, 21.765472278420066 ], [ 73.131088256996605, 21.752842455726544 ] ] ] ] } },
{ "type": "Feature", "properties": { "receptor_type": "sensitive_coastline", "name": "Sensitive Coastline Segment 0429", "source": "Natural Earth 10m Physical Coastline", "source_year": 2024, "sensitivity_tier": "low", "protection_status": false, "metadata": { "segment_index": 429, "segment_length_km": 5.0, "buffer_km": 1.0, "proximity_km": 2.0, "near_mangrove": false, "near_coral": false, "near_mpa": false, "classification_reason": "no_ecological_association" } }, "geometry": { "type": "MultiPolygon", "coordinates": [ [ [ [ 73.086266840438483, 21.720135807230648 ], [ 73.078746691514652, 21.736773917121969 ], [ 73.121800297124153, 21.753755289008172 ], [ 73.129316693961414, 21.737114959636997 ], [ 73.086266840438483, 21.720135807230648 ] ] ] ] } },
{ "type": "Feature", "properties": { "receptor_type": "sensitive_coastline", "name": "Sensitive Coastline Segment 0430", "source": "Natural Earth 10m Physical Coastline", "source_year": 2024, "sensitivity_tier": "low", "protection_status": false, "metadata": { "segment_index": 430, "segment_length_km": 5.0, "buffer_km": 1.0, "proximity_km": 2.0, "near_mangrove": false, "near_coral": false, "near_mpa": false, "classification_reason": "no_ecological_association" } }, "geometry": { "type": "MultiPolygon", "coordinates": [ [ [ [ 73.044409468529594, 21.699250778509008 ], [ 73.035317708632519, 21.715188165795311 ], [ 73.077962339782871, 21.736424810340246 ], [ 73.087051130407062, 21.720484870290242 ], [ 73.044409468529594, 21.699250778509008 ] ] ] ] } },
{ "type": "Feature", "properties": { "receptor_type": "sensitive_coastline", "name": "Sensitive Coastline Segment 0431", "source": "Natural Earth 10m Physical Coastline", "source_year": 2024, "sensitivity_tier": "low", "protection_status": false, "metadata": { "segment_index": 431, "segment_length_km": 5.0, "buffer_km": 1.0, "proximity_km": 2.0, "near_mangrove": false, "near_coral": false, "near_mpa": false, "classification_reason": "no_ecological_association" } }, "geometry": { "type": "MultiPolygon", "coordinates": [ [ [ [ 72.999498343739617, 21.680989668904026 ], [ 72.991797567499745, 21.697553831902219 ], [ 73.036015102742581, 21.71550273978642 ], [ 73.043712128461053, 21.698936243795696 ], [ 72.999498343739617, 21.680989668904026 ] ] ] ] } },
{ "type": "Feature", "properties": { "receptor_type": "sensitive_coastline", "name": "Sensitive Coastline Segment 0432", "source": "Natural Earth 10m Physical Coastline", "source_year": 2024, "sensitivity_tier": "low", "protection_status": false, "metadata": { "segment_index": 432, "segment_length_km": 5.0, "buffer_km": 1.0, "proximity_km": 2.0, "near_mangrove": false, "near_coral": false, "near_mpa": false, "classification_reason": "no_ecological_association" } }, "geometry": { "type": "MultiPolygon", "coordinates": [ [ [ [ 72.956624575468467, 21.661795159338659 ], [ 72.948278070144497, 21.678082884249783 ], [ 72.991476369118487, 21.697416819055569 ], [ 72.999819515994204, 21.681126664240438 ], [ 72.956624575468467, 21.661795159338659 ] ] ] ] } },
{ "type": "Feature", "properties": { "receptor_type": "sensitive_coastline", "name": "Sensitive Coastline Segment 0433", "source": "Natural Earth 10m Physical Coastline", "source_year": 2024, "sensitivity_tier": "low", "protection_status": false, "metadata": { "segment_index": 433, "segment_length_km": 5.0, "buffer_km": 1.0, "proximity_km": 2.0, "near_mangrove": false, "near_coral": false, "near_mpa": false, "classification_reason": "no_ecological_association" } }, "geometry": { "type": "MultiPolygon", "coordinates": [ [ [ [ 72.914914076258668, 21.640613282570822 ], [ 72.90569479278642, 21.656483349376781 ], [ 72.947843079828218, 21.677875323633508 ], [ 72.957059534225877, 21.662002694491502 ], [ 72.914914076258668, 21.640613282570822 ] ] ] ] } },
{ "type": "Feature", "properties": { "receptor_type": "sensitive_coastline", "name": "Sensitive Coastline Segment 0434", "source": "Natural Earth 10m Physical Coastline", "source_year": 2024, "sensitivity_tier": "low", "protection_status": false, "metadata": { "segment_index": 434, "segment_length_km": 5.0, "buffer_km": 1.0, "proximity_km": 2.0, "near_mangrove": false, "near_coral": false, "near_mpa": false, "classification_reason": "no_ecological_association" } }, "geometry": { "type": "MultiPolygon", "coordinates": [ [ [ [ 72.8667232762905, 21.62841799279796 ], [ 72.861776040213257, 21.645874616569706 ], [ 72.907833361048944, 21.657277565093011 ], [ 72.912775698187815, 21.639819173227814 ], [ 72.8667232762905, 21.62841799279796 ] ] ] ] } },
{ "type": "Feature", "properties": { "receptor_type": "sensitive_coastline", "name": "Sensitive Coastline Segment 0435", "source": "Natural Earth 10m Physical Coastline", "source_year": 2024, "sensitivity_tier": "low", "protection_status": false, "metadata": { "segment_index": 435, "segment_length_km": 5.0, "buffer_km": 1.0, "proximity_km": 2.0, "near_mangrove": false, "near_coral": false, "near_mpa": false, "classification_reason": "no_ecological_association" } }, "geometry": { "type": "MultiPolygon", "coordinates": [ [ [ [ 72.817498358821922, 21.631575773912086 ], [ 72.819031691478699, 21.649577322584808 ], [ 72.865019392992366, 21.646147137266468 ], [ 72.863480310319773, 21.62814553711074 ], [ 72.817498358821922, 21.631575773912086 ] ] ] ] } },
{ "type": "Feature", "properties": { "receptor_type": "sensitive_coastline", "name": "Sensitive Coastline Segment 0436", "source": "Natural Earth 10m Physical Coastline", "source_year": 2024, "sensitivity_tier": "low", "protection_status": false, "metadata": { "segment_index": 436, "segment_length_km": 5.0, "buffer_km": 1.0, "proximity_km": 2.0, "near_mangrove": false, "near_coral": false, "near_mpa": false, "classification_reason": "no_ecological_association" } }, "geometry": { "type": "MultiPolygon", "coordinates": [ [ [ [ 72.801266937176607, 21.598175803944383 ], [ 72.784899106153958, 21.607757387294956 ], [ 72.810079301495918, 21.645368228589046 ], [ 72.826450189647474, 21.635784420921617 ], [ 72.801266937176607, 21.598175803944383 ] ] ] ] } },
{ "type": "Feature", "properties": { "receptor_type": "sensitive_coastline", "name": "Sensitive Coastline Segment 0437", "source": "Natural Earth 10m Physical Coastline", "source_year": 2024, "sensitivity_tier": "low", "protection_status": false, "metadata": { "segment_index": 437, "segment_length_km": 5.0, "buffer_km": 1.0, "proximity_km": 2.0, "near_mangrove": false, "near_coral": false, "near_mpa": false, "classification_reason": "no_ecological_association" } }, "geometry": { "type": "MultiPolygon", "coordinates": [ [ [ [ 72.766643235119489, 21.564810024222268 ], [ 72.752848512683073, 21.577443210477899 ], [ 72.786185286041601, 21.609284598793248 ], [ 72.799980674446104, 21.596648702170274 ], [ 72.766643235119489, 21.564810024222268 ] ] ] ] } },
{ "type": "Feature", "properties": { "receptor_type": "sensitive_coastline", "name": "Sensitive Coastline Segment 0438", "source": "Natural Earth 10m Physical Coastline", "source_year": 2024, "sensitivity_tier": "high", "protection_status": false, "metadata": { "segment_index": 438, "segment_length_km": 5.0, "buffer_km": 1.0, "proximity_km": 2.0, "near_mangrove": true, "near_coral": false, "near_mpa": false, "classification_reason": "near_mangrove" } }, "geometry": { "type": "MultiPolygon", "coordinates": [ [ [ [ 72.721328063698749, 21.543052269870838 ], [ 72.712689673327361, 21.559200658271539 ], [ 72.75542827640534, 21.579202148378322 ], [ 72.764063556577938, 21.563051267738484 ], [ 72.721328063698749, 21.543052269870838 ] ] ] ] } },
{ "type": "Feature", "properties": { "receptor_type": "sensitive_coastline", "name": "Sensitive Coastline Segment 0439", "source": "Natural Earth 10m Physical Coastline", "source_year": 2024, "sensitivity_tier": "high", "protection_status": false, "metadata": { "segment_index": 439, "segment_length_km": 5.0, "buffer_km": 1.0, "proximity_km": 2.0, "near_mangrove": true, "near_coral": false, "near_mpa": false, "classification_reason": "near_mangrove" } }, "geometry": { "type": "MultiPolygon", "coordinates": [ [ [ [ 72.681197087744238, 21.521002716174348 ], [ 72.671429469980154, 21.536576396519404 ], [ 72.712126223933836, 21.558914587916185 ], [ 72.721891476098833, 21.543338305770934 ], [ 72.681197087744238, 21.521002716174348 ] ] ] ] } },
{ "type": "Feature", "properties": { "receptor_type": "sensitive_coastline", "name": "Sensitive Coastline Segment 0440", "source": "Natural Earth 10m Physical Coastline", "source_year": 2024, "sensitivity_tier": "high", "protection_status": false, "metadata": { "segment_index": 440, "segment_length_km": 5.0, "buffer_km": 1.0, "proximity_km": 2.0, "near_mangrove": true, "near_coral": false, "near_mpa": false, "classification_reason": "near_mangrove" } }, "geometry": { "type": "MultiPolygon", "coordinates": [ [ [ [ 72.644661788092307, 21.493973895883251 ], [ 72.632722563050478, 21.508158753045173 ], [ 72.670344059281447, 21.53588333601969 ], [ 72.682282453802898, 21.521695701793394 ], [ 72.644661788092307, 21.493973895883251 ] ] ] ] } },
{ "type": "Feature", "properties": { "receptor_type": "sensitive_coastline", "name": "Sensitive Coastline Segment 0441", "source": "Natural Earth 10m Physical Coastline", "source_year": 2024, "sensitivity_tier": "high", "protection_status": false, "metadata": { "segment_index": 441, "segment_length_km": 5.0, "buffer_km": 1.0, "proximity_km": 2.0, "near_mangrove": true, "near_coral": false, "near_mpa": false, "classification_reason": "near_mangrove" } }, "geometry": { "type": "MultiPolygon", "coordinates": [ [ [ [ 72.616082356795417, 21.461486218462611 ], [ 72.601247142274488, 21.47302752930387 ], [ 72.63127376612637, 21.506838186823504 ], [ 72.646110602756394, 21.495294347070246 ], [ 72.616082356795417, 21.461486218462611 ] ] ] ] } },
{ "type": "Feature", "properties": { "receptor_type": "sensitive_coastline", "name": "Sensitive Coastline Segment 0442", "source": "Natural Earth 10m Physical Coastline", "source_year": 2024, "sensitivity_tier": "low", "protection_status": false, "metadata": { "segment_index": 442, "segment_length_km": 5.0, "buffer_km": 1.0, "proximity_km": 2.0, "near_mangrove": false, "near_coral": false, "near_mpa": false, "classification_reason": "no_ecological_association" } }, "geometry": { "type": "MultiPolygon", "coordinates": [ [ [ [ 72.596090310097509, 21.422786796227836 ], [ 72.578778454435025, 21.430742150914401 ], [ 72.600006840450845, 21.471235410297538 ], [ 72.617322798172651, 21.463278230582496 ], [ 72.596090310097509, 21.422786796227836 ] ] ] ] } },
{ "type": "Feature", "properties": { "receptor_type": "sensitive_coastline", "name": "Sensitive Coastline Segment 0443", "source": "Natural Earth 10m Physical Coastline", "source_year": 2024, "sensitivity_tier": "low", "protection_status": false, "metadata": { "segment_index": 443, "segment_length_km": 5.0, "buffer_km": 1.0, "proximity_km": 2.0, "near_mangrove": false, "near_coral": false, "near_mpa": false, "classification_reason": "no_ecological_association" } }, "geometry": { "type": "MultiPolygon", "coordinates": [ [ [ [ 72.619372313765496, 21.435453270569095 ], [ 72.619150828939567, 21.417397670208924 ], [ 72.587325797110807, 21.417737078797185 ], [ 72.587543354453828, 21.435792354516295 ], [ 72.619372313765496, 21.435453270569095 ] ] ] ] } },
{ "type": "Feature", "properties": { "receptor_type": "sensitive_coastline", "name": "Sensitive Coastline Segment 0444", "source": "Natural Earth 10m Physical Coastline", "source_year": 2024, "sensitivity_tier": "high", "protection_status": false, "metadata": { "segment_index": 444, "segment_length_km": 5.0, "buffer_km": 1.0, "proximity_km": 2.0, "near_mangrove": true, "near_coral": false, "near_mpa": false, "classification_reason": "near_mangrove" } }, "geometry": { "type": "MultiPolygon", "coordinates": [ [ [ [ 72.652794393500429, 21.46009697894014 ], [ 72.664046608702392, 21.44543065625848 ], [ 72.624888082676847, 21.419093573200211 ], [ 72.613634523726745, 21.43375712794068 ], [ 72.652794393500429, 21.46009697894014 ] ] ] ] } },
{ "type": "Feature", "properties": { "receptor_type": "sensitive_coastline", "name": "Sensitive Coastline Segment 0445", "source": "Natural Earth 10m Physical Coastline", "source_year": 2024, "sensitivity_tier": "high", "protection_status": false, "metadata": { "segment_index": 445, "segment_length_km": 5.0, "buffer_km": 1.0, "proximity_km": 2.0, "near_mangrove": true, "near_coral": false, "near_mpa": false, "classification_reason": "near_mangrove" } }, "geometry": { "type": "MultiPolygon", "coordinates": [ [ [ [ 72.697894050537784, 21.479788302600998 ], [ 72.70598528994293, 21.463395687215964 ], [ 72.662467865843922, 21.444568769929109 ], [ 72.654373227843365, 21.46095896526063 ], [ 72.697894050537784, 21.479788302600998 ] ] ] ] } },
{ "type": "Feature", "properties": { "receptor_type": "sensitive_coastline", "name": "Sensitive Coastline Segment 0446", "source": "Natural Earth 10m Physical Coastline", "source_year": 2024, "sensitivity_tier": "high", "protection_status": false, "metadata": { "segment_index": 446, "segment_length_km": 5.0, "buffer_km": 1.0, "proximity_km": 2.0, "near_mangrove": true, "near_coral": false, "near_mpa": false, "classification_reason": "near_mangrove" } }, "geometry": { "type": "MultiPolygon", "coordinates": [ [ [ [ 72.745882182453926, 21.48876491801359 ], [ 72.749552241710461, 21.471036534793949 ], [ 72.703777375296625, 21.462728583027292 ], [ 72.700102179968681, 21.480455503913298 ], [ 72.745882182453926, 21.48876491801359 ] ] ] ] } },
{ "type": "Feature", "properties": { "receptor_type": "sensitive_coastline", "name": "Sensitive Coastline Segment 0447", "source": "Natural Earth 10m Physical Coastline", "source_year": 2024, "sensitivity_tier": "high", "protection_status": false, "metadata": { "segment_index": 447, "segment_length_km": 5.0, "buffer_km": 1.0, "proximity_km": 2.0, "near_mangrove": true, "near_coral": false, "near_mpa": false, "classification_reason": "near_mangrove" } }, "geometry": { "type": "MultiPolygon", "coordinates": [ [ [ [ 72.74104974066006, 21.456823980255557 ], [ 72.725708633651038, 21.467772137807327 ], [ 72.74004599751153, 21.48537524038619 ], [ 72.755388141112874, 21.474425854708574 ], [ 72.74104974066006, 21.456823980255557 ] ] ] ] } },
{ "type": "Feature", "properties": { "receptor_type": "sensitive_coastline", "name": "Sensitive Coastline Segment 0448", "source": "Natural Earth 10m Physical Coastline", "source_year": 2024, "sensitivity_tier": "high", "protection_status": false, "metadata": { "segment_index": 448, "segment_length_km": 5.0, "buffer_km": 1.0, "proximity_km": 2.0, "near_mangrove": true, "near_coral": false, "near_mpa": false, "classification_reason": "near_mangrove" } }, "geometry": { "type": "MultiPolygon", "coordinates": [ [ [ [ 72.698461073235705, 21.435206037591254 ], [ 72.689590671567473, 21.451240701195395 ], [ 72.72894537178739, 21.470316677770057 ], [ 72.737813043316677, 21.454279678786797 ], [ 72.698461073235705, 21.435206037591254 ] ] ] ] } },
{ "type": "Feature", "properties": { "receptor_type": "sensitive_coastline", "name": "Sensitive Coastline Segment 0449", "source": "Natural Earth 10m Physical Coastline", "source_year": 2024, "sensitivity_tier": "high", "protection_status": false, "metadata": { "segment_index": 449, "segment_length_km": 5.0, "buffer_km": 1.0, "proximity_km": 2.0, "near_mangrove": true, "near_coral": false, "near_mpa": false, "classification_reason": "near_mangrove" } }, "geometry": { "type": "MultiPolygon", "coordinates": [ [ [ [ 72.659690509131877, 21.410484352184355 ], [ 72.648856614987139, 21.425422529289968 ], [ 72.688609723545497, 21.450693792211776 ], [ 72.699441966173694, 21.435752883692569 ], [ 72.659690509131877, 21.410484352184355 ] ] ] ] } },
{ "type": "Feature", "properties": { "receptor_type": "sensitive_coastline", "name": "Sensitive Coastline Segment 0450", "source": "Natural Earth 10m Physical Coastline", "source_year": 2024, "sensitivity_tier": "high", "protection_status": false, "metadata": { "segment_index": 450, "segment_length_km": 5.0, "buffer_km": 1.0, "proximity_km": 2.0, "near_mangrove": true, "near_coral": false, "near_mpa": false, "classification_reason": "near_mangrove" } }, "geometry": { "type": "MultiPolygon", "coordinates": [ [ [ [ 72.61398874009241, 21.392105040282971 ], [ 72.606442546335686, 21.408721416974135 ], [ 72.650502352284832, 21.426262844998082 ], [ 72.658044877363153, 21.409644136771021 ], [ 72.61398874009241, 21.392105040282971 ] ] ] ] } },
{ "type": "Feature", "properties": { "receptor_type": "sensitive_coastline", "name": "Sensitive Coastline Segment 0451", "source": "Natural Earth 10m Physical Coastline", "source_year": 2024, "sensitivity_tier": "low", "protection_status": false, "metadata": { "segment_index": 451, "segment_length_km": 5.0, "buffer_km": 1.0, "proximity_km": 2.0, "near_mangrove": false, "near_coral": false, "near_mpa": false, "classification_reason": "no_ecological_association" } }, "geometry": { "type": "MultiPolygon", "coordinates": [ [ [ [ 72.567832902349977, 21.377308303017514 ], [ 72.561596202191325, 21.394393620538033 ], [ 72.607099478096302, 21.408956957307002 ], [ 72.613331866928803, 21.39186953254924 ], [ 72.567832902349977, 21.377308303017514 ] ] ] ] } },
{ "type": "Feature", "properties": { "receptor_type": "sensitive_coastline", "name": "Sensitive Coastline Segment 0452", "source": "Natural Earth 10m Physical Coastline", "source_year": 2024, "sensitivity_tier": "low", "protection_status": false, "metadata": { "segment_index": 452, "segment_length_km": 5.0, "buffer_km": 1.0, "proximity_km": 2.0, "near_mangrove": false, "near_coral": false, "near_mpa": false, "classification_reason": "no_ecological_association" } }, "geometry": { "type": "MultiPolygon", "coordinates": [ [ [ [ 72.605720275135695, 21.372035121633193 ], [ 72.595343221733287, 21.356818118879133 ], [ 72.559527823164842, 21.378241465205491 ], [ 72.569902203523043, 21.393460442968877 ], [ 72.605720275135695, 21.372035121633193 ] ] ] ] } },
{ "type": "Feature", "properties": { "receptor_type": "sensitive_coastline", "name": "Sensitive Coastline Segment 0453", "source": "Natural Earth 10m Physical Coastline", "source_year": 2024, "sensitivity_tier": "high", "protection_status": false, "metadata": { "segment_index": 453, "segment_length_km": 5.0, "buffer_km": 1.0, "proximity_km": 2.0, "near_mangrove": true, "near_coral": false, "near_mpa": false, "classification_reason": "near_mangrove" } }, "geometry": { "type": "MultiPolygon", "coordinates": [ [ [ [ 72.6443281192429, 21.373508971411518 ], [ 72.644350658879944, 21.355451785704663 ], [ 72.600545419896605, 21.355398334372211 ], [ 72.600517504171378, 21.373455013640495 ], [ 72.6443281192429, 21.373508971411518 ] ] ] ] } },
{ "type": "Feature", "properties": { "receptor_type": "sensitive_coastline", "name": "Sensitive Coastline Segment 0454", "source": "Natural Earth 10m Physical Coastline", "source_year": 2024, "sensitivity_tier": "high", "protection_status": false, "metadata": { "segment_index": 454, "segment_length_km": 5.0, "buffer_km": 1.0, "proximity_km": 2.0, "near_mangrove": true, "near_coral": false, "near_mpa": false, "classification_reason": "near_mangrove" } }, "geometry": { "type": "MultiPolygon", "coordinates": [ [ [ [ 72.605223320254993, 21.343832179272681 ], [ 72.599583537887185, 21.361098679530599 ], [ 72.641521419152909, 21.373114491264836 ], [ 72.647157039521844, 21.355846188907389 ], [ 72.605223320254993, 21.343832179272681 ] ] ] ] } },
{ "type": "Feature", "properties": { "receptor_type": "sensitive_coastline", "name": "Sensitive Coastline Segment 0455", "source": "Natural Earth 10m Physical Coastline", "source_year": 2024, "sensitivity_tier": "high", "protection_status": false, "metadata": { "segment_index": 455, "segment_length_km": 5.0, "buffer_km": 1.0, "proximity_km": 2.0, "near_mangrove": true, "near_coral": false, "near_mpa": false, "classification_reason": "near_mangrove" } }, "geometry": { "type": "MultiPolygon", "coordinates": [ [ [ [ 72.603710594061837, 21.315194219785134 ], [ 72.584870452150341, 21.318987397759116 ], [ 72.592981198245695, 21.354362030527874 ], [ 72.611825850890469, 21.350568362288247 ], [ 72.603710594061837, 21.315194219785134 ] ] ] ] } },
{ "type": "Feature", "properties": { "receptor_type": "sensitive_coastline", "name": "Sensitive Coastline Segment 0456", "source": "Natural Earth 10m Physical Coastline", "source_year": 2024, "sensitivity_tier": "high", "protection_status": false, "metadata": { "segment_index": 456, "segment_length_km": 5.0, "buffer_km": 1.0, "proximity_km": 2.0, "near_mangrove": true, "near_coral": false, "near_mpa": false, "classification_reason": "near_mangrove" } }, "geometry": { "type": "MultiPolygon", "coordinates": [ [ [ [ 72.61319661754635, 21.274834217317405 ], [ 72.594311085720136, 21.271270250301914 ], [ 72.584845403990045, 21.315308067931944 ], [ 72.603736113548081, 21.318873591234361 ], [ 72.61319661754635, 21.274834217317405 ] ] ] ] } },
{ "type": "Feature", "properties": { "receptor_type": "sensitive_coastline", "name": "Sensitive Coastline Segment 0457", "source": "Natural Earth 10m Physical Coastline", "source_year": 2024, "sensitivity_tier": "high", "protection_status": false, "metadata": { "segment_index": 457, "segment_length_km": 5.0, "buffer_km": 1.0, "proximity_km": 2.0, "near_mangrove": true, "near_coral": false, "near_mpa": false, "classification_reason": "near_mangrove" } }, "geometry": { "type": "MultiPolygon", "coordinates": [ [ [ [ 72.637250310065895, 21.274834283641969 ], [ 72.632772193162424, 21.257271663645145 ], [ 72.601516598115126, 21.264270926610514 ], [ 72.605991035950964, 21.281834036903422 ], [ 72.637250310065895, 21.274834283641969 ] ] ] ] } },
{ "type": "Feature", "properties": { "receptor_type": "sensitive_coastline", "name": "Sensitive Coastline Segment 0458", "source": "Natural Earth 10m Physical Coastline", "source_year": 2024, "sensitivity_tier": "high", "protection_status": false, "metadata": { "segment_index": 458, "segment_length_km": 5.0, "buffer_km": 1.0, "proximity_km": 2.0, "near_mangrove": true, "near_coral": false, "near_mpa": false, "classification_reason": "near_mangrove" } }, "geometry": { "type": "MultiPolygon", "coordinates": [ [ [ [ 72.664494220637366, 21.252319218845386 ], [ 72.651250484192687, 21.239207313230516 ], [ 72.628389863200425, 21.259496047176604 ], [ 72.641633010248171, 21.272609702950934 ], [ 72.664494220637366, 21.252319218845386 ] ] ] ] } },
{ "type": "Feature", "properties": { "receptor_type": "sensitive_coastline", "name": "Sensitive Coastline Segment 0459", "source": "Natural Earth 10m Physical Coastline", "source_year": 2024, "sensitivity_tier": "high", "protection_status": false, "metadata": { "segment_index": 459, "segment_length_km": 5.0, "buffer_km": 1.0, "proximity_km": 2.0, "near_mangrove": true, "near_coral": false, "near_mpa": false, "classification_reason": "near_mangrove" } }, "geometry": { "type": "MultiPolygon", "coordinates": [ [ [ [ 72.699925700510647, 21.225518745951547 ], [ 72.68782184562815, 21.211472951517933 ], [ 72.651821277085901, 21.238739171597771 ], [ 72.663923406435487, 21.252787401607932 ], [ 72.699925700510647, 21.225518745951547 ] ] ] ] } },
{ "type": "Feature", "properties": { "receptor_type": "sensitive_coastline", "name": "Sensitive Coastline Segment 0460", "source": "Natural Earth 10m Physical Coastline", "source_year": 2024, "sensitivity_tier": "low", "protection_status": false, "metadata": { "segment_index": 460, "segment_length_km": 5.0, "buffer_km": 1.0, "proximity_km": 2.0, "near_mangrove": false, "near_coral": false, "near_mpa": false, "classification_reason": "no_ecological_association" } }, "geometry": { "type": "MultiPolygon", "coordinates": [ [ [ [ 72.737732554365579, 21.206882296185348 ], [ 72.728700167735269, 21.190933617032151 ], [ 72.689359261510646, 21.210520653510923 ], [ 72.698388176992296, 21.226471130783711 ], [ 72.737732554365579, 21.206882296185348 ] ] ] ] } },
{ "type": "Feature", "properties": { "receptor_type": "sensitive_coastline", "name": "Sensitive Coastline Segment 0461", "source": "Natural Earth 10m Physical Coastline", "source_year": 2024, "sensitivity_tier": "low", "protection_status": false, "metadata": { "segment_index": 461, "segment_length_km": 5.0, "buffer_km": 1.0, "proximity_km": 2.0, "near_mangrove": false, "near_coral": false, "near_mpa": false, "classification_reason": "no_ecological_association" } }, "geometry": { "type": "MultiPolygon", "coordinates": [ [ [ [ 72.697601511550374, 21.170155796855308 ], [ 72.688294616809216, 21.185963917403882 ], [ 72.728563686167476, 21.20681319625249 ], [ 72.737868056339039, 21.191002621775205 ], [ 72.697601511550374, 21.170155796855308 ] ] ] ] } },
{ "type": "Feature", "properties": { "receptor_type": "sensitive_coastline", "name": "Sensitive Coastline Segment 0462", "source": "Natural Earth 10m Physical Coastline", "source_year": 2024, "sensitivity_tier": "high", "protection_status": false, "metadata": { "segment_index": 462, "segment_length_km": 5.0, "buffer_km": 1.0, "proximity_km": 2.0, "near_mangrove": true, "near_coral": false, "near_mpa": false, "classification_reason": "near_mangrove" } }, "geometry": { "type": "MultiPolygon", "coordinates": [ [ [ [ 72.659443849116641, 21.144417083683486 ], [ 72.648225539477679, 21.159091214320849 ], [ 72.687339552085831, 21.185398255420132 ], [ 72.698556529399454, 21.170721396350316 ], [ 72.659443849116641, 21.144417083683486 ] ] ] ] } },
{ "type": "Feature", "properties": { "receptor_type": "sensitive_coastline", "name": "Sensitive Coastline Segment 0463", "source": "Natural Earth 10m Physical Coastline", "source_year": 2024, "sensitivity_tier": "high", "protection_status": false, "metadata": { "segment_index": 463, "segment_length_km": 5.0, "buffer_km": 1.0, "proximity_km": 2.0, "near_mangrove": true, "near_coral": false, "near_mpa": false, "classification_reason": "near_mangrove" } }, "geometry": { "type": "MultiPolygon", "coordinates": [ [ [ [ 72.624103305702377, 21.115499314805838 ], [ 72.61146497256793, 21.129117256340127 ], [ 72.647515632365668, 21.158564456924129 ], [ 72.660153741539858, 21.144943789431665 ], [ 72.624103305702377, 21.115499314805838 ] ] ] ] } },
{ "type": "Feature", "properties": { "receptor_type": "sensitive_coastline", "name": "Sensitive Coastline Segment 0464", "source": "Natural Earth 10m Physical Coastline", "source_year": 2024, "sensitivity_tier": "high", "protection_status": false, "metadata": { "segment_index": 464, "segment_length_km": 5.0, "buffer_km": 1.0, "proximity_km": 2.0, "near_mangrove": true, "near_coral": false, "near_mpa": false, "classification_reason": "near_mangrove" } }, "geometry": { "type": "MultiPolygon", "coordinates": [ [ [ [ 72.643800016252783, 21.089979781265527 ], [ 72.626247159286848, 21.082583926598986 ], [ 72.609006739478531, 21.118609259095937 ], [ 72.626562599639882, 21.126007192109451 ], [ 72.643800016252783, 21.089979781265527 ] ] ] ] } },
{ "type": "Feature", "properties": { "receptor_type": "sensitive_coastline", "name": "Sensitive Coastline Segment 0465", "source": "Natural Earth 10m Physical Coastline", "source_year": 2024, "sensitivity_tier": "high", "protection_status": false, "metadata": { "segment_index": 465, "segment_length_km": 5.0, "buffer_km": 1.0, "proximity_km": 2.0, "near_mangrove": true, "near_coral": false, "near_mpa": false, "classification_reason": "near_mangrove" } }, "geometry": { "type": "MultiPolygon", "coordinates": [ [ [ [ 72.667339853382586, 21.11446248648295 ], [ 72.677047286921038, 21.09887041567632 ], [ 72.639877853062984, 21.078487097021885 ], [ 72.630168312927722, 21.094076832554951 ], [ 72.667339853382586, 21.11446248648295 ] ] ] ] } },
{ "type": "Feature", "properties": { "receptor_type": "sensitive_coastline", "name": "Sensitive Coastline Segment 0466", "source": "Natural Earth 10m Physical Coastline", "source_year": 2024, "sensitivity_tier": "high", "protection_status": false, "metadata": { "segment_index": 466, "segment_length_km": 5.0, "buffer_km": 1.0, "proximity_km": 2.0, "near_mangrove": true, "near_coral": false, "near_mpa": false, "classification_reason": "near_mangrove" } }, "geometry": { "type": "MultiPolygon", "coordinates": [ [ [ [ 72.665681959125607, 21.151780009502829 ], [ 72.684890762043082, 21.150605858190403 ], [ 72.681795334205091, 21.106079104597232 ], [ 72.66259232332466, 21.10725343872739 ], [ 72.665681959125607, 21.151780009502829 ] ] ] ] } },
{ "type": "Feature", "properties": { "receptor_type": "sensitive_coastline", "name": "Sensitive Coastline Segment 0467", "source": "Natural Earth 10m Physical Coastline", "source_year": 2024, "sensitivity_tier": "high", "protection_status": false, "metadata": { "segment_index": 467, "segment_length_km": 5.0, "buffer_km": 1.0, "proximity_km": 2.0, "near_mangrove": true, "near_coral": false, "near_mpa": false, "classification_reason": "near_mangrove" } }, "geometry": { "type": "MultiPolygon", "coordinates": [ [ [ [ 72.714172135344967, 21.17005954211238 ], [ 72.719037812420453, 21.152587442229827 ], [ 72.677721178420583, 21.142457917496998 ], [ 72.672851225573169, 21.159928433277699 ], [ 72.714172135344967, 21.17005954211238 ] ] ] ] } },
{ "type": "Feature", "properties": { "receptor_type": "sensitive_coastline", "name": "Sensitive Coastline Segment 0468", "source": "Natural Earth 10m Physical Coastline", "source_year": 2024, "sensitivity_tier": "high", "protection_status": false, "metadata": { "segment_index": 468, "segment_length_km": 5.0, "buffer_km": 1.0, "proximity_km": 2.0, "near_mangrove": true, "near_coral": false, "near_mpa": false, "classification_reason": "near_mangrove" } }, "geometry": { "type": "MultiPolygon", "coordinates": [ [ [ [ 72.725932456593256, 21.122915795545719 ], [ 72.706686587301789, 21.123046631954725 ], [ 72.706979747848294, 21.161388462314086 ], [ 72.726230582961733, 21.161258042121663 ], [ 72.725932456593256, 21.122915795545719 ] ] ] ] } },
{ "type": "Feature", "properties": { "receptor_type": "sensitive_coastline", "name": "Sensitive Coastline Segment 0469", "source": "Natural Earth 10m Physical Coastline", "source_year": 2024, "sensitivity_tier": "high", "protection_status": false, "metadata": { "segment_index": 469, "segment_length_km": 5.0, "buffer_km": 1.0, "proximity_km": 2.0, "near_mangrove": true, "near_coral": false, "near_mpa": false, "classification_reason": "near_mangrove" } }, "geometry": { "type": "MultiPolygon", "coordinates": [ [ [ [ 72.710550701379418, 21.078018723185938 ], [ 72.692288395148822, 21.083704126592668 ], [ 72.707175731451017, 21.125824507458148 ], [ 72.725442961058576, 21.120137942538253 ], [ 72.710550701379418, 21.078018723185938 ] ] ] ] } },
{ "type": "Feature", "properties": { "receptor_type": "sensitive_coastline", "name": "Sensitive Coastline Segment 0470", "source": "Natural Earth 10m Physical Coastline", "source_year": 2024, "sensitivity_tier": "high", "protection_status": false, "metadata": { "segment_index": 470, "segment_length_km": 5.0, "buffer_km": 1.0, "proximity_km": 2.0, "near_mangrove": true, "near_coral": false, "near_mpa": false, "classification_reason": "near_mangrove" } }, "geometry": { "type": "MultiPolygon", "coordinates": [ [ [ [ 72.730832103832469, 21.102673354333451 ], [ 72.738485881125712, 21.08610454448937 ], [ 72.705247699366737, 21.072578090753954 ], [ 72.69759123576965, 21.089145150901889 ], [ 72.730832103832469, 21.102673354333451 ] ] ] ] } },
{ "type": "Feature", "properties": { "receptor_type": "sensitive_coastline", "name": "Sensitive Coastline Segment 0471", "source": "Natural Earth 10m Physical Coastline", "source_year": 2024, "sensitivity_tier": "high", "protection_status": false, "metadata": { "segment_index": 471, "segment_length_km": 5.0, "buffer_km": 1.0, "proximity_km": 2.0, "near_mangrove": true, "near_coral": false, "near_mpa": false, "classification_reason": "near_mangrove" } }, "geometry": { "type": "MultiPolygon", "coordinates": [ [ [ [ 72.746162703428922, 21.119241550121203 ], [ 72.760249972404779, 21.106937480439935 ], [ 72.741702294787274, 21.088237554363658 ], [ 72.727615576634037, 21.100540127355274 ], [ 72.746162703428922, 21.119241550121203 ] ] ] ] } },
{ "type": "Feature", "properties": { "receptor_type": "sensitive_coastline", "name": "Sensitive Coastline Segment 0472", "source": "Natural Earth 10m Physical Coastline", "source_year": 2024, "sensitivity_tier": "low", "protection_status": false, "metadata": { "segment_index": 472, "segment_length_km": 5.0, "buffer_km": 1.0, "proximity_km": 2.0, "near_mangrove": false, "near_coral": false, "near_mpa": false, "classification_reason": "no_ecological_association" } }, "geometry": { "type": "MultiPolygon", "coordinates": [ [ [ [ 72.791995617103154, 21.135409192851476 ], [ 72.798357647935276, 21.118364908173003 ], [ 72.75638938556304, 21.104568459919694 ], [ 72.750023460458394, 21.121610819517638 ], [ 72.791995617103154, 21.135409192851476 ] ] ] ] } },
{ "type": "Feature", "properties": { "receptor_type": "sensitive_coastline", "name": "Sensitive Coastline Segment 0473", "source": "Natural Earth 10m Physical Coastline", "source_year": 2024, "sensitivity_tier": "low", "protection_status": false, "metadata": { "segment_index": 473, "segment_length_km": 5.0, "buffer_km": 1.0, "proximity_km": 2.0, "near_mangrove": false, "near_coral": false, "near_mpa": false, "classification_reason": "no_ecological_association" } }, "geometry": { "type": "MultiPolygon", "coordinates": [ [ [ [ 72.831069097466738, 21.109258639901899 ], [ 72.818348274272296, 21.09570682781936 ], [ 72.788817230813322, 21.120110032352418 ], [ 72.801537012607298, 21.133663974901193 ], [ 72.831069097466738, 21.109258639901899 ] ] ] ] } },
{ "type": "Feature", "properties": { "receptor_type": "sensitive_coastline", "name": "Sensitive Coastline Segment 0474", "source": "Natural Earth 10m Physical Coastline", "source_year": 2024, "sensitivity_tier": "low", "protection_status": false, "metadata": { "segment_index": 474, "segment_length_km": 5.0, "buffer_km": 1.0, "proximity_km": 2.0, "near_mangrove": false, "near_coral": false, "near_mpa": false, "classification_reason": "no_ecological_association" } }, "geometry": { "type": "MultiPolygon", "coordinates": [ [ [ [ 72.852665026127553, 21.064646478095938 ], [ 72.835011222247743, 21.05746608990745 ], [ 72.81587993524181, 21.09889127261879 ], [ 72.833537327264395, 21.106073964130378 ], [ 72.852665026127553, 21.064646478095938 ] ] ] ] } },
{ "type": "Feature", "properties": { "receptor_type": "sensitive_coastline", "name": "Sensitive Coastline Segment 0475", "source": "Natural Earth 10m Physical Coastline", "source_year": 2024, "sensitivity_tier": "high", "protection_status": false, "metadata": { "segment_index": 475, "segment_length_km": 5.0, "buffer_km": 1.0, "proximity_km": 2.0, "near_mangrove": true, "near_coral": false, "near_mpa": false, "classification_reason": "near_mangrove" } }, "geometry": { "type": "MultiPolygon", "coordinates": [ [ [ [ 72.831866047691477, 21.028886137434547 ], [ 72.816035647184634, 21.039146140292317 ], [ 72.835921500478307, 21.066187135590098 ], [ 72.851753762849341, 21.055925437609446 ], [ 72.831866047691477, 21.028886137434547 ] ] ] ] } },
{ "type": "Feature", "properties": { "receptor_type": "sensitive_coastline", "name": "Sensitive Coastline Segment 0476", "source": "Natural Earth 10m Physical Coastline", "source_year": 2024, "sensitivity_tier": "high", "protection_status": false, "metadata": { "segment_index": 476, "segment_length_km": 5.0, "buffer_km": 1.0, "proximity_km": 2.0, "near_mangrove": true, "near_coral": false, "near_mpa": false, "classification_reason": "near_mangrove" } }, "geometry": { "type": "MultiPolygon", "coordinates": [ [ [ [ 72.775354440279258, 21.030663787220412 ], [ 72.777756272007949, 21.04858175624457 ], [ 72.825154930303242, 21.042975245770936 ], [ 72.82274738011381, 21.025057446198055 ], [ 72.775354440279258, 21.030663787220412 ] ] ] ] } },
{ "type": "Feature", "properties": { "receptor_type": "sensitive_coastline", "name": "Sensitive Coastline Segment 0477", "source": "Natural Earth 10m Physical Coastline", "source_year": 2024, "sensitivity_tier": "high", "protection_status": false, "metadata": { "segment_index": 477, "segment_length_km": 5.0, "buffer_km": 1.0, "proximity_km": 2.0, "near_mangrove": true, "near_coral": false, "near_mpa": false, "classification_reason": "near_mangrove" } }, "geometry": { "type": "MultiPolygon", "coordinates": [ [ [ [ 72.794816378820371, 21.010441592647062 ], [ 72.776236049526688, 21.005778950942705 ], [ 72.767263598141795, 21.037290567610398 ], [ 72.785847360764024, 21.041954496857382 ], [ 72.794816378820371, 21.010441592647062 ] ] ] ] } },
{ "type": "Feature", "properties": { "receptor_type": "sensitive_coastline", "name": "Sensitive Coastline Segment 0478", "source": "Natural Earth 10m Physical Coastline", "source_year": 2024, "sensitivity_tier": "high", "protection_status": false, "metadata": { "segment_index": 478, "segment_length_km": 5.0, "buffer_km": 1.0, "proximity_km": 2.0, "near_mangrove": true, "near_coral": false, "near_mpa": false, "classification_reason": "near_mangrove" } }, "geometry": { "type": "MultiPolygon", "coordinates": [ [ [ [ 72.82750076370526, 20.993890125327884 ], [ 72.817228415409787, 20.978622868760194 ], [ 72.780391470523767, 21.000475832110013 ], [ 72.790661121029117, 21.015745079139499 ], [ 72.82750076370526, 20.993890125327884 ] ] ] ] } },
{ "type": "Feature", "properties": { "receptor_type": "sensitive_coastline", "name": "Sensitive Coastline Segment 0479", "source": "Natural Earth 10m Physical Coastline", "source_year": 2024, "sensitivity_tier": "high", "protection_status": false, "metadata": { "segment_index": 479, "segment_length_km": 5.0, "buffer_km": 1.0, "proximity_km": 2.0, "near_mangrove": true, "near_coral": false, "near_mpa": false, "classification_reason": "near_mangrove" } }, "geometry": { "type": "MultiPolygon", "coordinates": [ [ [ [ 72.864014082761116, 20.985996999976749 ], [ 72.859448661107791, 20.968453087196043 ], [ 72.820084005526923, 20.977484258731334 ], [ 72.824644892992822, 20.99502883547364 ], [ 72.864014082761116, 20.985996999976749 ] ] ] ] } },
{ "type": "Feature", "properties": { "receptor_type": "sensitive_coastline", "name": "Sensitive Coastline Segment 0480", "source": "Natural Earth 10m Physical Coastline", "source_year": 2024, "sensitivity_tier": "high", "protection_status": false, "metadata": { "segment_index": 480, "segment_length_km": 5.0, "buffer_km": 1.0, "proximity_km": 2.0, "near_mangrove": true, "near_coral": false, "near_mpa": false, "classification_reason": "near_mangrove" } }, "geometry": { "type": "MultiPolygon", "coordinates": [ [ [ [ 72.891521523649104, 20.971066456952837 ], [ 72.881678998009988, 20.955551499583422 ], [ 72.856811208522544, 20.969466884029533 ], [ 72.866651798824989, 20.984983114081118 ], [ 72.891521523649104, 20.971066456952837 ] ] ] ] } },
{ "type": "Feature", "properties": { "receptor_type": "sensitive_coastline", "name": "Sensitive Coastline Segment 0481", "source": "Natural Earth 10m Physical Coastline", "source_year": 2024, "sensitivity_tier": "high", "protection_status": false, "metadata": { "segment_index": 481, "segment_length_km": 5.0, "buffer_km": 1.0, "proximity_km": 2.0, "near_mangrove": true, "near_coral": false, "near_mpa": false, "classification_reason": "near_mangrove" } }, "geometry": { "type": "MultiPolygon", "coordinates": [ [ [ [ 72.852201801826979, 20.93175129579685 ], [ 72.841788742296941, 20.946932659347212 ], [ 72.881394150311877, 20.970900898541991 ], [ 72.89180534031874, 20.955716953590795 ], [ 72.852201801826979, 20.93175129579685 ] ] ] ] } },
{ "type": "Feature", "properties": { "receptor_type": "sensitive_coastline", "name": "Sensitive Coastline Segment 0482", "source": "Natural Earth 10m Physical Coastline", "source_year": 2024, "sensitivity_tier": "high", "protection_status": false, "metadata": { "segment_index": 482, "segment_length_km": 5.0, "buffer_km": 1.0, "proximity_km": 2.0, "near_mangrove": true, "near_coral": false, "near_mpa": false, "classification_reason": "near_mangrove" } }, "geometry": { "type": "MultiPolygon", "coordinates": [ [ [ [ 72.867119838335014, 20.907985963388256 ], [ 72.848721218998023, 20.902762478007944 ], [ 72.837794647391263, 20.936729362652617 ], [ 72.856196808039627, 20.941954333522222 ], [ 72.867119838335014, 20.907985963388256 ] ] ] ] } },
{ "type": "Feature", "properties": { "receptor_type": "sensitive_coastline", "name": "Sensitive Coastline Segment 0483", "source": "Natural Earth 10m Physical Coastline", "source_year": 2024, "sensitivity_tier": "high", "protection_status": false, "metadata": { "segment_index": 483, "segment_length_km": 5.0, "buffer_km": 1.0, "proximity_km": 2.0, "near_mangrove": true, "near_coral": false, "near_mpa": false, "classification_reason": "near_mangrove" } }, "geometry": { "type": "MultiPolygon", "coordinates": [ [ [ [ 72.85892927038617, 20.865339154416763 ], [ 72.840111557635964, 20.868993129169368 ], [ 72.848509028479739, 20.907201430661484 ], [ 72.867331486271695, 20.903546940767384 ], [ 72.85892927038617, 20.865339154416763 ] ] ] ] } },
{ "type": "Feature", "properties": { "receptor_type": "sensitive_coastline", "name": "Sensitive Coastline Segment 0484", "source": "Natural Earth 10m Physical Coastline", "source_year": 2024, "sensitivity_tier": "high", "protection_status": false, "metadata": { "segment_index": 484, "segment_length_km": 5.0, "buffer_km": 1.0, "proximity_km": 2.0, "near_mangrove": true, "near_coral": false, "near_mpa": false, "classification_reason": "near_mangrove" } }, "geometry": { "type": "MultiPolygon", "coordinates": [ [ [ [ 72.85620019321162, 20.841607556196131 ], [ 72.837102909276382, 20.843577682714248 ], [ 72.839970259172915, 20.868151225874083 ], [ 72.859070675009988, 20.866181051246834 ], [ 72.85620019321162, 20.841607556196131 ] ] ] ] } },
{ "type": "Feature", "properties": { "receptor_type": "sensitive_coastline", "name": "Sensitive Coastline Segment 0485", "source": "Natural Earth 10m Physical Coastline", "source_year": 2024, "sensitivity_tier": "high", "protection_status": false, "metadata": { "segment_index": 485, "segment_length_km": 5.0, "buffer_km": 1.0, "proximity_km": 2.0, "near_mangrove": true, "near_coral": false, "near_mpa": false, "classification_reason": "near_mangrove" } }, "geometry": { "type": "MultiPolygon", "coordinates": [ [ [ [ 72.88114219195738, 20.875021864066749 ], [ 72.891787862363373, 20.859986127064495 ], [ 72.85197500886062, 20.835076228152477 ], [ 72.841327616268941, 20.850109336723381 ], [ 72.88114219195738, 20.875021864066749 ] ] ] ] } },
{ "type": "Feature", "properties": { "receptor_type": "sensitive_coastline", "name": "Sensitive Coastline Segment 0486", "source": "Natural Earth 10m Physical Coastline", "source_year": 2024, "sensitivity_tier": "low", "protection_status": false, "metadata": { "segment_index": 486, "segment_length_km": 5.0, "buffer_km": 1.0, "proximity_km": 2.0, "near_mangrove": false, "near_coral": false, "near_mpa": false, "classification_reason": "no_ecological_association" } }, "geometry": { "type": "MultiPolygon", "coordinates": [ [ [ [ 72.893896081962836, 20.840322150817457 ], [ 72.874739455831488, 20.841694208186986 ], [ 72.876885278262435, 20.868189836123861 ], [ 72.896045290797943, 20.866817827758922 ], [ 72.893896081962836, 20.840322150817457 ] ] ] ] } },
{ "type": "Feature", "properties": { "receptor_type": "sensitive_coastline", "name": "Sensitive Coastline Segment 0487", "source": "Natural Earth 10m Physical Coastline", "source_year": 2024, "sensitivity_tier": "low", "protection_status": false, "metadata": { "segment_index": 487, "segment_length_km": 5.0, "buffer_km": 1.0, "proximity_km": 2.0, "near_mangrove": false, "near_coral": false, "near_mpa": false, "classification_reason": "no_ecological_association" } }, "geometry": { "type": "MultiPolygon", "coordinates": [ [ [ [ 72.904216576928789, 20.804309896361005 ], [ 72.885608320349377, 20.799834346908344 ], [ 72.875011693409775, 20.838769677461919 ], [ 72.893624201018611, 20.843246742117358 ], [ 72.904216576928789, 20.804309896361005 ] ] ] ] } },
{ "type": "Feature", "properties": { "receptor_type": "sensitive_coastline", "name": "Sensitive Coastline Segment 0488", "source": "Natural Earth 10m Physical Coastline", "source_year": 2024, "sensitivity_tier": "low", "protection_status": false, "metadata": { "segment_index": 488, "segment_length_km": 5.0, "buffer_km": 1.0, "proximity_km": 2.0, "near_mangrove": false, "near_coral": false, "near_mpa": false, "classification_reason": "no_ecological_association" } }, "geometry": { "type": "MultiPolygon", "coordinates": [ [ [ [ 72.921060059989387, 20.820462282411864 ], [ 72.927530556079432, 20.803456534217407 ], [ 72.898148666315265, 20.793570106408559 ], [ 72.891675507116872, 20.810574519075619 ], [ 72.921060059989387, 20.820462282411864 ] ] ] ] } },
{ "type": "Feature", "properties": { "receptor_type": "sensitive_coastline", "name": "Sensitive Coastline Segment 0489", "source": "Natural Earth 10m Physical Coastline", "source_year": 2024, "sensitivity_tier": "low", "protection_status": false, "metadata": { "segment_index": 489, "segment_length_km": 5.0, "buffer_km": 1.0, "proximity_km": 2.0, "near_mangrove": false, "near_coral": false, "near_mpa": false, "classification_reason": "no_ecological_association" } }, "geometry": { "type": "MultiPolygon", "coordinates": [ [ [ [ 72.945278884043319, 20.779087318828978 ], [ 72.926948158375041, 20.773701261098452 ], [ 72.915128510375908, 20.809265412690841 ], [ 72.933462876877797, 20.814653039584979 ], [ 72.945278884043319, 20.779087318828978 ] ] ] ] } },
{ "type": "Feature", "properties": { "receptor_type": "sensitive_coastline", "name": "Sensitive Coastline Segment 0490", "source": "Natural Earth 10m Physical Coastline", "source_year": 2024, "sensitivity_tier": "high", "protection_status": false, "metadata": { "segment_index": 490, "segment_length_km": 5.0, "buffer_km": 1.0, "proximity_km": 2.0, "near_mangrove": true, "near_coral": false, "near_mpa": false, "classification_reason": "near_mangrove" } }, "geometry": { "type": "MultiPolygon", "coordinates": [ [ [ [ 72.933686986919199, 20.745887756750282 ], [ 72.915815285063559, 20.752491012772513 ], [ 72.927175844145978, 20.779696367634791 ], [ 72.945050479371787, 20.773092176023685 ], [ 72.933686986919199, 20.745887756750282 ] ] ] ] } },
{ "type": "Feature", "properties": { "receptor_type": "sensitive_coastline", "name": "Sensitive Coastline Segment 0491", "source": "Natural Earth 10m Physical Coastline", "source_year": 2024, "sensitivity_tier": "high", "protection_status": false, "metadata": { "segment_index": 491, "segment_length_km": 5.0, "buffer_km": 1.0, "proximity_km": 2.0, "near_mangrove": true, "near_coral": false, "near_mpa": false, "classification_reason": "near_mangrove" } }, "geometry": { "type": "MultiPolygon", "coordinates": [ [ [ [ 72.916020208782754, 20.714700333081431 ], [ 72.899093732455341, 20.723220907115909 ], [ 72.916286486725113, 20.753450422582421 ], [ 72.933215689726012, 20.744928386599131 ], [ 72.916020208782754, 20.714700333081431 ] ] ] ] } },
{ "type": "Feature", "properties": { "receptor_type": "sensitive_coastline", "name": "Sensitive Coastline Segment 0492", "source": "Natural Earth 10m Physical Coastline", "source_year": 2024, "sensitivity_tier": "low", "protection_status": false, "metadata": { "segment_index": 492, "segment_length_km": 5.0, "buffer_km": 1.0, "proximity_km": 2.0, "near_mangrove": false, "near_coral": false, "near_mpa": false, "classification_reason": "no_ecological_association" } }, "geometry": { "type": "MultiPolygon", "coordinates": [ [ [ [ 72.917041137640268, 20.674014892031526 ], [ 72.897849904938511, 20.674057383732663 ], [ 72.897958770608525, 20.718981591572636 ], [ 72.917155664815155, 20.718939571566196 ], [ 72.917041137640268, 20.674014892031526 ] ] ] ] } },
{ "type": "Feature", "properties": { "receptor_type": "sensitive_coastline", "name": "Sensitive Coastline Segment 0493", "source": "Natural Earth 10m Physical Coastline", "source_year": 2024, "sensitivity_tier": "low", "protection_status": false, "metadata": { "segment_index": 493, "segment_length_km": 5.0, "buffer_km": 1.0, "proximity_km": 2.0, "near_mangrove": false, "near_coral": false, "near_mpa": false, "classification_reason": "no_ecological_association" } }, "geometry": { "type": "MultiPolygon", "coordinates": [ [ [ [ 72.902297067822943, 20.630174318684556 ], [ 72.884061516688661, 20.635788472852628 ], [ 72.898325238395685, 20.676843779984889 ], [ 72.916565461160815, 20.671228518074656 ], [ 72.902297067822943, 20.630174318684556 ] ] ] ] } },
{ "type": "Feature", "properties": { "receptor_type": "sensitive_coastline", "name": "Sensitive Coastline Segment 0494", "source": "Natural Earth 10m Physical Coastline", "source_year": 2024, "sensitivity_tier": "low", "protection_status": false, "metadata": { "segment_index": 494, "segment_length_km": 5.0, "buffer_km": 1.0, "proximity_km": 2.0, "near_mangrove": false, "near_coral": false, "near_mpa": false, "classification_reason": "no_ecological_association" } }, "geometry": { "type": "MultiPolygon", "coordinates": [ [ [ [ 72.899493706628874, 20.589859185045324 ], [ 72.880362716845426, 20.591157562797378 ], [ 72.883611252628214, 20.633630519939796 ], [ 72.902747594976461, 20.632332245541257 ], [ 72.899493706628874, 20.589859185045324 ] ] ] ] } },
{ "type": "Feature", "properties": { "receptor_type": "sensitive_coastline", "name": "Sensitive Coastline Segment 0495", "source": "Natural Earth 10m Physical Coastline", "source_year": 2024, "sensitivity_tier": "high", "protection_status": false, "metadata": { "segment_index": 495, "segment_length_km": 5.0, "buffer_km": 1.0, "proximity_km": 2.0, "near_mangrove": true, "near_coral": false, "near_mpa": false, "classification_reason": "near_mangrove" } }, "geometry": { "type": "MultiPolygon", "coordinates": [ [ [ [ 72.898662760717414, 20.545411189898356 ], [ 72.879490829323544, 20.545733641927555 ], [ 72.880339460060497, 20.590669403517715 ], [ 72.899517024820071, 20.590347347074939 ], [ 72.898662760717414, 20.545411189898356 ] ] ] ] } },
{ "type": "Feature", "properties": { "receptor_type": "sensitive_coastline", "name": "Sensitive Coastline Segment 0496", "source": "Natural Earth 10m Physical Coastline", "source_year": 2024, "sensitivity_tier": "high", "protection_status": false, "metadata": { "segment_index": 496, "segment_length_km": 5.0, "buffer_km": 1.0, "proximity_km": 2.0, "near_mangrove": true, "near_coral": false, "near_mpa": false, "classification_reason": "near_mangrove" } }, "geometry": { "type": "MultiPolygon", "coordinates": [ [ [ [ 72.881790608249318, 20.500592742063883 ], [ 72.863790922333095, 20.506805784206779 ], [ 72.880074484695669, 20.548679599061501 ], [ 72.898078748927816, 20.542465264435958 ], [ 72.881790608249318, 20.500592742063883 ] ] ] ] } },
{ "type": "Feature", "properties": { "receptor_type": "sensitive_coastline", "name": "Sensitive Coastline Segment 0497", "source": "Natural Earth 10m Physical Coastline", "source_year": 2024, "sensitivity_tier": "high", "protection_status": false, "metadata": { "segment_index": 497, "segment_length_km": 5.0, "buffer_km": 1.0, "proximity_km": 2.0, "near_mangrove": true, "near_coral": false, "near_mpa": false, "classification_reason": "near_mangrove" } }, "geometry": { "type": "MultiPolygon", "coordinates": [ [ [ [ 72.853563851950014, 20.461366275560174 ], [ 72.83776494763292, 20.471589622942489 ], [ 72.864889966520536, 20.508812107546465 ], [ 72.880691381224324, 20.498586509858072 ], [ 72.853563851950014, 20.461366275560174 ] ] ] ] } },
{ "type": "Feature", "properties": { "receptor_type": "sensitive_coastline", "name": "Sensitive Coastline Segment 0498", "source": "Natural Earth 10m Physical Coastline", "source_year": 2024, "sensitivity_tier": "high", "protection_status": false, "metadata": { "segment_index": 498, "segment_length_km": 5.0, "buffer_km": 1.0, "proximity_km": 2.0, "near_mangrove": true, "near_coral": false, "near_mpa": false, "classification_reason": "near_mangrove" } }, "geometry": { "type": "MultiPolygon", "coordinates": [ [ [ [ 72.834470284558535, 20.421949913480141 ], [ 72.817064946843175, 20.429499298657628 ], [ 72.836959774829324, 20.470253425535489 ], [ 72.854369137700658, 20.462702405952783 ], [ 72.834470284558535, 20.421949913480141 ] ] ] ] } },
{ "type": "Feature", "properties": { "receptor_type": "sensitive_coastline", "name": "Sensitive Coastline Segment 0499", "source": "Natural Earth 10m Physical Coastline", "source_year": 2024, "sensitivity_tier": "low", "protection_status": false, "metadata": { "segment_index": 499, "segment_length_km": 5.0, "buffer_km": 1.0, "proximity_km": 2.0, "near_mangrove": false, "near_coral": false, "near_mpa": false, "classification_reason": "no_ecological_association" } }, "geometry": { "type": "MultiPolygon", "coordinates": [ [ [ [ 72.828512304343974, 20.380002347147265 ], [ 72.809551083328927, 20.382557056154948 ], [ 72.816284405036981, 20.42700205136433 ], [ 72.835251111289125, 20.424447104761381 ], [ 72.828512304343974, 20.380002347147265 ] ] ] ] } },
{ "type": "Feature", "properties": { "receptor_type": "sensitive_coastline", "name": "Sensitive Coastline Segment 0500", "source": "Natural Earth 10m Physical Coastline", "source_year": 2024, "sensitivity_tier": "high", "protection_status": false, "metadata": { "segment_index": 500, "segment_length_km": 5.0, "buffer_km": 1.0, "proximity_km": 2.0, "near_mangrove": false, "near_coral": true, "near_mpa": false, "classification_reason": "near_coral" } }, "geometry": { "type": "MultiPolygon", "coordinates": [ [ [ [ 72.790815327441891, 20.345513065283665 ], [ 72.778083482111001, 20.359003925983671 ], [ 72.812665595496412, 20.388026523899882 ], [ 72.825397336093488, 20.374533121777961 ], [ 72.790815327441891, 20.345513065283665 ] ] ] ] } },
{ "type": "Feature", "properties": { "receptor_type": "sensitive_coastline", "name": "Sensitive Coastline Segment 0501", "source": "Natural Earth 10m Physical Coastline", "source_year": 2024, "sensitivity_tier": "high", "protection_status": false, "metadata": { "segment_index": 501, "segment_length_km": 5.0, "buffer_km": 1.0, "proximity_km": 2.0, "near_mangrove": false, "near_coral": true, "near_mpa": false, "classification_reason": "near_coral" } }, "geometry": { "type": "MultiPolygon", "coordinates": [ [ [ [ 72.776936708000207, 20.309026816718568 ], [ 72.759087794247293, 20.315558351123393 ], [ 72.775522933360349, 20.355524805616053 ], [ 72.793376100601819, 20.348991981311514 ], [ 72.776936708000207, 20.309026816718568 ] ] ] ] } },
{ "type": "Feature", "properties": { "receptor_type": "sensitive_coastline", "name": "Sensitive Coastline Segment 0502", "source": "Natural Earth 10m Physical Coastline", "source_year": 2024, "sensitivity_tier": "high", "protection_status": false, "metadata": { "segment_index": 502, "segment_length_km": 5.0, "buffer_km": 1.0, "proximity_km": 2.0, "near_mangrove": false, "near_coral": true, "near_mpa": false, "classification_reason": "near_coral" } }, "geometry": { "type": "MultiPolygon", "coordinates": [ [ [ [ 72.755510737523295, 20.268327880493018 ], [ 72.738375567401164, 20.276374051884321 ], [ 72.759442755606329, 20.316316543687293 ], [ 72.776581670511348, 20.308268652692078 ], [ 72.755510737523295, 20.268327880493018 ] ] ] ] } },
{ "type": "Feature", "properties": { "receptor_type": "sensitive_coastline", "name": "Sensitive Coastline Segment 0503", "source": "Natural Earth 10m Physical Coastline", "source_year": 2024, "sensitivity_tier": "high", "protection_status": false, "metadata": { "segment_index": 503, "segment_length_km": 5.0, "buffer_km": 1.0, "proximity_km": 2.0, "near_mangrove": true, "near_coral": true, "near_mpa": false, "classification_reason": "near_mangrove_and_coral" } }, "geometry": { "type": "MultiPolygon", "coordinates": [ [ [ [ 72.751468222510155, 20.226747247672886 ], [ 72.732439693067775, 20.228641090401371 ], [ 72.737426310275552, 20.273297865652317 ], [ 72.756460342246285, 20.271404001158565 ], [ 72.751468222510155, 20.226747247672886 ] ] ] ] } },
{ "type": "Feature", "properties": { "receptor_type": "sensitive_coastline", "name": "Sensitive Coastline Segment 0504", "source": "Natural Earth 10m Physical Coastline", "source_year": 2024, "sensitivity_tier": "high", "protection_status": false, "metadata": { "segment_index": 504, "segment_length_km": 5.0, "buffer_km": 1.0, "proximity_km": 2.0, "near_mangrove": true, "near_coral": true, "near_mpa": false, "classification_reason": "near_mangrove_and_coral" } }, "geometry": { "type": "MultiPolygon", "coordinates": [ [ [ [ 72.754370901990683, 20.194569891194583 ], [ 72.735302486725104, 20.193122929032274 ], [ 72.732417834742748, 20.226970347044706 ], [ 72.751490285084245, 20.228418008076119 ], [ 72.754370901990683, 20.194569891194583 ] ] ] ] } },
{ "type": "Feature", "properties": { "receptor_type": "sensitive_coastline", "name": "Sensitive Coastline Segment 0505", "source": "Natural Earth 10m Physical Coastline", "source_year": 2024, "sensitivity_tier": "high", "protection_status": false, "metadata": { "segment_index": 505, "segment_length_km": 5.0, "buffer_km": 1.0, "proximity_km": 2.0, "near_mangrove": true, "near_coral": true, "near_mpa": false, "classification_reason": "near_mangrove_and_coral" } }, "geometry": { "type": "MultiPolygon", "coordinates": [ [ [ [ 72.740569601178393, 20.14886130121463 ], [ 72.722246690986736, 20.154035536541279 ], [ 72.735672631161989, 20.196434001193349 ], [ 72.754000357897482, 20.191258820552751 ], [ 72.740569601178393, 20.14886130121463 ] ] ] ] } },
{ "type": "Feature", "properties": { "receptor_type": "sensitive_coastline", "name": "Sensitive Coastline Segment 0506", "source": "Natural Earth 10m Physical Coastline", "source_year": 2024, "sensitivity_tier": "high", "protection_status": false, "metadata": { "segment_index": 506, "segment_length_km": 5.0, "buffer_km": 1.0, "proximity_km": 2.0, "near_mangrove": false, "near_coral": true, "near_mpa": false, "classification_reason": "near_coral" } }, "geometry": { "type": "MultiPolygon", "coordinates": [ [ [ [ 72.729222352289156, 20.105708783101669 ], [ 72.710667624608902, 20.110064679825495 ], [ 72.722128259998584, 20.153626724559956 ], [ 72.740688079312875, 20.149270105252711 ], [ 72.729222352289156, 20.105708783101669 ] ] ] ] } },
{ "type": "Feature", "properties": { "receptor_type": "sensitive_coastline", "name": "Sensitive Coastline Segment 0507", "source": "Natural Earth 10m Physical Coastline", "source_year": 2024, "sensitivity_tier": "high", "protection_status": false, "metadata": { "segment_index": 507, "segment_length_km": 5.0, "buffer_km": 1.0, "proximity_km": 2.0, "near_mangrove": false, "near_coral": true, "near_mpa": false, "classification_reason": "near_coral" } }, "geometry": { "type": "MultiPolygon", "coordinates": [ [ [ [ 72.717011105159415, 20.062267834711388 ], [ 72.69853747720623, 20.066902610281243 ], [ 72.710705664981248, 20.110204517813287 ], [ 72.729184295665831, 20.105568947556936 ], [ 72.717011105159415, 20.062267834711388 ] ] ] ] } },
{ "type": "Feature", "properties": { "receptor_type": "sensitive_coastline", "name": "Sensitive Coastline Segment 0508", "source": "Natural Earth 10m Physical Coastline", "source_year": 2024, "sensitivity_tier": "high", "protection_status": false, "metadata": { "segment_index": 508, "segment_length_km": 5.0, "buffer_km": 1.0, "proximity_km": 2.0, "near_mangrove": false, "near_coral": true, "near_mpa": false, "classification_reason": "near_coral" } }, "geometry": { "type": "MultiPolygon", "coordinates": [ [ [ [ 72.717328564924898, 20.019433954487546 ], [ 72.698220301057859, 20.019434221202175 ], [ 72.698217564162945, 20.064585084815484 ], [ 72.717331297361426, 20.064585353196115 ], [ 72.717328564924898, 20.019433954487546 ] ] ] ] } },
{ "type": "Feature", "properties": { "receptor_type": "sensitive_coastline", "name": "Sensitive Coastline Segment 0509", "source": "Natural Earth 10m Physical Coastline", "source_year": 2024, "sensitivity_tier": "high", "protection_status": false, "metadata": { "segment_index": 509, "segment_length_km": 5.0, "buffer_km": 1.0, "proximity_km": 2.0, "near_mangrove": false, "near_coral": true, "near_mpa": false, "classification_reason": "near_coral" } }, "geometry": { "type": "MultiPolygon", "coordinates": [ [ [ [ 72.702093286270099, 19.974253125219974 ], [ 72.683948367249897, 19.97990083080931 ], [ 72.698699472194718, 20.022258480307705 ], [ 72.716849058206947, 20.016609713259136 ], [ 72.702093286270099, 19.974253125219974 ] ] ] ] } },
{ "type": "Feature", "properties": { "receptor_type": "sensitive_coastline", "name": "Sensitive Coastline Segment 0510", "source": "Natural Earth 10m Physical Coastline", "source_year": 2024, "sensitivity_tier": "high", "protection_status": false, "metadata": { "segment_index": 510, "segment_length_km": 5.0, "buffer_km": 1.0, "proximity_km": 2.0, "near_mangrove": false, "near_coral": true, "near_mpa": false, "classification_reason": "near_coral" } }, "geometry": { "type": "MultiPolygon", "coordinates": [ [ [ [ 72.670652171376901, 19.938937647661117 ], [ 72.656228365609209, 19.95077548108285 ], [ 72.685808167309133, 19.982997116102602 ], [ 72.700233232617236, 19.971156986789012 ], [ 72.670652171376901, 19.938937647661117 ] ] ] ] } },
{ "type": "Feature", "properties": { "receptor_type": "sensitive_coastline", "name": "Sensitive Coastline Segment 0511", "source": "Natural Earth 10m Physical Coastline", "source_year": 2024, "sensitivity_tier": "high", "protection_status": false, "metadata": { "segment_index": 511, "segment_length_km": 5.0, "buffer_km": 1.0, "proximity_km": 2.0, "near_mangrove": false, "near_coral": true, "near_mpa": false, "classification_reason": "near_coral" } }, "geometry": { "type": "MultiPolygon", "coordinates": [ [ [ [ 72.674803797840028, 19.900346937356609 ], [ 72.65572452044465, 19.89965343019653 ], [ 72.653898275317019, 19.944509364788889 ], [ 72.672982891175707, 19.945203605639023 ], [ 72.674803797840028, 19.900346937356609 ] ] ] ] } },
{ "type": "Feature", "properties": { "receptor_type": "sensitive_coastline", "name": "Sensitive Coastline Segment 0512", "source": "Natural Earth 10m Physical Coastline", "source_year": 2024, "sensitivity_tier": "high", "protection_status": false, "metadata": { "segment_index": 512, "segment_length_km": 5.0, "buffer_km": 1.0, "proximity_km": 2.0, "near_mangrove": true, "near_coral": true, "near_mpa": false, "classification_reason": "near_mangrove_and_coral" } }, "geometry": { "type": "MultiPolygon", "coordinates": [ [ [ [ 72.662117865135443, 19.854995890197941 ], [ 72.643708962142114, 19.859770687004985 ], [ 72.656057120757026, 19.902387982005528 ], [ 72.674470871460159, 19.897612388071238 ], [ 72.662117865135443, 19.854995890197941 ] ] ] ] } },
{ "type": "Feature", "properties": { "receptor_type": "sensitive_coastline", "name": "Sensitive Coastline Segment 0513", "source": "Natural Earth 10m Physical Coastline", "source_year": 2024, "sensitivity_tier": "high", "protection_status": false, "metadata": { "segment_index": 513, "segment_length_km": 5.0, "buffer_km": 1.0, "proximity_km": 2.0, "near_mangrove": true, "near_coral": false, "near_mpa": false, "classification_reason": "near_mangrove" } }, "geometry": { "type": "MultiPolygon", "coordinates": [ [ [ [ 72.677019317378921, 19.822093467348193 ], [ 72.659140152903802, 19.815778735329918 ], [ 72.64397246098433, 19.854225031373513 ], [ 72.661854990443274, 19.860541636139438 ], [ 72.677019317378921, 19.822093467348193 ] ] ] ] } },
{ "type": "Feature", "properties": { "receptor_type": "sensitive_coastline", "name": "Sensitive Coastline Segment 0514", "source": "Natural Earth 10m Physical Coastline", "source_year": 2024, "sensitivity_tier": "high", "protection_status": false, "metadata": { "segment_index": 514, "segment_length_km": 5.0, "buffer_km": 1.0, "proximity_km": 2.0, "near_mangrove": true, "near_coral": false, "near_mpa": false, "classification_reason": "near_mangrove" } }, "geometry": { "type": "MultiPolygon", "coordinates": [ [ [ [ 72.686580798403881, 19.778904575785521 ], [ 72.667898298543321, 19.77524260715597 ], [ 72.658736187060768, 19.81710438153636 ], [ 72.67742315340692, 19.820767766343778 ], [ 72.686580798403881, 19.778904575785521 ] ] ] ] } },
{ "type": "Feature", "properties": { "receptor_type": "sensitive_coastline", "name": "Sensitive Coastline Segment 0515", "source": "Natural Earth 10m Physical Coastline", "source_year": 2024, "sensitivity_tier": "high", "protection_status": false, "metadata": { "segment_index": 515, "segment_length_km": 5.0, "buffer_km": 1.0, "proximity_km": 2.0, "near_mangrove": true, "near_coral": false, "near_mpa": false, "classification_reason": "near_mangrove" } }, "geometry": { "type": "MultiPolygon", "coordinates": [ [ [ [ 72.70029837159214, 19.755275591103342 ], [ 72.683458340964862, 19.746791277778151 ], [ 72.668818812986999, 19.772830714358182 ], [ 72.685660496076295, 19.781316582098501 ], [ 72.70029837159214, 19.755275591103342 ] ] ] ] } },
{ "type": "Feature", "properties": { "receptor_type": "sensitive_coastline", "name": "Sensitive Coastline Segment 0516", "source": "Natural Earth 10m Physical Coastline", "source_year": 2024, "sensitivity_tier": "high", "protection_status": false, "metadata": { "segment_index": 516, "segment_length_km": 5.0, "buffer_km": 1.0, "proximity_km": 2.0, "near_mangrove": true, "near_coral": false, "near_mpa": false, "classification_reason": "near_mangrove" } }, "geometry": { "type": "MultiPolygon", "coordinates": [ [ [ [ 72.71445160604685, 19.791821085636141 ], [ 72.729286811926897, 19.780462995507033 ], [ 72.69929462408686, 19.745355552673171 ], [ 72.684461097437975, 19.75671130604302 ], [ 72.71445160604685, 19.791821085636141 ] ] ] ] } },
{ "type": "Feature", "properties": { "receptor_type": "sensitive_coastline", "name": "Sensitive Coastline Segment 0517", "source": "Natural Earth 10m Physical Coastline", "source_year": 2024, "sensitivity_tier": "high", "protection_status": false, "metadata": { "segment_index": 517, "segment_length_km": 5.0, "buffer_km": 1.0, "proximity_km": 2.0, "near_mangrove": true, "near_coral": false, "near_mpa": false, "classification_reason": "near_mangrove" } }, "geometry": { "type": "MultiPolygon", "coordinates": [ [ [ [ 72.742003680757648, 19.762447018773351 ], [ 72.72425822995173, 19.755816916762839 ], [ 72.712995805022459, 19.782826293550468 ], [ 72.730743536708744, 19.789457745388912 ], [ 72.742003680757648, 19.762447018773351 ] ] ] ] } },
{ "type": "Feature", "properties": { "receptor_type": "sensitive_coastline", "name": "Sensitive Coastline Segment 0518", "source": "Natural Earth 10m Physical Coastline", "source_year": 2024, "sensitivity_tier": "high", "protection_status": false, "metadata": { "segment_index": 518, "segment_length_km": 5.0, "buffer_km": 1.0, "proximity_km": 2.0, "near_mangrove": true, "near_coral": false, "near_mpa": false, "classification_reason": "near_mangrove" } }, "geometry": { "type": "MultiPolygon", "coordinates": [ [ [ [ 72.728412973344646, 19.723099558881604 ], [ 72.710662664282296, 19.729708886787549 ], [ 72.724253753941213, 19.762437107081915 ], [ 72.742007423489085, 19.755826755731235 ], [ 72.728412973344646, 19.723099558881604 ] ] ] ] } },
{ "type": "Feature", "properties": { "receptor_type": "sensitive_coastline", "name": "Sensitive Coastline Segment 0519", "source": "Natural Earth 10m Physical Coastline", "source_year": 2024, "sensitivity_tier": "high", "protection_status": false, "metadata": { "segment_index": 519, "segment_length_km": 5.0, "buffer_km": 1.0, "proximity_km": 2.0, "near_mangrove": true, "near_coral": true, "near_mpa": false, "classification_reason": "near_mangrove_and_coral" } }, "geometry": { "type": "MultiPolygon", "coordinates": [ [ [ [ 72.715317131507177, 19.696709145146208 ], [ 72.698062648585861, 19.704400410962723 ], [ 72.710909332060652, 19.730250366085528 ], [ 72.728166252161031, 19.72255809853079 ], [ 72.715317131507177, 19.696709145146208 ] ] ] ] } },
{ "type": "Feature", "properties": { "receptor_type": "sensitive_coastline", "name": "Sensitive Coastline Segment 0520", "source": "Natural Earth 10m Physical Coastline", "source_year": 2024, "sensitivity_tier": "high", "protection_status": false, "metadata": { "segment_index": 520, "segment_length_km": 5.0, "buffer_km": 1.0, "proximity_km": 2.0, "near_mangrove": true, "near_coral": true, "near_mpa": false, "classification_reason": "near_mangrove_and_coral" } }, "geometry": { "type": "MultiPolygon", "coordinates": [ [ [ [ 72.684964932996053, 19.704630226521566 ], [ 72.696363008059777, 19.719110539656292 ], [ 72.712389799514114, 19.707794626895076 ], [ 72.700990854520469, 19.69331525220198 ], [ 72.684964932996053, 19.704630226521566 ] ] ] ] } },
{ "type": "Feature", "properties": { "receptor_type": "sensitive_coastline", "name": "Sensitive Coastline Segment 0521", "source": "Natural Earth 10m Physical Coastline", "source_year": 2024, "sensitivity_tier": "high", "protection_status": false, "metadata": { "segment_index": 521, "segment_length_km": 5.0, "buffer_km": 1.0, "proximity_km": 2.0, "near_mangrove": true, "near_coral": true, "near_mpa": false, "classification_reason": "near_mangrove_and_coral" } }, "geometry": { "type": "MultiPolygon", "coordinates": [ [ [ [ 72.713117291057259, 19.671028922174646 ], [ 72.694807674482249, 19.665991494538748 ], [ 72.681506973469567, 19.709350621346381 ], [ 72.69982080556818, 19.714389839912172 ], [ 72.713117291057259, 19.671028922174646 ] ] ] ] } },
{ "type": "Feature", "properties": { "receptor_type": "sensitive_coastline", "name": "Sensitive Coastline Segment 0522", "source": "Natural Earth 10m Physical Coastline", "source_year": 2024, "sensitivity_tier": "high", "protection_status": false, "metadata": { "segment_index": 522, "segment_length_km": 5.0, "buffer_km": 1.0, "proximity_km": 2.0, "near_mangrove": true, "near_coral": true, "near_mpa": false, "classification_reason": "near_mangrove_and_coral" } }, "geometry": { "type": "MultiPolygon", "coordinates": [ [ [ [ 72.723859889771333, 19.626559353605579 ], [ 72.705277777703557, 19.622535643409257 ], [ 72.694669122562033, 19.666497562711616 ], [ 72.713255792085036, 19.670522834559485 ], [ 72.723859889771333, 19.626559353605579 ] ] ] ] } },
{ "type": "Feature", "properties": { "receptor_type": "sensitive_coastline", "name": "Sensitive Coastline Segment 0523", "source": "Natural Earth 10m Physical Coastline", "source_year": 2024, "sensitivity_tier": "high", "protection_status": false, "metadata": { "segment_index": 523, "segment_length_km": 5.0, "buffer_km": 1.0, "proximity_km": 2.0, "near_mangrove": true, "near_coral": true, "near_mpa": false, "classification_reason": "near_mangrove_and_coral" } }, "geometry": { "type": "MultiPolygon", "coordinates": [ [ [ [ 72.721798170736307, 19.580591683401455 ], [ 72.702765785687603, 19.581490345648248 ], [ 72.705049918694897, 19.624996665655871 ], [ 72.724087469522971, 19.624098279373833 ], [ 72.721798170736307, 19.580591683401455 ] ] ] ] } },
{ "type": "Feature", "properties": { "receptor_type": "sensitive_coastline", "name": "Sensitive Coastline Segment 0524", "source": "Natural Earth 10m Physical Coastline", "source_year": 2024, "sensitivity_tier": "high", "protection_status": false, "metadata": { "segment_index": 524, "segment_length_km": 5.0, "buffer_km": 1.0, "proximity_km": 2.0, "near_mangrove": true, "near_coral": true, "near_mpa": false, "classification_reason": "near_mangrove_and_coral" } }, "geometry": { "type": "MultiPolygon", "coordinates": [ [ [ [ 72.731670677666756, 19.538820131766492 ], [ 72.713050914890744, 19.53499930665447 ], [ 72.702969929918027, 19.579129870919729 ], [ 72.721594294560134, 19.582952206586903 ], [ 72.731670677666756, 19.538820131766492 ] ] ] ] } },
{ "type": "Feature", "properties": { "receptor_type": "sensitive_coastline", "name": "Sensitive Coastline Segment 0525", "source": "Natural Earth 10m Physical Coastline", "source_year": 2024, "sensitivity_tier": "high", "protection_status": false, "metadata": { "segment_index": 525, "segment_length_km": 5.0, "buffer_km": 1.0, "proximity_km": 2.0, "near_mangrove": true, "near_coral": true, "near_mpa": false, "classification_reason": "near_mangrove_and_coral" } }, "geometry": { "type": "MultiPolygon", "coordinates": [ [ [ [ 72.760186496822371, 19.527523433941777 ], [ 72.751017442114289, 19.51169145216079 ], [ 72.717777662675445, 19.52899320183413 ], [ 72.726944076525115, 19.544826617418771 ], [ 72.760186496822371, 19.527523433941777 ] ] ] ] } },
{ "type": "Feature", "properties": { "receptor_type": "sensitive_coastline", "name": "Sensitive Coastline Segment 0526", "source": "Natural Earth 10m Physical Coastline", "source_year": 2024, "sensitivity_tier": "high", "protection_status": false, "metadata": { "segment_index": 526, "segment_length_km": 5.0, "buffer_km": 1.0, "proximity_km": 2.0, "near_mangrove": true, "near_coral": true, "near_mpa": false, "classification_reason": "near_mangrove_and_coral" } }, "geometry": { "type": "MultiPolygon", "coordinates": [ [ [ [ 72.731239479987124, 19.551437014500891 ], [ 72.748817730972661, 19.558405077590702 ], [ 72.764389683284008, 19.523090415176053 ], [ 72.74681425436431, 19.516124157913268 ], [ 72.731239479987124, 19.551437014500891 ] ] ] ] } },
{ "type": "Feature", "properties": { "receptor_type": "sensitive_coastline", "name": "Sensitive Coastline Segment 0527", "source": "Natural Earth 10m Physical Coastline", "source_year": 2024, "sensitivity_tier": "high", "protection_status": false, "metadata": { "segment_index": 527, "segment_length_km": 5.0, "buffer_km": 1.0, "proximity_km": 2.0, "near_mangrove": true, "near_coral": true, "near_mpa": false, "classification_reason": "near_mangrove_and_coral" } }, "geometry": { "type": "MultiPolygon", "coordinates": [ [ [ [ 72.744619543488454, 19.580620750189297 ], [ 72.761141369493117, 19.571621012907713 ], [ 72.748288240138734, 19.550421667642912 ], [ 72.731768123078822, 19.559420390243165 ], [ 72.744619543488454, 19.580620750189297 ] ] ] ] } },
{ "type": "Feature", "properties": { "receptor_type": "sensitive_coastline", "name": "Sensitive Coastline Segment 0528", "source": "Natural Earth 10m Physical Coastline", "source_year": 2024, "sensitivity_tier": "high", "protection_status": false, "metadata": { "segment_index": 528, "segment_length_km": 5.0, "buffer_km": 1.0, "proximity_km": 2.0, "near_mangrove": true, "near_coral": false, "near_mpa": false, "classification_reason": "near_mangrove" } }, "geometry": { "type": "MultiPolygon", "coordinates": [ [ [ [ 72.786371681012227, 19.547415378729614 ], [ 72.77089873648606, 19.536876648026318 ], [ 72.745143918346912, 19.570850422576289 ], [ 72.760617947597993, 19.581391481608222 ], [ 72.786371681012227, 19.547415378729614 ] ] ] ] } },
{ "type": "Feature", "properties": { "receptor_type": "sensitive_coastline", "name": "Sensitive Coastline Segment 0529", "source": "Natural Earth 10m Physical Coastline", "source_year": 2024, "sensitivity_tier": "high", "protection_status": false, "metadata": { "segment_index": 529, "segment_length_km": 5.0, "buffer_km": 1.0, "proximity_km": 2.0, "near_mangrove": true, "near_coral": false, "near_mpa": false, "classification_reason": "near_mangrove" } }, "geometry": { "type": "MultiPolygon", "coordinates": [ [ [ [ 72.82156763645294, 19.538159713679718 ], [ 72.815567397432233, 19.521016352685038 ], [ 72.775636986963505, 19.533573992427957 ], [ 72.781633183202842, 19.550718293338306 ], [ 72.82156763645294, 19.538159713679718 ] ] ] ] } },
{ "type": "Feature", "properties": { "receptor_type": "sensitive_coastline", "name": "Sensitive Coastline Segment 0530", "source": "Natural Earth 10m Physical Coastline", "source_year": 2024, "sensitivity_tier": "high", "protection_status": false, "metadata": { "segment_index": 530, "segment_length_km": 5.0, "buffer_km": 1.0, "proximity_km": 2.0, "near_mangrove": true, "near_coral": false, "near_mpa": false, "classification_reason": "near_mangrove" } }, "geometry": { "type": "MultiPolygon", "coordinates": [ [ [ [ 72.861533938298805, 19.547450261334706 ], [ 72.865480358354844, 19.52977891058331 ], [ 72.820542690978314, 19.520753052325254 ], [ 72.816591804842432, 19.538422990527724 ], [ 72.861533938298805, 19.547450261334706 ] ] ] ] } },
{ "type": "Feature", "properties": { "receptor_type": "sensitive_coastline", "name": "Sensitive Coastline Segment 0531", "source": "Natural Earth 10m Physical Coastline", "source_year": 2024, "sensitivity_tier": "high", "protection_status": false, "metadata": { "segment_index": 531, "segment_length_km": 5.0, "buffer_km": 1.0, "proximity_km": 2.0, "near_mangrove": true, "near_coral": false, "near_mpa": false, "classification_reason": "near_mangrove" } }, "geometry": { "type": "MultiPolygon", "coordinates": [ [ [ [ 72.858488184640109, 19.51631379756763 ], [ 72.842954718175932, 19.526770929417189 ], [ 72.85573978402924, 19.543843487166615 ], [ 72.871274292473601, 19.533385350290953 ], [ 72.858488184640109, 19.51631379756763 ] ] ] ] } },
{ "type": "Feature", "properties": { "receptor_type": "sensitive_coastline", "name": "Sensitive Coastline Segment 0532", "source": "Natural Earth 10m Physical Coastline", "source_year": 2024, "sensitivity_tier": "high", "protection_status": false, "metadata": { "segment_index": 532, "segment_length_km": 5.0, "buffer_km": 1.0, "proximity_km": 2.0, "near_mangrove": true, "near_coral": false, "near_mpa": false, "classification_reason": "near_mangrove" } }, "geometry": { "type": "MultiPolygon", "coordinates": [ [ [ [ 72.810088010205348, 19.496320743218345 ], [ 72.802981265800653, 19.513079047267812 ], [ 72.847169843547974, 19.52992268971941 ], [ 72.854273137016392, 19.513162309712428 ], [ 72.810088010205348, 19.496320743218345 ] ] ] ] } },
{ "type": "Feature", "properties": { "receptor_type": "sensitive_coastline", "name": "Sensitive Coastline Segment 0533", "source": "Natural Earth 10m Physical Coastline", "source_year": 2024, "sensitivity_tier": "high", "protection_status": false, "metadata": { "segment_index": 533, "segment_length_km": 5.0, "buffer_km": 1.0, "proximity_km": 2.0, "near_mangrove": true, "near_coral": false, "near_mpa": false, "classification_reason": "near_mangrove" } }, "geometry": { "type": "MultiPolygon", "coordinates": [ [ [ [ 72.766722256293662, 19.478485528821729 ], [ 72.759143356796855, 19.495055932343952 ], [ 72.8027467842454, 19.512986166926808 ], [ 72.810322473967531, 19.496413612266053 ], [ 72.766722256293662, 19.478485528821729 ] ] ] ] } },
{ "type": "Feature", "properties": { "receptor_type": "sensitive_coastline", "name": "Sensitive Coastline Segment 0534", "source": "Natural Earth 10m Physical Coastline", "source_year": 2024, "sensitivity_tier": "high", "protection_status": false, "metadata": { "segment_index": 534, "segment_length_km": 5.0, "buffer_km": 1.0, "proximity_km": 2.0, "near_mangrove": true, "near_coral": false, "near_mpa": false, "classification_reason": "near_mangrove" } }, "geometry": { "type": "MultiPolygon", "coordinates": [ [ [ [ 72.756952018565173, 19.444813339364497 ], [ 72.739060967597723, 19.450994664327286 ], [ 72.753985328657336, 19.489861757800409 ], [ 72.77188041046989, 19.483679350676816 ], [ 72.756952018565173, 19.444813339364497 ] ] ] ] } },
{ "type": "Feature", "properties": { "receptor_type": "sensitive_coastline", "name": "Sensitive Coastline Segment 0535", "source": "Natural Earth 10m Physical Coastline", "source_year": 2024, "sensitivity_tier": "high", "protection_status": false, "metadata": { "segment_index": 535, "segment_length_km": 5.0, "buffer_km": 1.0, "proximity_km": 2.0, "near_mangrove": true, "near_coral": false, "near_mpa": false, "classification_reason": "near_mangrove" } }, "geometry": { "type": "MultiPolygon", "coordinates": [ [ [ [ 72.766087857785578, 19.405204147074663 ], [ 72.747375030817679, 19.401891456745943 ], [ 72.738647994505172, 19.446246974367799 ], [ 72.757365530421197, 19.449561041239974 ], [ 72.766087857785578, 19.405204147074663 ] ] ] ] } },
{ "type": "Feature", "properties": { "receptor_type": "sensitive_coastline", "name": "Sensitive Coastline Segment 0536", "source": "Natural Earth 10m Physical Coastline", "source_year": 2024, "sensitivity_tier": "high", "protection_status": false, "metadata": { "segment_index": 536, "segment_length_km": 5.0, "buffer_km": 1.0, "proximity_km": 2.0, "near_mangrove": true, "near_coral": false, "near_mpa": false, "classification_reason": "near_mangrove" } }, "geometry": { "type": "MultiPolygon", "coordinates": [ [ [ [ 72.784209313345258, 19.366363188412045 ], [ 72.766765522773667, 19.359141281032379 ], [ 72.748008078363711, 19.399935827849088 ], [ 72.765454992200944, 19.407159857566416 ], [ 72.784209313345258, 19.366363188412045 ] ] ] ] } },
{ "type": "Feature", "properties": { "receptor_type": "sensitive_coastline", "name": "Sensitive Coastline Segment 0537", "source": "Natural Earth 10m Physical Coastline", "source_year": 2024, "sensitivity_tier": "high", "protection_status": false, "metadata": { "segment_index": 537, "segment_length_km": 5.0, "buffer_km": 1.0, "proximity_km": 2.0, "near_mangrove": true, "near_coral": false, "near_mpa": false, "classification_reason": "near_mangrove" } }, "geometry": { "type": "MultiPolygon", "coordinates": [ [ [ [ 72.814242551742154, 19.337671943449845 ], [ 72.800556181971274, 19.325123272225877 ], [ 72.768644461224525, 19.356476796336278 ], [ 72.782330479193703, 19.369027845168581 ], [ 72.814242551742154, 19.337671943449845 ] ] ] ] } },
{ "type": "Feature", "properties": { "receptor_type": "sensitive_coastline", "name": "Sensitive Coastline Segment 0538", "source": "Natural Earth 10m Physical Coastline", "source_year": 2024, "sensitivity_tier": "high", "protection_status": false, "metadata": { "segment_index": 538, "segment_length_km": 5.0, "buffer_km": 1.0, "proximity_km": 2.0, "near_mangrove": true, "near_coral": false, "near_mpa": false, "classification_reason": "near_mangrove" } }, "geometry": { "type": "MultiPolygon", "coordinates": [ [ [ [ 72.842963314970604, 19.352378851437766 ], [ 72.84907106531486, 19.335271253767448 ], [ 72.810454441, 19.32284467953064 ], [ 72.804343405958079, 19.339950655947707 ], [ 72.842963314970604, 19.352378851437766 ] ] ] ] } },
{ "type": "Feature", "properties": { "receptor_type": "sensitive_coastline", "name": "Sensitive Coastline Segment 0539", "source": "Natural Earth 10m Physical Coastline", "source_year": 2024, "sensitivity_tier": "high", "protection_status": false, "metadata": { "segment_index": 539, "segment_length_km": 5.0, "buffer_km": 1.0, "proximity_km": 2.0, "near_mangrove": true, "near_coral": false, "near_mpa": false, "classification_reason": "near_mangrove" } }, "geometry": { "type": "MultiPolygon", "coordinates": [ [ [ [ 72.889308423958639, 19.323590561920337 ], [ 72.877701139126899, 19.30927743763721 ], [ 72.840214894501543, 19.336667353593622 ], [ 72.851820339584066, 19.350982699619983 ], [ 72.889308423958639, 19.323590561920337 ] ] ] ] } },
{ "type": "Feature", "properties": { "receptor_type": "sensitive_coastline", "name": "Sensitive Coastline Segment 0540", "source": "Natural Earth 10m Physical Coastline", "source_year": 2024, "sensitivity_tier": "high", "protection_status": false, "metadata": { "segment_index": 540, "segment_length_km": 5.0, "buffer_km": 1.0, "proximity_km": 2.0, "near_mangrove": true, "near_coral": false, "near_mpa": false, "classification_reason": "near_mangrove" } }, "geometry": { "type": "MultiPolygon", "coordinates": [ [ [ [ 72.930405556958206, 19.312780085328001 ], [ 72.925045794508549, 19.295447487963816 ], [ 72.880827040588855, 19.307767323332307 ], [ 72.886182268671547, 19.325100798104202 ], [ 72.930405556958206, 19.312780085328001 ] ] ] ] } },
{ "type": "Feature", "properties": { "receptor_type": "sensitive_coastline", "name": "Sensitive Coastline Segment 0541", "source": "Natural Earth 10m Physical Coastline", "source_year": 2024, "sensitivity_tier": "high", "protection_status": false, "metadata": { "segment_index": 541, "segment_length_km": 5.0, "buffer_km": 1.0, "proximity_km": 2.0, "near_mangrove": true, "near_coral": false, "near_mpa": false, "classification_reason": "near_mangrove" } }, "geometry": { "type": "MultiPolygon", "coordinates": [ [ [ [ 72.974580106110622, 19.314581796829163 ], [ 72.975189257797652, 19.296526400986444 ], [ 72.928032660844664, 19.295086408794386 ], [ 72.927418366255381, 19.313141173296582 ], [ 72.974580106110622, 19.314581796829163 ] ] ] ] } },
{ "type": "Feature", "properties": { "receptor_type": "sensitive_coastline", "name": "Sensitive Coastline Segment 0542", "source": "Natural Earth 10m Physical Coastline", "source_year": 2024, "sensitivity_tier": "high", "protection_status": false, "metadata": { "segment_index": 542, "segment_length_km": 5.0, "buffer_km": 1.0, "proximity_km": 2.0, "near_mangrove": true, "near_coral": false, "near_mpa": false, "classification_reason": "near_mangrove" } }, "geometry": { "type": "MultiPolygon", "coordinates": [ [ [ [ 73.015834959252146, 19.283099579006748 ], [ 73.003200396449884, 19.269594110023355 ], [ 72.968568238983536, 19.298800130407329 ], [ 72.981201721554356, 19.312307902973171 ], [ 73.015834959252146, 19.283099579006748 ] ] ] ] } },
{ "type": "Feature", "properties": { "receptor_type": "sensitive_coastline", "name": "Sensitive Coastline Segment 0543", "source": "Natural Earth 10m Physical Coastline", "source_year": 2024, "sensitivity_tier": "high", "protection_status": false, "metadata": { "segment_index": 543, "segment_length_km": 5.0, "buffer_km": 1.0, "proximity_km": 2.0, "near_mangrove": true, "near_coral": false, "near_mpa": false, "classification_reason": "near_mangrove" } }, "geometry": { "type": "MultiPolygon", "coordinates": [ [ [ [ 73.037085088628316, 19.243662428240857 ], [ 73.020024934910879, 19.235676005562148 ], [ 73.000986305295868, 19.272352538031406 ], [ 73.018048981883211, 19.280340964636672 ], [ 73.037085088628316, 19.243662428240857 ] ] ] ] } },
{ "type": "Feature", "properties": { "receptor_type": "sensitive_coastline", "name": "Sensitive Coastline Segment 0544", "source": "Natural Earth 10m Physical Coastline", "source_year": 2024, "sensitivity_tier": "high", "protection_status": false, "metadata": { "segment_index": 544, "segment_length_km": 5.0, "buffer_km": 1.0, "proximity_km": 2.0, "near_mangrove": true, "near_coral": false, "near_mpa": false, "classification_reason": "near_mangrove" } }, "geometry": { "type": "MultiPolygon", "coordinates": [ [ [ [ 73.047620355356685, 19.21481737873167 ], [ 73.02963969463336, 19.208936134276822 ], [ 73.019563402945593, 19.236727963802817 ], [ 73.037546536973679, 19.242610418324681 ], [ 73.047620355356685, 19.21481737873167 ] ] ] ] } },
{ "type": "Feature", "properties": { "receptor_type": "sensitive_coastline", "name": "Sensitive Coastline Segment 0545", "source": "Natural Earth 10m Physical Coastline", "source_year": 2024, "sensitivity_tier": "high", "protection_status": false, "metadata": { "segment_index": 545, "segment_length_km": 5.0, "buffer_km": 1.0, "proximity_km": 2.0, "near_mangrove": true, "near_coral": false, "near_mpa": false, "classification_reason": "near_mangrove" } }, "geometry": { "type": "MultiPolygon", "coordinates": [ [ [ [ 73.002249374258028, 19.224136495079698 ], [ 73.012825707844144, 19.239150621406203 ], [ 73.043919201747684, 19.21938315497286 ], [ 73.033340952125926, 19.20437065602755 ], [ 73.002249374258028, 19.224136495079698 ] ] ] ] } },
{ "type": "Feature", "properties": { "receptor_type": "sensitive_coastline", "name": "Sensitive Coastline Segment 0546", "source": "Natural Earth 10m Physical Coastline", "source_year": 2024, "sensitivity_tier": "high", "protection_status": false, "metadata": { "segment_index": 546, "segment_length_km": 5.0, "buffer_km": 1.0, "proximity_km": 2.0, "near_mangrove": true, "near_coral": false, "near_mpa": false, "classification_reason": "near_mangrove" } }, "geometry": { "type": "MultiPolygon", "coordinates": [ [ [ [ 72.981576804629029, 19.270544821565036 ], [ 72.999329481245553, 19.277036120510783 ], [ 73.016412073847192, 19.234888075418983 ], [ 72.998662931438048, 19.228398756216222 ], [ 72.981576804629029, 19.270544821565036 ] ] ] ] } },
{ "type": "Feature", "properties": { "receptor_type": "sensitive_coastline", "name": "Sensitive Coastline Segment 0547", "source": "Natural Earth 10m Physical Coastline", "source_year": 2024, "sensitivity_tier": "high", "protection_status": false, "metadata": { "segment_index": 547, "segment_length_km": 5.0, "buffer_km": 1.0, "proximity_km": 2.0, "near_mangrove": true, "near_coral": false, "near_mpa": false, "classification_reason": "near_mangrove" } }, "geometry": { "type": "MultiPolygon", "coordinates": [ [ [ [ 72.949062768379406, 19.284528116362146 ], [ 72.958018538319678, 19.300465923722786 ], [ 72.994932498898649, 19.281758762561299 ], [ 72.985973806111829, 19.265822503270837 ], [ 72.949062768379406, 19.284528116362146 ] ] ] ] } },
{ "type": "Feature", "properties": { "receptor_type": "sensitive_coastline", "name": "Sensitive Coastline Segment 0548", "source": "Natural Earth 10m Physical Coastline", "source_year": 2024, "sensitivity_tier": "high", "protection_status": false, "metadata": { "segment_index": 548, "segment_length_km": 5.0, "buffer_km": 1.0, "proximity_km": 2.0, "near_mangrove": true, "near_coral": false, "near_mpa": false, "classification_reason": "near_mangrove" } }, "geometry": { "type": "MultiPolygon", "coordinates": [ [ [ [ 72.907706185376043, 19.28081844254795 ], [ 72.906556033928908, 19.298849396900586 ], [ 72.952967822703386, 19.301512906677946 ], [ 72.95411296525819, 19.283481194051586 ], [ 72.907706185376043, 19.28081844254795 ] ] ] ] } },
{ "type": "Feature", "properties": { "receptor_type": "sensitive_coastline", "name": "Sensitive Coastline Segment 0549", "source": "Natural Earth 10m Physical Coastline", "source_year": 2024, "sensitivity_tier": "high", "protection_status": false, "metadata": { "segment_index": 549, "segment_length_km": 5.0, "buffer_km": 1.0, "proximity_km": 2.0, "near_mangrove": true, "near_coral": false, "near_mpa": false, "classification_reason": "near_mangrove" } }, "geometry": { "type": "MultiPolygon", "coordinates": [ [ [ [ 72.864117826106749, 19.306605364908027 ], [ 72.874791658084106, 19.321558726836905 ], [ 72.912469474037607, 19.297309553951617 ], [ 72.901793325712447, 19.282358185252882 ], [ 72.864117826106749, 19.306605364908027 ] ] ] ] } },
{ "type": "Feature", "properties": { "receptor_type": "sensitive_coastline", "name": "Sensitive Coastline Segment 0550", "source": "Natural Earth 10m Physical Coastline", "source_year": 2024, "sensitivity_tier": "high", "protection_status": false, "metadata": { "segment_index": 550, "segment_length_km": 5.0, "buffer_km": 1.0, "proximity_km": 2.0, "near_mangrove": true, "near_coral": false, "near_mpa": false, "classification_reason": "near_mangrove" } }, "geometry": { "type": "MultiPolygon", "coordinates": [ [ [ [ 72.822649584236373, 19.308547076444928 ], [ 72.824151607134127, 19.326553767608544 ], [ 72.870208085187244, 19.323085502790313 ], [ 72.868700963287168, 19.3050787010425 ], [ 72.822649584236373, 19.308547076444928 ] ] ] ] } },
{ "type": "Feature", "properties": { "receptor_type": "sensitive_coastline", "name": "Sensitive Coastline Segment 0551", "source": "Natural Earth 10m Physical Coastline", "source_year": 2024, "sensitivity_tier": "high", "protection_status": false, "metadata": { "segment_index": 551, "segment_length_km": 5.0, "buffer_km": 1.0, "proximity_km": 2.0, "near_mangrove": true, "near_coral": false, "near_mpa": false, "classification_reason": "near_mangrove" } }, "geometry": { "type": "MultiPolygon", "coordinates": [ [ [ [ 72.782973138774935, 19.297640131461993 ], [ 72.777931097204117, 19.315056854838552 ], [ 72.820881378794667, 19.326259542581642 ], [ 72.825919469903781, 19.308841236160941 ], [ 72.782973138774935, 19.297640131461993 ] ] ] ] } },
{ "type": "Feature", "properties": { "receptor_type": "sensitive_coastline", "name": "Sensitive Coastline Segment 0552", "source": "Natural Earth 10m Physical Coastline", "source_year": 2024, "sensitivity_tier": "high", "protection_status": false, "metadata": { "segment_index": 552, "segment_length_km": 5.0, "buffer_km": 1.0, "proximity_km": 2.0, "near_mangrove": true, "near_coral": false, "near_mpa": false, "classification_reason": "near_mangrove" } }, "geometry": { "type": "MultiPolygon", "coordinates": [ [ [ [ 72.781722952510719, 19.261089745371986 ], [ 72.76299102720769, 19.264219201655703 ], [ 72.771083746052994, 19.307913173941795 ], [ 72.789820677377037, 19.304783381990585 ], [ 72.781722952510719, 19.261089745371986 ] ] ] ] } },
{ "type": "Feature", "properties": { "receptor_type": "sensitive_coastline", "name": "Sensitive Coastline Segment 0553", "source": "Natural Earth 10m Physical Coastline", "source_year": 2024, "sensitivity_tier": "high", "protection_status": false, "metadata": { "segment_index": 553, "segment_length_km": 5.0, "buffer_km": 1.0, "proximity_km": 2.0, "near_mangrove": true, "near_coral": true, "near_mpa": false, "classification_reason": "near_mangrove_and_coral" } }, "geometry": { "type": "MultiPolygon", "coordinates": [ [ [ [ 72.784220151431541, 19.218003422886788 ], [ 72.765229336198928, 19.217104273739416 ], [ 72.762859135454761, 19.26220452286492 ], [ 72.781855077136072, 19.263104433793011 ], [ 72.784220151431541, 19.218003422886788 ] ] ] ] } },
{ "type": "Feature", "properties": { "receptor_type": "sensitive_coastline", "name": "Sensitive Coastline Segment 0554", "source": "Natural Earth 10m Physical Coastline", "source_year": 2024, "sensitivity_tier": "high", "protection_status": false, "metadata": { "segment_index": 554, "segment_length_km": 5.0, "buffer_km": 1.0, "proximity_km": 2.0, "near_mangrove": true, "near_coral": true, "near_mpa": false, "classification_reason": "near_mangrove_and_coral" } }, "geometry": { "type": "MultiPolygon", "coordinates": [ [ [ [ 72.792147036348652, 19.237179188862942 ], [ 72.801440889320773, 19.221420535443443 ], [ 72.779371979553062, 19.209675304446048 ], [ 72.770076929480155, 19.225432710894708 ], [ 72.792147036348652, 19.237179188862942 ] ] ] ] } },
{ "type": "Feature", "properties": { "receptor_type": "sensitive_coastline", "name": "Sensitive Coastline Segment 0555", "source": "Natural Earth 10m Physical Coastline", "source_year": 2024, "sensitivity_tier": "high", "protection_status": false, "metadata": { "segment_index": 555, "segment_length_km": 5.0, "buffer_km": 1.0, "proximity_km": 2.0, "near_mangrove": true, "near_coral": true, "near_mpa": false, "classification_reason": "near_mangrove_and_coral" } }, "geometry": { "type": "MultiPolygon", "coordinates": [ [ [ [ 72.823918033737073, 19.259055871711791 ], [ 72.835054859724536, 19.244413335664223 ], [ 72.802362832424279, 19.221979613908058 ], [ 72.791225054282293, 19.236620054761566 ], [ 72.823918033737073, 19.259055871711791 ] ] ] ] } },
{ "type": "Feature", "properties": { "receptor_type": "sensitive_coastline", "name": "Sensitive Coastline Segment 0556", "source": "Natural Earth 10m Physical Coastline", "source_year": 2024, "sensitivity_tier": "high", "protection_status": false, "metadata": { "segment_index": 556, "segment_length_km": 5.0, "buffer_km": 1.0, "proximity_km": 2.0, "near_mangrove": true, "near_coral": true, "near_mpa": false, "classification_reason": "near_mangrove_and_coral" } }, "geometry": { "type": "MultiPolygon", "coordinates": [ [ [ [ 72.811849202473823, 19.208993597904382 ], [ 72.795856551380751, 19.218763939100732 ], [ 72.821488830612836, 19.256620682942184 ], [ 72.837484122442277, 19.246848349097966 ], [ 72.811849202473823, 19.208993597904382 ] ] ] ] } },
{ "type": "Feature", "properties": { "receptor_type": "sensitive_coastline", "name": "Sensitive Coastline Segment 0557", "source": "Natural Earth 10m Physical Coastline", "source_year": 2024, "sensitivity_tier": "high", "protection_status": false, "metadata": { "segment_index": 557, "segment_length_km": 5.0, "buffer_km": 1.0, "proximity_km": 2.0, "near_mangrove": true, "near_coral": true, "near_mpa": false, "classification_reason": "near_mangrove_and_coral" } }, "geometry": { "type": "MultiPolygon", "coordinates": [ [ [ [ 72.793785209860403, 19.168848034362178 ], [ 72.776326526635557, 19.175993524524106 ], [ 72.795121609742267, 19.217452188401513 ], [ 72.812584254078416, 19.210305291988231 ], [ 72.793785209860403, 19.168848034362178 ] ] ] ] } },
{ "type": "Feature", "properties": { "receptor_type": "sensitive_coastline", "name": "Sensitive Coastline Segment 0558", "source": "Natural Earth 10m Physical Coastline", "source_year": 2024, "sensitivity_tier": "high", "protection_status": false, "metadata": { "segment_index": 558, "segment_length_km": 5.0, "buffer_km": 1.0, "proximity_km": 2.0, "near_mangrove": true, "near_coral": true, "near_mpa": false, "classification_reason": "near_mangrove_and_coral" } }, "geometry": { "type": "MultiPolygon", "coordinates": [ [ [ [ 72.806754129899872, 19.169821865440923 ], [ 72.796416194297336, 19.154663772355246 ], [ 72.779887837422706, 19.164841494018468 ], [ 72.790224689138569, 19.180000415524322 ], [ 72.806754129899872, 19.169821865440923 ] ] ] ] } },
{ "type": "Feature", "properties": { "receptor_type": "sensitive_coastline", "name": "Sensitive Coastline Segment 0559", "source": "Natural Earth 10m Physical Coastline", "source_year": 2024, "sensitivity_tier": "high", "protection_status": false, "metadata": { "segment_index": 559, "segment_length_km": 5.0, "buffer_km": 1.0, "proximity_km": 2.0, "near_mangrove": true, "near_coral": false, "near_mpa": false, "classification_reason": "near_mangrove" } }, "geometry": { "type": "MultiPolygon", "coordinates": [ [ [ [ 72.819208915563806, 19.166341043756773 ], [ 72.813385236931751, 19.149146442667359 ], [ 72.798673962141635, 19.153645397118268 ], [ 72.804496169300805, 19.170840321457305 ], [ 72.819208915563806, 19.166341043756773 ] ] ] ] } },
{ "type": "Feature", "properties": { "receptor_type": "sensitive_coastline", "name": "Sensitive Coastline Segment 0560", "source": "Natural Earth 10m Physical Coastline", "source_year": 2024, "sensitivity_tier": "high", "protection_status": false, "metadata": { "segment_index": 560, "segment_length_km": 5.0, "buffer_km": 1.0, "proximity_km": 2.0, "near_mangrove": true, "near_coral": false, "near_mpa": false, "classification_reason": "near_mangrove" } }, "geometry": { "type": "MultiPolygon", "coordinates": [ [ [ [ 72.83092994284101, 19.11796185114936 ], [ 72.812063970637283, 19.115793651133558 ], [ 72.806861817411132, 19.156658929170238 ], [ 72.82573225265827, 19.158828107921369 ], [ 72.83092994284101, 19.11796185114936 ] ] ] ] } },
{ "type": "Feature", "properties": { "receptor_type": "sensitive_coastline", "name": "Sensitive Coastline Segment 0561", "source": "Natural Earth 10m Physical Coastline", "source_year": 2024, "sensitivity_tier": "high", "protection_status": false, "metadata": { "segment_index": 561, "segment_length_km": 5.0, "buffer_km": 1.0, "proximity_km": 2.0, "near_mangrove": true, "near_coral": true, "near_mpa": false, "classification_reason": "near_mangrove_and_coral" } }, "geometry": { "type": "MultiPolygon", "coordinates": [ [ [ [ 72.821662493545588, 19.071836931625533 ], [ 72.803036687488557, 19.075396430015026 ], [ 72.812181463826363, 19.118657714509023 ], [ 72.83081212419529, 19.115097767608923 ], [ 72.821662493545588, 19.071836931625533 ] ] ] ] } },
{ "type": "Feature", "properties": { "receptor_type": "sensitive_coastline", "name": "Sensitive Coastline Segment 0562", "source": "Natural Earth 10m Physical Coastline", "source_year": 2024, "sensitivity_tier": "high", "protection_status": false, "metadata": { "segment_index": 562, "segment_length_km": 5.0, "buffer_km": 1.0, "proximity_km": 2.0, "near_mangrove": true, "near_coral": true, "near_mpa": false, "classification_reason": "near_mangrove_and_coral" } }, "geometry": { "type": "MultiPolygon", "coordinates": [ [ [ [ 72.82911672587845, 19.039842113731769 ], [ 72.810488991084839, 19.03631022309894 ], [ 72.803034097103463, 19.071850194642625 ], [ 72.821665480798814, 19.075383206292663 ], [ 72.82911672587845, 19.039842113731769 ] ] ] ] } },
{ "type": "Feature", "properties": { "receptor_type": "sensitive_coastline", "name": "Sensitive Coastline Segment 0563", "source": "Natural Earth 10m Physical Coastline", "source_year": 2024, "sensitivity_tier": "high", "protection_status": false, "metadata": { "segment_index": 563, "segment_length_km": 5.0, "buffer_km": 1.0, "proximity_km": 2.0, "near_mangrove": false, "near_coral": true, "near_mpa": false, "classification_reason": "near_coral" } }, "geometry": { "type": "MultiPolygon", "coordinates": [ [ [ [ 72.812375678938523, 19.011592117920749 ], [ 72.796662217832079, 19.0217371952841 ], [ 72.811945088108473, 19.043149325591436 ], [ 72.827659923892199, 19.033003077294708 ], [ 72.812375678938523, 19.011592117920749 ] ] ] ] } },
{ "type": "Feature", "properties": { "receptor_type": "sensitive_coastline", "name": "Sensitive Coastline Segment 0564", "source": "Natural Earth 10m Physical Coastline", "source_year": 2024, "sensitivity_tier": "low", "protection_status": false, "metadata": { "segment_index": 564, "segment_length_km": 5.0, "buffer_km": 1.0, "proximity_km": 2.0, "near_mangrove": false, "near_coral": false, "near_mpa": false, "classification_reason": "no_ecological_association" } }, "geometry": { "type": "MultiPolygon", "coordinates": [ [ [ [ 72.797303337958724, 18.972251904566914 ], [ 72.779504511583042, 18.978541170498005 ], [ 72.795617549947565, 19.019809822050028 ], [ 72.813420509866162, 19.013519412175988 ], [ 72.797303337958724, 18.972251904566914 ] ] ] ] } },
{ "type": "Feature", "properties": { "receptor_type": "sensitive_coastline", "name": "Sensitive Coastline Segment 0565", "source": "Natural Earth 10m Physical Coastline", "source_year": 2024, "sensitivity_tier": "low", "protection_status": false, "metadata": { "segment_index": 565, "segment_length_km": 5.0, "buffer_km": 1.0, "proximity_km": 2.0, "near_mangrove": false, "near_coral": false, "near_mpa": false, "classification_reason": "no_ecological_association" } }, "geometry": { "type": "MultiPolygon", "coordinates": [ [ [ [ 72.784614610986651, 18.933919867495614 ], [ 72.766510272074228, 18.939349878694543 ], [ 72.779349750061996, 18.978111963092022 ], [ 72.797458143460872, 18.972681101321797 ], [ 72.784614610986651, 18.933919867495614 ] ] ] ] } },
{ "type": "Feature", "properties": { "receptor_type": "sensitive_coastline", "name": "Sensitive Coastline Segment 0566", "source": "Natural Earth 10m Physical Coastline", "source_year": 2024, "sensitivity_tier": "low", "protection_status": false, "metadata": { "segment_index": 566, "segment_length_km": 5.0, "buffer_km": 1.0, "proximity_km": 2.0, "near_mangrove": false, "near_coral": false, "near_mpa": false, "classification_reason": "no_ecological_association" } }, "geometry": { "type": "MultiPolygon", "coordinates": [ [ [ [ 72.802106883795943, 18.956628441061266 ], [ 72.809241891147948, 18.939889257105055 ], [ 72.779130996542335, 18.928266159432503 ], [ 72.771993739025277, 18.945003947587946 ], [ 72.802106883795943, 18.956628441061266 ] ] ] ] } },
{ "type": "Feature", "properties": { "receptor_type": "sensitive_coastline", "name": "Sensitive Coastline Segment 0567", "source": "Natural Earth 10m Physical Coastline", "source_year": 2024, "sensitivity_tier": "high", "protection_status": false, "metadata": { "segment_index": 567, "segment_length_km": 5.0, "buffer_km": 1.0, "proximity_km": 2.0, "near_mangrove": true, "near_coral": false, "near_mpa": false, "classification_reason": "near_mangrove" } }, "geometry": { "type": "MultiPolygon", "coordinates": [ [ [ [ 72.815912713332821, 18.90530561439423 ], [ 72.796936178535987, 18.905006895453038 ], [ 72.796183925964442, 18.948109019274366 ], [ 72.815165315165316, 18.948408305871968 ], [ 72.815912713332821, 18.90530561439423 ] ] ] ] } },
{ "type": "Feature", "properties": { "receptor_type": "sensitive_coastline", "name": "Sensitive Coastline Segment 0568", "source": "Natural Earth 10m Physical Coastline", "source_year": 2024, "sensitivity_tier": "high", "protection_status": false, "metadata": { "segment_index": 568, "segment_length_km": 5.0, "buffer_km": 1.0, "proximity_km": 2.0, "near_mangrove": true, "near_coral": false, "near_mpa": false, "classification_reason": "near_mangrove" } }, "geometry": { "type": "MultiPolygon", "coordinates": [ [ [ [ 72.822801743540722, 18.933633561305712 ], [ 72.836258817700724, 18.920893748590093 ], [ 72.813152497193869, 18.898787263797686 ], [ 72.799695814028723, 18.911525429930901 ], [ 72.822801743540722, 18.933633561305712 ] ] ] ] } },
{ "type": "Feature", "properties": { "receptor_type": "sensitive_coastline", "name": "Sensitive Coastline Segment 0569", "source": "Natural Earth 10m Physical Coastline", "source_year": 2024, "sensitivity_tier": "low", "protection_status": false, "metadata": { "segment_index": 569, "segment_length_km": 5.0, "buffer_km": 1.0, "proximity_km": 2.0, "near_mangrove": false, "near_coral": false, "near_mpa": false, "classification_reason": "no_ecological_association" } }, "geometry": { "type": "MultiPolygon", "coordinates": [ [ [ [ 72.833110605294678, 18.972871716595478 ], [ 72.851392367857159, 18.967994494191394 ], [ 72.838669001081669, 18.924825356117665 ], [ 72.820391850855771, 18.929701775450422 ], [ 72.833110605294678, 18.972871716595478 ] ] ] ] } },
{ "type": "Feature", "properties": { "receptor_type": "sensitive_coastline", "name": "Sensitive Coastline Segment 0570", "source": "Natural Earth 10m Physical Coastline", "source_year": 2024, "sensitivity_tier": "high", "protection_status": false, "metadata": { "segment_index": 570, "segment_length_km": 5.0, "buffer_km": 1.0, "proximity_km": 2.0, "near_mangrove": true, "near_coral": false, "near_mpa": false, "classification_reason": "near_mangrove" } }, "geometry": { "type": "MultiPolygon", "coordinates": [ [ [ [ 72.859188224779842, 19.013442423207099 ], [ 72.875314619248471, 19.003901422129612 ], [ 72.850313209201815, 18.965663605500364 ], [ 72.834189548992384, 18.975202684813276 ], [ 72.859188224779842, 19.013442423207099 ] ] ] ] } },
{ "type": "Feature", "properties": { "receptor_type": "sensitive_coastline", "name": "Sensitive Coastline Segment 0571", "source": "Natural Earth 10m Physical Coastline", "source_year": 2024, "sensitivity_tier": "high", "protection_status": false, "metadata": { "segment_index": 571, "segment_length_km": 5.0, "buffer_km": 1.0, "proximity_km": 2.0, "near_mangrove": true, "near_coral": false, "near_mpa": false, "classification_reason": "near_mangrove" } }, "geometry": { "type": "MultiPolygon", "coordinates": [ [ [ [ 72.89169243087575, 19.014549932818312 ], [ 72.889068278022776, 18.996658866819988 ], [ 72.865940858125342, 18.99972654395172 ], [ 72.868562512624408, 19.01761769698453 ], [ 72.89169243087575, 19.014549932818312 ] ] ] ] } },
{ "type": "Feature", "properties": { "receptor_type": "sensitive_coastline", "name": "Sensitive Coastline Segment 0572", "source": "Natural Earth 10m Physical Coastline", "source_year": 2024, "sensitivity_tier": "high", "protection_status": false, "metadata": { "segment_index": 572, "segment_length_km": 5.0, "buffer_km": 1.0, "proximity_km": 2.0, "near_mangrove": true, "near_coral": false, "near_mpa": false, "classification_reason": "near_mangrove" } }, "geometry": { "type": "MultiPolygon", "coordinates": [ [ [ [ 72.9108045019576, 19.022691555366194 ], [ 72.917579010791258, 19.005815219558563 ], [ 72.893768307532298, 18.997166710669461 ], [ 72.886991930118612, 19.014041990409545 ], [ 72.9108045019576, 19.022691555366194 ] ] ] ] } },
{ "type": "Feature", "properties": { "receptor_type": "sensitive_coastline", "name": "Sensitive Coastline Segment 0573", "source": "Natural Earth 10m Physical Coastline", "source_year": 2024, "sensitivity_tier": "high", "protection_status": false, "metadata": { "segment_index": 573, "segment_length_km": 5.0, "buffer_km": 1.0, "proximity_km": 2.0, "near_mangrove": true, "near_coral": false, "near_mpa": true, "classification_reason": "near_mangrove" } }, "geometry": { "type": "MultiPolygon", "coordinates": [ [ [ [ 72.93359167291274, 19.055643719301727 ], [ 72.949052335513102, 19.045146556271096 ], [ 72.921920984669256, 19.009005710177718 ], [ 72.906462439865393, 19.019500794087161 ], [ 72.93359167291274, 19.055643719301727 ] ] ] ] } },
{ "type": "Feature", "properties": { "receptor_type": "sensitive_coastline", "name": "Sensitive Coastline Segment 0574", "source": "Natural Earth 10m Physical Coastline", "source_year": 2024, "sensitivity_tier": "high", "protection_status": false, "metadata": { "segment_index": 574, "segment_length_km": 5.0, "buffer_km": 1.0, "proximity_km": 2.0, "near_mangrove": true, "near_coral": false, "near_mpa": true, "classification_reason": "near_mangrove" } }, "geometry": { "type": "MultiPolygon", "coordinates": [ [ [ [ 72.924856325819206, 19.084094016916964 ], [ 72.943517631759462, 19.087494862493052 ], [ 72.950651176175697, 19.052094984799428 ], [ 72.931993539926339, 19.048695209011065 ], [ 72.924856325819206, 19.084094016916964 ] ] ] ] } },
{ "type": "Feature", "properties": { "receptor_type": "sensitive_coastline", "name": "Sensitive Coastline Segment 0575", "source": "Natural Earth 10m Physical Coastline", "source_year": 2024, "sensitivity_tier": "high", "protection_status": false, "metadata": { "segment_index": 575, "segment_length_km": 5.0, "buffer_km": 1.0, "proximity_km": 2.0, "near_mangrove": true, "near_coral": false, "near_mpa": true, "classification_reason": "near_mangrove" } }, "geometry": { "type": "MultiPolygon", "coordinates": [ [ [ [ 72.938713660975168, 19.128655987218732 ], [ 72.95680559494518, 19.123121756160057 ], [ 72.943230602709846, 19.08302778812514 ], [ 72.925142857454844, 19.088561073178994 ], [ 72.938713660975168, 19.128655987218732 ] ] ] ] } },
{ "type": "Feature", "properties": { "receptor_type": "sensitive_coastline", "name": "Sensitive Coastline Segment 0576", "source": "Natural Earth 10m Physical Coastline", "source_year": 2024, "sensitivity_tier": "high", "protection_status": false, "metadata": { "segment_index": 576, "segment_length_km": 5.0, "buffer_km": 1.0, "proximity_km": 2.0, "near_mangrove": true, "near_coral": false, "near_mpa": true, "classification_reason": "near_mangrove" } }, "geometry": { "type": "MultiPolygon", "coordinates": [ [ [ [ 72.962690910356955, 19.167666711010554 ], [ 72.979057621995565, 19.158476970332494 ], [ 72.955941494397095, 19.121294936237849 ], [ 72.93957759354106, 19.130482872673245 ], [ 72.962690910356955, 19.167666711010554 ] ] ] ] } },
{ "type": "Feature", "properties": { "receptor_type": "sensitive_coastline", "name": "Sensitive Coastline Segment 0577", "source": "Natural Earth 10m Physical Coastline", "source_year": 2024, "sensitivity_tier": "high", "protection_status": false, "metadata": { "segment_index": 577, "segment_length_km": 5.0, "buffer_km": 1.0, "proximity_km": 2.0, "near_mangrove": true, "near_coral": false, "near_mpa": true, "classification_reason": "near_mangrove" } }, "geometry": { "type": "MultiPolygon", "coordinates": [ [ [ [ 72.97999929324962, 19.12174527776612 ], [ 72.960994450279571, 19.121902652027593 ], [ 72.961369712973891, 19.163150287233744 ], [ 72.980379290233145, 19.162993309770314 ], [ 72.97999929324962, 19.12174527776612 ] ] ] ] } },
{ "type": "Feature", "properties": { "receptor_type": "sensitive_coastline", "name": "Sensitive Coastline Segment 0578", "source": "Natural Earth 10m Physical Coastline", "source_year": 2024, "sensitivity_tier": "high", "protection_status": false, "metadata": { "segment_index": 578, "segment_length_km": 5.0, "buffer_km": 1.0, "proximity_km": 2.0, "near_mangrove": true, "near_coral": false, "near_mpa": true, "classification_reason": "near_mangrove" } }, "geometry": { "type": "MultiPolygon", "coordinates": [ [ [ [ 72.983565839773306, 19.079164585442953 ], [ 72.9646239768973, 19.077744685108449 ], [ 72.961023567492589, 19.121113611664814 ], [ 72.979970265477206, 19.122534329384724 ], [ 72.983565839773306, 19.079164585442953 ] ] ] ] } },
{ "type": "Feature", "properties": { "receptor_type": "sensitive_coastline", "name": "Sensitive Coastline Segment 0579", "source": "Natural Earth 10m Physical Coastline", "source_year": 2024, "sensitivity_tier": "high", "protection_status": false, "metadata": { "segment_index": 579, "segment_length_km": 5.0, "buffer_km": 1.0, "proximity_km": 2.0, "near_mangrove": true, "near_coral": false, "near_mpa": true, "classification_reason": "near_mangrove" } }, "geometry": { "type": "MultiPolygon", "coordinates": [ [ [ [ 72.990793783052624, 19.047523938368009 ], [ 72.972219920539601, 19.043732409577785 ], [ 72.964806371415079, 19.076558357781352 ], [ 72.983383572295992, 19.080350943110204 ], [ 72.990793783052624, 19.047523938368009 ] ] ] ] } },
{ "type": "Feature", "properties": { "receptor_type": "sensitive_coastline", "name": "Sensitive Coastline Segment 0580", "source": "Natural Earth 10m Physical Coastline", "source_year": 2024, "sensitivity_tier": "high", "protection_status": false, "metadata": { "segment_index": 580, "segment_length_km": 5.0, "buffer_km": 1.0, "proximity_km": 2.0, "near_mangrove": true, "near_coral": false, "near_mpa": true, "classification_reason": "near_mangrove" } }, "geometry": { "type": "MultiPolygon", "coordinates": [ [ [ [ 72.995921436900133, 19.004138663308446 ], [ 72.977045946319791, 19.002139001179398 ], [ 72.972066739072346, 19.044627861827138 ], [ 72.990946869802443, 19.046628461806471 ], [ 72.995921436900133, 19.004138663308446 ] ] ] ] } },
{ "type": "Feature", "properties": { "receptor_type": "sensitive_coastline", "name": "Sensitive Coastline Segment 0581", "source": "Natural Earth 10m Physical Coastline", "source_year": 2024, "sensitivity_tier": "high", "protection_status": false, "metadata": { "segment_index": 581, "segment_length_km": 5.0, "buffer_km": 1.0, "proximity_km": 2.0, "near_mangrove": true, "near_coral": false, "near_mpa": false, "classification_reason": "near_mangrove" } }, "geometry": { "type": "MultiPolygon", "coordinates": [ [ [ [ 73.024833886958945, 19.022621521178628 ], [ 73.029904441327147, 19.005211445180347 ], [ 72.989020587236169, 18.994434727897367 ], [ 72.983946327720702, 19.011843341439015 ], [ 73.024833886958945, 19.022621521178628 ] ] ] ] } },
{ "type": "Feature", "properties": { "receptor_type": "sensitive_coastline", "name": "Sensitive Coastline Segment 0582", "source": "Natural Earth 10m Physical Coastline", "source_year": 2024, "sensitivity_tier": "high", "protection_status": false, "metadata": { "segment_index": 582, "segment_length_km": 5.0, "buffer_km": 1.0, "proximity_km": 2.0, "near_mangrove": true, "near_coral": false, "near_mpa": false, "classification_reason": "near_mangrove" } }, "geometry": { "type": "MultiPolygon", "coordinates": [ [ [ [ 73.054455867384831, 19.008072496001127 ], [ 73.044173695296507, 18.992883034569481 ], [ 73.022229159763839, 19.006321184499896 ], [ 73.032509921631544, 19.021511741496862 ], [ 73.054455867384831, 19.008072496001127 ] ] ] ] } },
{ "type": "Feature", "properties": { "receptor_type": "sensitive_coastline", "name": "Sensitive Coastline Segment 0583", "source": "Natural Earth 10m Physical Coastline", "source_year": 2024, "sensitivity_tier": "high", "protection_status": false, "metadata": { "segment_index": 583, "segment_length_km": 5.0, "buffer_km": 1.0, "proximity_km": 2.0, "near_mangrove": true, "near_coral": false, "near_mpa": false, "classification_reason": "near_mangrove" } }, "geometry": { "type": "MultiPolygon", "coordinates": [ [ [ [ 73.009843242714993, 18.977846387951161 ], [ 73.003599212519873, 18.994907511465733 ], [ 73.046194129980179, 19.009009215827035 ], [ 73.052434629477276, 18.991946333335449 ], [ 73.009843242714993, 18.977846387951161 ] ] ] ] } },
{ "type": "Feature", "properties": { "receptor_type": "sensitive_coastline", "name": "Sensitive Coastline Segment 0584", "source": "Natural Earth 10m Physical Coastline", "source_year": 2024, "sensitivity_tier": "high", "protection_status": false, "metadata": { "segment_index": 584, "segment_length_km": 5.0, "buffer_km": 1.0, "proximity_km": 2.0, "near_mangrove": true, "near_coral": false, "near_mpa": false, "classification_reason": "near_mangrove" } }, "geometry": { "type": "MultiPolygon", "coordinates": [ [ [ [ 72.965043964775987, 18.963469171991626 ], [ 72.958972276304124, 18.980585881120362 ], [ 73.003687262906396, 18.99493621464579 ], [ 73.009755199671957, 18.977817688377996 ], [ 72.965043964775987, 18.963469171991626 ] ] ] ] } },
{ "type": "Feature", "properties": { "receptor_type": "sensitive_coastline", "name": "Sensitive Coastline Segment 0585", "source": "Natural Earth 10m Physical Coastline", "source_year": 2024, "sensitivity_tier": "high", "protection_status": false, "metadata": { "segment_index": 585, "segment_length_km": 5.0, "buffer_km": 1.0, "proximity_km": 2.0, "near_mangrove": true, "near_coral": false, "near_mpa": false, "classification_reason": "near_mangrove" } }, "geometry": { "type": "MultiPolygon", "coordinates": [ [ [ [ 72.988545557030022, 18.972973655744287 ], [ 72.982424687410969, 18.955872636325374 ], [ 72.958949136412826, 18.963476762589963 ], [ 72.965067727502813, 18.980578348025304 ], [ 72.988545557030022, 18.972973655744287 ] ] ] ] } },
{ "type": "Feature", "properties": { "receptor_type": "sensitive_coastline", "name": "Sensitive Coastline Segment 0586", "source": "Natural Earth 10m Physical Coastline", "source_year": 2024, "sensitivity_tier": "high", "protection_status": false, "metadata": { "segment_index": 586, "segment_length_km": 5.0, "buffer_km": 1.0, "proximity_km": 2.0, "near_mangrove": true, "near_coral": false, "near_mpa": false, "classification_reason": "near_mangrove" } }, "geometry": { "type": "MultiPolygon", "coordinates": [ [ [ [ 72.956934029490867, 18.942304098536209 ], [ 72.949146085058928, 18.95877940699431 ], [ 72.981591937115525, 18.972661542165877 ], [ 72.989377618539223, 18.956184654831393 ], [ 72.956934029490867, 18.942304098536209 ] ] ] ] } },
{ "type": "Feature", "properties": { "receptor_type": "sensitive_coastline", "name": "Sensitive Coastline Segment 0587", "source": "Natural Earth 10m Physical Coastline", "source_year": 2024, "sensitivity_tier": "high", "protection_status": false, "metadata": { "segment_index": 587, "segment_length_km": 5.0, "buffer_km": 1.0, "proximity_km": 2.0, "near_mangrove": true, "near_coral": false, "near_mpa": false, "classification_reason": "near_mangrove" } }, "geometry": { "type": "MultiPolygon", "coordinates": [ [ [ [ 72.94147300842701, 18.914351713005939 ], [ 72.925155989900915, 18.923582301991345 ], [ 72.944880369428958, 18.955157667403018 ], [ 72.961199736186956, 18.945925558924866 ], [ 72.94147300842701, 18.914351713005939 ] ] ] ] } },
{ "type": "Feature", "properties": { "receptor_type": "sensitive_coastline", "name": "Sensitive Coastline Segment 0588", "source": "Natural Earth 10m Physical Coastline", "source_year": 2024, "sensitivity_tier": "high", "protection_status": false, "metadata": { "segment_index": 588, "segment_length_km": 5.0, "buffer_km": 1.0, "proximity_km": 2.0, "near_mangrove": true, "near_coral": false, "near_mpa": false, "classification_reason": "near_mangrove" } }, "geometry": { "type": "MultiPolygon", "coordinates": [ [ [ [ 72.907797116961603, 18.899962981716271 ], [ 72.900989737865999, 18.91682584692289 ], [ 72.929911956597678, 18.927399231207971 ], [ 72.936717086106583, 18.910535085411333 ], [ 72.907797116961603, 18.899962981716271 ] ] ] ] } },
{ "type": "Feature", "properties": { "receptor_type": "sensitive_coastline", "name": "Sensitive Coastline Segment 0589", "source": "Natural Earth 10m Physical Coastline", "source_year": 2024, "sensitivity_tier": "high", "protection_status": false, "metadata": { "segment_index": 589, "segment_length_km": 5.0, "buffer_km": 1.0, "proximity_km": 2.0, "near_mangrove": true, "near_coral": false, "near_mpa": false, "classification_reason": "near_mangrove" } }, "geometry": { "type": "MultiPolygon", "coordinates": [ [ [ [ 72.924870983169029, 18.873658845470512 ], [ 72.906647043883282, 18.868621912559469 ], [ 72.895280077409168, 18.90587506161204 ], [ 72.913507474311899, 18.910913447709834 ], [ 72.924870983169029, 18.873658845470512 ] ] ] ] } },
{ "type": "Feature", "properties": { "receptor_type": "sensitive_coastline", "name": "Sensitive Coastline Segment 0590", "source": "Natural Earth 10m Physical Coastline", "source_year": 2024, "sensitivity_tier": "high", "protection_status": false, "metadata": { "segment_index": 590, "segment_length_km": 5.0, "buffer_km": 1.0, "proximity_km": 2.0, "near_mangrove": true, "near_coral": false, "near_mpa": false, "classification_reason": "near_mangrove" } }, "geometry": { "type": "MultiPolygon", "coordinates": [ [ [ [ 72.96057720730353, 18.872829419390715 ], [ 72.957297364432264, 18.855035998484968 ], [ 72.914121286618482, 18.862243712866935 ], [ 72.917396549016928, 18.88003746057565 ], [ 72.96057720730353, 18.872829419390715 ] ] ] ] } },
{ "type": "Feature", "properties": { "receptor_type": "sensitive_coastline", "name": "Sensitive Coastline Segment 0591", "source": "Natural Earth 10m Physical Coastline", "source_year": 2024, "sensitivity_tier": "high", "protection_status": false, "metadata": { "segment_index": 591, "segment_length_km": 5.0, "buffer_km": 1.0, "proximity_km": 2.0, "near_mangrove": true, "near_coral": false, "near_mpa": false, "classification_reason": "near_mangrove" } }, "geometry": { "type": "MultiPolygon", "coordinates": [ [ [ [ 72.98084718514157, 18.862733842838832 ], [ 72.971674479576919, 18.84691933270603 ], [ 72.954351725561608, 18.856025050696758 ], [ 72.963523123946374, 18.87184029449735 ], [ 72.98084718514157, 18.862733842838832 ] ] ] ] } },
{ "type": "Feature", "properties": { "receptor_type": "sensitive_coastline", "name": "Sensitive Coastline Segment 0592", "source": "Natural Earth 10m Physical Coastline", "source_year": 2024, "sensitivity_tier": "high", "protection_status": false, "metadata": { "segment_index": 592, "segment_length_km": 5.0, "buffer_km": 1.0, "proximity_km": 2.0, "near_mangrove": true, "near_coral": false, "near_mpa": false, "classification_reason": "near_mangrove" } }, "geometry": { "type": "MultiPolygon", "coordinates": [ [ [ [ 73.007266508494823, 18.825275882874553 ], [ 72.991262404500674, 18.815574432619535 ], [ 72.968258052919424, 18.84997468787056 ], [ 72.984263689987827, 18.859678263213297 ], [ 73.007266508494823, 18.825275882874553 ] ] ] ] } },
{ "type": "Feature", "properties": { "receptor_type": "sensitive_coastline", "name": "Sensitive Coastline Segment 0593", "source": "Natural Earth 10m Physical Coastline", "source_year": 2024, "sensitivity_tier": "high", "protection_status": false, "metadata": { "segment_index": 593, "segment_length_km": 5.0, "buffer_km": 1.0, "proximity_km": 2.0, "near_mangrove": true, "near_coral": false, "near_mpa": false, "classification_reason": "near_mangrove" } }, "geometry": { "type": "MultiPolygon", "coordinates": [ [ [ [ 73.007670834259144, 18.792367181069537 ], [ 72.98871509264977, 18.793031569391747 ], [ 72.989784788022916, 18.820757169984088 ], [ 73.008743656552397, 18.82009296311923 ], [ 73.007670834259144, 18.792367181069537 ] ] ] ] } },
{ "type": "Feature", "properties": { "receptor_type": "sensitive_coastline", "name": "Sensitive Coastline Segment 0594", "source": "Natural Earth 10m Physical Coastline", "source_year": 2024, "sensitivity_tier": "high", "protection_status": false, "metadata": { "segment_index": 594, "segment_length_km": 5.0, "buffer_km": 1.0, "proximity_km": 2.0, "near_mangrove": true, "near_coral": false, "near_mpa": false, "classification_reason": "near_mangrove" } }, "geometry": { "type": "MultiPolygon", "coordinates": [ [ [ [ 72.998763250449315, 18.747623086891092 ], [ 72.980139647701208, 18.751028821497403 ], [ 72.988878699033322, 18.794402457752309 ], [ 73.007507074208277, 18.790996294933876 ], [ 72.998763250449315, 18.747623086891092 ] ] ] ] } },
{ "type": "Feature", "properties": { "receptor_type": "sensitive_coastline", "name": "Sensitive Coastline Segment 0595", "source": "Natural Earth 10m Physical Coastline", "source_year": 2024, "sensitivity_tier": "high", "protection_status": false, "metadata": { "segment_index": 595, "segment_length_km": 5.0, "buffer_km": 1.0, "proximity_km": 2.0, "near_mangrove": true, "near_coral": false, "near_mpa": false, "classification_reason": "near_mangrove" } }, "geometry": { "type": "MultiPolygon", "coordinates": [ [ [ [ 72.974921588981204, 18.735842423313034 ], [ 72.969572976864256, 18.753174573925495 ], [ 72.986777807790759, 18.757992552218536 ], [ 72.99212491619042, 18.740659766543168 ], [ 72.974921588981204, 18.735842423313034 ] ] ] ] } },
{ "type": "Feature", "properties": { "receptor_type": "sensitive_coastline", "name": "Sensitive Coastline Segment 0596", "source": "Natural Earth 10m Physical Coastline", "source_year": 2024, "sensitivity_tier": "high", "protection_status": false, "metadata": { "segment_index": 596, "segment_length_km": 5.0, "buffer_km": 1.0, "proximity_km": 2.0, "near_mangrove": true, "near_coral": false, "near_mpa": false, "classification_reason": "near_mangrove" } }, "geometry": { "type": "MultiPolygon", "coordinates": [ [ [ [ 72.960326068274654, 18.784184695674362 ], [ 72.979261448670741, 18.785233626794938 ], [ 72.981712972809561, 18.745032429343244 ], [ 72.962782016617354, 18.743984165728804 ], [ 72.960326068274654, 18.784184695674362 ] ] ] ] } },
{ "type": "Feature", "properties": { "receptor_type": "sensitive_coastline", "name": "Sensitive Coastline Segment 0597", "source": "Natural Earth 10m Physical Coastline", "source_year": 2024, "sensitivity_tier": "high", "protection_status": false, "metadata": { "segment_index": 597, "segment_length_km": 5.0, "buffer_km": 1.0, "proximity_km": 2.0, "near_mangrove": true, "near_coral": false, "near_mpa": false, "classification_reason": "near_mangrove" } }, "geometry": { "type": "MultiPolygon", "coordinates": [ [ [ [ 72.930741844459149, 18.811855333980361 ], [ 72.944713679137223, 18.824075436099669 ], [ 72.976779912302732, 18.790818139331996 ], [ 72.962808004639299, 18.778600440330127 ], [ 72.930741844459149, 18.811855333980361 ] ] ] ] } },
{ "type": "Feature", "properties": { "receptor_type": "sensitive_coastline", "name": "Sensitive Coastline Segment 0598", "source": "Natural Earth 10m Physical Coastline", "source_year": 2024, "sensitivity_tier": "high", "protection_status": false, "metadata": { "segment_index": 598, "segment_length_km": 5.0, "buffer_km": 1.0, "proximity_km": 2.0, "near_mangrove": true, "near_coral": false, "near_mpa": false, "classification_reason": "near_mangrove" } }, "geometry": { "type": "MultiPolygon", "coordinates": [ [ [ [ 72.916208765551886, 18.79251952838116 ], [ 72.905299236140593, 18.807297622742706 ], [ 72.932272923788844, 18.825355269007513 ], [ 72.943181595775897, 18.810575507594752 ], [ 72.916208765551886, 18.79251952838116 ] ] ] ] } },
{ "type": "Feature", "properties": { "receptor_type": "sensitive_coastline", "name": "Sensitive Coastline Segment 0599", "source": "Natural Earth 10m Physical Coastline", "source_year": 2024, "sensitivity_tier": "high", "protection_status": false, "metadata": { "segment_index": 599, "segment_length_km": 5.0, "buffer_km": 1.0, "proximity_km": 2.0, "near_mangrove": true, "near_coral": false, "near_mpa": false, "classification_reason": "near_mangrove" } }, "geometry": { "type": "MultiPolygon", "coordinates": [ [ [ [ 72.867247195227392, 18.791407061178315 ], [ 72.867488103342026, 18.809470076634891 ], [ 72.910877005587324, 18.808940384839651 ], [ 72.910631451738794, 18.790876970627721 ], [ 72.867247195227392, 18.791407061178315 ] ] ] ] } },
{ "type": "Feature", "properties": { "receptor_type": "sensitive_coastline", "name": "Sensitive Coastline Segment 0600", "source": "Natural Earth 10m Physical Coastline", "source_year": 2024, "sensitivity_tier": "low", "protection_status": false, "metadata": { "segment_index": 600, "segment_length_km": 5.0, "buffer_km": 1.0, "proximity_km": 2.0, "near_mangrove": false, "near_coral": false, "near_mpa": false, "classification_reason": "no_ecological_association" } }, "geometry": { "type": "MultiPolygon", "coordinates": [ [ [ [ 72.86119998840141, 18.756178528188673 ], [ 72.843294699096163, 18.762127897731389 ], [ 72.858412810677265, 18.803413548355131 ], [ 72.876322253868452, 18.797463134193322 ], [ 72.86119998840141, 18.756178528188673 ] ] ] ] } },
{ "type": "Feature", "properties": { "receptor_type": "sensitive_coastline", "name": "Sensitive Coastline Segment 0601", "source": "Natural Earth 10m Physical Coastline", "source_year": 2024, "sensitivity_tier": "low", "protection_status": false, "metadata": { "segment_index": 601, "segment_length_km": 5.0, "buffer_km": 1.0, "proximity_km": 2.0, "near_mangrove": false, "near_coral": false, "near_mpa": false, "classification_reason": "no_ecological_association" } }, "geometry": { "type": "MultiPolygon", "coordinates": [ [ [ [ 72.861740597568996, 18.714019829379154 ], [ 72.842782402423595, 18.714014747081215 ], [ 72.842765888135247, 18.75915040851983 ], [ 72.861729125419117, 18.759155997546976 ], [ 72.861740597568996, 18.714019829379154 ] ] ] ] } },
{ "type": "Feature", "properties": { "receptor_type": "sensitive_coastline", "name": "Sensitive Coastline Segment 0602", "source": "Natural Earth 10m Physical Coastline", "source_year": 2024, "sensitivity_tier": "low", "protection_status": false, "metadata": { "segment_index": 602, "segment_length_km": 5.0, "buffer_km": 1.0, "proximity_km": 2.0, "near_mangrove": false, "near_coral": false, "near_mpa": false, "classification_reason": "no_ecological_association" } }, "geometry": { "type": "MultiPolygon", "coordinates": [ [ [ [ 72.868052946247175, 18.670634438440487 ], [ 72.849274403378999, 18.668186991476347 ], [ 72.842869950425836, 18.712793017922277 ], [ 72.861653182650443, 18.71524158076322 ], [ 72.868052946247175, 18.670634438440487 ] ] ] ] } },
{ "type": "Feature", "properties": { "receptor_type": "sensitive_coastline", "name": "Sensitive Coastline Segment 0603", "source": "Natural Earth 10m Physical Coastline", "source_year": 2024, "sensitivity_tier": "high", "protection_status": false, "metadata": { "segment_index": 603, "segment_length_km": 5.0, "buffer_km": 1.0, "proximity_km": 2.0, "near_mangrove": true, "near_coral": false, "near_mpa": false, "classification_reason": "near_mangrove" } }, "geometry": { "type": "MultiPolygon", "coordinates": [ [ [ [ 72.891040276700295, 18.638146831335153 ], [ 72.875104802292839, 18.628371436802741 ], [ 72.850695322851323, 18.664521980998998 ], [ 72.866632320132439, 18.674299610557416 ], [ 72.891040276700295, 18.638146831335153 ] ] ] ] } },
{ "type": "Feature", "properties": { "receptor_type": "sensitive_coastline", "name": "Sensitive Coastline Segment 0604", "source": "Natural Earth 10m Physical Coastline", "source_year": 2024, "sensitivity_tier": "high", "protection_status": false, "metadata": { "segment_index": 604, "segment_length_km": 5.0, "buffer_km": 1.0, "proximity_km": 2.0, "near_mangrove": true, "near_coral": false, "near_mpa": false, "classification_reason": "near_mangrove" } }, "geometry": { "type": "MultiPolygon", "coordinates": [ [ [ [ 72.90895527532372, 18.594371215626975 ], [ 72.89127877724971, 18.587871829858045 ], [ 72.874232559427526, 18.630008425219287 ], [ 72.891912417073442, 18.636509754309422 ], [ 72.90895527532372, 18.594371215626975 ] ] ] ] } },
{ "type": "Feature", "properties": { "receptor_type": "sensitive_coastline", "name": "Sensitive Coastline Segment 0605", "source": "Natural Earth 10m Physical Coastline", "source_year": 2024, "sensitivity_tier": "high", "protection_status": false, "metadata": { "segment_index": 605, "segment_length_km": 5.0, "buffer_km": 1.0, "proximity_km": 2.0, "near_mangrove": true, "near_coral": false, "near_mpa": false, "classification_reason": "near_mangrove" } }, "geometry": { "type": "MultiPolygon", "coordinates": [ [ [ [ 72.929708850973029, 18.559360083600513 ], [ 72.913197824594548, 18.550507098539292 ], [ 72.891860563432161, 18.586694023953992 ], [ 72.908373569183212, 18.595549082529789 ], [ 72.929708850973029, 18.559360083600513 ] ] ] ] } },
{ "type": "Feature", "properties": { "receptor_type": "sensitive_coastline", "name": "Sensitive Coastline Segment 0606", "source": "Natural Earth 10m Physical Coastline", "source_year": 2024, "sensitivity_tier": "high", "protection_status": false, "metadata": { "segment_index": 606, "segment_length_km": 5.0, "buffer_km": 1.0, "proximity_km": 2.0, "near_mangrove": true, "near_coral": false, "near_mpa": false, "classification_reason": "near_mangrove" } }, "geometry": { "type": "MultiPolygon", "coordinates": [ [ [ [ 72.965136347643011, 18.558707764072349 ], [ 72.962729407451818, 18.540788298598319 ], [ 72.920251919355678, 18.545973963435681 ], [ 72.922654379200495, 18.563893536978227 ], [ 72.965136347643011, 18.558707764072349 ] ] ] ] } },
{ "type": "Feature", "properties": { "receptor_type": "sensitive_coastline", "name": "Sensitive Coastline Segment 0607", "source": "Natural Earth 10m Physical Coastline", "source_year": 2024, "sensitivity_tier": "high", "protection_status": false, "metadata": { "segment_index": 607, "segment_length_km": 5.0, "buffer_km": 1.0, "proximity_km": 2.0, "near_mangrove": true, "near_coral": false, "near_mpa": false, "classification_reason": "near_mangrove" } }, "geometry": { "type": "MultiPolygon", "coordinates": [ [ [ [ 72.98999513074331, 18.511639607192727 ], [ 72.972396225689735, 18.504969557528529 ], [ 72.95513195786603, 18.546411856255247 ], [ 72.972734099055373, 18.553083831106097 ], [ 72.98999513074331, 18.511639607192727 ] ] ] ] } },
{ "type": "Feature", "properties": { "receptor_type": "sensitive_coastline", "name": "Sensitive Coastline Segment 0608", "source": "Natural Earth 10m Physical Coastline", "source_year": 2024, "sensitivity_tier": "high", "protection_status": false, "metadata": { "segment_index": 608, "segment_length_km": 5.0, "buffer_km": 1.0, "proximity_km": 2.0, "near_mangrove": true, "near_coral": false, "near_mpa": false, "classification_reason": "near_mangrove" } }, "geometry": { "type": "MultiPolygon", "coordinates": [ [ [ [ 73.017316811614748, 18.480441177263458 ], [ 73.002661149052557, 18.469003124732371 ], [ 72.973867667209376, 18.502584483194099 ], [ 72.988523808992767, 18.514024818952262 ], [ 73.017316811614748, 18.480441177263458 ] ] ] ] } },
{ "type": "Feature", "properties": { "receptor_type": "sensitive_coastline", "name": "Sensitive Coastline Segment 0609", "source": "Natural Earth 10m Physical Coastline", "source_year": 2024, "sensitivity_tier": "high", "protection_status": false, "metadata": { "segment_index": 609, "segment_length_km": 5.0, "buffer_km": 1.0, "proximity_km": 2.0, "near_mangrove": true, "near_coral": false, "near_mpa": false, "classification_reason": "near_mangrove" } }, "geometry": { "type": "MultiPolygon", "coordinates": [ [ [ [ 73.002004219964391, 18.456883266760482 ], [ 72.99005887434636, 18.470899483226603 ], [ 73.004015911913029, 18.481730711107222 ], [ 73.015961056852206, 18.467713592557963 ], [ 73.002004219964391, 18.456883266760482 ] ] ] ] } },
{ "type": "Feature", "properties": { "receptor_type": "sensitive_coastline", "name": "Sensitive Coastline Segment 0610", "source": "Natural Earth 10m Physical Coastline", "source_year": 2024, "sensitivity_tier": "high", "protection_status": false, "metadata": { "segment_index": 610, "segment_length_km": 5.0, "buffer_km": 1.0, "proximity_km": 2.0, "near_mangrove": true, "near_coral": false, "near_mpa": false, "classification_reason": "near_mangrove" } }, "geometry": { "type": "MultiPolygon", "coordinates": [ [ [ [ 72.962767810553217, 18.497066283822907 ], [ 72.978757672102788, 18.506744043675813 ], [ 73.004026130686483, 18.468729075587625 ], [ 72.988037928814649, 18.459053616870023 ], [ 72.962767810553217, 18.497066283822907 ] ] ] ] } },
{ "type": "Feature", "properties": { "receptor_type": "sensitive_coastline", "name": "Sensitive Coastline Segment 0611", "source": "Natural Earth 10m Physical Coastline", "source_year": 2024, "sensitivity_tier": "high", "protection_status": false, "metadata": { "segment_index": 611, "segment_length_km": 5.0, "buffer_km": 1.0, "proximity_km": 2.0, "near_mangrove": true, "near_coral": false, "near_mpa": false, "classification_reason": "near_mangrove" } }, "geometry": { "type": "MultiPolygon", "coordinates": [ [ [ [ 72.932838485923554, 18.527257624350508 ], [ 72.946647804746945, 18.539621108202827 ], [ 72.977667505032713, 18.508085820850763 ], [ 72.963858005817727, 18.495724595579716 ], [ 72.932838485923554, 18.527257624350508 ] ] ] ] } },
{ "type": "Feature", "properties": { "receptor_type": "sensitive_coastline", "name": "Sensitive Coastline Segment 0612", "source": "Natural Earth 10m Physical Coastline", "source_year": 2024, "sensitivity_tier": "high", "protection_status": false, "metadata": { "segment_index": 612, "segment_length_km": 5.0, "buffer_km": 1.0, "proximity_km": 2.0, "near_mangrove": true, "near_coral": true, "near_mpa": false, "classification_reason": "near_mangrove_and_coral" } }, "geometry": { "type": "MultiPolygon", "coordinates": [ [ [ [ 72.906674947819837, 18.506684508628833 ], [ 72.897873721836419, 18.522680119284328 ], [ 72.935343137646029, 18.54143818386467 ], [ 72.944142213984975, 18.525440607746575 ], [ 72.906674947819837, 18.506684508628833 ] ] ] ] } },
{ "type": "Feature", "properties": { "receptor_type": "sensitive_coastline", "name": "Sensitive Coastline Segment 0613", "source": "Natural Earth 10m Physical Coastline", "source_year": 2024, "sensitivity_tier": "high", "protection_status": false, "metadata": { "segment_index": 613, "segment_length_km": 5.0, "buffer_km": 1.0, "proximity_km": 2.0, "near_mangrove": false, "near_coral": true, "near_mpa": false, "classification_reason": "near_coral" } }, "geometry": { "type": "MultiPolygon", "coordinates": [ [ [ [ 72.900209010440861, 18.469279366361143 ], [ 72.881835378471308, 18.473633608741981 ], [ 72.893085359969575, 18.516859595982808 ], [ 72.911463561613303, 18.512504710839671 ], [ 72.900209010440861, 18.469279366361143 ] ] ] ] } },
{ "type": "Feature", "properties": { "receptor_type": "sensitive_coastline", "name": "Sensitive Coastline Segment 0614", "source": "Natural Earth 10m Physical Coastline", "source_year": 2024, "sensitivity_tier": "high", "protection_status": false, "metadata": { "segment_index": 614, "segment_length_km": 5.0, "buffer_km": 1.0, "proximity_km": 2.0, "near_mangrove": false, "near_coral": true, "near_mpa": false, "classification_reason": "near_coral" } }, "geometry": { "type": "MultiPolygon", "coordinates": [ [ [ [ 72.902187881622197, 18.427037619597975 ], [ 72.883273534477624, 18.426380164503929 ], [ 72.881562727478951, 18.471127430594109 ], [ 72.900481935568607, 18.471785544977784 ], [ 72.902187881622197, 18.427037619597975 ] ] ] ] } },
{ "type": "Feature", "properties": { "receptor_type": "sensitive_coastline", "name": "Sensitive Coastline Segment 0615", "source": "Natural Earth 10m Physical Coastline", "source_year": 2024, "sensitivity_tier": "high", "protection_status": false, "metadata": { "segment_index": 615, "segment_length_km": 5.0, "buffer_km": 1.0, "proximity_km": 2.0, "near_mangrove": true, "near_coral": false, "near_mpa": false, "classification_reason": "near_mangrove" } }, "geometry": { "type": "MultiPolygon", "coordinates": [ [ [ [ 72.921020317247823, 18.390348567563436 ], [ 72.90388376864351, 18.382686618246161 ], [ 72.8841612382042, 18.422876945491694 ], [ 72.901300503389848, 18.43054095610929 ], [ 72.921020317247823, 18.390348567563436 ] ] ] ] } },
{ "type": "Feature", "properties": { "receptor_type": "sensitive_coastline", "name": "Sensitive Coastline Segment 0616", "source": "Natural Earth 10m Physical Coastline", "source_year": 2024, "sensitivity_tier": "high", "protection_status": false, "metadata": { "segment_index": 616, "segment_length_km": 5.0, "buffer_km": 1.0, "proximity_km": 2.0, "near_mangrove": true, "near_coral": true, "near_mpa": false, "classification_reason": "near_mangrove_and_coral" } }, "geometry": { "type": "MultiPolygon", "coordinates": [ [ [ [ 72.938312139815977, 18.360991835701473 ], [ 72.921814556833127, 18.352147896939453 ], [ 72.904202460504123, 18.382094791419906 ], [ 72.920701661490256, 18.390940426334272 ], [ 72.938312139815977, 18.360991835701473 ] ] ] ] } },
{ "type": "Feature", "properties": { "receptor_type": "sensitive_coastline", "name": "Sensitive Coastline Segment 0617", "source": "Natural Earth 10m Physical Coastline", "source_year": 2024, "sensitivity_tier": "high", "protection_status": false, "metadata": { "segment_index": 617, "segment_length_km": 5.0, "buffer_km": 1.0, "proximity_km": 2.0, "near_mangrove": true, "near_coral": true, "near_mpa": false, "classification_reason": "near_mangrove_and_coral" } }, "geometry": { "type": "MultiPolygon", "coordinates": [ [ [ [ 72.970231231395957, 18.33470513349296 ], [ 72.957697902296971, 18.321173104262289 ], [ 72.92379723021665, 18.349802861186795 ], [ 72.936329501855141, 18.363337026884814 ], [ 72.970231231395957, 18.33470513349296 ] ] ] ] } },
{ "type": "Feature", "properties": { "receptor_type": "sensitive_coastline", "name": "Sensitive Coastline Segment 0618", "source": "Natural Earth 10m Physical Coastline", "source_year": 2024, "sensitivity_tier": "high", "protection_status": false, "metadata": { "segment_index": 618, "segment_length_km": 5.0, "buffer_km": 1.0, "proximity_km": 2.0, "near_mangrove": true, "near_coral": false, "near_mpa": false, "classification_reason": "near_mangrove" } }, "geometry": { "type": "MultiPolygon", "coordinates": [ [ [ [ 72.985561010717007, 18.299394814339635 ], [ 72.967902486663561, 18.292923349940335 ], [ 72.955133998046634, 18.324702563827067 ], [ 72.972795020155431, 18.331175458724594 ], [ 72.985561010717007, 18.299394814339635 ] ] ] ] } },
{ "type": "Feature", "properties": { "receptor_type": "sensitive_coastline", "name": "Sensitive Coastline Segment 0619", "source": "Natural Earth 10m Physical Coastline", "source_year": 2024, "sensitivity_tier": "high", "protection_status": false, "metadata": { "segment_index": 619, "segment_length_km": 5.0, "buffer_km": 1.0, "proximity_km": 2.0, "near_mangrove": true, "near_coral": false, "near_mpa": false, "classification_reason": "near_mangrove" } }, "geometry": { "type": "MultiPolygon", "coordinates": [ [ [ [ 73.022533664800974, 18.288259351740411 ], [ 73.01545979790987, 18.271503806574948 ], [ 72.973196652111326, 18.287780873421102 ], [ 72.980266784117347, 18.304537629166933 ], [ 73.022533664800974, 18.288259351740411 ] ] ] ] } },
{ "type": "Feature", "properties": { "receptor_type": "sensitive_coastline", "name": "Sensitive Coastline Segment 0620", "source": "Natural Earth 10m Physical Coastline", "source_year": 2024, "sensitivity_tier": "high", "protection_status": false, "metadata": { "segment_index": 620, "segment_length_km": 5.0, "buffer_km": 1.0, "proximity_km": 2.0, "near_mangrove": true, "near_coral": false, "near_mpa": false, "classification_reason": "near_mangrove" } }, "geometry": { "type": "MultiPolygon", "coordinates": [ [ [ [ 73.065560838879335, 18.285663950693628 ], [ 73.064169487093253, 18.267645501277464 ], [ 73.018303306727091, 18.270872431131743 ], [ 73.0196898744924, 18.288890763475198 ], [ 73.065560838879335, 18.285663950693628 ] ] ] ] } },
{ "type": "Feature", "properties": { "receptor_type": "sensitive_coastline", "name": "Sensitive Coastline Segment 0621", "source": "Natural Earth 10m Physical Coastline", "source_year": 2024, "sensitivity_tier": "high", "protection_status": false, "metadata": { "segment_index": 621, "segment_length_km": 5.0, "buffer_km": 1.0, "proximity_km": 2.0, "near_mangrove": true, "near_coral": false, "near_mpa": false, "classification_reason": "near_mangrove" } }, "geometry": { "type": "MultiPolygon", "coordinates": [ [ [ [ 73.080020948291121, 18.238188823474168 ], [ 73.061293730327606, 18.235695660625364 ], [ 73.055499600565554, 18.275407449486028 ], [ 73.074230880802858, 18.277901559508816 ], [ 73.080020948291121, 18.238188823474168 ] ] ] ] } },
{ "type": "Feature", "properties": { "receptor_type": "sensitive_coastline", "name": "Sensitive Coastline Segment 0622", "source": "Natural Earth 10m Physical Coastline", "source_year": 2024, "sensitivity_tier": "high", "protection_status": false, "metadata": { "segment_index": 622, "segment_length_km": 5.0, "buffer_km": 1.0, "proximity_km": 2.0, "near_mangrove": true, "near_coral": false, "near_mpa": false, "classification_reason": "near_mangrove" } }, "geometry": { "type": "MultiPolygon", "coordinates": [ [ [ [ 73.073636979409343, 18.193273322009667 ], [ 73.054925869318254, 18.195844201170331 ], [ 73.061299365280519, 18.238227767683043 ], [ 73.08001504197172, 18.235656691679843 ], [ 73.073636979409343, 18.193273322009667 ] ] ] ] } },
{ "type": "Feature", "properties": { "receptor_type": "sensitive_coastline", "name": "Sensitive Coastline Segment 0623", "source": "Natural Earth 10m Physical Coastline", "source_year": 2024, "sensitivity_tier": "high", "protection_status": false, "metadata": { "segment_index": 623, "segment_length_km": 5.0, "buffer_km": 1.0, "proximity_km": 2.0, "near_mangrove": true, "near_coral": false, "near_mpa": false, "classification_reason": "near_mangrove" } }, "geometry": { "type": "MultiPolygon", "coordinates": [ [ [ [ 73.04958485740552, 18.203508213121683 ], [ 73.066766825825326, 18.211043805308396 ], [ 73.072872218401315, 18.198326301488457 ], [ 73.055691122369765, 18.190791339593336 ], [ 73.04958485740552, 18.203508213121683 ] ] ] ] } },
{ "type": "Feature", "properties": { "receptor_type": "sensitive_coastline", "name": "Sensitive Coastline Segment 0624", "source": "Natural Earth 10m Physical Coastline", "source_year": 2024, "sensitivity_tier": "high", "protection_status": false, "metadata": { "segment_index": 624, "segment_length_km": 5.0, "buffer_km": 1.0, "proximity_km": 2.0, "near_mangrove": true, "near_coral": false, "near_mpa": false, "classification_reason": "near_mangrove" } }, "geometry": { "type": "MultiPolygon", "coordinates": [ [ [ [ 73.026913088648101, 18.23122574460437 ], [ 73.041885412673636, 18.242259343747854 ], [ 73.065661726137392, 18.212791897446827 ], [ 73.050690039928824, 18.201760221673762 ], [ 73.026913088648101, 18.23122574460437 ] ] ] ] } },
{ "type": "Feature", "properties": { "receptor_type": "sensitive_coastline", "name": "Sensitive Coastline Segment 0625", "source": "Natural Earth 10m Physical Coastline", "source_year": 2024, "sensitivity_tier": "high", "protection_status": false, "metadata": { "segment_index": 625, "segment_length_km": 5.0, "buffer_km": 1.0, "proximity_km": 2.0, "near_mangrove": true, "near_coral": false, "near_mpa": false, "classification_reason": "near_mangrove" } }, "geometry": { "type": "MultiPolygon", "coordinates": [ [ [ [ 72.9866694468856, 18.235718425869749 ], [ 72.989994181028237, 18.253503646394368 ], [ 73.03606379124443, 18.24563510125796 ], [ 73.032734348932749, 18.227850231849079 ], [ 72.9866694468856, 18.235718425869749 ] ] ] ] } },
{ "type": "Feature", "properties": { "receptor_type": "sensitive_coastline", "name": "Sensitive Coastline Segment 0626", "source": "Natural Earth 10m Physical Coastline", "source_year": 2024, "sensitivity_tier": "high", "protection_status": false, "metadata": { "segment_index": 626, "segment_length_km": 5.0, "buffer_km": 1.0, "proximity_km": 2.0, "near_mangrove": true, "near_coral": true, "near_mpa": false, "classification_reason": "near_mangrove_and_coral" } }, "geometry": { "type": "MultiPolygon", "coordinates": [ [ [ [ 72.95205906755713, 18.263567509878715 ], [ 72.964686334354582, 18.277016067267667 ], [ 72.994646063522111, 18.251334284466697 ], [ 72.982017922484673, 18.23788762795138 ], [ 72.95205906755713, 18.263567509878715 ] ] ] ] } },
{ "type": "Feature", "properties": { "receptor_type": "sensitive_coastline", "name": "Sensitive Coastline Segment 0627", "source": "Natural Earth 10m Physical Coastline", "source_year": 2024, "sensitivity_tier": "high", "protection_status": false, "metadata": { "segment_index": 627, "segment_length_km": 5.0, "buffer_km": 1.0, "proximity_km": 2.0, "near_mangrove": true, "near_coral": true, "near_mpa": false, "classification_reason": "near_mangrove_and_coral" } }, "geometry": { "type": "MultiPolygon", "coordinates": [ [ [ [ 72.934485322617306, 18.258832853404613 ], [ 72.932524940888769, 18.276801622678761 ], [ 72.957393433715026, 18.279276495142909 ], [ 72.959351336551521, 18.261307224285151 ], [ 72.934485322617306, 18.258832853404613 ] ] ] ] } },
{ "type": "Feature", "properties": { "receptor_type": "sensitive_coastline", "name": "Sensitive Coastline Segment 0628", "source": "Natural Earth 10m Physical Coastline", "source_year": 2024, "sensitivity_tier": "high", "protection_status": false, "metadata": { "segment_index": 628, "segment_length_km": 5.0, "buffer_km": 1.0, "proximity_km": 2.0, "near_mangrove": false, "near_coral": true, "near_mpa": false, "classification_reason": "near_coral" } }, "geometry": { "type": "MultiPolygon", "coordinates": [ [ [ [ 72.937554517144548, 18.225945335496405 ], [ 72.918794915034269, 18.228185793643764 ], [ 72.924123158497892, 18.268937283893319 ], [ 72.942887184939636, 18.266696742404122 ], [ 72.937554517144548, 18.225945335496405 ] ] ] ] } },
{ "type": "Feature", "properties": { "receptor_type": "sensitive_coastline", "name": "Sensitive Coastline Segment 0629", "source": "Natural Earth 10m Physical Coastline", "source_year": 2024, "sensitivity_tier": "high", "protection_status": false, "metadata": { "segment_index": 629, "segment_length_km": 5.0, "buffer_km": 1.0, "proximity_km": 2.0, "near_mangrove": false, "near_coral": true, "near_mpa": false, "classification_reason": "near_coral" } }, "geometry": { "type": "MultiPolygon", "coordinates": [ [ [ [ 72.967456717534503, 18.212385506879166 ], [ 72.956800314224949, 18.197463252871344 ], [ 72.922847747203647, 18.21960376810658 ], [ 72.933502191597242, 18.234527724631295 ], [ 72.967456717534503, 18.212385506879166 ] ] ] ] } },
{ "type": "Feature", "properties": { "receptor_type": "sensitive_coastline", "name": "Sensitive Coastline Segment 0630", "source": "Natural Earth 10m Physical Coastline", "source_year": 2024, "sensitivity_tier": "high", "protection_status": false, "metadata": { "segment_index": 630, "segment_length_km": 5.0, "buffer_km": 1.0, "proximity_km": 2.0, "near_mangrove": true, "near_coral": false, "near_mpa": false, "classification_reason": "near_mangrove" } }, "geometry": { "type": "MultiPolygon", "coordinates": [ [ [ [ 72.980513114264753, 18.163003307320881 ], [ 72.961979250239338, 18.159469541407375 ], [ 72.952859360037351, 18.203156684586798 ], [ 72.971397469595018, 18.20669175380311 ], [ 72.980513114264753, 18.163003307320881 ] ] ] ] } },
{ "type": "Feature", "properties": { "receptor_type": "sensitive_coastline", "name": "Sensitive Coastline Segment 0631", "source": "Natural Earth 10m Physical Coastline", "source_year": 2024, "sensitivity_tier": "low", "protection_status": false, "metadata": { "segment_index": 631, "segment_length_km": 5.0, "buffer_km": 1.0, "proximity_km": 2.0, "near_mangrove": false, "near_coral": false, "near_mpa": false, "classification_reason": "no_ecological_association" } }, "geometry": { "type": "MultiPolygon", "coordinates": [ [ [ [ 72.986209971053427, 18.117500372007118 ], [ 72.967448441284162, 18.1153635551766 ], [ 72.961863083487884, 18.160167506651003 ], [ 72.980629211162992, 18.162305323868853 ], [ 72.986209971053427, 18.117500372007118 ] ] ] ] } },
{ "type": "Feature", "properties": { "receptor_type": "sensitive_coastline", "name": "Sensitive Coastline Segment 0632", "source": "Natural Earth 10m Physical Coastline", "source_year": 2024, "sensitivity_tier": "high", "protection_status": false, "metadata": { "segment_index": 632, "segment_length_km": 5.0, "buffer_km": 1.0, "proximity_km": 2.0, "near_mangrove": true, "near_coral": false, "near_mpa": false, "classification_reason": "near_mangrove" } }, "geometry": { "type": "MultiPolygon", "coordinates": [ [ [ [ 72.992034138208979, 18.078034904536011 ], [ 72.973329458807456, 18.075510690896216 ], [ 72.967474874265349, 18.115169376325394 ], [ 72.986183557839141, 18.11769455539001 ], [ 72.992034138208979, 18.078034904536011 ] ] ] ] } },
{ "type": "Feature", "properties": { "receptor_type": "sensitive_coastline", "name": "Sensitive Coastline Segment 0633", "source": "Natural Earth 10m Physical Coastline", "source_year": 2024, "sensitivity_tier": "high", "protection_status": false, "metadata": { "segment_index": 633, "segment_length_km": 5.0, "buffer_km": 1.0, "proximity_km": 2.0, "near_mangrove": true, "near_coral": false, "near_mpa": false, "classification_reason": "near_mangrove" } }, "geometry": { "type": "MultiPolygon", "coordinates": [ [ [ [ 73.016384223555121, 18.044488407852285 ], [ 73.000641491332004, 18.034507404957054 ], [ 72.974809868425012, 18.071781249841013 ], [ 72.990554011769163, 18.081764506272847 ], [ 73.016384223555121, 18.044488407852285 ] ] ] ] } },
{ "type": "Feature", "properties": { "receptor_type": "sensitive_coastline", "name": "Sensitive Coastline Segment 0634", "source": "Natural Earth 10m Physical Coastline", "source_year": 2024, "sensitivity_tier": "high", "protection_status": false, "metadata": { "segment_index": 634, "segment_length_km": 5.0, "buffer_km": 1.0, "proximity_km": 2.0, "near_mangrove": true, "near_coral": false, "near_mpa": false, "classification_reason": "near_mangrove" } }, "geometry": { "type": "MultiPolygon", "coordinates": [ [ [ [ 73.036788065228549, 18.073737919731016 ], [ 73.048864117821353, 18.059844721059861 ], [ 73.014550599857074, 18.032552422053008 ], [ 73.002474168100818, 18.046443430815099 ], [ 73.036788065228549, 18.073737919731016 ] ] ] ] } },
{ "type": "Feature", "properties": { "receptor_type": "sensitive_coastline", "name": "Sensitive Coastline Segment 0635", "source": "Natural Earth 10m Physical Coastline", "source_year": 2024, "sensitivity_tier": "high", "protection_status": false, "metadata": { "segment_index": 635, "segment_length_km": 5.0, "buffer_km": 1.0, "proximity_km": 2.0, "near_mangrove": true, "near_coral": false, "near_mpa": false, "classification_reason": "near_mangrove" } }, "geometry": { "type": "MultiPolygon", "coordinates": [ [ [ [ 73.026543760986129, 18.029976077356494 ], [ 73.011262529684231, 18.040592897137888 ], [ 73.035184652289587, 18.072100543531572 ], [ 73.050467570106861, 18.061481987022532 ], [ 73.026543760986129, 18.029976077356494 ] ] ] ] } },
{ "type": "Feature", "properties": { "receptor_type": "sensitive_coastline", "name": "Sensitive Coastline Segment 0636", "source": "Natural Earth 10m Physical Coastline", "source_year": 2024, "sensitivity_tier": "high", "protection_status": false, "metadata": { "segment_index": 636, "segment_length_km": 5.0, "buffer_km": 1.0, "proximity_km": 2.0, "near_mangrove": true, "near_coral": false, "near_mpa": false, "classification_reason": "near_mangrove" } }, "geometry": { "type": "MultiPolygon", "coordinates": [ [ [ [ 73.022202471981103, 17.995691663086934 ], [ 73.003532357515596, 17.998389210083399 ], [ 73.009566229352046, 18.036633297288443 ], [ 73.028240409212145, 18.033935561421515 ], [ 73.022202471981103, 17.995691663086934 ] ] ] ] } },
{ "type": "Feature", "properties": { "receptor_type": "sensitive_coastline", "name": "Sensitive Coastline Segment 0637", "source": "Natural Earth 10m Physical Coastline", "source_year": 2024, "sensitivity_tier": "high", "protection_status": false, "metadata": { "segment_index": 637, "segment_length_km": 5.0, "buffer_km": 1.0, "proximity_km": 2.0, "near_mangrove": true, "near_coral": false, "near_mpa": false, "classification_reason": "near_mangrove" } }, "geometry": { "type": "MultiPolygon", "coordinates": [ [ [ [ 73.029127409944806, 17.97815418858476 ], [ 73.011153525265399, 17.972625474924691 ], [ 73.003879768318981, 17.994275688880439 ], [ 73.021855476629852, 17.999805257850067 ], [ 73.029127409944806, 17.97815418858476 ] ] ] ] } },
{ "type": "Feature", "properties": { "receptor_type": "sensitive_coastline", "name": "Sensitive Coastline Segment 0638", "source": "Natural Earth 10m Physical Coastline", "source_year": 2024, "sensitivity_tier": "high", "protection_status": false, "metadata": { "segment_index": 638, "segment_length_km": 5.0, "buffer_km": 1.0, "proximity_km": 2.0, "near_mangrove": true, "near_coral": false, "near_mpa": false, "classification_reason": "near_mangrove" } }, "geometry": { "type": "MultiPolygon", "coordinates": [ [ [ [ 73.038836014315507, 17.936290707454489 ], [ 73.020405495468438, 17.932391712745787 ], [ 73.010923242568282, 17.973439680150481 ], [ 73.029357619845982, 17.97733995455814 ], [ 73.038836014315507, 17.936290707454489 ] ] ] ] } },
{ "type": "Feature", "properties": { "receptor_type": "sensitive_coastline", "name": "Sensitive Coastline Segment 0639", "source": "Natural Earth 10m Physical Coastline", "source_year": 2024, "sensitivity_tier": "high", "protection_status": false, "metadata": { "segment_index": 639, "segment_length_km": 5.0, "buffer_km": 1.0, "proximity_km": 2.0, "near_mangrove": true, "near_coral": true, "near_mpa": false, "classification_reason": "near_mangrove_and_coral" } }, "geometry": { "type": "MultiPolygon", "coordinates": [ [ [ [ 73.062208458257501, 17.900449176120404 ], [ 73.046086209690458, 17.891058410678777 ], [ 73.021558846656745, 17.929644782414279 ], [ 73.037682865019406, 17.93903776039512 ], [ 73.062208458257501, 17.900449176120404 ] ] ] ] } },
{ "type": "Feature", "properties": { "receptor_type": "sensitive_coastline", "name": "Sensitive Coastline Segment 0640", "source": "Natural Earth 10m Physical Coastline", "source_year": 2024, "sensitivity_tier": "high", "protection_status": false, "metadata": { "segment_index": 640, "segment_length_km": 5.0, "buffer_km": 1.0, "proximity_km": 2.0, "near_mangrove": true, "near_coral": true, "near_mpa": false, "classification_reason": "near_mangrove_and_coral" } }, "geometry": { "type": "MultiPolygon", "coordinates": [ [ [ [ 73.082634566099173, 17.858939577075223 ], [ 73.065557636925348, 17.851257200563783 ], [ 73.045607513427811, 17.891911577258675 ], [ 73.062687106597394, 17.899595963953811 ], [ 73.082634566099173, 17.858939577075223 ] ] ] ] } },
{ "type": "Feature", "properties": { "receptor_type": "sensitive_coastline", "name": "Sensitive Coastline Segment 0641", "source": "Natural Earth 10m Physical Coastline", "source_year": 2024, "sensitivity_tier": "high", "protection_status": false, "metadata": { "segment_index": 641, "segment_length_km": 5.0, "buffer_km": 1.0, "proximity_km": 2.0, "near_mangrove": true, "near_coral": false, "near_mpa": false, "classification_reason": "near_mangrove" } }, "geometry": { "type": "MultiPolygon", "coordinates": [ [ [ [ 73.09583282463322, 17.81470833618193 ], [ 73.077682500025205, 17.809788862935068 ], [ 73.06501900963552, 17.852637853148678 ], [ 73.083173086472954, 17.857558865465816 ], [ 73.09583282463322, 17.81470833618193 ] ] ] ] } },
{ "type": "Feature", "properties": { "receptor_type": "sensitive_coastline", "name": "Sensitive Coastline Segment 0642", "source": "Natural Earth 10m Physical Coastline", "source_year": 2024, "sensitivity_tier": "low", "protection_status": false, "metadata": { "segment_index": 642, "segment_length_km": 5.0, "buffer_km": 1.0, "proximity_km": 2.0, "near_mangrove": false, "near_coral": false, "near_mpa": false, "classification_reason": "no_ecological_association" } }, "geometry": { "type": "MultiPolygon", "coordinates": [ [ [ [ 73.116395152226957, 17.777752032724301 ], [ 73.099710737409552, 17.769328708919698 ], [ 73.078414407798235, 17.808035960281543 ], [ 73.095101046421021, 17.816461316603892 ], [ 73.116395152226957, 17.777752032724301 ] ] ] ] } },
{ "type": "Feature", "properties": { "receptor_type": "sensitive_coastline", "name": "Sensitive Coastline Segment 0643", "source": "Natural Earth 10m Physical Coastline", "source_year": 2024, "sensitivity_tier": "low", "protection_status": false, "metadata": { "segment_index": 643, "segment_length_km": 5.0, "buffer_km": 1.0, "proximity_km": 2.0, "near_mangrove": false, "near_coral": false, "near_mpa": false, "classification_reason": "no_ecological_association" } }, "geometry": { "type": "MultiPolygon", "coordinates": [ [ [ [ 73.132173339458646, 17.734918952841443 ], [ 73.114379879671191, 17.728942016962186 ], [ 73.099154509145706, 17.770551024751057 ], [ 73.116951295565855, 17.776529659768027 ], [ 73.132173339458646, 17.734918952841443 ] ] ] ] } },
{ "type": "Feature", "properties": { "receptor_type": "sensitive_coastline", "name": "Sensitive Coastline Segment 0644", "source": "Natural Earth 10m Physical Coastline", "source_year": 2024, "sensitivity_tier": "low", "protection_status": false, "metadata": { "segment_index": 644, "segment_length_km": 5.0, "buffer_km": 1.0, "proximity_km": 2.0, "near_mangrove": false, "near_coral": false, "near_mpa": false, "classification_reason": "no_ecological_association" } }, "geometry": { "type": "MultiPolygon", "coordinates": [ [ [ [ 73.11478705541937, 17.687835059396303 ], [ 73.097318469400477, 17.694625660610896 ], [ 73.114540197652346, 17.735326360581283 ], [ 73.132012393830109, 17.72853456468933 ], [ 73.11478705541937, 17.687835059396303 ] ] ] ] } },
{ "type": "Feature", "properties": { "receptor_type": "sensitive_coastline", "name": "Sensitive Coastline Segment 0645", "source": "Natural Earth 10m Physical Coastline", "source_year": 2024, "sensitivity_tier": "low", "protection_status": false, "metadata": { "segment_index": 645, "segment_length_km": 5.0, "buffer_km": 1.0, "proximity_km": 2.0, "near_mangrove": false, "near_coral": false, "near_mpa": false, "classification_reason": "no_ecological_association" } }, "geometry": { "type": "MultiPolygon", "coordinates": [ [ [ [ 73.133315682848888, 17.656004049523077 ], [ 73.116191155845812, 17.648458300839398 ], [ 73.097489551471824, 17.687456587556579 ], [ 73.114616656752062, 17.695004212539192 ], [ 73.133315682848888, 17.656004049523077 ] ] ] ] } },
{ "type": "Feature", "properties": { "receptor_type": "sensitive_coastline", "name": "Sensitive Coastline Segment 0646", "source": "Natural Earth 10m Physical Coastline", "source_year": 2024, "sensitivity_tier": "low", "protection_status": false, "metadata": { "segment_index": 646, "segment_length_km": 5.0, "buffer_km": 1.0, "proximity_km": 2.0, "near_mangrove": false, "near_coral": false, "near_mpa": false, "classification_reason": "no_ecological_association" } }, "geometry": { "type": "MultiPolygon", "coordinates": [ [ [ [ 73.139164614212291, 17.610996488941574 ], [ 73.120444875061523, 17.608939554673672 ], [ 73.11539132667248, 17.651202221097371 ], [ 73.13411527643234, 17.653260034051804 ], [ 73.139164614212291, 17.610996488941574 ] ] ] ] } },
{ "type": "Feature", "properties": { "receptor_type": "sensitive_coastline", "name": "Sensitive Coastline Segment 0647", "source": "Natural Earth 10m Physical Coastline", "source_year": 2024, "sensitivity_tier": "high", "protection_status": false, "metadata": { "segment_index": 647, "segment_length_km": 5.0, "buffer_km": 1.0, "proximity_km": 2.0, "near_mangrove": true, "near_coral": false, "near_mpa": false, "classification_reason": "near_mangrove" } }, "geometry": { "type": "MultiPolygon", "coordinates": [ [ [ [ 73.175329227144488, 17.602272001838134 ], [ 73.168343526170986, 17.58549031641477 ], [ 73.126313747904646, 17.601576799187463 ], [ 73.13329587961438, 17.618359640551617 ], [ 73.175329227144488, 17.602272001838134 ] ] ] ] } },
{ "type": "Feature", "properties": { "receptor_type": "sensitive_coastline", "name": "Sensitive Coastline Segment 0648", "source": "Natural Earth 10m Physical Coastline", "source_year": 2024, "sensitivity_tier": "high", "protection_status": false, "metadata": { "segment_index": 648, "segment_length_km": 5.0, "buffer_km": 1.0, "proximity_km": 2.0, "near_mangrove": true, "near_coral": false, "near_mpa": false, "classification_reason": "near_mangrove" } }, "geometry": { "type": "MultiPolygon", "coordinates": [ [ [ [ 73.192407711410766, 17.58560929883209 ], [ 73.178467048721643, 17.573454770414216 ], [ 73.164866136399738, 17.587803330646977 ], [ 73.178806797744144, 17.599958819842147 ], [ 73.192407711410766, 17.58560929883209 ] ] ] ] } },
{ "type": "Feature", "properties": { "receptor_type": "sensitive_coastline", "name": "Sensitive Coastline Segment 0649", "source": "Natural Earth 10m Physical Coastline", "source_year": 2024, "sensitivity_tier": "high", "protection_status": false, "metadata": { "segment_index": 649, "segment_length_km": 5.0, "buffer_km": 1.0, "proximity_km": 2.0, "near_mangrove": true, "near_coral": false, "near_mpa": false, "classification_reason": "near_mangrove" } }, "geometry": { "type": "MultiPolygon", "coordinates": [ [ [ [ 73.143498415262059, 17.558552324106707 ], [ 73.138285779378066, 17.57591615332986 ], [ 73.182832515387801, 17.588214778794793 ], [ 73.188041487619529, 17.570849432620104 ], [ 73.143498415262059, 17.558552324106707 ] ] ] ] } },
{ "type": "Feature", "properties": { "receptor_type": "sensitive_coastline", "name": "Sensitive Coastline Segment 0650", "source": "Natural Earth 10m Physical Coastline", "source_year": 2024, "sensitivity_tier": "low", "protection_status": false, "metadata": { "segment_index": 650, "segment_length_km": 5.0, "buffer_km": 1.0, "proximity_km": 2.0, "near_mangrove": false, "near_coral": false, "near_mpa": false, "classification_reason": "no_ecological_association" } }, "geometry": { "type": "MultiPolygon", "coordinates": [ [ [ [ 73.145187168865661, 17.533592509871323 ], [ 73.126558378895183, 17.536255863480829 ], [ 73.13157613524919, 17.568565801545009 ], [ 73.150208254644781, 17.565902288906429 ], [ 73.145187168865661, 17.533592509871323 ] ] ] ] } },
{ "type": "Feature", "properties": { "receptor_type": "sensitive_coastline", "name": "Sensitive Coastline Segment 0651", "source": "Natural Earth 10m Physical Coastline", "source_year": 2024, "sensitivity_tier": "low", "protection_status": false, "metadata": { "segment_index": 651, "segment_length_km": 5.0, "buffer_km": 1.0, "proximity_km": 2.0, "near_mangrove": false, "near_coral": false, "near_mpa": false, "classification_reason": "no_ecological_association" } }, "geometry": { "type": "MultiPolygon", "coordinates": [ [ [ [ 73.173995269647079, 17.507015279068803 ], [ 73.159853633522573, 17.495083052833404 ], [ 73.128802165227427, 17.528957076671485 ], [ 73.142943943427952, 17.540891535823331 ], [ 73.173995269647079, 17.507015279068803 ] ] ] ] } },
{ "type": "Feature", "properties": { "receptor_type": "sensitive_coastline", "name": "Sensitive Coastline Segment 0652", "source": "Natural Earth 10m Physical Coastline", "source_year": 2024, "sensitivity_tier": "low", "protection_status": false, "metadata": { "segment_index": 652, "segment_length_km": 5.0, "buffer_km": 1.0, "proximity_km": 2.0, "near_mangrove": false, "near_coral": false, "near_mpa": false, "classification_reason": "no_ecological_association" } }, "geometry": { "type": "MultiPolygon", "coordinates": [ [ [ [ 73.183680717211473, 17.461927125743724 ], [ 73.165140150515072, 17.458786053700013 ], [ 73.157652107549694, 17.499477996791757 ], [ 73.176196529980061, 17.502620128671126 ], [ 73.183680717211473, 17.461927125743724 ] ] ] ] } },
{ "type": "Feature", "properties": { "receptor_type": "sensitive_coastline", "name": "Sensitive Coastline Segment 0653", "source": "Natural Earth 10m Physical Coastline", "source_year": 2024, "sensitivity_tier": "high", "protection_status": false, "metadata": { "segment_index": 653, "segment_length_km": 5.0, "buffer_km": 1.0, "proximity_km": 2.0, "near_mangrove": false, "near_coral": true, "near_mpa": false, "classification_reason": "near_coral" } }, "geometry": { "type": "MultiPolygon", "coordinates": [ [ [ [ 73.182826266728227, 17.42218879666893 ], [ 73.164008914692431, 17.422642631690593 ], [ 73.164999712198707, 17.460583356594938 ], [ 73.183820975858694, 17.460129792885656 ], [ 73.182826266728227, 17.42218879666893 ] ] ] ] } },
{ "type": "Feature", "properties": { "receptor_type": "sensitive_coastline", "name": "Sensitive Coastline Segment 0654", "source": "Natural Earth 10m Physical Coastline", "source_year": 2024, "sensitivity_tier": "high", "protection_status": false, "metadata": { "segment_index": 654, "segment_length_km": 5.0, "buffer_km": 1.0, "proximity_km": 2.0, "near_mangrove": false, "near_coral": true, "near_mpa": false, "classification_reason": "near_coral" } }, "geometry": { "type": "MultiPolygon", "coordinates": [ [ [ [ 73.187131674885137, 17.384929629097645 ], [ 73.168422682618655, 17.382975215002329 ], [ 73.164061261898794, 17.421438133191351 ], [ 73.182774041464185, 17.423393311510917 ], [ 73.187131674885137, 17.384929629097645 ] ] ] ] } },
{ "type": "Feature", "properties": { "receptor_type": "sensitive_coastline", "name": "Sensitive Coastline Segment 0655", "source": "Natural Earth 10m Physical Coastline", "source_year": 2024, "sensitivity_tier": "high", "protection_status": false, "metadata": { "segment_index": 655, "segment_length_km": 5.0, "buffer_km": 1.0, "proximity_km": 2.0, "near_mangrove": false, "near_coral": true, "near_mpa": false, "classification_reason": "near_coral" } }, "geometry": { "type": "MultiPolygon", "coordinates": [ [ [ [ 73.215937006201216, 17.356820377788036 ], [ 73.201964420342037, 17.344717590178576 ], [ 73.170791031613618, 17.377900047123436 ], [ 73.184763646842626, 17.390005021255817 ], [ 73.215937006201216, 17.356820377788036 ] ] ] ] } },
{ "type": "Feature", "properties": { "receptor_type": "sensitive_coastline", "name": "Sensitive Coastline Segment 0656", "source": "Natural Earth 10m Physical Coastline", "source_year": 2024, "sensitivity_tier": "high", "protection_status": false, "metadata": { "segment_index": 656, "segment_length_km": 5.0, "buffer_km": 1.0, "proximity_km": 2.0, "near_mangrove": true, "near_coral": true, "near_mpa": false, "classification_reason": "near_mangrove_and_coral" } }, "geometry": { "type": "MultiPolygon", "coordinates": [ [ [ [ 73.238719201387596, 17.314643380995939 ], [ 73.22196426170845, 17.30642624908095 ], [ 73.200572039770321, 17.3466593575519 ], [ 73.217329323071496, 17.354878497405839 ], [ 73.238719201387596, 17.314643380995939 ] ] ] ] } },
{ "type": "Feature", "properties": { "receptor_type": "sensitive_coastline", "name": "Sensitive Coastline Segment 0657", "source": "Natural Earth 10m Physical Coastline", "source_year": 2024, "sensitivity_tier": "high", "protection_status": false, "metadata": { "segment_index": 657, "segment_length_km": 5.0, "buffer_km": 1.0, "proximity_km": 2.0, "near_mangrove": true, "near_coral": false, "near_mpa": false, "classification_reason": "near_mangrove" } }, "geometry": { "type": "MultiPolygon", "coordinates": [ [ [ [ 73.244736148678911, 17.282073877065912 ], [ 73.226175155844231, 17.279146716148521 ], [ 73.221059716163595, 17.309070818991763 ], [ 73.239623537284828, 17.31199871213602 ], [ 73.244736148678911, 17.282073877065912 ] ] ] ] } },
{ "type": "Feature", "properties": { "receptor_type": "sensitive_coastline", "name": "Sensitive Coastline Segment 0658", "source": "Natural Earth 10m Physical Coastline", "source_year": 2024, "sensitivity_tier": "high", "protection_status": false, "metadata": { "segment_index": 658, "segment_length_km": 5.0, "buffer_km": 1.0, "proximity_km": 2.0, "near_mangrove": true, "near_coral": false, "near_mpa": false, "classification_reason": "near_mangrove" } }, "geometry": { "type": "MultiPolygon", "coordinates": [ [ [ [ 73.191567742998799, 17.29406847794224 ], [ 73.200824146063027, 17.309799729298444 ], [ 73.240085261888538, 17.288475306133382 ], [ 73.230826225412272, 17.272745626468332 ], [ 73.191567742998799, 17.29406847794224 ] ] ] ] } },
{ "type": "Feature", "properties": { "receptor_type": "sensitive_coastline", "name": "Sensitive Coastline Segment 0659", "source": "Natural Earth 10m Physical Coastline", "source_year": 2024, "sensitivity_tier": "low", "protection_status": false, "metadata": { "segment_index": 659, "segment_length_km": 5.0, "buffer_km": 1.0, "proximity_km": 2.0, "near_mangrove": false, "near_coral": false, "near_mpa": false, "classification_reason": "no_ecological_association" } }, "geometry": { "type": "MultiPolygon", "coordinates": [ [ [ [ 73.217142923801589, 17.281698424901251 ], [ 73.20029297409981, 17.273668755941923 ], [ 73.187770254265317, 17.297918551902889 ], [ 73.204621656962715, 17.305949409664457 ], [ 73.217142923801589, 17.281698424901251 ] ] ] ] } },
{ "type": "Feature", "properties": { "receptor_type": "sensitive_coastline", "name": "Sensitive Coastline Segment 0660", "source": "Natural Earth 10m Physical Coastline", "source_year": 2024, "sensitivity_tier": "high", "protection_status": false, "metadata": { "segment_index": 660, "segment_length_km": 5.0, "buffer_km": 1.0, "proximity_km": 2.0, "near_mangrove": false, "near_coral": true, "near_mpa": false, "classification_reason": "near_coral" } }, "geometry": { "type": "MultiPolygon", "coordinates": [ [ [ [ 73.235721367566271, 17.24038379170868 ], [ 73.218456688209912, 17.233221301901182 ], [ 73.200084204817017, 17.274101416385204 ], [ 73.217351665355892, 17.281265744116251 ], [ 73.235721367566271, 17.24038379170868 ] ] ] ] } },
{ "type": "Feature", "properties": { "receptor_type": "sensitive_coastline", "name": "Sensitive Coastline Segment 0661", "source": "Natural Earth 10m Physical Coastline", "source_year": 2024, "sensitivity_tier": "high", "protection_status": false, "metadata": { "segment_index": 661, "segment_length_km": 5.0, "buffer_km": 1.0, "proximity_km": 2.0, "near_mangrove": true, "near_coral": true, "near_mpa": false, "classification_reason": "near_mangrove_and_coral" } }, "geometry": { "type": "MultiPolygon", "coordinates": [ [ [ [ 73.247936348056413, 17.196730432206451 ], [ 73.229770227841357, 17.192075057007784 ], [ 73.218004100147041, 17.234474136251166 ], [ 73.236173858415896, 17.239130908496318 ], [ 73.247936348056413, 17.196730432206451 ] ] ] ] } },
{ "type": "Feature", "properties": { "receptor_type": "sensitive_coastline", "name": "Sensitive Coastline Segment 0662", "source": "Natural Earth 10m Physical Coastline", "source_year": 2024, "sensitivity_tier": "high", "protection_status": false, "metadata": { "segment_index": 662, "segment_length_km": 5.0, "buffer_km": 1.0, "proximity_km": 2.0, "near_mangrove": true, "near_coral": false, "near_mpa": false, "classification_reason": "near_mangrove" } }, "geometry": { "type": "MultiPolygon", "coordinates": [ [ [ [ 73.26780796043461, 17.157807697427589 ], [ 73.250902008151357, 17.149908535375101 ], [ 73.230399137489144, 17.190452224009302 ], [ 73.247307559235381, 17.198353331061053 ], [ 73.26780796043461, 17.157807697427589 ] ] ] ] } },
{ "type": "Feature", "properties": { "receptor_type": "sensitive_coastline", "name": "Sensitive Coastline Segment 0663", "source": "Natural Earth 10m Physical Coastline", "source_year": 2024, "sensitivity_tier": "high", "protection_status": false, "metadata": { "segment_index": 663, "segment_length_km": 5.0, "buffer_km": 1.0, "proximity_km": 2.0, "near_mangrove": true, "near_coral": false, "near_mpa": false, "classification_reason": "near_mangrove" } }, "geometry": { "type": "MultiPolygon", "coordinates": [ [ [ [ 73.270209687388316, 17.112234773614098 ], [ 73.251427665236292, 17.111628709934109 ], [ 73.249961726040723, 17.153554770441307 ], [ 73.268747931602078, 17.154161350965481 ], [ 73.270209687388316, 17.112234773614098 ] ] ] ] } },
{ "type": "Feature", "properties": { "receptor_type": "sensitive_coastline", "name": "Sensitive Coastline Segment 0664", "source": "Natural Earth 10m Physical Coastline", "source_year": 2024, "sensitivity_tier": "high", "protection_status": false, "metadata": { "segment_index": 664, "segment_length_km": 5.0, "buffer_km": 1.0, "proximity_km": 2.0, "near_mangrove": true, "near_coral": false, "near_mpa": false, "classification_reason": "near_mangrove" } }, "geometry": { "type": "MultiPolygon", "coordinates": [ [ [ [ 73.285173205765588, 17.072915716431464 ], [ 73.267464886428058, 17.066876507196337 ], [ 73.251963035712805, 17.108911348980946 ], [ 73.269674562916762, 17.114952205271003 ], [ 73.285173205765588, 17.072915716431464 ] ] ] ] } },
{ "type": "Feature", "properties": { "receptor_type": "sensitive_coastline", "name": "Sensitive Coastline Segment 0665", "source": "Natural Earth 10m Physical Coastline", "source_year": 2024, "sensitivity_tier": "high", "protection_status": false, "metadata": { "segment_index": 665, "segment_length_km": 5.0, "buffer_km": 1.0, "proximity_km": 2.0, "near_mangrove": true, "near_coral": false, "near_mpa": false, "classification_reason": "near_mangrove" } }, "geometry": { "type": "MultiPolygon", "coordinates": [ [ [ [ 73.274689754650765, 17.033432788187152 ], [ 73.256705761160973, 17.038653729346052 ], [ 73.267325216751601, 17.072506880417784 ], [ 73.285312342438971, 17.067285282658013 ], [ 73.274689754650765, 17.033432788187152 ] ] ] ] } },
{ "type": "Feature", "properties": { "receptor_type": "sensitive_coastline", "name": "Sensitive Coastline Segment 0666", "source": "Natural Earth 10m Physical Coastline", "source_year": 2024, "sensitivity_tier": "high", "protection_status": false, "metadata": { "segment_index": 666, "segment_length_km": 5.0, "buffer_km": 1.0, "proximity_km": 2.0, "near_mangrove": true, "near_coral": false, "near_mpa": false, "classification_reason": "near_mangrove" } }, "geometry": { "type": "MultiPolygon", "coordinates": [ [ [ [ 73.271723093711216, 17.017211784958835 ], [ 73.253235797301997, 17.020407299892256 ], [ 73.256453309582895, 17.037641078147484 ], [ 73.274942303293457, 17.034445425573935 ], [ 73.271723093711216, 17.017211784958835 ] ] ] ] } },
{ "type": "Feature", "properties": { "receptor_type": "sensitive_coastline", "name": "Sensitive Coastline Segment 0667", "source": "Natural Earth 10m Physical Coastline", "source_year": 2024, "sensitivity_tier": "high", "protection_status": false, "metadata": { "segment_index": 667, "segment_length_km": 5.0, "buffer_km": 1.0, "proximity_km": 2.0, "near_mangrove": true, "near_coral": false, "near_mpa": false, "classification_reason": "near_mangrove" } }, "geometry": { "type": "MultiPolygon", "coordinates": [ [ [ [ 73.287658039360167, 16.992994312272163 ], [ 73.271136570326334, 16.98440130185508 ], [ 73.254218170516481, 17.014512343077463 ], [ 73.27074123804239, 17.023106873818264 ], [ 73.287658039360167, 16.992994312272163 ] ] ] ] } },
{ "type": "Feature", "properties": { "receptor_type": "sensitive_coastline", "name": "Sensitive Coastline Segment 0668", "source": "Natural Earth 10m Physical Coastline", "source_year": 2024, "sensitivity_tier": "high", "protection_status": false, "metadata": { "segment_index": 668, "segment_length_km": 5.0, "buffer_km": 1.0, "proximity_km": 2.0, "near_mangrove": true, "near_coral": false, "near_mpa": false, "classification_reason": "near_mangrove" } }, "geometry": { "type": "MultiPolygon", "coordinates": [ [ [ [ 73.282443801433047, 16.951785422708188 ], [ 73.263928843186619, 16.954793212175321 ], [ 73.270137829071629, 16.990201758965089 ], [ 73.288656273261566, 16.987193723080107 ], [ 73.282443801433047, 16.951785422708188 ] ] ] ] } },
{ "type": "Feature", "properties": { "receptor_type": "sensitive_coastline", "name": "Sensitive Coastline Segment 0669", "source": "Natural Earth 10m Physical Coastline", "source_year": 2024, "sensitivity_tier": "high", "protection_status": false, "metadata": { "segment_index": 669, "segment_length_km": 5.0, "buffer_km": 1.0, "proximity_km": 2.0, "near_mangrove": false, "near_coral": true, "near_mpa": false, "classification_reason": "near_coral" } }, "geometry": { "type": "MultiPolygon", "coordinates": [ [ [ [ 73.28396606063869, 16.90942971685736 ], [ 73.265202278662173, 16.908879333068541 ], [ 73.263802345957984, 16.953013864408447 ], [ 73.282570475670198, 16.953564775102198 ], [ 73.28396606063869, 16.90942971685736 ] ] ] ] } },
{ "type": "Feature", "properties": { "receptor_type": "sensitive_coastline", "name": "Sensitive Coastline Segment 0670", "source": "Natural Earth 10m Physical Coastline", "source_year": 2024, "sensitivity_tier": "high", "protection_status": false, "metadata": { "segment_index": 670, "segment_length_km": 5.0, "buffer_km": 1.0, "proximity_km": 2.0, "near_mangrove": true, "near_coral": true, "near_mpa": false, "classification_reason": "near_mangrove_and_coral" } }, "geometry": { "type": "MultiPolygon", "coordinates": [ [ [ [ 73.280203731953321, 16.867366403226228 ], [ 73.261506871216582, 16.86894277527399 ], [ 73.265233647680645, 16.909942690480566 ], [ 73.283934586007589, 16.908366352636165 ], [ 73.280203731953321, 16.867366403226228 ] ] ] ] } },
{ "type": "Feature", "properties": { "receptor_type": "sensitive_coastline", "name": "Sensitive Coastline Segment 0671", "source": "Natural Earth 10m Physical Coastline", "source_year": 2024, "sensitivity_tier": "high", "protection_status": false, "metadata": { "segment_index": 671, "segment_length_km": 5.0, "buffer_km": 1.0, "proximity_km": 2.0, "near_mangrove": true, "near_coral": true, "near_mpa": false, "classification_reason": "near_mangrove_and_coral" } }, "geometry": { "type": "MultiPolygon", "coordinates": [ [ [ [ 73.293715571657245, 16.827935772580854 ], [ 73.275802774235828, 16.822553556889105 ], [ 73.261897361766671, 16.86546274961638 ], [ 73.279813565919881, 16.870846493710083 ], [ 73.293715571657245, 16.827935772580854 ] ] ] ] } },
{ "type": "Feature", "properties": { "receptor_type": "sensitive_coastline", "name": "Sensitive Coastline Segment 0672", "source": "Natural Earth 10m Physical Coastline", "source_year": 2024, "sensitivity_tier": "high", "protection_status": false, "metadata": { "segment_index": 672, "segment_length_km": 5.0, "buffer_km": 1.0, "proximity_km": 2.0, "near_mangrove": true, "near_coral": true, "near_mpa": false, "classification_reason": "near_mangrove_and_coral" } }, "geometry": { "type": "MultiPolygon", "coordinates": [ [ [ [ 73.311631005154908, 16.806303520148045 ], [ 73.296733248325836, 16.795317995374763 ], [ 73.277310114461997, 16.81975124188007 ], [ 73.292208384200293, 16.830738222080672 ], [ 73.311631005154908, 16.806303520148045 ] ] ] ] } },
{ "type": "Feature", "properties": { "receptor_type": "sensitive_coastline", "name": "Sensitive Coastline Segment 0673", "source": "Natural Earth 10m Physical Coastline", "source_year": 2024, "sensitivity_tier": "high", "protection_status": false, "metadata": { "segment_index": 673, "segment_length_km": 5.0, "buffer_km": 1.0, "proximity_km": 2.0, "near_mangrove": true, "near_coral": true, "near_mpa": false, "classification_reason": "near_mangrove_and_coral" } }, "geometry": { "type": "MultiPolygon", "coordinates": [ [ [ [ 73.302171394695137, 16.755176624666927 ], [ 73.283958145303274, 16.759499141994887 ], [ 73.295073153909556, 16.802972227235404 ], [ 73.313290490428002, 16.798649099251094 ], [ 73.302171394695137, 16.755176624666927 ] ] ] ] } },
{ "type": "Feature", "properties": { "receptor_type": "sensitive_coastline", "name": "Sensitive Coastline Segment 0674", "source": "Natural Earth 10m Physical Coastline", "source_year": 2024, "sensitivity_tier": "high", "protection_status": false, "metadata": { "segment_index": 674, "segment_length_km": 5.0, "buffer_km": 1.0, "proximity_km": 2.0, "near_mangrove": true, "near_coral": true, "near_mpa": false, "classification_reason": "near_mangrove_and_coral" } }, "geometry": { "type": "MultiPolygon", "coordinates": [ [ [ [ 73.309128246443066, 16.715681885027962 ], [ 73.290588055208232, 16.712963598666025 ], [ 73.283792871353839, 16.75597826197129 ], [ 73.302337009126717, 16.758697521181123 ], [ 73.309128246443066, 16.715681885027962 ] ] ] ] } },
{ "type": "Feature", "properties": { "receptor_type": "sensitive_coastline", "name": "Sensitive Coastline Segment 0675", "source": "Natural Earth 10m Physical Coastline", "source_year": 2024, "sensitivity_tier": "high", "protection_status": false, "metadata": { "segment_index": 675, "segment_length_km": 5.0, "buffer_km": 1.0, "proximity_km": 2.0, "near_mangrove": true, "near_coral": true, "near_mpa": false, "classification_reason": "near_mangrove_and_coral" } }, "geometry": { "type": "MultiPolygon", "coordinates": [ [ [ [ 73.33120667105041, 16.682852932664847 ], [ 73.315283889583057, 16.673309510777624 ], [ 73.291896137259997, 16.709550128005706 ], [ 73.30782040767788, 16.7190954871608 ], [ 73.33120667105041, 16.682852932664847 ] ] ] ] } },
{ "type": "Feature", "properties": { "receptor_type": "sensitive_coastline", "name": "Sensitive Coastline Segment 0676", "source": "Natural Earth 10m Physical Coastline", "source_year": 2024, "sensitivity_tier": "high", "protection_status": false, "metadata": { "segment_index": 676, "segment_length_km": 5.0, "buffer_km": 1.0, "proximity_km": 2.0, "near_mangrove": true, "near_coral": true, "near_mpa": false, "classification_reason": "near_mangrove_and_coral" } }, "geometry": { "type": "MultiPolygon", "coordinates": [ [ [ [ 73.32505687681784, 16.635438106498569 ], [ 73.306588548502845, 16.638537965998605 ], [ 73.314008878179877, 16.679631225743321 ], [ 73.332481159047632, 16.676531064306609 ], [ 73.32505687681784, 16.635438106498569 ] ] ] ] } },
{ "type": "Feature", "properties": { "receptor_type": "sensitive_coastline", "name": "Sensitive Coastline Segment 0677", "source": "Natural Earth 10m Physical Coastline", "source_year": 2024, "sensitivity_tier": "high", "protection_status": false, "metadata": { "segment_index": 677, "segment_length_km": 5.0, "buffer_km": 1.0, "proximity_km": 2.0, "near_mangrove": true, "near_coral": true, "near_mpa": false, "classification_reason": "near_mangrove_and_coral" } }, "geometry": { "type": "MultiPolygon", "coordinates": [ [ [ [ 73.348914366508794, 16.642389187563463 ], [ 73.34675557875174, 16.624436626815569 ], [ 73.314744906194406, 16.628011935998412 ], [ 73.316900688263615, 16.645964557558017 ], [ 73.348914366508794, 16.642389187563463 ] ] ] ] } },
{ "type": "Feature", "properties": { "receptor_type": "sensitive_coastline", "name": "Sensitive Coastline Segment 0678", "source": "Natural Earth 10m Physical Coastline", "source_year": 2024, "sensitivity_tier": "high", "protection_status": false, "metadata": { "segment_index": 678, "segment_length_km": 5.0, "buffer_km": 1.0, "proximity_km": 2.0, "near_mangrove": true, "near_coral": true, "near_mpa": false, "classification_reason": "near_mangrove_and_coral" } }, "geometry": { "type": "MultiPolygon", "coordinates": [ [ [ [ 73.377363349732292, 16.608661993633635 ], [ 73.362035104376318, 16.598260816704403 ], [ 73.340170587876187, 16.628211350181676 ], [ 73.355499723944632, 16.638614219641177 ], [ 73.377363349732292, 16.608661993633635 ] ] ] ] } },
{ "type": "Feature", "properties": { "receptor_type": "sensitive_coastline", "name": "Sensitive Coastline Segment 0679", "source": "Natural Earth 10m Physical Coastline", "source_year": 2024, "sensitivity_tier": "high", "protection_status": false, "metadata": { "segment_index": 679, "segment_length_km": 5.0, "buffer_km": 1.0, "proximity_km": 2.0, "near_mangrove": true, "near_coral": true, "near_mpa": false, "classification_reason": "near_mangrove_and_coral" } }, "geometry": { "type": "MultiPolygon", "coordinates": [ [ [ [ 73.343907269059812, 16.609195645734879 ], [ 73.354312456950638, 16.624228249554506 ], [ 73.374902345880272, 16.610977314659596 ], [ 73.36449607137456, 16.595945644669239 ], [ 73.343907269059812, 16.609195645734879 ] ] ] ] } },
{ "type": "Feature", "properties": { "receptor_type": "sensitive_coastline", "name": "Sensitive Coastline Segment 0680", "source": "Natural Earth 10m Physical Coastline", "source_year": 2024, "sensitivity_tier": "high", "protection_status": false, "metadata": { "segment_index": 680, "segment_length_km": 5.0, "buffer_km": 1.0, "proximity_km": 2.0, "near_mangrove": true, "near_coral": true, "near_mpa": false, "classification_reason": "near_mangrove_and_coral" } }, "geometry": { "type": "MultiPolygon", "coordinates": [ [ [ [ 73.322549319649198, 16.585742803710019 ], [ 73.311160559374784, 16.600095962740582 ], [ 73.343415395682058, 16.623889390666285 ], [ 73.354803506688995, 16.609534404960012 ], [ 73.322549319649198, 16.585742803710019 ] ] ] ] } },
{ "type": "Feature", "properties": { "receptor_type": "sensitive_coastline", "name": "Sensitive Coastline Segment 0681", "source": "Natural Earth 10m Physical Coastline", "source_year": 2024, "sensitivity_tier": "high", "protection_status": false, "metadata": { "segment_index": 681, "segment_length_km": 5.0, "buffer_km": 1.0, "proximity_km": 2.0, "near_mangrove": true, "near_coral": true, "near_mpa": false, "classification_reason": "near_mangrove_and_coral" } }, "geometry": { "type": "MultiPolygon", "coordinates": [ [ [ [ 73.353586456584409, 16.568285175876152 ], [ 73.339901581983455, 16.555938751651468 ], [ 73.310012995341992, 16.58674519874041 ], [ 73.323697757184732, 16.599093578489381 ], [ 73.353586456584409, 16.568285175876152 ] ] ] ] } },
{ "type": "Feature", "properties": { "receptor_type": "sensitive_coastline", "name": "Sensitive Coastline Segment 0682", "source": "Natural Earth 10m Physical Coastline", "source_year": 2024, "sensitivity_tier": "high", "protection_status": false, "metadata": { "segment_index": 682, "segment_length_km": 5.0, "buffer_km": 1.0, "proximity_km": 2.0, "near_mangrove": true, "near_coral": true, "near_mpa": false, "classification_reason": "near_mangrove_and_coral" } }, "geometry": { "type": "MultiPolygon", "coordinates": [ [ [ [ 73.36407853418622, 16.548531168272483 ], [ 73.34725287050027, 16.5405778597375 ], [ 73.338330643921907, 16.558134842910892 ], [ 73.355157326316004, 16.566088963405168 ], [ 73.36407853418622, 16.548531168272483 ] ] ] ] } },
{ "type": "Feature", "properties": { "receptor_type": "sensitive_coastline", "name": "Sensitive Coastline Segment 0683", "source": "Natural Earth 10m Physical Coastline", "source_year": 2024, "sensitivity_tier": "high", "protection_status": false, "metadata": { "segment_index": 683, "segment_length_km": 5.0, "buffer_km": 1.0, "proximity_km": 2.0, "near_mangrove": true, "near_coral": false, "near_mpa": false, "classification_reason": "near_mangrove" } }, "geometry": { "type": "MultiPolygon", "coordinates": [ [ [ [ 73.383202683966218, 16.52381615414135 ], [ 73.368134896236072, 16.513075416332644 ], [ 73.348131516966163, 16.539183430633003 ], [ 73.363199947060053, 16.549925669896126 ], [ 73.383202683966218, 16.52381615414135 ] ] ] ] } },
{ "type": "Feature", "properties": { "receptor_type": "sensitive_coastline", "name": "Sensitive Coastline Segment 0684", "source": "Natural Earth 10m Physical Coastline", "source_year": 2024, "sensitivity_tier": "high", "protection_status": false, "metadata": { "segment_index": 684, "segment_length_km": 5.0, "buffer_km": 1.0, "proximity_km": 2.0, "near_mangrove": true, "near_coral": true, "near_mpa": false, "classification_reason": "near_mangrove_and_coral" } }, "geometry": { "type": "MultiPolygon", "coordinates": [ [ [ [ 73.330888098629231, 16.525338416484132 ], [ 73.337597008670372, 16.542212940718223 ], [ 73.379024825916943, 16.526882632677502 ], [ 73.372312587591182, 16.510009140751084 ], [ 73.330888098629231, 16.525338416484132 ] ] ] ] } },
{ "type": "Feature", "properties": { "receptor_type": "sensitive_coastline", "name": "Sensitive Coastline Segment 0685", "source": "Natural Earth 10m Physical Coastline", "source_year": 2024, "sensitivity_tier": "high", "protection_status": false, "metadata": { "segment_index": 685, "segment_length_km": 5.0, "buffer_km": 1.0, "proximity_km": 2.0, "near_mangrove": true, "near_coral": true, "near_mpa": false, "classification_reason": "near_mangrove_and_coral" } }, "geometry": { "type": "MultiPolygon", "coordinates": [ [ [ [ 73.29881917498912, 16.551308822793381 ], [ 73.311055917647906, 16.564995747244801 ], [ 73.340361441955878, 16.540618264826215 ], [ 73.328123829746687, 16.526932981778899 ], [ 73.29881917498912, 16.551308822793381 ] ] ] ] } },
{ "type": "Feature", "properties": { "receptor_type": "sensitive_coastline", "name": "Sensitive Coastline Segment 0686", "source": "Natural Earth 10m Physical Coastline", "source_year": 2024, "sensitivity_tier": "high", "protection_status": false, "metadata": { "segment_index": 686, "segment_length_km": 5.0, "buffer_km": 1.0, "proximity_km": 2.0, "near_mangrove": true, "near_coral": true, "near_mpa": false, "classification_reason": "near_mangrove_and_coral" } }, "geometry": { "type": "MultiPolygon", "coordinates": [ [ [ [ 73.323084680864483, 16.520023325517297 ], [ 73.304774580866876, 16.516197825801818 ], [ 73.295780670041026, 16.55623885981926 ], [ 73.314094215539782, 16.560065468087263 ], [ 73.323084680864483, 16.520023325517297 ] ] ] ] } },
{ "type": "Feature", "properties": { "receptor_type": "sensitive_coastline", "name": "Sensitive Coastline Segment 0687", "source": "Natural Earth 10m Physical Coastline", "source_year": 2024, "sensitivity_tier": "high", "protection_status": false, "metadata": { "segment_index": 687, "segment_length_km": 5.0, "buffer_km": 1.0, "proximity_km": 2.0, "near_mangrove": true, "near_coral": false, "near_mpa": false, "classification_reason": "near_mangrove" } }, "geometry": { "type": "MultiPolygon", "coordinates": [ [ [ [ 73.339817745030317, 16.479594816862463 ], [ 73.322403210193571, 16.472939625367211 ], [ 73.30522098084262, 16.514782155656597 ], [ 73.322638391464778, 16.521439044087575 ], [ 73.339817745030317, 16.479594816862463 ] ] ] ] } },
{ "type": "Feature", "properties": { "receptor_type": "sensitive_coastline", "name": "Sensitive Coastline Segment 0688", "source": "Natural Earth 10m Physical Coastline", "source_year": 2024, "sensitivity_tier": "high", "protection_status": false, "metadata": { "segment_index": 688, "segment_length_km": 5.0, "buffer_km": 1.0, "proximity_km": 2.0, "near_mangrove": true, "near_coral": false, "near_mpa": false, "classification_reason": "near_mangrove" } }, "geometry": { "type": "MultiPolygon", "coordinates": [ [ [ [ 73.350426127839455, 16.434198750165727 ], [ 73.332148398114953, 16.430265430372799 ], [ 73.321969686369343, 16.474299922275417 ], [ 73.340251163262266, 16.478234473287863 ], [ 73.350426127839455, 16.434198750165727 ] ] ] ] } },
{ "type": "Feature", "properties": { "receptor_type": "sensitive_coastline", "name": "Sensitive Coastline Segment 0689", "source": "Natural Earth 10m Physical Coastline", "source_year": 2024, "sensitivity_tier": "high", "protection_status": false, "metadata": { "segment_index": 689, "segment_length_km": 5.0, "buffer_km": 1.0, "proximity_km": 2.0, "near_mangrove": true, "near_coral": false, "near_mpa": false, "classification_reason": "near_mangrove" } }, "geometry": { "type": "MultiPolygon", "coordinates": [ [ [ [ 73.382856178714647, 16.411851734492405 ], [ 73.371195172109651, 16.397711067316092 ], [ 73.335457522368031, 16.425160951288809 ], [ 73.347117195323904, 16.439303483000312 ], [ 73.382856178714647, 16.411851734492405 ] ] ] ] } },
{ "type": "Feature", "properties": { "receptor_type": "sensitive_coastline", "name": "Sensitive Coastline Segment 0690", "source": "Natural Earth 10m Physical Coastline", "source_year": 2024, "sensitivity_tier": "low", "protection_status": false, "metadata": { "segment_index": 690, "segment_length_km": 5.0, "buffer_km": 1.0, "proximity_km": 2.0, "near_mangrove": false, "near_coral": false, "near_mpa": false, "classification_reason": "no_ecological_association" } }, "geometry": { "type": "MultiPolygon", "coordinates": [ [ [ [ 73.367015822495304, 16.372279626543932 ], [ 73.351140852009067, 16.381859714558015 ], [ 73.369086983028154, 16.409571944787537 ], [ 73.384963584319578, 16.399990648725559 ], [ 73.367015822495304, 16.372279626543932 ] ] ] ] } },
{ "type": "Feature", "properties": { "receptor_type": "sensitive_coastline", "name": "Sensitive Coastline Segment 0691", "source": "Natural Earth 10m Physical Coastline", "source_year": 2024, "sensitivity_tier": "high", "protection_status": false, "metadata": { "segment_index": 691, "segment_length_km": 5.0, "buffer_km": 1.0, "proximity_km": 2.0, "near_mangrove": true, "near_coral": false, "near_mpa": false, "classification_reason": "near_mangrove" } }, "geometry": { "type": "MultiPolygon", "coordinates": [ [ [ [ 73.386247871758741, 16.348476061678923 ], [ 73.369886240771265, 16.339696563797702 ], [ 73.350897093545925, 16.372679136044486 ], [ 73.367260339040442, 16.381460255162221 ], [ 73.386247871758741, 16.348476061678923 ] ] ] ] } },
{ "type": "Feature", "properties": { "receptor_type": "sensitive_coastline", "name": "Sensitive Coastline Segment 0692", "source": "Natural Earth 10m Physical Coastline", "source_year": 2024, "sensitivity_tier": "high", "protection_status": false, "metadata": { "segment_index": 692, "segment_length_km": 5.0, "buffer_km": 1.0, "proximity_km": 2.0, "near_mangrove": true, "near_coral": false, "near_mpa": false, "classification_reason": "near_mangrove" } }, "geometry": { "type": "MultiPolygon", "coordinates": [ [ [ [ 73.398494693347061, 16.302825995430634 ], [ 73.380348403778427, 16.298406337569553 ], [ 73.368992054332111, 16.341875792371166 ], [ 73.387141910937757, 16.346296746675989 ], [ 73.398494693347061, 16.302825995430634 ] ] ] ] } },
{ "type": "Feature", "properties": { "receptor_type": "sensitive_coastline", "name": "Sensitive Coastline Segment 0693", "source": "Natural Earth 10m Physical Coastline", "source_year": 2024, "sensitivity_tier": "high", "protection_status": false, "metadata": { "segment_index": 693, "segment_length_km": 5.0, "buffer_km": 1.0, "proximity_km": 2.0, "near_mangrove": true, "near_coral": false, "near_mpa": false, "classification_reason": "near_mangrove" } }, "geometry": { "type": "MultiPolygon", "coordinates": [ [ [ [ 73.412715948166579, 16.260403265704291 ], [ 73.394912725938525, 16.254843408033587 ], [ 73.380518338728464, 16.297835496591691 ], [ 73.398324803404805, 16.303396854893222 ], [ 73.412715948166579, 16.260403265704291 ] ] ] ] } },
{ "type": "Feature", "properties": { "receptor_type": "sensitive_coastline", "name": "Sensitive Coastline Segment 0694", "source": "Natural Earth 10m Physical Coastline", "source_year": 2024, "sensitivity_tier": "high", "protection_status": false, "metadata": { "segment_index": 694, "segment_length_km": 5.0, "buffer_km": 1.0, "proximity_km": 2.0, "near_mangrove": true, "near_coral": false, "near_mpa": false, "classification_reason": "near_mangrove" } }, "geometry": { "type": "MultiPolygon", "coordinates": [ [ [ [ 73.429115084729688, 16.219808058046834 ], [ 73.411685856838929, 16.213243400809478 ], [ 73.395098335547374, 16.254340211488501 ], [ 73.412530374788318, 16.260906480907625 ], [ 73.429115084729688, 16.219808058046834 ] ] ] ] } },
{ "type": "Feature", "properties": { "receptor_type": "sensitive_coastline", "name": "Sensitive Coastline Segment 0695", "source": "Natural Earth 10m Physical Coastline", "source_year": 2024, "sensitivity_tier": "high", "protection_status": false, "metadata": { "segment_index": 695, "segment_length_km": 5.0, "buffer_km": 1.0, "proximity_km": 2.0, "near_mangrove": true, "near_coral": false, "near_mpa": false, "classification_reason": "near_mangrove" } }, "geometry": { "type": "MultiPolygon", "coordinates": [ [ [ [ 73.447860134583735, 16.194360450209729 ], [ 73.432532767532351, 16.184001298577137 ], [ 73.412736430429788, 16.211345449264559 ], [ 73.428064607829924, 16.221706099136917 ], [ 73.447860134583735, 16.194360450209729 ] ] ] ] } },
{ "type": "Feature", "properties": { "receptor_type": "sensitive_coastline", "name": "Sensitive Coastline Segment 0696", "source": "Natural Earth 10m Physical Coastline", "source_year": 2024, "sensitivity_tier": "high", "protection_status": false, "metadata": { "segment_index": 696, "segment_length_km": 5.0, "buffer_km": 1.0, "proximity_km": 2.0, "near_mangrove": true, "near_coral": false, "near_mpa": false, "classification_reason": "near_mangrove" } }, "geometry": { "type": "MultiPolygon", "coordinates": [ [ [ [ 73.452053612989701, 16.144648654893881 ], [ 73.433380799430154, 16.143672280636036 ], [ 73.430857791459431, 16.188692312593197 ], [ 73.449534781683013, 16.18966927361722 ], [ 73.452053612989701, 16.144648654893881 ] ] ] ] } },
{ "type": "Feature", "properties": { "receptor_type": "sensitive_coastline", "name": "Sensitive Coastline Segment 0697", "source": "Natural Earth 10m Physical Coastline", "source_year": 2024, "sensitivity_tier": "high", "protection_status": false, "metadata": { "segment_index": 697, "segment_length_km": 5.0, "buffer_km": 1.0, "proximity_km": 2.0, "near_mangrove": true, "near_coral": false, "near_mpa": false, "classification_reason": "near_mangrove" } }, "geometry": { "type": "MultiPolygon", "coordinates": [ [ [ [ 73.456494961874185, 16.130396112962636 ], [ 73.438511619714689, 16.125444773401529 ], [ 73.433724985346487, 16.141684563011651 ], [ 73.451709599447497, 16.146636417190116 ], [ 73.456494961874185, 16.130396112962636 ] ] ] ] } },
{ "type": "Feature", "properties": { "receptor_type": "sensitive_coastline", "name": "Sensitive Coastline Segment 0698", "source": "Natural Earth 10m Physical Coastline", "source_year": 2024, "sensitivity_tier": "high", "protection_status": false, "metadata": { "segment_index": 698, "segment_length_km": 5.0, "buffer_km": 1.0, "proximity_km": 2.0, "near_mangrove": true, "near_coral": false, "near_mpa": false, "classification_reason": "near_mangrove" } }, "geometry": { "type": "MultiPolygon", "coordinates": [ [ [ [ 73.447414867490394, 16.173211173591106 ], [ 73.465748422010662, 16.169637393332788 ], [ 73.456667879987862, 16.12613374504458 ], [ 73.438338316535948, 16.129707092905694 ], [ 73.447414867490394, 16.173211173591106 ] ] ] ] } },
{ "type": "Feature", "properties": { "receptor_type": "sensitive_coastline", "name": "Sensitive Coastline Segment 0699", "source": "Natural Earth 10m Physical Coastline", "source_year": 2024, "sensitivity_tier": "high", "protection_status": false, "metadata": { "segment_index": 699, "segment_length_km": 5.0, "buffer_km": 1.0, "proximity_km": 2.0, "near_mangrove": true, "near_coral": false, "near_mpa": false, "classification_reason": "near_mangrove" } }, "geometry": { "type": "MultiPolygon", "coordinates": [ [ [ [ 73.479330725944848, 16.190803521264503 ], [ 73.48676833175233, 16.174219345329679 ], [ 73.460301156466784, 16.16313288289734 ], [ 73.452861926181143, 16.179715995450529 ], [ 73.479330725944848, 16.190803521264503 ] ] ] ] } },
{ "type": "Feature", "properties": { "receptor_type": "sensitive_coastline", "name": "Sensitive Coastline Segment 0700", "source": "Natural Earth 10m Physical Coastline", "source_year": 2024, "sensitivity_tier": "high", "protection_status": false, "metadata": { "segment_index": 700, "segment_length_km": 5.0, "buffer_km": 1.0, "proximity_km": 2.0, "near_mangrove": true, "near_coral": false, "near_mpa": false, "classification_reason": "near_mangrove" } }, "geometry": { "type": "MultiPolygon", "coordinates": [ [ [ [ 73.468831965735689, 16.140066314917274 ], [ 73.452575636859393, 16.149000009979471 ], [ 73.47492015133453, 16.186978905666589 ], [ 73.491178895965831, 16.178043714846211 ], [ 73.468831965735689, 16.140066314917274 ] ] ] ] } },
{ "type": "Feature", "properties": { "receptor_type": "sensitive_coastline", "name": "Sensitive Coastline Segment 0701", "source": "Natural Earth 10m Physical Coastline", "source_year": 2024, "sensitivity_tier": "high", "protection_status": false, "metadata": { "segment_index": 701, "segment_length_km": 5.0, "buffer_km": 1.0, "proximity_km": 2.0, "near_mangrove": true, "near_coral": false, "near_mpa": false, "classification_reason": "near_mangrove" } }, "geometry": { "type": "MultiPolygon", "coordinates": [ [ [ [ 73.470052159344789, 16.09934666394804 ], [ 73.451356097726801, 16.099346795548058 ], [ 73.451353842741057, 16.144533010842093 ], [ 73.470054143317569, 16.144533247221172 ], [ 73.470052159344789, 16.09934666394804 ] ] ] ] } },
{ "type": "Feature", "properties": { "receptor_type": "sensitive_coastline", "name": "Sensitive Coastline Segment 0702", "source": "Natural Earth 10m Physical Coastline", "source_year": 2024, "sensitivity_tier": "high", "protection_status": false, "metadata": { "segment_index": 702, "segment_length_km": 5.0, "buffer_km": 1.0, "proximity_km": 2.0, "near_mangrove": true, "near_coral": false, "near_mpa": false, "classification_reason": "near_mangrove" } }, "geometry": { "type": "MultiPolygon", "coordinates": [ [ [ [ 73.459257923380051, 16.057183611262801 ], [ 73.441142201953539, 16.061637963738125 ], [ 73.451644388286226, 16.101574198498476 ], [ 73.46976366197579, 16.097119267826031 ], [ 73.459257923380051, 16.057183611262801 ] ] ] ] } },
{ "type": "Feature", "properties": { "receptor_type": "sensitive_coastline", "name": "Sensitive Coastline Segment 0703", "source": "Natural Earth 10m Physical Coastline", "source_year": 2024, "sensitivity_tier": "high", "protection_status": false, "metadata": { "segment_index": 703, "segment_length_km": 5.0, "buffer_km": 1.0, "proximity_km": 2.0, "near_mangrove": true, "near_coral": false, "near_mpa": false, "classification_reason": "near_mangrove" } }, "geometry": { "type": "MultiPolygon", "coordinates": [ [ [ [ 73.488524606847633, 16.036054342460957 ], [ 73.475511107840347, 16.023080943843851 ], [ 73.443693848317039, 16.052923262977661 ], [ 73.4567068655996, 16.065898548954408 ], [ 73.488524606847633, 16.036054342460957 ] ] ] ] } },
{ "type": "Feature", "properties": { "receptor_type": "sensitive_coastline", "name": "Sensitive Coastline Segment 0704", "source": "Natural Earth 10m Physical Coastline", "source_year": 2024, "sensitivity_tier": "high", "protection_status": false, "metadata": { "segment_index": 704, "segment_length_km": 5.0, "buffer_km": 1.0, "proximity_km": 2.0, "near_mangrove": true, "near_coral": false, "near_mpa": false, "classification_reason": "near_mangrove" } }, "geometry": { "type": "MultiPolygon", "coordinates": [ [ [ [ 73.515634596511916, 16.025233282677284 ], [ 73.508154926896012, 16.008668910982205 ], [ 73.478279047685035, 16.021285091191757 ], [ 73.485756530512177, 16.037850315335593 ], [ 73.515634596511916, 16.025233282677284 ] ] ] ] } },
{ "type": "Feature", "properties": { "receptor_type": "sensitive_coastline", "name": "Sensitive Coastline Segment 0705", "source": "Natural Earth 10m Physical Coastline", "source_year": 2024, "sensitivity_tier": "high", "protection_status": false, "metadata": { "segment_index": 705, "segment_length_km": 5.0, "buffer_km": 1.0, "proximity_km": 2.0, "near_mangrove": true, "near_coral": false, "near_mpa": false, "classification_reason": "near_mangrove" } }, "geometry": { "type": "MultiPolygon", "coordinates": [ [ [ [ 73.498219232869801, 15.987451643181629 ], [ 73.483984724021425, 15.999161764097671 ], [ 73.504776803422203, 16.022806699832437 ], [ 73.519012026930099, 16.011095264744746 ], [ 73.498219232869801, 15.987451643181629 ] ] ] ] } },
{ "type": "Feature", "properties": { "receptor_type": "sensitive_coastline", "name": "Sensitive Coastline Segment 0706", "source": "Natural Earth 10m Physical Coastline", "source_year": 2024, "sensitivity_tier": "high", "protection_status": false, "metadata": { "segment_index": 706, "segment_length_km": 5.0, "buffer_km": 1.0, "proximity_km": 2.0, "near_mangrove": true, "near_coral": false, "near_mpa": false, "classification_reason": "near_mangrove" } }, "geometry": { "type": "MultiPolygon", "coordinates": [ [ [ [ 73.52731564159842, 15.963550676318224 ], [ 73.512655723453875, 15.952345128524222 ], [ 73.48377212796197, 15.987702950157839 ], [ 73.498432654869688, 15.998910513800476 ], [ 73.52731564159842, 15.963550676318224 ] ] ] ] } },
{ "type": "Feature", "properties": { "receptor_type": "sensitive_coastline", "name": "Sensitive Coastline Segment 0707", "source": "Natural Earth 10m Physical Coastline", "source_year": 2024, "sensitivity_tier": "high", "protection_status": false, "metadata": { "segment_index": 707, "segment_length_km": 5.0, "buffer_km": 1.0, "proximity_km": 2.0, "near_mangrove": true, "near_coral": false, "near_mpa": false, "classification_reason": "near_mangrove" } }, "geometry": { "type": "MultiPolygon", "coordinates": [ [ [ [ 73.561379259482294, 15.935248880219993 ], [ 73.54915536611513, 15.921580303198089 ], [ 73.513874211898823, 15.951112693969611 ], [ 73.526097146414997, 15.964783186171701 ], [ 73.561379259482294, 15.935248880219993 ] ] ] ] } },
{ "type": "Feature", "properties": { "receptor_type": "sensitive_coastline", "name": "Sensitive Coastline Segment 0708", "source": "Natural Earth 10m Physical Coastline", "source_year": 2024, "sensitivity_tier": "high", "protection_status": false, "metadata": { "segment_index": 708, "segment_length_km": 5.0, "buffer_km": 1.0, "proximity_km": 2.0, "near_mangrove": true, "near_coral": false, "near_mpa": false, "classification_reason": "near_mangrove" } }, "geometry": { "type": "MultiPolygon", "coordinates": [ [ [ [ 73.596664227481384, 15.905882869077479 ], [ 73.584483503292475, 15.89217935561795 ], [ 73.549177436041319, 15.921561882793986 ], [ 73.561357188952627, 15.935267301818683 ], [ 73.596664227481384, 15.905882869077479 ] ] ] ] } },
{ "type": "Feature", "properties": { "receptor_type": "sensitive_coastline", "name": "Sensitive Coastline Segment 0709", "source": "Natural Earth 10m Physical Coastline", "source_year": 2024, "sensitivity_tier": "high", "protection_status": false, "metadata": { "segment_index": 709, "segment_length_km": 5.0, "buffer_km": 1.0, "proximity_km": 2.0, "near_mangrove": true, "near_coral": false, "near_mpa": false, "classification_reason": "near_mangrove" } }, "geometry": { "type": "MultiPolygon", "coordinates": [ [ [ [ 73.623272376521925, 15.865734830515482 ], [ 73.607468741306221, 15.856103836225696 ], [ 73.582671297761479, 15.894214594342328 ], [ 73.598476417023122, 15.903847512151698 ], [ 73.623272376521925, 15.865734830515482 ] ] ] ] } },
{ "type": "Feature", "properties": { "receptor_type": "sensitive_coastline", "name": "Sensitive Coastline Segment 0710", "source": "Natural Earth 10m Physical Coastline", "source_year": 2024, "sensitivity_tier": "high", "protection_status": false, "metadata": { "segment_index": 710, "segment_length_km": 5.0, "buffer_km": 1.0, "proximity_km": 2.0, "near_mangrove": true, "near_coral": false, "near_mpa": false, "classification_reason": "near_mangrove" } }, "geometry": { "type": "MultiPolygon", "coordinates": [ [ [ [ 73.645187040636742, 15.824991534107216 ], [ 73.6286198259222, 15.816654694944093 ], [ 73.607085882148439, 15.856749995710299 ], [ 73.623655205935734, 15.865088640166173 ], [ 73.645187040636742, 15.824991534107216 ] ] ] ] } },
{ "type": "Feature", "properties": { "receptor_type": "sensitive_coastline", "name": "Sensitive Coastline Segment 0711", "source": "Natural Earth 10m Physical Coastline", "source_year": 2024, "sensitivity_tier": "high", "protection_status": false, "metadata": { "segment_index": 711, "segment_length_km": 5.0, "buffer_km": 1.0, "proximity_km": 2.0, "near_mangrove": true, "near_coral": false, "near_mpa": false, "classification_reason": "near_mangrove" } }, "geometry": { "type": "MultiPolygon", "coordinates": [ [ [ [ 73.654490023222635, 15.778779731420908 ], [ 73.636138229053955, 15.775468595656148 ], [ 73.627725605936845, 15.819167005690201 ], [ 73.646081082580267, 15.822479137753966 ], [ 73.654490023222635, 15.778779731420908 ] ] ] ] } },
{ "type": "Feature", "properties": { "receptor_type": "sensitive_coastline", "name": "Sensitive Coastline Segment 0712", "source": "Natural Earth 10m Physical Coastline", "source_year": 2024, "sensitivity_tier": "high", "protection_status": false, "metadata": { "segment_index": 712, "segment_length_km": 5.0, "buffer_km": 1.0, "proximity_km": 2.0, "near_mangrove": true, "near_coral": false, "near_mpa": false, "classification_reason": "near_mangrove" } }, "geometry": { "type": "MultiPolygon", "coordinates": [ [ [ [ 73.659445541744461, 15.735223767952842 ], [ 73.640892919858047, 15.733254037261899 ], [ 73.636035896260978, 15.776138937596551 ], [ 73.654592298135839, 15.778109376304569 ], [ 73.659445541744461, 15.735223767952842 ] ] ] ] } },
{ "type": "Feature", "properties": { "receptor_type": "sensitive_coastline", "name": "Sensitive Coastline Segment 0713", "source": "Natural Earth 10m Physical Coastline", "source_year": 2024, "sensitivity_tier": "high", "protection_status": false, "metadata": { "segment_index": 713, "segment_length_km": 5.0, "buffer_km": 1.0, "proximity_km": 2.0, "near_mangrove": true, "near_coral": false, "near_mpa": false, "classification_reason": "near_mangrove" } }, "geometry": { "type": "MultiPolygon", "coordinates": [ [ [ [ 73.697093588226011, 15.732684289466455 ], [ 73.692759098181511, 15.715101665649632 ], [ 73.648003889674186, 15.725447481135456 ], [ 73.652334606360498, 15.74303069803619 ], [ 73.697093588226011, 15.732684289466455 ] ] ] ] } },
{ "type": "Feature", "properties": { "receptor_type": "sensitive_coastline", "name": "Sensitive Coastline Segment 0714", "source": "Natural Earth 10m Physical Coastline", "source_year": 2024, "sensitivity_tier": "high", "protection_status": false, "metadata": { "segment_index": 714, "segment_length_km": 5.0, "buffer_km": 1.0, "proximity_km": 2.0, "near_mangrove": true, "near_coral": false, "near_mpa": false, "classification_reason": "near_mangrove" } }, "geometry": { "type": "MultiPolygon", "coordinates": [ [ [ [ 73.700502557690555, 15.690784512052863 ], [ 73.681957336766686, 15.692787957902265 ], [ 73.685652163957968, 15.724894551960029 ], [ 73.704200305782322, 15.722891016242874 ], [ 73.700502557690555, 15.690784512052863 ] ] ] ] } },
{ "type": "Feature", "properties": { "receptor_type": "sensitive_coastline", "name": "Sensitive Coastline Segment 0715", "source": "Natural Earth 10m Physical Coastline", "source_year": 2024, "sensitivity_tier": "low", "protection_status": false, "metadata": { "segment_index": 715, "segment_length_km": 5.0, "buffer_km": 1.0, "proximity_km": 2.0, "near_mangrove": false, "near_coral": false, "near_mpa": false, "classification_reason": "no_ecological_association" } }, "geometry": { "type": "MultiPolygon", "coordinates": [ [ [ [ 73.713571482366561, 15.651352775774651 ], [ 73.69571085046185, 15.646129637576621 ], [ 73.682298175672415, 15.689174025309153 ], [ 73.700162032236506, 15.694398496765015 ], [ 73.713571482366561, 15.651352775774651 ] ] ] ] } },
{ "type": "Feature", "properties": { "receptor_type": "sensitive_coastline", "name": "Sensitive Coastline Segment 0716", "source": "Natural Earth 10m Physical Coastline", "source_year": 2024, "sensitivity_tier": "high", "protection_status": false, "metadata": { "segment_index": 716, "segment_length_km": 5.0, "buffer_km": 1.0, "proximity_km": 2.0, "near_mangrove": true, "near_coral": false, "near_mpa": false, "classification_reason": "near_mangrove" } }, "geometry": { "type": "MultiPolygon", "coordinates": [ [ [ [ 73.739455873102088, 15.63209453798215 ], [ 73.727422691985723, 15.618281044536323 ], [ 73.69862505249786, 15.641833809318324 ], [ 73.710657425533597, 15.655648812616487 ], [ 73.739455873102088, 15.63209453798215 ] ] ] ] } },
{ "type": "Feature", "properties": { "receptor_type": "sensitive_coastline", "name": "Sensitive Coastline Segment 0717", "source": "Natural Earth 10m Physical Coastline", "source_year": 2024, "sensitivity_tier": "high", "protection_status": false, "metadata": { "segment_index": 717, "segment_length_km": 5.0, "buffer_km": 1.0, "proximity_km": 2.0, "near_mangrove": true, "near_coral": false, "near_mpa": false, "classification_reason": "near_mangrove" } }, "geometry": { "type": "MultiPolygon", "coordinates": [ [ [ [ 73.768005451115272, 15.656800374201458 ], [ 73.777897789363493, 15.641473211522316 ], [ 73.738385818527519, 15.617525147958146 ], [ 73.728491966822148, 15.632850429801625 ], [ 73.768005451115272, 15.656800374201458 ] ] ] ] } },
{ "type": "Feature", "properties": { "receptor_type": "sensitive_coastline", "name": "Sensitive Coastline Segment 0718", "source": "Natural Earth 10m Physical Coastline", "source_year": 2024, "sensitivity_tier": "high", "protection_status": false, "metadata": { "segment_index": 718, "segment_length_km": 5.0, "buffer_km": 1.0, "proximity_km": 2.0, "near_mangrove": true, "near_coral": false, "near_mpa": false, "classification_reason": "near_mangrove" } }, "geometry": { "type": "MultiPolygon", "coordinates": [ [ [ [ 73.812287674598693, 15.670221554621689 ], [ 73.817733226658206, 15.652930848845848 ], [ 73.775675984963627, 15.640492109552524 ], [ 73.770227383179119, 15.657781562539727 ], [ 73.812287674598693, 15.670221554621689 ] ] ] ] } },
{ "type": "Feature", "properties": { "receptor_type": "sensitive_coastline", "name": "Sensitive Coastline Segment 0719", "source": "Natural Earth 10m Physical Coastline", "source_year": 2024, "sensitivity_tier": "high", "protection_status": false, "metadata": { "segment_index": 719, "segment_length_km": 5.0, "buffer_km": 1.0, "proximity_km": 2.0, "near_mangrove": true, "near_coral": false, "near_mpa": false, "classification_reason": "near_mangrove" } }, "geometry": { "type": "MultiPolygon", "coordinates": [ [ [ [ 73.830125110590245, 15.655131692899287 ], [ 73.814276906770331, 15.645592230033227 ], [ 73.807086438679022, 15.656806093142567 ], [ 73.822935096686962, 15.666346103358766 ], [ 73.830125110590245, 15.655131692899287 ] ] ] ] } },
{ "type": "Feature", "properties": { "receptor_type": "sensitive_coastline", "name": "Sensitive Coastline Segment 0720", "source": "Natural Earth 10m Physical Coastline", "source_year": 2024, "sensitivity_tier": "high", "protection_status": false, "metadata": { "segment_index": 720, "segment_length_km": 5.0, "buffer_km": 1.0, "proximity_km": 2.0, "near_mangrove": true, "near_coral": false, "near_mpa": false, "classification_reason": "near_mangrove" } }, "geometry": { "type": "MultiPolygon", "coordinates": [ [ [ [ 73.779865217894141, 15.62945643814496 ], [ 73.774820496940563, 15.646860551833806 ], [ 73.819680009130792, 15.65906475402185 ], [ 73.824721389701011, 15.641659381767019 ], [ 73.779865217894141, 15.62945643814496 ] ] ] ] } },
{ "type": "Feature", "properties": { "receptor_type": "sensitive_coastline", "name": "Sensitive Coastline Segment 0721", "source": "Natural Earth 10m Physical Coastline", "source_year": 2024, "sensitivity_tier": "high", "protection_status": false, "metadata": { "segment_index": 721, "segment_length_km": 5.0, "buffer_km": 1.0, "proximity_km": 2.0, "near_mangrove": true, "near_coral": false, "near_mpa": false, "classification_reason": "near_mangrove" } }, "geometry": { "type": "MultiPolygon", "coordinates": [ [ [ [ 73.753152009636608, 15.601962487038799 ], [ 73.739967868746518, 15.614750504733294 ], [ 73.770750560701956, 15.644553321707612 ], [ 73.783934983616575, 15.631763488137407 ], [ 73.753152009636608, 15.601962487038799 ] ] ] ] } },
{ "type": "Feature", "properties": { "receptor_type": "sensitive_coastline", "name": "Sensitive Coastline Segment 0722", "source": "Natural Earth 10m Physical Coastline", "source_year": 2024, "sensitivity_tier": "high", "protection_status": false, "metadata": { "segment_index": 722, "segment_length_km": 5.0, "buffer_km": 1.0, "proximity_km": 2.0, "near_mangrove": true, "near_coral": false, "near_mpa": false, "classification_reason": "near_mangrove" } }, "geometry": { "type": "MultiPolygon", "coordinates": [ [ [ [ 73.747614176408476, 15.565662286099034 ], [ 73.729298103093782, 15.569064001239926 ], [ 73.737400241802888, 15.610057474551521 ], [ 73.755719923004165, 15.606655355367014 ], [ 73.747614176408476, 15.565662286099034 ] ] ] ] } },
{ "type": "Feature", "properties": { "receptor_type": "sensitive_coastline", "name": "Sensitive Coastline Segment 0723", "source": "Natural Earth 10m Physical Coastline", "source_year": 2024, "sensitivity_tier": "high", "protection_status": false, "metadata": { "segment_index": 723, "segment_length_km": 5.0, "buffer_km": 1.0, "proximity_km": 2.0, "near_mangrove": true, "near_coral": false, "near_mpa": false, "classification_reason": "near_mangrove" } }, "geometry": { "type": "MultiPolygon", "coordinates": [ [ [ [ 73.762749045238152, 15.530257737297324 ], [ 73.745287826656352, 15.523917242838849 ], [ 73.729724374324448, 15.564192215906179 ], [ 73.747188318023447, 15.5705341364778 ], [ 73.762749045238152, 15.530257737297324 ] ] ] ] } },
{ "type": "Feature", "properties": { "receptor_type": "sensitive_coastline", "name": "Sensitive Coastline Segment 0724", "source": "Natural Earth 10m Physical Coastline", "source_year": 2024, "sensitivity_tier": "high", "protection_status": false, "metadata": { "segment_index": 724, "segment_length_km": 5.0, "buffer_km": 1.0, "proximity_km": 2.0, "near_mangrove": true, "near_coral": false, "near_mpa": false, "classification_reason": "near_mangrove" } }, "geometry": { "type": "MultiPolygon", "coordinates": [ [ [ [ 73.783488643025137, 15.499820369953431 ], [ 73.767872729257633, 15.489945604469559 ], [ 73.746209949174471, 15.522149342531996 ], [ 73.761827016829415, 15.532025713167544 ], [ 73.783488643025137, 15.499820369953431 ] ] ] ] } },
{ "type": "Feature", "properties": { "receptor_type": "sensitive_coastline", "name": "Sensitive Coastline Segment 0725", "source": "Natural Earth 10m Physical Coastline", "source_year": 2024, "sensitivity_tier": "high", "protection_status": false, "metadata": { "segment_index": 725, "segment_length_km": 5.0, "buffer_km": 1.0, "proximity_km": 2.0, "near_mangrove": true, "near_coral": false, "near_mpa": false, "classification_reason": "near_mangrove" } }, "geometry": { "type": "MultiPolygon", "coordinates": [ [ [ [ 73.812506549615719, 15.519259543083319 ], [ 73.819565315719274, 15.50252719665961 ], [ 73.779210980010419, 15.486517627124652 ], [ 73.772149703402704, 15.503248515188512 ], [ 73.812506549615719, 15.519259543083319 ] ] ] ] } },
{ "type": "Feature", "properties": { "receptor_type": "sensitive_coastline", "name": "Sensitive Coastline Segment 0726", "source": "Natural Earth 10m Physical Coastline", "source_year": 2024, "sensitivity_tier": "high", "protection_status": false, "metadata": { "segment_index": 726, "segment_length_km": 5.0, "buffer_km": 1.0, "proximity_km": 2.0, "near_mangrove": true, "near_coral": false, "near_mpa": false, "classification_reason": "near_mangrove" } }, "geometry": { "type": "MultiPolygon", "coordinates": [ [ [ [ 73.852358462790633, 15.540628165766279 ], [ 73.861358872022961, 15.524795271176444 ], [ 73.820537072931188, 15.50297779471093 ], [ 73.811534738895617, 15.518808906236719 ], [ 73.852358462790633, 15.540628165766279 ] ] ] ] } },
{ "type": "Feature", "properties": { "receptor_type": "sensitive_coastline", "name": "Sensitive Coastline Segment 0727", "source": "Natural Earth 10m Physical Coastline", "source_year": 2024, "sensitivity_tier": "high", "protection_status": false, "metadata": { "segment_index": 727, "segment_length_km": 5.0, "buffer_km": 1.0, "proximity_km": 2.0, "near_mangrove": true, "near_coral": false, "near_mpa": false, "classification_reason": "near_mangrove" } }, "geometry": { "type": "MultiPolygon", "coordinates": [ [ [ [ 73.87980265802436, 15.515961160641167 ], [ 73.864359296769251, 15.505831712943115 ], [ 73.849136995761455, 15.527646379122134 ], [ 73.864581085555727, 15.537776931229063 ], [ 73.87980265802436, 15.515961160641167 ] ] ] ] } },
{ "type": "Feature", "properties": { "receptor_type": "sensitive_coastline", "name": "Sensitive Coastline Segment 0728", "source": "Natural Earth 10m Physical Coastline", "source_year": 2024, "sensitivity_tier": "high", "protection_status": false, "metadata": { "segment_index": 728, "segment_length_km": 5.0, "buffer_km": 1.0, "proximity_km": 2.0, "near_mangrove": true, "near_coral": false, "near_mpa": false, "classification_reason": "near_mangrove" } }, "geometry": { "type": "MultiPolygon", "coordinates": [ [ [ [ 73.828786250936147, 15.491952950976994 ], [ 73.824600211841357, 15.509569487337654 ], [ 73.869989423373383, 15.519705355132256 ], [ 73.874171941882352, 15.502087727043282 ], [ 73.828786250936147, 15.491952950976994 ] ] ] ] } },
{ "type": "Feature", "properties": { "receptor_type": "sensitive_coastline", "name": "Sensitive Coastline Segment 0729", "source": "Natural Earth 10m Physical Coastline", "source_year": 2024, "sensitivity_tier": "high", "protection_status": false, "metadata": { "segment_index": 729, "segment_length_km": 5.0, "buffer_km": 1.0, "proximity_km": 2.0, "near_mangrove": true, "near_coral": false, "near_mpa": false, "classification_reason": "near_mangrove" } }, "geometry": { "type": "MultiPolygon", "coordinates": [ [ [ [ 73.804786006510525, 15.461634020170738 ], [ 73.790550338349476, 15.473304868396891 ], [ 73.819574836943758, 15.506597426659159 ], [ 73.83381143434292, 15.494924790621731 ], [ 73.804786006510525, 15.461634020170738 ] ] ] ] } },
{ "type": "Feature", "properties": { "receptor_type": "sensitive_coastline", "name": "Sensitive Coastline Segment 0730", "source": "Natural Earth 10m Physical Coastline", "source_year": 2024, "sensitivity_tier": "high", "protection_status": false, "metadata": { "segment_index": 730, "segment_length_km": 5.0, "buffer_km": 1.0, "proximity_km": 2.0, "near_mangrove": true, "near_coral": false, "near_mpa": false, "classification_reason": "near_mangrove" } }, "geometry": { "type": "MultiPolygon", "coordinates": [ [ [ [ 73.827976974014547, 15.458089189276945 ], [ 73.817356188118325, 15.443232929990703 ], [ 73.792358713368031, 15.460040836683195 ], [ 73.802978393766026, 15.474898206944083 ], [ 73.827976974014547, 15.458089189276945 ] ] ] ] } },
{ "type": "Feature", "properties": { "receptor_type": "sensitive_coastline", "name": "Sensitive Coastline Segment 0731", "source": "Natural Earth 10m Physical Coastline", "source_year": 2024, "sensitivity_tier": "high", "protection_status": false, "metadata": { "segment_index": 731, "segment_length_km": 5.0, "buffer_km": 1.0, "proximity_km": 2.0, "near_mangrove": true, "near_coral": false, "near_mpa": false, "classification_reason": "near_mangrove" } }, "geometry": { "type": "MultiPolygon", "coordinates": [ [ [ [ 73.866969604423815, 15.442906737689507 ], [ 73.859932759397012, 15.426166314427753 ], [ 73.819149564280238, 15.44229033845879 ], [ 73.826183491253261, 15.459031844208875 ], [ 73.866969604423815, 15.442906737689507 ] ] ] ] } },
{ "type": "Feature", "properties": { "receptor_type": "sensitive_coastline", "name": "Sensitive Coastline Segment 0732", "source": "Natural Earth 10m Physical Coastline", "source_year": 2024, "sensitivity_tier": "high", "protection_status": false, "metadata": { "segment_index": 732, "segment_length_km": 5.0, "buffer_km": 1.0, "proximity_km": 2.0, "near_mangrove": true, "near_coral": false, "near_mpa": false, "classification_reason": "near_mangrove" } }, "geometry": { "type": "MultiPolygon", "coordinates": [ [ [ [ 73.909733093983036, 15.43467194806502 ], [ 73.906033556430074, 15.416952991143187 ], [ 73.861603207709933, 15.425676819692503 ], [ 73.865299025004987, 15.443396263617952 ], [ 73.909733093983036, 15.43467194806502 ] ] ] ] } },
{ "type": "Feature", "properties": { "receptor_type": "sensitive_coastline", "name": "Sensitive Coastline Segment 0733", "source": "Natural Earth 10m Physical Coastline", "source_year": 2024, "sensitivity_tier": "high", "protection_status": false, "metadata": { "segment_index": 733, "segment_length_km": 5.0, "buffer_km": 1.0, "proximity_km": 2.0, "near_mangrove": true, "near_coral": false, "near_mpa": false, "classification_reason": "near_mangrove" } }, "geometry": { "type": "MultiPolygon", "coordinates": [ [ [ [ 73.950444598431929, 15.407943745650195 ], [ 73.939756048786975, 15.393134091097899 ], [ 73.902539963117135, 15.418406758238463 ], [ 73.913226924923364, 15.433218084273083 ], [ 73.950444598431929, 15.407943745650195 ] ] ] ] } },
{ "type": "Feature", "properties": { "receptor_type": "sensitive_coastline", "name": "Sensitive Coastline Segment 0734", "source": "Natural Earth 10m Physical Coastline", "source_year": 2024, "sensitivity_tier": "high", "protection_status": false, "metadata": { "segment_index": 734, "segment_length_km": 5.0, "buffer_km": 1.0, "proximity_km": 2.0, "near_mangrove": true, "near_coral": false, "near_mpa": false, "classification_reason": "near_mangrove" } }, "geometry": { "type": "MultiPolygon", "coordinates": [ [ [ [ 73.968051718662522, 15.371006726374913 ], [ 73.950883664832631, 15.363980665458552 ], [ 73.936515225696724, 15.397025171815244 ], [ 73.953685358728293, 15.404052459977425 ], [ 73.968051718662522, 15.371006726374913 ] ] ] ] } },
{ "type": "Feature", "properties": { "receptor_type": "sensitive_coastline", "name": "Sensitive Coastline Segment 0735", "source": "Natural Earth 10m Physical Coastline", "source_year": 2024, "sensitivity_tier": "high", "protection_status": false, "metadata": { "segment_index": 735, "segment_length_km": 5.0, "buffer_km": 1.0, "proximity_km": 2.0, "near_mangrove": true, "near_coral": false, "near_mpa": false, "classification_reason": "near_mangrove" } }, "geometry": { "type": "MultiPolygon", "coordinates": [ [ [ [ 73.9233257155784, 15.390333855851271 ], [ 73.936628406124356, 15.402994455994779 ], [ 73.966119168132707, 15.373823197120192 ], [ 73.952816311803559, 15.361164331536839 ], [ 73.9233257155784, 15.390333855851271 ] ] ] ] } },
{ "type": "Feature", "properties": { "receptor_type": "sensitive_coastline", "name": "Sensitive Coastline Segment 0736", "source": "Natural Earth 10m Physical Coastline", "source_year": 2024, "sensitivity_tier": "high", "protection_status": false, "metadata": { "segment_index": 736, "segment_length_km": 5.0, "buffer_km": 1.0, "proximity_km": 2.0, "near_mangrove": true, "near_coral": false, "near_mpa": false, "classification_reason": "near_mangrove" } }, "geometry": { "type": "MultiPolygon", "coordinates": [ [ [ [ 73.887255885278122, 15.391103923313189 ], [ 73.888827262245854, 15.409118166170643 ], [ 73.930764381263586, 15.405671333904245 ], [ 73.929189379265793, 15.387657149132085 ], [ 73.887255885278122, 15.391103923313189 ] ] ] ] } },
{ "type": "Feature", "properties": { "receptor_type": "sensitive_coastline", "name": "Sensitive Coastline Segment 0737", "source": "Natural Earth 10m Physical Coastline", "source_year": 2024, "sensitivity_tier": "high", "protection_status": false, "metadata": { "segment_index": 737, "segment_length_km": 5.0, "buffer_km": 1.0, "proximity_km": 2.0, "near_mangrove": true, "near_coral": false, "near_mpa": false, "classification_reason": "near_mangrove" } }, "geometry": { "type": "MultiPolygon", "coordinates": [ [ [ [ 73.843833052274363, 15.395311528025356 ], [ 73.845683700580523, 15.413300531760649 ], [ 73.888968772254088, 15.409105493930282 ], [ 73.887114387493881, 15.391116595283616 ], [ 73.843833052274363, 15.395311528025356 ] ] ] ] } },
{ "type": "Feature", "properties": { "receptor_type": "sensitive_coastline", "name": "Sensitive Coastline Segment 0738", "source": "Natural Earth 10m Physical Coastline", "source_year": 2024, "sensitivity_tier": "low", "protection_status": false, "metadata": { "segment_index": 738, "segment_length_km": 5.0, "buffer_km": 1.0, "proximity_km": 2.0, "near_mangrove": false, "near_coral": false, "near_mpa": false, "classification_reason": "no_ecological_association" } }, "geometry": { "type": "MultiPolygon", "coordinates": [ [ [ [ 73.797755170160841, 15.397827648803361 ], [ 73.798803868616275, 15.415877085497987 ], [ 73.84528472392428, 15.413330780886978 ], [ 73.844231994390668, 15.395281279105035 ], [ 73.797755170160841, 15.397827648803361 ] ] ] ] } },
{ "type": "Feature", "properties": { "receptor_type": "sensitive_coastline", "name": "Sensitive Coastline Segment 0739", "source": "Natural Earth 10m Physical Coastline", "source_year": 2024, "sensitivity_tier": "low", "protection_status": false, "metadata": { "segment_index": 739, "segment_length_km": 5.0, "buffer_km": 1.0, "proximity_km": 2.0, "near_mangrove": false, "near_coral": false, "near_mpa": false, "classification_reason": "no_ecological_association" } }, "geometry": { "type": "MultiPolygon", "coordinates": [ [ [ [ 73.812549725401638, 15.387267319708954 ], [ 73.794402440778143, 15.383165125233573 ], [ 73.789205116632431, 15.404800821789639 ], [ 73.807354111117149, 15.408903559473321 ], [ 73.812549725401638, 15.387267319708954 ] ] ] ] } },
{ "type": "Feature", "properties": { "receptor_type": "sensitive_coastline", "name": "Sensitive Coastline Segment 0740", "source": "Natural Earth 10m Physical Coastline", "source_year": 2024, "sensitivity_tier": "low", "protection_status": false, "metadata": { "segment_index": 740, "segment_length_km": 5.0, "buffer_km": 1.0, "proximity_km": 2.0, "near_mangrove": false, "near_coral": false, "near_mpa": false, "classification_reason": "no_ecological_association" } }, "geometry": { "type": "MultiPolygon", "coordinates": [ [ [ [ 73.846771411423092, 15.369333014489511 ], [ 73.836807815534883, 15.354056811807089 ], [ 73.798495323642328, 15.377577472141772 ], [ 73.808456988919502, 15.392855239832869 ], [ 73.846771411423092, 15.369333014489511 ] ] ] ] } },
{ "type": "Feature", "properties": { "receptor_type": "sensitive_coastline", "name": "Sensitive Coastline Segment 0741", "source": "Natural Earth 10m Physical Coastline", "source_year": 2024, "sensitivity_tier": "low", "protection_status": false, "metadata": { "segment_index": 741, "segment_length_km": 5.0, "buffer_km": 1.0, "proximity_km": 2.0, "near_mangrove": false, "near_coral": false, "near_mpa": false, "classification_reason": "no_ecological_association" } }, "geometry": { "type": "MultiPolygon", "coordinates": [ [ [ [ 73.887562329171615, 15.360212011371596 ], [ 73.883164259888602, 15.342644267245879 ], [ 73.839592261242586, 15.352910773787768 ], [ 73.843986773754636, 15.370479128195045 ], [ 73.887562329171615, 15.360212011371596 ] ] ] ] } },
{ "type": "Feature", "properties": { "receptor_type": "sensitive_coastline", "name": "Sensitive Coastline Segment 0742", "source": "Natural Earth 10m Physical Coastline", "source_year": 2024, "sensitivity_tier": "low", "protection_status": false, "metadata": { "segment_index": 742, "segment_length_km": 5.0, "buffer_km": 1.0, "proximity_km": 2.0, "near_mangrove": false, "near_coral": false, "near_mpa": false, "classification_reason": "no_ecological_association" } }, "geometry": { "type": "MultiPolygon", "coordinates": [ [ [ [ 73.910356765889659, 15.31269472353272 ], [ 73.892925804008797, 15.306320348956127 ], [ 73.87664647490989, 15.348240075327508 ], [ 73.894080240081863, 15.354615895440881 ], [ 73.910356765889659, 15.31269472353272 ] ] ] ] } },
{ "type": "Feature", "properties": { "receptor_type": "sensitive_coastline", "name": "Sensitive Coastline Segment 0743", "source": "Natural Earth 10m Physical Coastline", "source_year": 2024, "sensitivity_tier": "low", "protection_status": false, "metadata": { "segment_index": 743, "segment_length_km": 5.0, "buffer_km": 1.0, "proximity_km": 2.0, "near_mangrove": false, "near_coral": false, "near_mpa": false, "classification_reason": "no_ecological_association" } }, "geometry": { "type": "MultiPolygon", "coordinates": [ [ [ [ 73.923867802250101, 15.268776171316961 ], [ 73.906020329975334, 15.263611789172019 ], [ 73.892715931129175, 15.306924705185207 ], [ 73.910566596200866, 15.312090348085944 ], [ 73.923867802250101, 15.268776171316961 ] ] ] ] } },
{ "type": "Feature", "properties": { "receptor_type": "sensitive_coastline", "name": "Sensitive Coastline Segment 0744", "source": "Natural Earth 10m Physical Coastline", "source_year": 2024, "sensitivity_tier": "high", "protection_status": false, "metadata": { "segment_index": 744, "segment_length_km": 5.0, "buffer_km": 1.0, "proximity_km": 2.0, "near_mangrove": true, "near_coral": false, "near_mpa": false, "classification_reason": "near_mangrove" } }, "geometry": { "type": "MultiPolygon", "coordinates": [ [ [ [ 73.937162994982856, 15.225460687375104 ], [ 73.919318707058608, 15.220297560038183 ], [ 73.906020329975334, 15.263611789172019 ], [ 73.923867802250101, 15.268776171316961 ], [ 73.937162994982856, 15.225460687375104 ] ] ] ] } },
{ "type": "Feature", "properties": { "receptor_type": "sensitive_coastline", "name": "Sensitive Coastline Segment 0745", "source": "Natural Earth 10m Physical Coastline", "source_year": 2024, "sensitivity_tier": "high", "protection_status": false, "metadata": { "segment_index": 745, "segment_length_km": 5.0, "buffer_km": 1.0, "proximity_km": 2.0, "near_mangrove": true, "near_coral": false, "near_mpa": false, "classification_reason": "near_mangrove" } }, "geometry": { "type": "MultiPolygon", "coordinates": [ [ [ [ 73.950452199802925, 15.182143903710413 ], [ 73.932611087787279, 15.176982025236939 ], [ 73.919318707058608, 15.220297560038183 ], [ 73.937162994982856, 15.225460687375104 ], [ 73.950452199802925, 15.182143903710413 ] ] ] ] } },
{ "type": "Feature", "properties": { "receptor_type": "sensitive_coastline", "name": "Sensitive Coastline Segment 0746", "source": "Natural Earth 10m Physical Coastline", "source_year": 2024, "sensitivity_tier": "high", "protection_status": false, "metadata": { "segment_index": 746, "segment_length_km": 5.0, "buffer_km": 1.0, "proximity_km": 2.0, "near_mangrove": true, "near_coral": false, "near_mpa": false, "classification_reason": "near_mangrove" } }, "geometry": { "type": "MultiPolygon", "coordinates": [ [ [ [ 73.968571568027357, 15.15957382787427 ], [ 73.953671681480699, 15.148737541210028 ], [ 73.934081471308915, 15.174144218445413 ], [ 73.948981965054671, 15.184981825876001 ], [ 73.968571568027357, 15.15957382787427 ] ] ] ] } },
{ "type": "Feature", "properties": { "receptor_type": "sensitive_coastline", "name": "Sensitive Coastline Segment 0747", "source": "Natural Earth 10m Physical Coastline", "source_year": 2024, "sensitivity_tier": "high", "protection_status": false, "metadata": { "segment_index": 747, "segment_length_km": 5.0, "buffer_km": 1.0, "proximity_km": 2.0, "near_mangrove": true, "near_coral": false, "near_mpa": false, "classification_reason": "near_mangrove" } }, "geometry": { "type": "MultiPolygon", "coordinates": [ [ [ [ 73.938062598040716, 15.117233855249031 ], [ 73.9245227527433, 15.129637888730304 ], [ 73.954351082868612, 15.160358568787602 ], [ 73.967891386900789, 15.147952793481291 ], [ 73.938062598040716, 15.117233855249031 ] ] ] ] } },
{ "type": "Feature", "properties": { "receptor_type": "sensitive_coastline", "name": "Sensitive Coastline Segment 0748", "source": "Natural Earth 10m Physical Coastline", "source_year": 2024, "sensitivity_tier": "low", "protection_status": false, "metadata": { "segment_index": 748, "segment_length_km": 5.0, "buffer_km": 1.0, "proximity_km": 2.0, "near_mangrove": false, "near_coral": false, "near_mpa": false, "classification_reason": "no_ecological_association" } }, "geometry": { "type": "MultiPolygon", "coordinates": [ [ [ [ 73.922650630680636, 15.078379884780313 ], [ 73.905389528315411, 15.08513153602005 ], [ 73.922660689968851, 15.126812193133015 ], [ 73.939924798762462, 15.120059434127912 ], [ 73.922650630680636, 15.078379884780313 ] ] ] ] } },
{ "type": "Feature", "properties": { "receptor_type": "sensitive_coastline", "name": "Sensitive Coastline Segment 0749", "source": "Natural Earth 10m Physical Coastline", "source_year": 2024, "sensitivity_tier": "low", "protection_status": false, "metadata": { "segment_index": 749, "segment_length_km": 5.0, "buffer_km": 1.0, "proximity_km": 2.0, "near_mangrove": false, "near_coral": false, "near_mpa": false, "classification_reason": "no_ecological_association" } }, "geometry": { "type": "MultiPolygon", "coordinates": [ [ [ [ 73.958060677015112, 15.075780824891293 ], [ 73.951687561871424, 15.058794949856951 ], [ 73.910835250015637, 15.07326245773781 ], [ 73.917205394450619, 15.090249276686723 ], [ 73.958060677015112, 15.075780824891293 ] ] ] ] } },
{ "type": "Feature", "properties": { "receptor_type": "sensitive_coastline", "name": "Sensitive Coastline Segment 0750", "source": "Natural Earth 10m Physical Coastline", "source_year": 2024, "sensitivity_tier": "low", "protection_status": false, "metadata": { "segment_index": 750, "segment_length_km": 5.0, "buffer_km": 1.0, "proximity_km": 2.0, "near_mangrove": false, "near_coral": false, "near_mpa": false, "classification_reason": "no_ecological_association" } }, "geometry": { "type": "MultiPolygon", "coordinates": [ [ [ [ 73.990762809063256, 15.041011253447667 ], [ 73.976733674557238, 15.029137353348684 ], [ 73.947859496955729, 15.061349965316788 ], [ 73.96188890154518, 15.073225649121007 ], [ 73.990762809063256, 15.041011253447667 ] ] ] ] } },
{ "type": "Feature", "properties": { "receptor_type": "sensitive_coastline", "name": "Sensitive Coastline Segment 0751", "source": "Natural Earth 10m Physical Coastline", "source_year": 2024, "sensitivity_tier": "high", "protection_status": false, "metadata": { "segment_index": 751, "segment_length_km": 5.0, "buffer_km": 1.0, "proximity_km": 2.0, "near_mangrove": true, "near_coral": false, "near_mpa": false, "classification_reason": "near_mangrove" } }, "geometry": { "type": "MultiPolygon", "coordinates": [ [ [ [ 74.019711918200116, 15.009517353861972 ], [ 74.005839379294201, 14.997472897247347 ], [ 73.976811882171532, 15.029051195917818 ], [ 73.990684602057499, 15.041097415669102 ], [ 74.019711918200116, 15.009517353861972 ] ] ] ] } },
{ "type": "Feature", "properties": { "receptor_type": "sensitive_coastline", "name": "Sensitive Coastline Segment 0752", "source": "Natural Earth 10m Physical Coastline", "source_year": 2024, "sensitivity_tier": "high", "protection_status": false, "metadata": { "segment_index": 752, "segment_length_km": 5.0, "buffer_km": 1.0, "proximity_km": 2.0, "near_mangrove": true, "near_coral": false, "near_mpa": false, "classification_reason": "near_mangrove" } }, "geometry": { "type": "MultiPolygon", "coordinates": [ [ [ [ 74.042325252535477, 14.97575579757895 ], [ 74.026711851443423, 14.965931920387931 ], [ 74.004968342909152, 14.998582385847477 ], [ 74.020582930062062, 15.008407807966293 ], [ 74.042325252535477, 14.97575579757895 ] ] ] ] } },
{ "type": "Feature", "properties": { "receptor_type": "sensitive_coastline", "name": "Sensitive Coastline Segment 0753", "source": "Natural Earth 10m Physical Coastline", "source_year": 2024, "sensitivity_tier": "high", "protection_status": false, "metadata": { "segment_index": 753, "segment_length_km": 5.0, "buffer_km": 1.0, "proximity_km": 2.0, "near_mangrove": true, "near_coral": true, "near_mpa": false, "classification_reason": "near_mangrove_and_coral" } }, "geometry": { "type": "MultiPolygon", "coordinates": [ [ [ [ 74.04310717477945, 14.926451086566892 ], [ 74.0245148760348, 14.926732115994252 ], [ 74.025220316862772, 14.970984222441823 ], [ 74.043816433307086, 14.970703363860927 ], [ 74.04310717477945, 14.926451086566892 ] ] ] ] } },
{ "type": "Feature", "properties": { "receptor_type": "sensitive_coastline", "name": "Sensitive Coastline Segment 0754", "source": "Natural Earth 10m Physical Coastline", "source_year": 2024, "sensitivity_tier": "high", "protection_status": false, "metadata": { "segment_index": 754, "segment_length_km": 5.0, "buffer_km": 1.0, "proximity_km": 2.0, "near_mangrove": false, "near_coral": true, "near_mpa": false, "classification_reason": "near_coral" } }, "geometry": { "type": "MultiPolygon", "coordinates": [ [ [ [ 74.076488004562094, 14.909138080713065 ], [ 74.06598388758816, 14.894219658491895 ], [ 74.02855992990969, 14.919131725118165 ], [ 74.03906246279027, 14.934051752333112 ], [ 74.076488004562094, 14.909138080713065 ] ] ] ] } },
{ "type": "Feature", "properties": { "receptor_type": "sensitive_coastline", "name": "Sensitive Coastline Segment 0755", "source": "Natural Earth 10m Physical Coastline", "source_year": 2024, "sensitivity_tier": "high", "protection_status": false, "metadata": { "segment_index": 755, "segment_length_km": 5.0, "buffer_km": 1.0, "proximity_km": 2.0, "near_mangrove": true, "near_coral": true, "near_mpa": false, "classification_reason": "near_mangrove_and_coral" } }, "geometry": { "type": "MultiPolygon", "coordinates": [ [ [ [ 74.106066830302481, 14.873522370486326 ], [ 74.091502068977903, 14.862286800544144 ], [ 74.063953264868459, 14.896060148021977 ], [ 74.078518656909466, 14.907297483055855 ], [ 74.106066830302481, 14.873522370486326 ] ] ] ] } },
{ "type": "Feature", "properties": { "receptor_type": "sensitive_coastline", "name": "Sensitive Coastline Segment 0756", "source": "Natural Earth 10m Physical Coastline", "source_year": 2024, "sensitivity_tier": "high", "protection_status": false, "metadata": { "segment_index": 756, "segment_length_km": 5.0, "buffer_km": 1.0, "proximity_km": 2.0, "near_mangrove": true, "near_coral": false, "near_mpa": false, "classification_reason": "near_mangrove" } }, "geometry": { "type": "MultiPolygon", "coordinates": [ [ [ [ 74.136315139203333, 14.856383083862724 ], [ 74.126690987401062, 14.840914453500664 ], [ 74.093973167089175, 14.860169701235177 ], [ 74.103595682720879, 14.875639595659219 ], [ 74.136315139203333, 14.856383083862724 ] ] ] ] } },
{ "type": "Feature", "properties": { "receptor_type": "sensitive_coastline", "name": "Sensitive Coastline Segment 0757", "source": "Natural Earth 10m Physical Coastline", "source_year": 2024, "sensitivity_tier": "high", "protection_status": false, "metadata": { "segment_index": 757, "segment_length_km": 5.0, "buffer_km": 1.0, "proximity_km": 2.0, "near_mangrove": true, "near_coral": false, "near_mpa": false, "classification_reason": "near_mangrove" } }, "geometry": { "type": "MultiPolygon", "coordinates": [ [ [ [ 74.160877403473208, 14.883788603395846 ], [ 74.172669548276303, 14.869810475378998 ], [ 74.137399047208817, 14.841660568806203 ], [ 74.125606363798468, 14.855636879959592 ], [ 74.160877403473208, 14.883788603395846 ] ] ] ] } },
{ "type": "Feature", "properties": { "receptor_type": "sensitive_coastline", "name": "Sensitive Coastline Segment 0758", "source": "Natural Earth 10m Physical Coastline", "source_year": 2024, "sensitivity_tier": "high", "protection_status": false, "metadata": { "segment_index": 758, "segment_length_km": 5.0, "buffer_km": 1.0, "proximity_km": 2.0, "near_mangrove": true, "near_coral": false, "near_mpa": false, "classification_reason": "near_mangrove" } }, "geometry": { "type": "MultiPolygon", "coordinates": [ [ [ [ 74.201778739434019, 14.907158130656676 ], [ 74.211156308803552, 14.891545314940009 ], [ 74.171463133320501, 14.868994004192244 ], [ 74.162083854756801, 14.884605131406639 ], [ 74.201778739434019, 14.907158130656676 ] ] ] ] } },
{ "type": "Feature", "properties": { "receptor_type": "sensitive_coastline", "name": "Sensitive Coastline Segment 0759", "source": "Natural Earth 10m Physical Coastline", "source_year": 2024, "sensitivity_tier": "high", "protection_status": false, "metadata": { "segment_index": 759, "segment_length_km": 5.0, "buffer_km": 1.0, "proximity_km": 2.0, "near_mangrove": true, "near_coral": false, "near_mpa": false, "classification_reason": "near_mangrove" } }, "geometry": { "type": "MultiPolygon", "coordinates": [ [ [ [ 74.241040558990406, 14.880090832561564 ], [ 74.228290091376465, 14.866932307920262 ], [ 74.200092833228368, 14.892771673659766 ], [ 74.212842948594229, 14.9059317277157 ], [ 74.241040558990406, 14.880090832561564 ] ] ] ] } },
{ "type": "Feature", "properties": { "receptor_type": "sensitive_coastline", "name": "Sensitive Coastline Segment 0760", "source": "Natural Earth 10m Physical Coastline", "source_year": 2024, "sensitivity_tier": "high", "protection_status": false, "metadata": { "segment_index": 760, "segment_length_km": 5.0, "buffer_km": 1.0, "proximity_km": 2.0, "near_mangrove": true, "near_coral": false, "near_mpa": false, "classification_reason": "near_mangrove" } }, "geometry": { "type": "MultiPolygon", "coordinates": [ [ [ [ 74.199197844802057, 14.855612050212123 ], [ 74.194707509063065, 14.873157661781493 ], [ 74.232421257004361, 14.88228487023005 ], [ 74.236908809887154, 14.864738395516127 ], [ 74.199197844802057, 14.855612050212123 ] ] ] ] } },
{ "type": "Feature", "properties": { "receptor_type": "sensitive_coastline", "name": "Sensitive Coastline Segment 0761", "source": "Natural Earth 10m Physical Coastline", "source_year": 2024, "sensitivity_tier": "high", "protection_status": false, "metadata": { "segment_index": 761, "segment_length_km": 5.0, "buffer_km": 1.0, "proximity_km": 2.0, "near_mangrove": true, "near_coral": false, "near_mpa": false, "classification_reason": "near_mangrove" } }, "geometry": { "type": "MultiPolygon", "coordinates": [ [ [ [ 74.170849838102583, 14.828283380147683 ], [ 74.158157631765945, 14.841492672051775 ], [ 74.190606507729498, 14.870990307273244 ], [ 74.203298657703201, 14.85777924391366 ], [ 74.170849838102583, 14.828283380147683 ] ] ] ] } },
{ "type": "Feature", "properties": { "receptor_type": "sensitive_coastline", "name": "Sensitive Coastline Segment 0762", "source": "Natural Earth 10m Physical Coastline", "source_year": 2024, "sensitivity_tier": "high", "protection_status": false, "metadata": { "segment_index": 762, "segment_length_km": 5.0, "buffer_km": 1.0, "proximity_km": 2.0, "near_mangrove": true, "near_coral": false, "near_mpa": false, "classification_reason": "near_mangrove" } }, "geometry": { "type": "MultiPolygon", "coordinates": [ [ [ [ 74.1283385205532, 14.828486944933326 ], [ 74.129741134138797, 14.846516142014163 ], [ 74.165206726694421, 14.843902692500071 ], [ 74.163801167515516, 14.825873552513592 ], [ 74.1283385205532, 14.828486944933326 ] ] ] ] } },
{ "type": "Feature", "properties": { "receptor_type": "sensitive_coastline", "name": "Sensitive Coastline Segment 0763", "source": "Natural Earth 10m Physical Coastline", "source_year": 2024, "sensitivity_tier": "high", "protection_status": false, "metadata": { "segment_index": 763, "segment_length_km": 5.0, "buffer_km": 1.0, "proximity_km": 2.0, "near_mangrove": true, "near_coral": false, "near_mpa": false, "classification_reason": "near_mangrove" } }, "geometry": { "type": "MultiPolygon", "coordinates": [ [ [ [ 74.115315371039159, 14.798735742712303 ], [ 74.099510231537778, 14.808247108092955 ], [ 74.12113622327486, 14.842257769674267 ], [ 74.136943058716327, 14.83274503090321 ], [ 74.115315371039159, 14.798735742712303 ] ] ] ] } },
{ "type": "Feature", "properties": { "receptor_type": "sensitive_coastline", "name": "Sensitive Coastline Segment 0764", "source": "Natural Earth 10m Physical Coastline", "source_year": 2024, "sensitivity_tier": "low", "protection_status": false, "metadata": { "segment_index": 764, "segment_length_km": 5.0, "buffer_km": 1.0, "proximity_km": 2.0, "near_mangrove": false, "near_coral": false, "near_mpa": false, "classification_reason": "no_ecological_association" } }, "geometry": { "type": "MultiPolygon", "coordinates": [ [ [ [ 74.112264917154732, 14.785203707611409 ], [ 74.094243517641004, 14.789615079059709 ], [ 74.098401546302199, 14.80569720042751 ], [ 74.116424228209596, 14.80128557957083 ], [ 74.112264917154732, 14.785203707611409 ] ] ] ] } },
{ "type": "Feature", "properties": { "receptor_type": "sensitive_coastline", "name": "Sensitive Coastline Segment 0765", "source": "Natural Earth 10m Physical Coastline", "source_year": 2024, "sensitivity_tier": "high", "protection_status": false, "metadata": { "segment_index": 765, "segment_length_km": 5.0, "buffer_km": 1.0, "proximity_km": 2.0, "near_mangrove": true, "near_coral": false, "near_mpa": false, "classification_reason": "near_mangrove" } }, "geometry": { "type": "MultiPolygon", "coordinates": [ [ [ [ 74.147849297915712, 14.772725439314792 ], [ 74.138535256523809, 14.757080075029368 ], [ 74.09859848278451, 14.77958611381835 ], [ 74.10791043707458, 14.795232954986995 ], [ 74.147849297915712, 14.772725439314792 ] ] ] ] } },
{ "type": "Feature", "properties": { "receptor_type": "sensitive_coastline", "name": "Sensitive Coastline Segment 0766", "source": "Natural Earth 10m Physical Coastline", "source_year": 2024, "sensitivity_tier": "high", "protection_status": false, "metadata": { "segment_index": 766, "segment_length_km": 5.0, "buffer_km": 1.0, "proximity_km": 2.0, "near_mangrove": true, "near_coral": false, "near_mpa": false, "classification_reason": "near_mangrove" } }, "geometry": { "type": "MultiPolygon", "coordinates": [ [ [ [ 74.182854123344185, 14.752829628333169 ], [ 74.173482210571748, 14.737217302582735 ], [ 74.138507222329238, 14.757095941292743 ], [ 74.14787733356458, 14.772709572009992 ], [ 74.182854123344185, 14.752829628333169 ] ] ] ] } },
{ "type": "Feature", "properties": { "receptor_type": "sensitive_coastline", "name": "Sensitive Coastline Segment 0767", "source": "Natural Earth 10m Physical Coastline", "source_year": 2024, "sensitivity_tier": "high", "protection_status": false, "metadata": { "segment_index": 767, "segment_length_km": 5.0, "buffer_km": 1.0, "proximity_km": 2.0, "near_mangrove": true, "near_coral": false, "near_mpa": false, "classification_reason": "near_mangrove" } }, "geometry": { "type": "MultiPolygon", "coordinates": [ [ [ [ 74.208457003818424, 14.731637479067716 ], [ 74.196356568574004, 14.717917492143293 ], [ 74.172118243173088, 14.738162830450046 ], [ 74.184218142632375, 14.751884040655579 ], [ 74.208457003818424, 14.731637479067716 ] ] ] ] } },
{ "type": "Feature", "properties": { "receptor_type": "sensitive_coastline", "name": "Sensitive Coastline Segment 0768", "source": "Natural Earth 10m Physical Coastline", "source_year": 2024, "sensitivity_tier": "high", "protection_status": false, "metadata": { "segment_index": 768, "segment_length_km": 5.0, "buffer_km": 1.0, "proximity_km": 2.0, "near_mangrove": true, "near_coral": false, "near_mpa": false, "classification_reason": "near_mangrove" } }, "geometry": { "type": "MultiPolygon", "coordinates": [ [ [ [ 74.240307670660385, 14.737364148171316 ], [ 74.242063586690918, 14.719363695455074 ], [ 74.203286072474484, 14.715777545454298 ], [ 74.201527032919017, 14.733777554987554 ], [ 74.240307670660385, 14.737364148171316 ] ] ] ] } },
{ "type": "Feature", "properties": { "receptor_type": "sensitive_coastline", "name": "Sensitive Coastline Segment 0769", "source": "Natural Earth 10m Physical Coastline", "source_year": 2024, "sensitivity_tier": "high", "protection_status": false, "metadata": { "segment_index": 769, "segment_length_km": 5.0, "buffer_km": 1.0, "proximity_km": 2.0, "near_mangrove": true, "near_coral": false, "near_mpa": false, "classification_reason": "near_mangrove" } }, "geometry": { "type": "MultiPolygon", "coordinates": [ [ [ [ 74.272551988933756, 14.696066103687087 ], [ 74.256738874850285, 14.686578715107007 ], [ 74.233278544704703, 14.723619282366586 ], [ 74.249093153737462, 14.733108319289592 ], [ 74.272551988933756, 14.696066103687087 ] ] ] ] } },
{ "type": "Feature", "properties": { "receptor_type": "sensitive_coastline", "name": "Sensitive Coastline Segment 0770", "source": "Natural Earth 10m Physical Coastline", "source_year": 2024, "sensitivity_tier": "high", "protection_status": false, "metadata": { "segment_index": 770, "segment_length_km": 5.0, "buffer_km": 1.0, "proximity_km": 2.0, "near_mangrove": true, "near_coral": false, "near_mpa": false, "classification_reason": "near_mangrove" } }, "geometry": { "type": "MultiPolygon", "coordinates": [ [ [ [ 74.282693746865576, 14.648915409998054 ], [ 74.264472213352065, 14.645420012940251 ], [ 74.25553284954924, 14.689574237960461 ], [ 74.273757826632661, 14.693070484947008 ], [ 74.282693746865576, 14.648915409998054 ] ] ] ] } },
{ "type": "Feature", "properties": { "receptor_type": "sensitive_coastline", "name": "Sensitive Coastline Segment 0771", "source": "Natural Earth 10m Physical Coastline", "source_year": 2024, "sensitivity_tier": "high", "protection_status": false, "metadata": { "segment_index": 771, "segment_length_km": 5.0, "buffer_km": 1.0, "proximity_km": 2.0, "near_mangrove": true, "near_coral": false, "near_mpa": false, "classification_reason": "near_mangrove" } }, "geometry": { "type": "MultiPolygon", "coordinates": [ [ [ [ 74.286300370027433, 14.610548900190659 ], [ 74.267806850230116, 14.608923292910074 ], [ 74.264334641522737, 14.646354694164392 ], [ 74.282831243546156, 14.64798071462284 ], [ 74.286300370027433, 14.610548900190659 ] ] ] ] } },
{ "type": "Feature", "properties": { "receptor_type": "sensitive_coastline", "name": "Sensitive Coastline Segment 0772", "source": "Natural Earth 10m Physical Coastline", "source_year": 2024, "sensitivity_tier": "high", "protection_status": false, "metadata": { "segment_index": 772, "segment_length_km": 5.0, "buffer_km": 1.0, "proximity_km": 2.0, "near_mangrove": true, "near_coral": false, "near_mpa": false, "classification_reason": "near_mangrove" } }, "geometry": { "type": "MultiPolygon", "coordinates": [ [ [ [ 74.318649347784032, 14.626529816558087 ], [ 74.322069997657366, 14.608757387096261 ], [ 74.278765464597612, 14.60085043735587 ], [ 74.275341515855814, 14.61862209369043 ], [ 74.318649347784032, 14.626529816558087 ] ] ] ] } },
{ "type": "Feature", "properties": { "receptor_type": "sensitive_coastline", "name": "Sensitive Coastline Segment 0773", "source": "Natural Earth 10m Physical Coastline", "source_year": 2024, "sensitivity_tier": "high", "protection_status": false, "metadata": { "segment_index": 773, "segment_length_km": 5.0, "buffer_km": 1.0, "proximity_km": 2.0, "near_mangrove": true, "near_coral": false, "near_mpa": false, "classification_reason": "near_mangrove" } }, "geometry": { "type": "MultiPolygon", "coordinates": [ [ [ [ 74.329032157023136, 14.603090122912608 ], [ 74.310479753515381, 14.603839281599916 ], [ 74.311082944316567, 14.618018006442865 ], [ 74.329636539634265, 14.617268851881827 ], [ 74.329032157023136, 14.603090122912608 ] ] ] ] } },
{ "type": "Feature", "properties": { "receptor_type": "sensitive_coastline", "name": "Sensitive Coastline Segment 0774", "source": "Natural Earth 10m Physical Coastline", "source_year": 2024, "sensitivity_tier": "high", "protection_status": false, "metadata": { "segment_index": 774, "segment_length_km": 5.0, "buffer_km": 1.0, "proximity_km": 2.0, "near_mangrove": true, "near_coral": false, "near_mpa": false, "classification_reason": "near_mangrove" } }, "geometry": { "type": "MultiPolygon", "coordinates": [ [ [ [ 74.30299110091471, 14.567538169237258 ], [ 74.288297490605984, 14.578590680075088 ], [ 74.312408498857195, 14.608991744177763 ], [ 74.327103063510563, 14.597937780673389 ], [ 74.30299110091471, 14.567538169237258 ] ] ] ] } },
{ "type": "Feature", "properties": { "receptor_type": "sensitive_coastline", "name": "Sensitive Coastline Segment 0775", "source": "Natural Earth 10m Physical Coastline", "source_year": 2024, "sensitivity_tier": "high", "protection_status": false, "metadata": { "segment_index": 775, "segment_length_km": 5.0, "buffer_km": 1.0, "proximity_km": 2.0, "near_mangrove": true, "near_coral": false, "near_mpa": false, "classification_reason": "near_mangrove" } }, "geometry": { "type": "MultiPolygon", "coordinates": [ [ [ [ 74.310287523641477, 14.530282191890027 ], [ 74.291858839785363, 14.528118424904036 ], [ 74.286428414758305, 14.571982196459091 ], [ 74.304860645427993, 14.574146543357635 ], [ 74.310287523641477, 14.530282191890027 ] ] ] ] } },
{ "type": "Feature", "properties": { "receptor_type": "sensitive_coastline", "name": "Sensitive Coastline Segment 0776", "source": "Natural Earth 10m Physical Coastline", "source_year": 2024, "sensitivity_tier": "high", "protection_status": false, "metadata": { "segment_index": 776, "segment_length_km": 5.0, "buffer_km": 1.0, "proximity_km": 2.0, "near_mangrove": true, "near_coral": false, "near_mpa": false, "classification_reason": "near_mangrove" } }, "geometry": { "type": "MultiPolygon", "coordinates": [ [ [ [ 74.340388768424475, 14.534034355318111 ], [ 74.3383338081603, 14.516063441953408 ], [ 74.300047223939018, 14.520214928884418 ], [ 74.302099099072208, 14.538186038586597 ], [ 74.340388768424475, 14.534034355318111 ] ] ] ] } },
{ "type": "Feature", "properties": { "receptor_type": "sensitive_coastline", "name": "Sensitive Coastline Segment 0777", "source": "Natural Earth 10m Physical Coastline", "source_year": 2024, "sensitivity_tier": "high", "protection_status": false, "metadata": { "segment_index": 777, "segment_length_km": 5.0, "buffer_km": 1.0, "proximity_km": 2.0, "near_mangrove": true, "near_coral": false, "near_mpa": false, "classification_reason": "near_mangrove" } }, "geometry": { "type": "MultiPolygon", "coordinates": [ [ [ [ 74.339218871524793, 14.568103040886907 ], [ 74.35738258285437, 14.564362317634201 ], [ 74.348441403014164, 14.523178634541647 ], [ 74.330280968857608, 14.52691881218562 ], [ 74.339218871524793, 14.568103040886907 ] ] ] ] } },
{ "type": "Feature", "properties": { "receptor_type": "sensitive_coastline", "name": "Sensitive Coastline Segment 0778", "source": "Natural Earth 10m Physical Coastline", "source_year": 2024, "sensitivity_tier": "high", "protection_status": false, "metadata": { "segment_index": 778, "segment_length_km": 5.0, "buffer_km": 1.0, "proximity_km": 2.0, "near_mangrove": true, "near_coral": false, "near_mpa": false, "classification_reason": "near_mangrove" } }, "geometry": { "type": "MultiPolygon", "coordinates": [ [ [ [ 74.370715573216074, 14.55465039131848 ], [ 74.356619059480423, 14.542884680328203 ], [ 74.341252620427227, 14.560349443333729 ], [ 74.35534934862298, 14.572116074674648 ], [ 74.370715573216074, 14.55465039131848 ] ] ] ] } },
{ "type": "Feature", "properties": { "receptor_type": "sensitive_coastline", "name": "Sensitive Coastline Segment 0779", "source": "Natural Earth 10m Physical Coastline", "source_year": 2024, "sensitivity_tier": "high", "protection_status": false, "metadata": { "segment_index": 779, "segment_length_km": 5.0, "buffer_km": 1.0, "proximity_km": 2.0, "near_mangrove": true, "near_coral": false, "near_mpa": false, "classification_reason": "near_mangrove" } }, "geometry": { "type": "MultiPolygon", "coordinates": [ [ [ [ 74.391340023148572, 14.53046721109666 ], [ 74.377061464102155, 14.518913332089925 ], [ 74.356527849221834, 14.542989970126712 ], [ 74.37080678201049, 14.554545096018382 ], [ 74.391340023148572, 14.53046721109666 ] ] ] ] } },
{ "type": "Feature", "properties": { "receptor_type": "sensitive_coastline", "name": "Sensitive Coastline Segment 0780", "source": "Natural Earth 10m Physical Coastline", "source_year": 2024, "sensitivity_tier": "high", "protection_status": false, "metadata": { "segment_index": 780, "segment_length_km": 5.0, "buffer_km": 1.0, "proximity_km": 2.0, "near_mangrove": true, "near_coral": false, "near_mpa": false, "classification_reason": "near_mangrove" } }, "geometry": { "type": "MultiPolygon", "coordinates": [ [ [ [ 74.421786417275115, 14.496854707732506 ], [ 74.407868971260669, 14.484892141281172 ], [ 74.377241861497822, 14.518708093947275 ], [ 74.391159628323507, 14.530672460017533 ], [ 74.421786417275115, 14.496854707732506 ] ] ] ] } },
{ "type": "Feature", "properties": { "receptor_type": "sensitive_coastline", "name": "Sensitive Coastline Segment 0781", "source": "Natural Earth 10m Physical Coastline", "source_year": 2024, "sensitivity_tier": "high", "protection_status": false, "metadata": { "segment_index": 781, "segment_length_km": 5.0, "buffer_km": 1.0, "proximity_km": 2.0, "near_mangrove": true, "near_coral": false, "near_mpa": false, "classification_reason": "near_mangrove" } }, "geometry": { "type": "MultiPolygon", "coordinates": [ [ [ [ 74.407396227349039, 14.472812909109365 ], [ 74.395351338610695, 14.486569276637821 ], [ 74.408804960895949, 14.4977519621384 ], [ 74.420849678970271, 14.483994909696232 ], [ 74.407396227349039, 14.472812909109365 ] ] ] ] } },
{ "type": "Feature", "properties": { "receptor_type": "sensitive_coastline", "name": "Sensitive Coastline Segment 0782", "source": "Natural Earth 10m Physical Coastline", "source_year": 2024, "sensitivity_tier": "high", "protection_status": false, "metadata": { "segment_index": 782, "segment_length_km": 5.0, "buffer_km": 1.0, "proximity_km": 2.0, "near_mangrove": true, "near_coral": false, "near_mpa": false, "classification_reason": "near_mangrove" } }, "geometry": { "type": "MultiPolygon", "coordinates": [ [ [ [ 74.392456787378364, 14.460435933428702 ], [ 74.380435507621627, 14.47421129392939 ], [ 74.395363239449864, 14.486579152602443 ], [ 74.40738432666214, 14.472803033749971 ], [ 74.392456787378364, 14.460435933428702 ] ] ] ] } },
{ "type": "Feature", "properties": { "receptor_type": "sensitive_coastline", "name": "Sensitive Coastline Segment 0783", "source": "Natural Earth 10m Physical Coastline", "source_year": 2024, "sensitivity_tier": "high", "protection_status": false, "metadata": { "segment_index": 783, "segment_length_km": 5.0, "buffer_km": 1.0, "proximity_km": 2.0, "near_mangrove": true, "near_coral": false, "near_mpa": false, "classification_reason": "near_mangrove" } }, "geometry": { "type": "MultiPolygon", "coordinates": [ [ [ [ 74.359804554467217, 14.505329379320701 ], [ 74.376889003776398, 14.512396212164603 ], [ 74.394987450608795, 14.47085626852957 ], [ 74.37790549799557, 14.463790830562527 ], [ 74.359804554467217, 14.505329379320701 ] ] ] ] } },
{ "type": "Feature", "properties": { "receptor_type": "sensitive_coastline", "name": "Sensitive Coastline Segment 0784", "source": "Natural Earth 10m Physical Coastline", "source_year": 2024, "sensitivity_tier": "high", "protection_status": false, "metadata": { "segment_index": 784, "segment_length_km": 5.0, "buffer_km": 1.0, "proximity_km": 2.0, "near_mangrove": true, "near_coral": false, "near_mpa": false, "classification_reason": "near_mangrove" } }, "geometry": { "type": "MultiPolygon", "coordinates": [ [ [ [ 74.351404820982069, 14.503100936187023 ], [ 74.355230908605805, 14.520794718413249 ], [ 74.370260331811934, 14.517709732427219 ], [ 74.366433082288935, 14.500016143962316 ], [ 74.351404820982069, 14.503100936187023 ] ] ] ] } },
{ "type": "Feature", "properties": { "receptor_type": "sensitive_coastline", "name": "Sensitive Coastline Segment 0785", "source": "Natural Earth 10m Physical Coastline", "source_year": 2024, "sensitivity_tier": "high", "protection_status": false, "metadata": { "segment_index": 785, "segment_length_km": 5.0, "buffer_km": 1.0, "proximity_km": 2.0, "near_mangrove": true, "near_coral": false, "near_mpa": false, "classification_reason": "near_mangrove" } }, "geometry": { "type": "MultiPolygon", "coordinates": [ [ [ [ 74.380630294985892, 14.474886247579352 ], [ 74.363709966123821, 14.467460213751897 ], [ 74.34485660371999, 14.508233954688478 ], [ 74.361779281303811, 14.515661421265845 ], [ 74.380630294985892, 14.474886247579352 ] ] ] ] } },
{ "type": "Feature", "properties": { "receptor_type": "sensitive_coastline", "name": "Sensitive Coastline Segment 0786", "source": "Natural Earth 10m Physical Coastline", "source_year": 2024, "sensitivity_tier": "high", "protection_status": false, "metadata": { "segment_index": 786, "segment_length_km": 5.0, "buffer_km": 1.0, "proximity_km": 2.0, "near_mangrove": true, "near_coral": false, "near_mpa": false, "classification_reason": "near_mangrove" } }, "geometry": { "type": "MultiPolygon", "coordinates": [ [ [ [ 74.392977366757464, 14.430258876041167 ], [ 74.375050762373647, 14.425596593355026 ], [ 74.363205211615607, 14.468841562578659 ], [ 74.381134958571735, 14.473504858284764 ], [ 74.392977366757464, 14.430258876041167 ] ] ] ] } },
{ "type": "Feature", "properties": { "receptor_type": "sensitive_coastline", "name": "Sensitive Coastline Segment 0787", "source": "Natural Earth 10m Physical Coastline", "source_year": 2024, "sensitivity_tier": "high", "protection_status": false, "metadata": { "segment_index": 787, "segment_length_km": 5.0, "buffer_km": 1.0, "proximity_km": 2.0, "near_mangrove": true, "near_coral": false, "near_mpa": false, "classification_reason": "near_mangrove" } }, "geometry": { "type": "MultiPolygon", "coordinates": [ [ [ [ 74.403391790287671, 14.38800648788432 ], [ 74.385354266354355, 14.383783515375834 ], [ 74.3749937355783, 14.425815795190546 ], [ 74.393034377454626, 14.430039669287948 ], [ 74.403391790287671, 14.38800648788432 ] ] ] ] } },
{ "type": "Feature", "properties": { "receptor_type": "sensitive_coastline", "name": "Sensitive Coastline Segment 0788", "source": "Natural Earth 10m Physical Coastline", "source_year": 2024, "sensitivity_tier": "high", "protection_status": false, "metadata": { "segment_index": 788, "segment_length_km": 5.0, "buffer_km": 1.0, "proximity_km": 2.0, "near_mangrove": true, "near_coral": false, "near_mpa": false, "classification_reason": "near_mangrove" } }, "geometry": { "type": "MultiPolygon", "coordinates": [ [ [ [ 74.421075198820176, 14.348473083715335 ], [ 74.404051032701403, 14.341297060204278 ], [ 74.385859787176486, 14.382306320150578 ], [ 74.402886368782475, 14.38948372387499 ], [ 74.421075198820176, 14.348473083715335 ] ] ] ] } },
{ "type": "Feature", "properties": { "receptor_type": "sensitive_coastline", "name": "Sensitive Coastline Segment 0789", "source": "Natural Earth 10m Physical Coastline", "source_year": 2024, "sensitivity_tier": "high", "protection_status": false, "metadata": { "segment_index": 789, "segment_length_km": 5.0, "buffer_km": 1.0, "proximity_km": 2.0, "near_mangrove": true, "near_coral": false, "near_mpa": false, "classification_reason": "near_mangrove" } }, "geometry": { "type": "MultiPolygon", "coordinates": [ [ [ [ 74.42539511409035, 14.300712907417747 ], [ 74.406907706426637, 14.29930748860269 ], [ 74.403317492669942, 14.344182125022629 ], [ 74.421808529960643, 14.345587956892468 ], [ 74.42539511409035, 14.300712907417747 ] ] ] ] } },
{ "type": "Feature", "properties": { "receptor_type": "sensitive_coastline", "name": "Sensitive Coastline Segment 0790", "source": "Natural Earth 10m Physical Coastline", "source_year": 2024, "sensitivity_tier": "high", "protection_status": false, "metadata": { "segment_index": 790, "segment_length_km": 5.0, "buffer_km": 1.0, "proximity_km": 2.0, "near_mangrove": true, "near_coral": false, "near_mpa": false, "classification_reason": "near_mangrove" } }, "geometry": { "type": "MultiPolygon", "coordinates": [ [ [ [ 74.457437135248966, 14.281660032265902 ], [ 74.446460973446847, 14.267086122302091 ], [ 74.410664062999672, 14.292722572714682 ], [ 74.421639035105017, 14.307298062806487 ], [ 74.457437135248966, 14.281660032265902 ] ] ] ] } },
{ "type": "Feature", "properties": { "receptor_type": "sensitive_coastline", "name": "Sensitive Coastline Segment 0791", "source": "Natural Earth 10m Physical Coastline", "source_year": 2024, "sensitivity_tier": "high", "protection_status": false, "metadata": { "segment_index": 791, "segment_length_km": 5.0, "buffer_km": 1.0, "proximity_km": 2.0, "near_mangrove": true, "near_coral": false, "near_mpa": false, "classification_reason": "near_mangrove" } }, "geometry": { "type": "MultiPolygon", "coordinates": [ [ [ [ 74.498761683890351, 14.267967926151346 ], [ 74.492633436074883, 14.250901355840577 ], [ 74.448886351368387, 14.265839330662221 ], [ 74.455011628495711, 14.282906904936599 ], [ 74.498761683890351, 14.267967926151346 ] ] ] ] } },
{ "type": "Feature", "properties": { "receptor_type": "sensitive_coastline", "name": "Sensitive Coastline Segment 0792", "source": "Natural Earth 10m Physical Coastline", "source_year": 2024, "sensitivity_tier": "high", "protection_status": false, "metadata": { "segment_index": 792, "segment_length_km": 5.0, "buffer_km": 1.0, "proximity_km": 2.0, "near_mangrove": true, "near_coral": false, "near_mpa": false, "classification_reason": "near_mangrove" } }, "geometry": { "type": "MultiPolygon", "coordinates": [ [ [ [ 74.484741159363907, 14.240862515483764 ], [ 74.474073471688087, 14.255651969257542 ], [ 74.490363672249728, 14.266829685448029 ], [ 74.501030875006322, 14.25203949909028 ], [ 74.484741159363907, 14.240862515483764 ] ] ] ] } },
{ "type": "Feature", "properties": { "receptor_type": "sensitive_coastline", "name": "Sensitive Coastline Segment 0793", "source": "Natural Earth 10m Physical Coastline", "source_year": 2024, "sensitivity_tier": "high", "protection_status": false, "metadata": { "segment_index": 793, "segment_length_km": 5.0, "buffer_km": 1.0, "proximity_km": 2.0, "near_mangrove": true, "near_coral": false, "near_mpa": false, "classification_reason": "near_mangrove" } }, "geometry": { "type": "MultiPolygon", "coordinates": [ [ [ [ 74.433345044292381, 14.252851275620582 ], [ 74.438883794992051, 14.270108294582753 ], [ 74.482178488910336, 14.256885363417281 ], [ 74.476636693958142, 14.239629225712211 ], [ 74.433345044292381, 14.252851275620582 ] ] ] ] } },
{ "type": "Feature", "properties": { "receptor_type": "sensitive_coastline", "name": "Sensitive Coastline Segment 0794", "source": "Natural Earth 10m Physical Coastline", "source_year": 2024, "sensitivity_tier": "high", "protection_status": false, "metadata": { "segment_index": 794, "segment_length_km": 5.0, "buffer_km": 1.0, "proximity_km": 2.0, "near_mangrove": true, "near_coral": true, "near_mpa": false, "classification_reason": "near_mangrove_and_coral" } }, "geometry": { "type": "MultiPolygon", "coordinates": [ [ [ [ 74.446351676372004, 14.223795402950055 ], [ 74.427820147259965, 14.223343605218862 ], [ 74.426847028914509, 14.26125362782396 ], [ 74.445381643534716, 14.261705613483247 ], [ 74.446351676372004, 14.223795402950055 ] ] ] ] } },
{ "type": "Feature", "properties": { "receptor_type": "sensitive_coastline", "name": "Sensitive Coastline Segment 0795", "source": "Natural Earth 10m Physical Coastline", "source_year": 2024, "sensitivity_tier": "high", "protection_status": false, "metadata": { "segment_index": 795, "segment_length_km": 5.0, "buffer_km": 1.0, "proximity_km": 2.0, "near_mangrove": true, "near_coral": true, "near_mpa": false, "classification_reason": "near_mangrove_and_coral" } }, "geometry": { "type": "MultiPolygon", "coordinates": [ [ [ [ 74.471202271548393, 14.191757638959199 ], [ 74.456013484797495, 14.181394472304978 ], [ 74.42949111138627, 14.218387136127003 ], [ 74.444681030806052, 14.228751999756387 ], [ 74.471202271548393, 14.191757638959199 ] ] ] ] } },
{ "type": "Feature", "properties": { "receptor_type": "sensitive_coastline", "name": "Sensitive Coastline Segment 0796", "source": "Natural Earth 10m Physical Coastline", "source_year": 2024, "sensitivity_tier": "high", "protection_status": false, "metadata": { "segment_index": 796, "segment_length_km": 5.0, "buffer_km": 1.0, "proximity_km": 2.0, "near_mangrove": false, "near_coral": true, "near_mpa": false, "classification_reason": "near_coral" } }, "geometry": { "type": "MultiPolygon", "coordinates": [ [ [ [ 74.482748013239771, 14.145373818083856 ], [ 74.464681478891023, 14.141350972197861 ], [ 74.454572929823073, 14.184564150360098 ], [ 74.472642648246449, 14.188587856275698 ], [ 74.482748013239771, 14.145373818083856 ] ] ] ] } },
{ "type": "Feature", "properties": { "receptor_type": "sensitive_coastline", "name": "Sensitive Coastline Segment 0797", "source": "Natural Earth 10m Physical Coastline", "source_year": 2024, "sensitivity_tier": "low", "protection_status": false, "metadata": { "segment_index": 797, "segment_length_km": 5.0, "buffer_km": 1.0, "proximity_km": 2.0, "near_mangrove": false, "near_coral": false, "near_mpa": false, "classification_reason": "no_ecological_association" } }, "geometry": { "type": "MultiPolygon", "coordinates": [ [ [ [ 74.48706988601424, 14.099569189151888 ], [ 74.468617696479143, 14.097942427799396 ], [ 74.464486835471902, 14.142548788554636 ], [ 74.482942564537396, 14.144175983982326 ], [ 74.48706988601424, 14.099569189151888 ] ] ] ] } },
{ "type": "Feature", "properties": { "receptor_type": "sensitive_coastline", "name": "Sensitive Coastline Segment 0798", "source": "Natural Earth 10m Physical Coastline", "source_year": 2024, "sensitivity_tier": "high", "protection_status": false, "metadata": { "segment_index": 798, "segment_length_km": 5.0, "buffer_km": 1.0, "proximity_km": 2.0, "near_mangrove": true, "near_coral": false, "near_mpa": false, "classification_reason": "near_mangrove" } }, "geometry": { "type": "MultiPolygon", "coordinates": [ [ [ [ 74.504537370476257, 14.06248221401979 ], [ 74.487615862192214, 14.055124603508148 ], [ 74.469382004991132, 14.095076366925507 ], [ 74.486305779318343, 14.102435312175446 ], [ 74.504537370476257, 14.06248221401979 ] ] ] ] } },
{ "type": "Feature", "properties": { "receptor_type": "sensitive_coastline", "name": "Sensitive Coastline Segment 0799", "source": "Natural Earth 10m Physical Coastline", "source_year": 2024, "sensitivity_tier": "high", "protection_status": false, "metadata": { "segment_index": 799, "segment_length_km": 5.0, "buffer_km": 1.0, "proximity_km": 2.0, "near_mangrove": true, "near_coral": false, "near_mpa": false, "classification_reason": "near_mangrove" } }, "geometry": { "type": "MultiPolygon", "coordinates": [ [ [ [ 74.511643997321954, 14.016420236241485 ], [ 74.493310095391493, 14.013858718310816 ], [ 74.486907899657098, 14.057522327063438 ], [ 74.505245168289576, 14.060084434155018 ], [ 74.511643997321954, 14.016420236241485 ] ] ] ] } },
{ "type": "Feature", "properties": { "receptor_type": "sensitive_coastline", "name": "Sensitive Coastline Segment 0800", "source": "Natural Earth 10m Physical Coastline", "source_year": 2024, "sensitivity_tier": "high", "protection_status": false, "metadata": { "segment_index": 800, "segment_length_km": 5.0, "buffer_km": 1.0, "proximity_km": 2.0, "near_mangrove": true, "near_coral": false, "near_mpa": false, "classification_reason": "near_mangrove" } }, "geometry": { "type": "MultiPolygon", "coordinates": [ [ [ [ 74.537038891478403, 13.983911375245192 ], [ 74.522034441760979, 13.973313494517692 ], [ 74.494974430710684, 14.009839757831323 ], [ 74.509979896671908, 14.020439317096175 ], [ 74.537038891478403, 13.983911375245192 ] ] ] ] } },
{ "type": "Feature", "properties": { "receptor_type": "sensitive_coastline", "name": "Sensitive Coastline Segment 0801", "source": "Natural Earth 10m Physical Coastline", "source_year": 2024, "sensitivity_tier": "low", "protection_status": false, "metadata": { "segment_index": 801, "segment_length_km": 5.0, "buffer_km": 1.0, "proximity_km": 2.0, "near_mangrove": false, "near_coral": false, "near_mpa": false, "classification_reason": "no_ecological_association" } }, "geometry": { "type": "MultiPolygon", "coordinates": [ [ [ [ 74.562382922715472, 13.945626644120722 ], [ 74.546831477757109, 13.935813213502627 ], [ 74.521760249414143, 13.973704901736292 ], [ 74.537313071225356, 13.983519950673205 ], [ 74.562382922715472, 13.945626644120722 ] ] ] ] } },
{ "type": "Feature", "properties": { "receptor_type": "sensitive_coastline", "name": "Sensitive Coastline Segment 0802", "source": "Natural Earth 10m Physical Coastline", "source_year": 2024, "sensitivity_tier": "high", "protection_status": false, "metadata": { "segment_index": 802, "segment_length_km": 5.0, "buffer_km": 1.0, "proximity_km": 2.0, "near_mangrove": true, "near_coral": false, "near_mpa": false, "classification_reason": "near_mangrove" } }, "geometry": { "type": "MultiPolygon", "coordinates": [ [ [ [ 74.590354969246093, 13.910613930225491 ], [ 74.575751223661612, 13.899500592730792 ], [ 74.547304948717724, 13.935162426102433 ], [ 74.561909470835502, 13.946277460909084 ], [ 74.590354969246093, 13.910613930225491 ] ] ] ] } },
{ "type": "Feature", "properties": { "receptor_type": "sensitive_coastline", "name": "Sensitive Coastline Segment 0803", "source": "Natural Earth 10m Physical Coastline", "source_year": 2024, "sensitivity_tier": "high", "protection_status": false, "metadata": { "segment_index": 803, "segment_length_km": 5.0, "buffer_km": 1.0, "proximity_km": 2.0, "near_mangrove": true, "near_coral": false, "near_mpa": false, "classification_reason": "near_mangrove" } }, "geometry": { "type": "MultiPolygon", "coordinates": [ [ [ [ 74.60883596312091, 13.866576314668837 ], [ 74.591659034367495, 13.859840564946419 ], [ 74.574463326723148, 13.901688715707319 ], [ 74.59164277115724, 13.908425722180871 ], [ 74.60883596312091, 13.866576314668837 ] ] ] ] } },
{ "type": "Feature", "properties": { "receptor_type": "sensitive_coastline", "name": "Sensitive Coastline Segment 0804", "source": "Natural Earth 10m Physical Coastline", "source_year": 2024, "sensitivity_tier": "high", "protection_status": false, "metadata": { "segment_index": 804, "segment_length_km": 5.0, "buffer_km": 1.0, "proximity_km": 2.0, "near_mangrove": true, "near_coral": false, "near_mpa": false, "classification_reason": "near_mangrove" } }, "geometry": { "type": "MultiPolygon", "coordinates": [ [ [ [ 74.625177577737929, 13.824692541864538 ], [ 74.607885831477191, 13.818251111574664 ], [ 74.591600334922546, 13.859987124003503 ], [ 74.608894653642508, 13.866429751309578 ], [ 74.625177577737929, 13.824692541864538 ] ] ] ] } },
{ "type": "Feature", "properties": { "receptor_type": "sensitive_coastline", "name": "Sensitive Coastline Segment 0805", "source": "Natural Earth 10m Physical Coastline", "source_year": 2024, "sensitivity_tier": "high", "protection_status": false, "metadata": { "segment_index": 805, "segment_length_km": 5.0, "buffer_km": 1.0, "proximity_km": 2.0, "near_mangrove": true, "near_coral": false, "near_mpa": false, "classification_reason": "near_mangrove" } }, "geometry": { "type": "MultiPolygon", "coordinates": [ [ [ [ 74.631879335594263, 13.777874971770752 ], [ 74.613543135985708, 13.775459485471572 ], [ 74.607361828594378, 13.820263792553137 ], [ 74.625701439588312, 13.822679819857733 ], [ 74.631879335594263, 13.777874971770752 ] ] ] ] } },
{ "type": "Feature", "properties": { "receptor_type": "sensitive_coastline", "name": "Sensitive Coastline Segment 0806", "source": "Natural Earth 10m Physical Coastline", "source_year": 2024, "sensitivity_tier": "high", "protection_status": false, "metadata": { "segment_index": 806, "segment_length_km": 5.0, "buffer_km": 1.0, "proximity_km": 2.0, "near_mangrove": true, "near_coral": false, "near_mpa": false, "classification_reason": "near_mangrove" } }, "geometry": { "type": "MultiPolygon", "coordinates": [ [ [ [ 74.643939543938771, 13.735522694459888 ], [ 74.626109148519646, 13.730706142406978 ], [ 74.613794582699867, 13.77425848741977 ], [ 74.631627976386909, 13.779075990212247 ], [ 74.643939543938771, 13.735522694459888 ] ] ] ] } },
{ "type": "Feature", "properties": { "receptor_type": "sensitive_coastline", "name": "Sensitive Coastline Segment 0807", "source": "Natural Earth 10m Physical Coastline", "source_year": 2024, "sensitivity_tier": "low", "protection_status": false, "metadata": { "segment_index": 807, "segment_length_km": 5.0, "buffer_km": 1.0, "proximity_km": 2.0, "near_mangrove": false, "near_coral": false, "near_mpa": false, "classification_reason": "no_ecological_association" } }, "geometry": { "type": "MultiPolygon", "coordinates": [ [ [ [ 74.656853775741837, 13.692263254132271 ], [ 74.639099233574058, 13.687196775153279 ], [ 74.626145612269866, 13.730580687541183 ], [ 74.643903088749823, 13.735648152120246 ], [ 74.656853775741837, 13.692263254132271 ] ] ] ] } },
{ "type": "Feature", "properties": { "receptor_type": "sensitive_coastline", "name": "Sensitive Coastline Segment 0808", "source": "Natural Earth 10m Physical Coastline", "source_year": 2024, "sensitivity_tier": "high", "protection_status": false, "metadata": { "segment_index": 808, "segment_length_km": 5.0, "buffer_km": 1.0, "proximity_km": 2.0, "near_mangrove": true, "near_coral": false, "near_mpa": false, "classification_reason": "near_mangrove" } }, "geometry": { "type": "MultiPolygon", "coordinates": [ [ [ [ 74.671800823307592, 13.678644757417542 ], [ 74.65850493532902, 13.666074828561058 ], [ 74.64132862961354, 13.683444667857456 ], [ 74.654624535694765, 13.696015502485926 ], [ 74.671800823307592, 13.678644757417542 ] ] ] ] } },
{ "type": "Feature", "properties": { "receptor_type": "sensitive_coastline", "name": "Sensitive Coastline Segment 0809", "source": "Natural Earth 10m Physical Coastline", "source_year": 2024, "sensitivity_tier": "high", "protection_status": false, "metadata": { "segment_index": 809, "segment_length_km": 5.0, "buffer_km": 1.0, "proximity_km": 2.0, "near_mangrove": true, "near_coral": false, "near_mpa": false, "classification_reason": "near_mangrove" } }, "geometry": { "type": "MultiPolygon", "coordinates": [ [ [ [ 74.678815345121706, 13.715410508035886 ], [ 74.6950220793981, 13.706694350122861 ], [ 74.673254966296, 13.668002342463794 ], [ 74.657050146029889, 13.676717143673633 ], [ 74.678815345121706, 13.715410508035886 ] ] ] ] } },
{ "type": "Feature", "properties": { "receptor_type": "sensitive_coastline", "name": "Sensitive Coastline Segment 0810", "source": "Natural Earth 10m Physical Coastline", "source_year": 2024, "sensitivity_tier": "high", "protection_status": false, "metadata": { "segment_index": 810, "segment_length_km": 5.0, "buffer_km": 1.0, "proximity_km": 2.0, "near_mangrove": true, "near_coral": false, "near_mpa": false, "classification_reason": "near_mangrove" } }, "geometry": { "type": "MultiPolygon", "coordinates": [ [ [ [ 74.700906105652649, 13.684211939894938 ], [ 74.682666749158201, 13.68121696523581 ], [ 74.677798189199734, 13.709554712882369 ], [ 74.696039652964018, 13.712550084624114 ], [ 74.700906105652649, 13.684211939894938 ] ] ] ] } },
{ "type": "Feature", "properties": { "receptor_type": "sensitive_coastline", "name": "Sensitive Coastline Segment 0811", "source": "Natural Earth 10m Physical Coastline", "source_year": 2024, "sensitivity_tier": "high", "protection_status": false, "metadata": { "segment_index": 811, "segment_length_km": 5.0, "buffer_km": 1.0, "proximity_km": 2.0, "near_mangrove": true, "near_coral": false, "near_mpa": false, "classification_reason": "near_mangrove" } }, "geometry": { "type": "MultiPolygon", "coordinates": [ [ [ [ 74.729972670621493, 13.659075688049171 ], [ 74.717092974286274, 13.64609888993578 ], [ 74.68534677943282, 13.676225330836912 ], [ 74.69822630550739, 13.689203744437402 ], [ 74.729972670621493, 13.659075688049171 ] ] ] ] } },
{ "type": "Feature", "properties": { "receptor_type": "sensitive_coastline", "name": "Sensitive Coastline Segment 0812", "source": "Natural Earth 10m Physical Coastline", "source_year": 2024, "sensitivity_tier": "high", "protection_status": false, "metadata": { "segment_index": 812, "segment_length_km": 5.0, "buffer_km": 1.0, "proximity_km": 2.0, "near_mangrove": true, "near_coral": false, "near_mpa": false, "classification_reason": "near_mangrove" } }, "geometry": { "type": "MultiPolygon", "coordinates": [ [ [ [ 74.710261434849883, 13.633012732380992 ], [ 74.699971132185965, 13.648038162879589 ], [ 74.718387636673739, 13.660100408055403 ], [ 74.728677328119559, 13.645074216341838 ], [ 74.710261434849883, 13.633012732380992 ] ] ] ] } },
{ "type": "Feature", "properties": { "receptor_type": "sensitive_coastline", "name": "Sensitive Coastline Segment 0813", "source": "Natural Earth 10m Physical Coastline", "source_year": 2024, "sensitivity_tier": "high", "protection_status": false, "metadata": { "segment_index": 813, "segment_length_km": 5.0, "buffer_km": 1.0, "proximity_km": 2.0, "near_mangrove": true, "near_coral": false, "near_mpa": false, "classification_reason": "near_mangrove" } }, "geometry": { "type": "MultiPolygon", "coordinates": [ [ [ [ 74.678088889962922, 13.621091479832243 ], [ 74.671664908432149, 13.638049272717369 ], [ 74.701905252714397, 13.649004780150806 ], [ 74.708327407744264, 13.632046180878088 ], [ 74.678088889962922, 13.621091479832243 ] ] ] ] } },
{ "type": "Feature", "properties": { "receptor_type": "sensitive_coastline", "name": "Sensitive Coastline Segment 0814", "source": "Natural Earth 10m Physical Coastline", "source_year": 2024, "sensitivity_tier": "high", "protection_status": false, "metadata": { "segment_index": 814, "segment_length_km": 5.0, "buffer_km": 1.0, "proximity_km": 2.0, "near_mangrove": true, "near_coral": false, "near_mpa": false, "classification_reason": "near_mangrove" } }, "geometry": { "type": "MultiPolygon", "coordinates": [ [ [ [ 74.681163185877608, 13.59842543537226 ], [ 74.662756400303593, 13.600120972122136 ], [ 74.665672429128989, 13.630418079378893 ], [ 74.684081546693051, 13.628722383231997 ], [ 74.681163185877608, 13.59842543537226 ] ] ] ] } },
{ "type": "Feature", "properties": { "receptor_type": "sensitive_coastline", "name": "Sensitive Coastline Segment 0815", "source": "Natural Earth 10m Physical Coastline", "source_year": 2024, "sensitivity_tier": "high", "protection_status": false, "metadata": { "segment_index": 815, "segment_length_km": 5.0, "buffer_km": 1.0, "proximity_km": 2.0, "near_mangrove": true, "near_coral": false, "near_mpa": false, "classification_reason": "near_mangrove" } }, "geometry": { "type": "MultiPolygon", "coordinates": [ [ [ [ 74.686539093203379, 13.555428466430163 ], [ 74.668180925016486, 13.553315631843386 ], [ 74.662779089226675, 13.598216555722708 ], [ 74.681140643747881, 13.600329856734614 ], [ 74.686539093203379, 13.555428466430163 ] ] ] ] } },
{ "type": "Feature", "properties": { "receptor_type": "sensitive_coastline", "name": "Sensitive Coastline Segment 0816", "source": "Natural Earth 10m Physical Coastline", "source_year": 2024, "sensitivity_tier": "low", "protection_status": false, "metadata": { "segment_index": 816, "segment_length_km": 5.0, "buffer_km": 1.0, "proximity_km": 2.0, "near_mangrove": false, "near_coral": false, "near_mpa": false, "classification_reason": "no_ecological_association" } }, "geometry": { "type": "MultiPolygon", "coordinates": [ [ [ [ 74.687118786438305, 13.550605774200616 ], [ 74.66876098125168, 13.548492989551145 ], [ 74.668180925016486, 13.553315631843388 ], [ 74.686539093203379, 13.555428466430161 ], [ 74.687118786438305, 13.550605774200616 ] ] ] ] } }
]
}
